<?xml version="1.0" encoding="UTF-8" standalone="no"?>
<book>
 <chapter book="null" number="5">
  <verse number="1">
   <column>
    <Greek>
     <word seq="1">Ὅλως</word>
    </Greek>
    <Lema>
     <word seq="1">ὅλως</word>
    </Lema>
    <Morph>
     <word seq="1">b</word>
    </Morph>
    <Strong>
     <word seq="1">3654</word>
    </Strong>
   </column>
   <column>
    <Greek>
     <word seq="2">ἀκούεται</word>
    </Greek>
    <Lema>
     <word seq="2">ἀκούω</word>
    </Lema>
    <Morph>
     <word seq="2">vipp3s</word>
    </Morph>
    <Strong>
     <word seq="2">191</word>
    </Strong>
   </column>
   <column>
    <Greek>
     <word seq="3">ἐν</word>
    </Greek>
    <Lema>
     <word seq="3">ἐν</word>
    </Lema>
    <Morph>
     <word seq="3">p</word>
    </Morph>
    <Strong>
     <word seq="3">1722</word>
    </Strong>
   </column>
   <column>
    <Greek>
     <word seq="4">ὑμῖν</word>
    </Greek>
    <Lema>
     <word seq="4">σύ</word>
    </Lema>
    <Morph>
     <word seq="4">rp2d_p</word>
    </Morph>
    <Strong>
     <word seq="4">5213</word>
    </Strong>
   </column>
   <column>
    <Greek>
     <word seq="5">πορνεία,</word>
    </Greek>
    <Lema>
     <word seq="5">πορνεία</word>
    </Lema>
    <Morph>
     <word seq="5">nnfs</word>
    </Morph>
    <Strong>
     <word seq="5">4202</word>
    </Strong>
   </column>
   <column>
    <Greek>
     <word seq="6">καὶ</word>
    </Greek>
    <Lema>
     <word seq="6">καί</word>
    </Lema>
    <Morph>
     <word seq="6">c</word>
    </Morph>
    <Strong>
     <word seq="6">2532</word>
    </Strong>
   </column>
   <column>
    <Greek>
     <word seq="7">τοιαύτη</word>
    </Greek>
    <Lema>
     <word seq="7">τοιοῦτος</word>
    </Lema>
    <Morph>
     <word seq="7">anfs, rd-nfs</word>
    </Morph>
    <Strong>
     <word seq="7">5108</word>
    </Strong>
   </column>
   <column>
    <Greek>
     <word seq="8">πορνεία</word>
    </Greek>
    <Lema>
     <word seq="8">πορνεία</word>
    </Lema>
    <Morph>
     <word seq="8">nnfs</word>
    </Morph>
    <Strong>
     <word seq="8">4202</word>
    </Strong>
   </column>
   <column>
    <Greek>
     <word seq="9">ἥτις</word>
    </Greek>
    <Lema>
     <word seq="9">ὅστις</word>
    </Lema>
    <Morph>
     <word seq="9">rr-nfs</word>
    </Morph>
    <Strong>
     <word seq="9">3748</word>
    </Strong>
   </column>
   <column>
    <Greek>
     <word seq="10">οὐδὲ</word>
    </Greek>
    <Lema>
     <word seq="10">οὐδέ</word>
    </Lema>
    <Morph>
     <word seq="10">b</word>
    </Morph>
    <Strong>
     <word seq="10">3761</word>
    </Strong>
   </column>
   <column>
    <Greek>
     <word seq="11">ἐν</word>
    </Greek>
    <Lema>
     <word seq="11">ἐν</word>
    </Lema>
    <Morph>
     <word seq="11">p</word>
    </Morph>
    <Strong>
     <word seq="11">1722</word>
    </Strong>
   </column>
   <column>
    <Greek>
     <word seq="12">τοῖς</word>
    </Greek>
    <Lema>
     <word seq="12">ὁ</word>
    </Lema>
    <Morph>
     <word seq="12">ddnp</word>
    </Morph>
    <Strong>
     <word seq="12">3588</word>
    </Strong>
   </column>
   <column>
    <Greek>
     <word seq="13">ἔθνεσιν,</word>
    </Greek>
    <Lema>
     <word seq="13">ἔθνος</word>
    </Lema>
    <Morph>
     <word seq="13">ndnp</word>
    </Morph>
    <Strong>
     <word seq="13">1484</word>
    </Strong>
   </column>
   <column>
    <Greek>
     <word seq="14">ὥστε</word>
    </Greek>
    <Lema>
     <word seq="14">ὥστε</word>
    </Lema>
    <Morph>
     <word seq="14">c</word>
    </Morph>
    <Strong>
     <word seq="14">5620</word>
    </Strong>
   </column>
   <column>
    <Greek>
     <word seq="15">γυναῖκά</word>
    </Greek>
    <Lema>
     <word seq="15">γυνή</word>
    </Lema>
    <Morph>
     <word seq="15">nafs</word>
    </Morph>
    <Strong>
     <word seq="15">1135</word>
    </Strong>
   </column>
   <column>
    <Greek>
     <word seq="16">τινα</word>
    </Greek>
    <Lema>
     <word seq="16">τὶς</word>
    </Lema>
    <Morph>
     <word seq="16">rx-ams</word>
    </Morph>
    <Strong>
     <word seq="16">5100</word>
    </Strong>
   </column>
   <column>
    <Greek>
     <word seq="17">τοῦ</word>
    </Greek>
    <Lema>
     <word seq="17">ὁ</word>
    </Lema>
    <Morph>
     <word seq="17">dgms</word>
    </Morph>
    <Strong>
     <word seq="17">3588</word>
    </Strong>
   </column>
   <column>
    <Greek>
     <word seq="18">πατρὸς</word>
    </Greek>
    <Lema>
     <word seq="18">πατήρ</word>
    </Lema>
    <Morph>
     <word seq="18">ngms</word>
    </Morph>
    <Strong>
     <word seq="18">3962</word>
    </Strong>
   </column>
   <column>
    <Greek>
     <word seq="19">ἔχειν.</word>
    </Greek>
    <Lema>
     <word seq="19">ἔχω</word>
    </Lema>
    <Morph>
     <word seq="19">vnpa</word>
    </Morph>
    <Strong>
     <word seq="19">2192</word>
    </Strong>
   </column>
  </verse>
  <verse number="2">
   <column>
    <Greek>
     <word seq="1">καὶ</word>
    </Greek>
    <Lema>
     <word seq="1">καί</word>
    </Lema>
    <Morph>
     <word seq="1">c</word>
    </Morph>
    <Strong>
     <word seq="1">2532</word>
    </Strong>
   </column>
   <column>
    <Greek>
     <word seq="2">ὑμεῖς</word>
    </Greek>
    <Lema>
     <word seq="2">σύ</word>
    </Lema>
    <Morph>
     <word seq="2">rp2n_p</word>
    </Morph>
    <Strong>
     <word seq="2">5210</word>
    </Strong>
   </column>
   <column>
    <Greek>
     <word seq="3">πεφυσιωμένοι</word>
    </Greek>
    <Lema>
     <word seq="3">φυσιόω</word>
    </Lema>
    <Morph>
     <word seq="3">vpxp-nmp</word>
    </Morph>
    <Strong>
     <word seq="3">5448</word>
    </Strong>
   </column>
   <column>
    <Greek>
     <word seq="4">ἐστὲ</word>
    </Greek>
    <Lema>
     <word seq="4">εἰμί</word>
    </Lema>
    <Morph>
     <word seq="4">vipa2p</word>
    </Morph>
    <Strong>
     <word seq="4">2075</word>
    </Strong>
   </column>
   <column>
    <Greek>
     <word seq="5">καὶ</word>
    </Greek>
    <Lema>
     <word seq="5">καί</word>
    </Lema>
    <Morph>
     <word seq="5">c</word>
    </Morph>
    <Strong>
     <word seq="5">2532</word>
    </Strong>
   </column>
   <column>
    <Greek>
     <word seq="6">οὐχὶ</word>
    </Greek>
    <Lema>
     <word seq="6">οὐχί</word>
    </Lema>
    <Morph>
     <word seq="6">b</word>
    </Morph>
    <Strong>
     <word seq="6">3780</word>
    </Strong>
   </column>
   <column>
    <Greek>
     <word seq="7">μᾶλλον</word>
    </Greek>
    <Lema>
     <word seq="7">μᾶλλον</word>
    </Lema>
    <Morph>
     <word seq="7">b</word>
    </Morph>
    <Strong>
     <word seq="7">3123</word>
    </Strong>
   </column>
   <column>
    <Greek>
     <word seq="8">ἐπενθήσατε,</word>
    </Greek>
    <Lema>
     <word seq="8">πενθέω</word>
    </Lema>
    <Morph>
     <word seq="8">viaa2p</word>
    </Morph>
    <Strong>
     <word seq="8">3996</word>
    </Strong>
   </column>
   <column>
    <Greek>
     <word seq="9">ἵνα</word>
    </Greek>
    <Lema>
     <word seq="9">ἵνα</word>
    </Lema>
    <Morph>
     <word seq="9">c</word>
    </Morph>
    <Strong>
     <word seq="9">2443</word>
    </Strong>
   </column>
   <column>
    <Greek>
     <word seq="10">ἀρθῇ</word>
    </Greek>
    <Lema>
     <word seq="10">αἴρω</word>
    </Lema>
    <Morph>
     <word seq="10">vsap3s</word>
    </Morph>
    <Strong>
     <word seq="10">142</word>
    </Strong>
   </column>
   <column>
    <Greek>
     <word seq="11">ἐκ</word>
    </Greek>
    <Lema>
     <word seq="11">ἐκ</word>
    </Lema>
    <Morph>
     <word seq="11">p</word>
    </Morph>
    <Strong>
     <word seq="11">1537</word>
    </Strong>
   </column>
   <column>
    <Greek>
     <word seq="12">μέσου</word>
    </Greek>
    <Lema>
     <word seq="12">μέσος</word>
    </Lema>
    <Morph>
     <word seq="12">agns</word>
    </Morph>
    <Strong>
     <word seq="12">3319</word>
    </Strong>
   </column>
   <column>
    <Greek>
     <word seq="13">ὑμῶν</word>
    </Greek>
    <Lema>
     <word seq="13">σύ</word>
    </Lema>
    <Morph>
     <word seq="13">rp2g_p</word>
    </Morph>
    <Strong>
     <word seq="13">5216</word>
    </Strong>
   </column>
   <column>
    <Greek>
     <word seq="14">ὁ</word>
    </Greek>
    <Lema>
     <word seq="14">ὁ</word>
    </Lema>
    <Morph>
     <word seq="14">dnms</word>
    </Morph>
    <Strong>
     <word seq="14">3588</word>
    </Strong>
   </column>
   <column>
    <Greek>
     <word seq="15">τὸ</word>
    </Greek>
    <Lema>
     <word seq="15">ὁ</word>
    </Lema>
    <Morph>
     <word seq="15">dans</word>
    </Morph>
    <Strong>
     <word seq="15">3588</word>
    </Strong>
   </column>
   <column>
    <Greek>
     <word seq="16">ἔργον</word>
    </Greek>
    <Lema>
     <word seq="16">ἔργον</word>
    </Lema>
    <Morph>
     <word seq="16">nans</word>
    </Morph>
    <Strong>
     <word seq="16">2041</word>
    </Strong>
   </column>
   <column>
    <Greek>
     <word seq="17">τοῦτο</word>
    </Greek>
    <Lema>
     <word seq="17">οὗτος</word>
    </Lema>
    <Morph>
     <word seq="17">rd-ans</word>
    </Morph>
    <Strong>
     <word seq="17">5124</word>
    </Strong>
   </column>
   <column>
    <Greek>
     <word seq="18">πράξας;</word>
    </Greek>
    <Lema>
     <word seq="18">πράσσω</word>
    </Lema>
    <Morph>
     <word seq="18">vpaa-nms</word>
    </Morph>
    <Strong>
     <word seq="18">4238</word>
    </Strong>
   </column>
  </verse>
  <verse number="3">
   <column>
    <Greek>
     <word seq="1">ἐγὼ</word>
    </Greek>
    <Lema>
     <word seq="1">ἐγώ</word>
    </Lema>
    <Morph>
     <word seq="1">rp1n_s</word>
    </Morph>
    <Strong>
     <word seq="1">1473</word>
    </Strong>
   </column>
   <column>
    <Greek>
     <word seq="2">μὲν</word>
    </Greek>
    <Lema>
     <word seq="2">μέν</word>
    </Lema>
    <Morph>
     <word seq="2">t</word>
    </Morph>
    <Strong>
     <word seq="2">3303</word>
    </Strong>
   </column>
   <column>
    <Greek>
     <word seq="3">γάρ,</word>
    </Greek>
    <Lema>
     <word seq="3">γάρ</word>
    </Lema>
    <Morph>
     <word seq="3">c</word>
    </Morph>
    <Strong>
     <word seq="3">1063</word>
    </Strong>
   </column>
   <column>
    <Greek>
     <word seq="4">ἀπὼν</word>
    </Greek>
    <Lema>
     <word seq="4">ἄπειμι</word>
    </Lema>
    <Morph>
     <word seq="4">vppa-nms</word>
    </Morph>
    <Strong>
     <word seq="4">548</word>
    </Strong>
   </column>
   <column>
    <Greek>
     <word seq="5">τῷ</word>
    </Greek>
    <Lema>
     <word seq="5">ὁ</word>
    </Lema>
    <Morph>
     <word seq="5">ddns</word>
    </Morph>
    <Strong>
     <word seq="5">3588</word>
    </Strong>
   </column>
   <column>
    <Greek>
     <word seq="6">σώματι</word>
    </Greek>
    <Lema>
     <word seq="6">σῶμα</word>
    </Lema>
    <Morph>
     <word seq="6">ndns</word>
    </Morph>
    <Strong>
     <word seq="6">4983</word>
    </Strong>
   </column>
   <column>
    <Greek>
     <word seq="7">παρὼν</word>
    </Greek>
    <Lema>
     <word seq="7">πάρειμι</word>
    </Lema>
    <Morph>
     <word seq="7">vppa-nms</word>
    </Morph>
    <Strong>
     <word seq="7">3918</word>
    </Strong>
   </column>
   <column>
    <Greek>
     <word seq="8">δὲ</word>
    </Greek>
    <Lema>
     <word seq="8">δέ</word>
    </Lema>
    <Morph>
     <word seq="8">c</word>
    </Morph>
    <Strong>
     <word seq="8">1161</word>
    </Strong>
   </column>
   <column>
    <Greek>
     <word seq="9">τῷ</word>
    </Greek>
    <Lema>
     <word seq="9">ὁ</word>
    </Lema>
    <Morph>
     <word seq="9">ddns</word>
    </Morph>
    <Strong>
     <word seq="9">3588</word>
    </Strong>
   </column>
   <column>
    <Greek>
     <word seq="10">πνεύματι,</word>
    </Greek>
    <Lema>
     <word seq="10">πνεῦμα</word>
    </Lema>
    <Morph>
     <word seq="10">ndns</word>
    </Morph>
    <Strong>
     <word seq="10">4151</word>
    </Strong>
   </column>
   <column>
    <Greek>
     <word seq="11">ἤδη</word>
    </Greek>
    <Lema>
     <word seq="11">ἤδη</word>
    </Lema>
    <Morph>
     <word seq="11">b</word>
    </Morph>
    <Strong>
     <word seq="11">2235</word>
    </Strong>
   </column>
   <column>
    <Greek>
     <word seq="12">κέκρικα</word>
    </Greek>
    <Lema>
     <word seq="12">κρίνω</word>
    </Lema>
    <Morph>
     <word seq="12">vixa1s</word>
    </Morph>
    <Strong>
     <word seq="12">2919</word>
    </Strong>
   </column>
   <column>
    <Greek>
     <word seq="13">ὡς</word>
    </Greek>
    <Lema>
     <word seq="13">ὡς</word>
    </Lema>
    <Morph>
     <word seq="13">c</word>
    </Morph>
    <Strong>
     <word seq="13">5613</word>
    </Strong>
   </column>
   <column>
    <Greek>
     <word seq="14">παρὼν</word>
    </Greek>
    <Lema>
     <word seq="14">πάρειμι</word>
    </Lema>
    <Morph>
     <word seq="14">vppa-nms</word>
    </Morph>
    <Strong>
     <word seq="14">3918</word>
    </Strong>
   </column>
   <column>
    <Greek>
     <word seq="15">τὸν</word>
    </Greek>
    <Lema>
     <word seq="15">ὁ</word>
    </Lema>
    <Morph>
     <word seq="15">dams</word>
    </Morph>
    <Strong>
     <word seq="15">3588</word>
    </Strong>
   </column>
   <column>
    <Greek>
     <word seq="16">οὕτως</word>
    </Greek>
    <Lema>
     <word seq="16">οὕτως</word>
    </Lema>
    <Morph>
     <word seq="16">b</word>
    </Morph>
    <Strong>
     <word seq="16">3779</word>
    </Strong>
   </column>
   <column>
    <Greek>
     <word seq="17">τοῦτο</word>
    </Greek>
    <Lema>
     <word seq="17">οὗτος</word>
    </Lema>
    <Morph>
     <word seq="17">rd-ans</word>
    </Morph>
    <Strong>
     <word seq="17">5124</word>
    </Strong>
   </column>
   <column>
    <Greek>
     <word seq="18">κατεργασάμενον·</word>
    </Greek>
    <Lema>
     <word seq="18">κατεργάζομαι</word>
    </Lema>
    <Morph>
     <word seq="18">vpam-ams</word>
    </Morph>
    <Strong>
     <word seq="18">2716</word>
    </Strong>
   </column>
  </verse>
  <verse number="4">
   <column>
    <Greek>
     <word seq="1">ἐν</word>
    </Greek>
    <Lema>
     <word seq="1">ἐν</word>
    </Lema>
    <Morph>
     <word seq="1">p</word>
    </Morph>
    <Strong>
     <word seq="1">1722</word>
    </Strong>
   </column>
   <column>
    <Greek>
     <word seq="2">τῷ</word>
    </Greek>
    <Lema>
     <word seq="2">ὁ</word>
    </Lema>
    <Morph>
     <word seq="2">ddns</word>
    </Morph>
    <Strong>
     <word seq="2">3588</word>
    </Strong>
   </column>
   <column>
    <Greek>
     <word seq="3">ὀνόματι</word>
    </Greek>
    <Lema>
     <word seq="3">ὄνομα</word>
    </Lema>
    <Morph>
     <word seq="3">ndns</word>
    </Morph>
    <Strong>
     <word seq="3">3686</word>
    </Strong>
   </column>
   <column>
    <Greek>
     <word seq="4">τοῦ</word>
    </Greek>
    <Lema>
     <word seq="4">ὁ</word>
    </Lema>
    <Morph>
     <word seq="4">dgms</word>
    </Morph>
    <Strong>
     <word seq="4">3588</word>
    </Strong>
   </column>
   <column>
    <Greek>
     <word seq="5">κυρίου</word>
    </Greek>
    <Lema>
     <word seq="5">κύριος</word>
    </Lema>
    <Morph>
     <word seq="5">ngms</word>
    </Morph>
    <Strong>
     <word seq="5">2962</word>
    </Strong>
   </column>
   <column>
    <Greek>
     <word seq="6">ἡμῶν</word>
    </Greek>
    <Lema>
     <word seq="6">ἐγώ</word>
    </Lema>
    <Morph>
     <word seq="6">rp1g_p</word>
    </Morph>
    <Strong>
     <word seq="6">2257</word>
    </Strong>
   </column>
   <column>
    <Greek>
     <word seq="7">Ἰησοῦ</word>
    </Greek>
    <Lema>
     <word seq="7">Ἰησοῦς</word>
    </Lema>
    <Morph>
     <word seq="7">ngms</word>
    </Morph>
    <Strong>
     <word seq="7">2424</word>
    </Strong>
   </column>
   <column>
    <Greek>
     <word seq="8">συναχθέντων</word>
    </Greek>
    <Lema>
     <word seq="8">συνάγω</word>
    </Lema>
    <Morph>
     <word seq="8">vpap-gmp</word>
    </Morph>
    <Strong>
     <word seq="8">4863</word>
    </Strong>
   </column>
   <column>
    <Greek>
     <word seq="9">ὑμῶν</word>
    </Greek>
    <Lema>
     <word seq="9">σύ</word>
    </Lema>
    <Morph>
     <word seq="9">rp2g_p</word>
    </Morph>
    <Strong>
     <word seq="9">5216</word>
    </Strong>
   </column>
   <column>
    <Greek>
     <word seq="10">καὶ</word>
    </Greek>
    <Lema>
     <word seq="10">καί</word>
    </Lema>
    <Morph>
     <word seq="10">c</word>
    </Morph>
    <Strong>
     <word seq="10">2532</word>
    </Strong>
   </column>
   <column>
    <Greek>
     <word seq="11">τοῦ</word>
    </Greek>
    <Lema>
     <word seq="11">ὁ</word>
    </Lema>
    <Morph>
     <word seq="11">dgns</word>
    </Morph>
    <Strong>
     <word seq="11">3588</word>
    </Strong>
   </column>
   <column>
    <Greek>
     <word seq="12">ἐμοῦ</word>
    </Greek>
    <Lema>
     <word seq="12">ἐγώ</word>
    </Lema>
    <Morph>
     <word seq="12">agns, rp1g_s</word>
    </Morph>
    <Strong>
     <word seq="12">1700</word>
    </Strong>
   </column>
   <column>
    <Greek>
     <word seq="13">πνεύματος</word>
    </Greek>
    <Lema>
     <word seq="13">πνεῦμα</word>
    </Lema>
    <Morph>
     <word seq="13">ngns</word>
    </Morph>
    <Strong>
     <word seq="13">4151</word>
    </Strong>
   </column>
   <column>
    <Greek>
     <word seq="14">σὺν</word>
    </Greek>
    <Lema>
     <word seq="14">σύν</word>
    </Lema>
    <Morph>
     <word seq="14">p</word>
    </Morph>
    <Strong>
     <word seq="14">4862</word>
    </Strong>
   </column>
   <column>
    <Greek>
     <word seq="15">τῇ</word>
    </Greek>
    <Lema>
     <word seq="15">ὁ</word>
    </Lema>
    <Morph>
     <word seq="15">ddfs</word>
    </Morph>
    <Strong>
     <word seq="15">3588</word>
    </Strong>
   </column>
   <column>
    <Greek>
     <word seq="16">δυνάμει</word>
    </Greek>
    <Lema>
     <word seq="16">δύναμις</word>
    </Lema>
    <Morph>
     <word seq="16">ndfs</word>
    </Morph>
    <Strong>
     <word seq="16">1411</word>
    </Strong>
   </column>
   <column>
    <Greek>
     <word seq="17">τοῦ</word>
    </Greek>
    <Lema>
     <word seq="17">ὁ</word>
    </Lema>
    <Morph>
     <word seq="17">dgms</word>
    </Morph>
    <Strong>
     <word seq="17">3588</word>
    </Strong>
   </column>
   <column>
    <Greek>
     <word seq="18">κυρίου</word>
    </Greek>
    <Lema>
     <word seq="18">κύριος</word>
    </Lema>
    <Morph>
     <word seq="18">ngms</word>
    </Morph>
    <Strong>
     <word seq="18">2962</word>
    </Strong>
   </column>
   <column>
    <Greek>
     <word seq="19">ἡμῶν</word>
    </Greek>
    <Lema>
     <word seq="19">ἐγώ</word>
    </Lema>
    <Morph>
     <word seq="19">rp1g_p</word>
    </Morph>
    <Strong>
     <word seq="19">2257</word>
    </Strong>
   </column>
   <column>
    <Greek>
     <word seq="20">Ἰησοῦ,</word>
    </Greek>
    <Lema>
     <word seq="20">Ἰησοῦς</word>
    </Lema>
    <Morph>
     <word seq="20">ngms</word>
    </Morph>
    <Strong>
     <word seq="20">2424</word>
    </Strong>
   </column>
  </verse>
  <verse number="5">
   <column>
    <Greek>
     <word seq="1">παραδοῦναι</word>
    </Greek>
    <Lema>
     <word seq="1">παραδίδωμι</word>
    </Lema>
    <Morph>
     <word seq="1">vnaa</word>
    </Morph>
    <Strong>
     <word seq="1">3860</word>
    </Strong>
   </column>
   <column>
    <Greek>
     <word seq="2">τὸν</word>
    </Greek>
    <Lema>
     <word seq="2">ὁ</word>
    </Lema>
    <Morph>
     <word seq="2">dams</word>
    </Morph>
    <Strong>
     <word seq="2">3588</word>
    </Strong>
   </column>
   <column>
    <Greek>
     <word seq="3">τοιοῦτον</word>
    </Greek>
    <Lema>
     <word seq="3">τοιοῦτος</word>
    </Lema>
    <Morph>
     <word seq="3">rd-ams</word>
    </Morph>
    <Strong>
     <word seq="3">5108</word>
    </Strong>
   </column>
   <column>
    <Greek>
     <word seq="4">τῷ</word>
    </Greek>
    <Lema>
     <word seq="4">ὁ</word>
    </Lema>
    <Morph>
     <word seq="4">ddms</word>
    </Morph>
    <Strong>
     <word seq="4">3588</word>
    </Strong>
   </column>
   <column>
    <Greek>
     <word seq="5">σατανᾷ</word>
    </Greek>
    <Lema>
     <word seq="5">Σατανᾶς</word>
    </Lema>
    <Morph>
     <word seq="5">ndms</word>
    </Morph>
    <Strong>
     <word seq="5">4567</word>
    </Strong>
   </column>
   <column>
    <Greek>
     <word seq="6">εἰς</word>
    </Greek>
    <Lema>
     <word seq="6">εἰς</word>
    </Lema>
    <Morph>
     <word seq="6">p</word>
    </Morph>
    <Strong>
     <word seq="6">1519</word>
    </Strong>
   </column>
   <column>
    <Greek>
     <word seq="7">ὄλεθρον</word>
    </Greek>
    <Lema>
     <word seq="7">ὄλεθρος</word>
    </Lema>
    <Morph>
     <word seq="7">nams</word>
    </Morph>
    <Strong>
     <word seq="7">3639</word>
    </Strong>
   </column>
   <column>
    <Greek>
     <word seq="8">τῆς</word>
    </Greek>
    <Lema>
     <word seq="8">ὁ</word>
    </Lema>
    <Morph>
     <word seq="8">dgfs</word>
    </Morph>
    <Strong>
     <word seq="8">3588</word>
    </Strong>
   </column>
   <column>
    <Greek>
     <word seq="9">σαρκός,</word>
    </Greek>
    <Lema>
     <word seq="9">σάρξ</word>
    </Lema>
    <Morph>
     <word seq="9">ngfs</word>
    </Morph>
    <Strong>
     <word seq="9">4561</word>
    </Strong>
   </column>
   <column>
    <Greek>
     <word seq="10">ἵνα</word>
    </Greek>
    <Lema>
     <word seq="10">ἵνα</word>
    </Lema>
    <Morph>
     <word seq="10">c</word>
    </Morph>
    <Strong>
     <word seq="10">2443</word>
    </Strong>
   </column>
   <column>
    <Greek>
     <word seq="11">τὸ</word>
    </Greek>
    <Lema>
     <word seq="11">ὁ</word>
    </Lema>
    <Morph>
     <word seq="11">dnns</word>
    </Morph>
    <Strong>
     <word seq="11">3588</word>
    </Strong>
   </column>
   <column>
    <Greek>
     <word seq="12">πνεῦμα</word>
    </Greek>
    <Lema>
     <word seq="12">πνεῦμα</word>
    </Lema>
    <Morph>
     <word seq="12">nnns</word>
    </Morph>
    <Strong>
     <word seq="12">4151</word>
    </Strong>
   </column>
   <column>
    <Greek>
     <word seq="13">σωθῇ</word>
    </Greek>
    <Lema>
     <word seq="13">σῴζω</word>
    </Lema>
    <Morph>
     <word seq="13">vsap3s</word>
    </Morph>
    <Strong>
     <word seq="13">4982</word>
    </Strong>
   </column>
   <column>
    <Greek>
     <word seq="14">ἐν</word>
    </Greek>
    <Lema>
     <word seq="14">ἐν</word>
    </Lema>
    <Morph>
     <word seq="14">p</word>
    </Morph>
    <Strong>
     <word seq="14">1722</word>
    </Strong>
   </column>
   <column>
    <Greek>
     <word seq="15">τῇ</word>
    </Greek>
    <Lema>
     <word seq="15">ὁ</word>
    </Lema>
    <Morph>
     <word seq="15">ddfs</word>
    </Morph>
    <Strong>
     <word seq="15">3588</word>
    </Strong>
   </column>
   <column>
    <Greek>
     <word seq="16">ἡμέρᾳ</word>
    </Greek>
    <Lema>
     <word seq="16">ἡμέρα</word>
    </Lema>
    <Morph>
     <word seq="16">ndfs</word>
    </Morph>
    <Strong>
     <word seq="16">2250</word>
    </Strong>
   </column>
   <column>
    <Greek>
     <word seq="17">τοῦ</word>
    </Greek>
    <Lema>
     <word seq="17">ὁ</word>
    </Lema>
    <Morph>
     <word seq="17">dgms</word>
    </Morph>
    <Strong>
     <word seq="17">3588</word>
    </Strong>
   </column>
   <column>
    <Greek>
     <word seq="18">κυρίου.</word>
    </Greek>
    <Lema>
     <word seq="18">κύριος</word>
    </Lema>
    <Morph>
     <word seq="18">ngms</word>
    </Morph>
    <Strong>
     <word seq="18">2962</word>
    </Strong>
   </column>
  </verse>
  <verse number="6">
   <column>
    <Greek>
     <word seq="1">Οὐ</word>
    </Greek>
    <Lema>
     <word seq="1">οὐ</word>
    </Lema>
    <Morph>
     <word seq="1">b</word>
    </Morph>
    <Strong>
     <word seq="1">3756</word>
    </Strong>
   </column>
   <column>
    <Greek>
     <word seq="2">καλὸν</word>
    </Greek>
    <Lema>
     <word seq="2">καλός</word>
    </Lema>
    <Morph>
     <word seq="2">anns</word>
    </Morph>
    <Strong>
     <word seq="2">2570</word>
    </Strong>
   </column>
   <column>
    <Greek>
     <word seq="3">τὸ</word>
    </Greek>
    <Lema>
     <word seq="3">ὁ</word>
    </Lema>
    <Morph>
     <word seq="3">dnns</word>
    </Morph>
    <Strong>
     <word seq="3">3588</word>
    </Strong>
   </column>
   <column>
    <Greek>
     <word seq="4">καύχημα</word>
    </Greek>
    <Lema>
     <word seq="4">καύχημα</word>
    </Lema>
    <Morph>
     <word seq="4">nnns</word>
    </Morph>
    <Strong>
     <word seq="4">2745</word>
    </Strong>
   </column>
   <column>
    <Greek>
     <word seq="5">ὑμῶν.</word>
    </Greek>
    <Lema>
     <word seq="5">σύ</word>
    </Lema>
    <Morph>
     <word seq="5">rp2g_p</word>
    </Morph>
    <Strong>
     <word seq="5">5216</word>
    </Strong>
   </column>
   <column>
    <Greek>
     <word seq="6">οὐκ</word>
    </Greek>
    <Lema>
     <word seq="6">οὐ</word>
    </Lema>
    <Morph>
     <word seq="6">b</word>
    </Morph>
    <Strong>
     <word seq="6">3756</word>
    </Strong>
   </column>
   <column>
    <Greek>
     <word seq="7">οἴδατε</word>
    </Greek>
    <Lema>
     <word seq="7">οἶδα</word>
    </Lema>
    <Morph>
     <word seq="7">vixa2p</word>
    </Morph>
    <Strong>
     <word seq="7">1492</word>
    </Strong>
   </column>
   <column>
    <Greek>
     <word seq="8">ὅτι</word>
    </Greek>
    <Lema>
     <word seq="8">ὅτι</word>
    </Lema>
    <Morph>
     <word seq="8">c</word>
    </Morph>
    <Strong>
     <word seq="8">3754</word>
    </Strong>
   </column>
   <column>
    <Greek>
     <word seq="9">μικρὰ</word>
    </Greek>
    <Lema>
     <word seq="9">μικρός</word>
    </Lema>
    <Morph>
     <word seq="9">anfs</word>
    </Morph>
    <Strong>
     <word seq="9">3398</word>
    </Strong>
   </column>
   <column>
    <Greek>
     <word seq="10">ζύμη</word>
    </Greek>
    <Lema>
     <word seq="10">ζύμη</word>
    </Lema>
    <Morph>
     <word seq="10">nnfs</word>
    </Morph>
    <Strong>
     <word seq="10">2219</word>
    </Strong>
   </column>
   <column>
    <Greek>
     <word seq="11">ὅλον</word>
    </Greek>
    <Lema>
     <word seq="11">ὅλος</word>
    </Lema>
    <Morph>
     <word seq="11">aans</word>
    </Morph>
    <Strong>
     <word seq="11">3650</word>
    </Strong>
   </column>
   <column>
    <Greek>
     <word seq="12">τὸ</word>
    </Greek>
    <Lema>
     <word seq="12">ὁ</word>
    </Lema>
    <Morph>
     <word seq="12">dans</word>
    </Morph>
    <Strong>
     <word seq="12">3588</word>
    </Strong>
   </column>
   <column>
    <Greek>
     <word seq="13">φύραμα</word>
    </Greek>
    <Lema>
     <word seq="13">φύραμα</word>
    </Lema>
    <Morph>
     <word seq="13">nans</word>
    </Morph>
    <Strong>
     <word seq="13">5445</word>
    </Strong>
   </column>
   <column>
    <Greek>
     <word seq="14">ζυμοῖ;</word>
    </Greek>
    <Lema>
     <word seq="14">ζυμόω</word>
    </Lema>
    <Morph>
     <word seq="14">vipa3s</word>
    </Morph>
    <Strong>
     <word seq="14">2220</word>
    </Strong>
   </column>
  </verse>
  <verse number="7">
   <column>
    <Greek>
     <word seq="1">ἐκκαθάρατε</word>
    </Greek>
    <Lema>
     <word seq="1">ἐκκαθαίρω</word>
    </Lema>
    <Morph>
     <word seq="1">vmaa2p</word>
    </Morph>
    <Strong>
     <word seq="1">1571</word>
    </Strong>
   </column>
   <column>
    <Greek>
     <word seq="2">τὴν</word>
    </Greek>
    <Lema>
     <word seq="2">ὁ</word>
    </Lema>
    <Morph>
     <word seq="2">dafs</word>
    </Morph>
    <Strong>
     <word seq="2">3588</word>
    </Strong>
   </column>
   <column>
    <Greek>
     <word seq="3">παλαιὰν</word>
    </Greek>
    <Lema>
     <word seq="3">παλαιός</word>
    </Lema>
    <Morph>
     <word seq="3">aafs</word>
    </Morph>
    <Strong>
     <word seq="3">3820</word>
    </Strong>
   </column>
   <column>
    <Greek>
     <word seq="4">ζύμην,</word>
    </Greek>
    <Lema>
     <word seq="4">ζύμη</word>
    </Lema>
    <Morph>
     <word seq="4">nafs</word>
    </Morph>
    <Strong>
     <word seq="4">2219</word>
    </Strong>
   </column>
   <column>
    <Greek>
     <word seq="5">ἵνα</word>
    </Greek>
    <Lema>
     <word seq="5">ἵνα</word>
    </Lema>
    <Morph>
     <word seq="5">c</word>
    </Morph>
    <Strong>
     <word seq="5">2443</word>
    </Strong>
   </column>
   <column>
    <Greek>
     <word seq="6">ἦτε</word>
    </Greek>
    <Lema>
     <word seq="6">εἰμί</word>
    </Lema>
    <Morph>
     <word seq="6">vspa2p</word>
    </Morph>
    <Strong>
     <word seq="6">5600</word>
    </Strong>
   </column>
   <column>
    <Greek>
     <word seq="7">νέον</word>
    </Greek>
    <Lema>
     <word seq="7">νέος</word>
    </Lema>
    <Morph>
     <word seq="7">anns</word>
    </Morph>
    <Strong>
     <word seq="7">3501</word>
    </Strong>
   </column>
   <column>
    <Greek>
     <word seq="8">φύραμα,</word>
    </Greek>
    <Lema>
     <word seq="8">φύραμα</word>
    </Lema>
    <Morph>
     <word seq="8">nnns</word>
    </Morph>
    <Strong>
     <word seq="8">5445</word>
    </Strong>
   </column>
   <column>
    <Greek>
     <word seq="9">καθώς</word>
    </Greek>
    <Lema>
     <word seq="9">καθώς</word>
    </Lema>
    <Morph>
     <word seq="9">c</word>
    </Morph>
    <Strong>
     <word seq="9">2531</word>
    </Strong>
   </column>
   <column>
    <Greek>
     <word seq="10">ἐστε</word>
    </Greek>
    <Lema>
     <word seq="10">εἰμί</word>
    </Lema>
    <Morph>
     <word seq="10">vipa2p</word>
    </Morph>
    <Strong>
     <word seq="10">2075</word>
    </Strong>
   </column>
   <column>
    <Greek>
     <word seq="11">ἄζυμοι·</word>
    </Greek>
    <Lema>
     <word seq="11">ἄζυμος</word>
    </Lema>
    <Morph>
     <word seq="11">anmp</word>
    </Morph>
    <Strong>
     <word seq="11">106</word>
    </Strong>
   </column>
   <column>
    <Greek>
     <word seq="12">καὶ</word>
    </Greek>
    <Lema>
     <word seq="12">καί</word>
    </Lema>
    <Morph>
     <word seq="12">b</word>
    </Morph>
    <Strong>
     <word seq="12">2532</word>
    </Strong>
   </column>
   <column>
    <Greek>
     <word seq="13">γὰρ</word>
    </Greek>
    <Lema>
     <word seq="13">γάρ</word>
    </Lema>
    <Morph>
     <word seq="13">c</word>
    </Morph>
    <Strong>
     <word seq="13">1063</word>
    </Strong>
   </column>
   <column>
    <Greek>
     <word seq="14">τὸ</word>
    </Greek>
    <Lema>
     <word seq="14">ὁ</word>
    </Lema>
    <Morph>
     <word seq="14">dnns</word>
    </Morph>
    <Strong>
     <word seq="14">3588</word>
    </Strong>
   </column>
   <column>
    <Greek>
     <word seq="15">πάσχα</word>
    </Greek>
    <Lema>
     <word seq="15">πάσχα</word>
    </Lema>
    <Morph>
     <word seq="15">nx</word>
    </Morph>
    <Strong>
     <word seq="15">3957</word>
    </Strong>
   </column>
   <column>
    <Greek>
     <word seq="16">ἡμῶν</word>
    </Greek>
    <Lema>
     <word seq="16">ἐγώ</word>
    </Lema>
    <Morph>
     <word seq="16">rp1g_p</word>
    </Morph>
    <Strong>
     <word seq="16">2257</word>
    </Strong>
   </column>
   <column>
    <Greek>
     <word seq="17">ἐτύθη</word>
    </Greek>
    <Lema>
     <word seq="17">θύω</word>
    </Lema>
    <Morph>
     <word seq="17">viap3s</word>
    </Morph>
    <Strong>
     <word seq="17">2380</word>
    </Strong>
   </column>
   <column>
    <Greek>
     <word seq="18">Χριστός.</word>
    </Greek>
    <Lema>
     <word seq="18">Χριστός</word>
    </Lema>
    <Morph>
     <word seq="18">nnms</word>
    </Morph>
    <Strong>
     <word seq="18">5547</word>
    </Strong>
   </column>
  </verse>
  <verse number="8">
   <column>
    <Greek>
     <word seq="1">ὥστε</word>
    </Greek>
    <Lema>
     <word seq="1">ὥστε</word>
    </Lema>
    <Morph>
     <word seq="1">c</word>
    </Morph>
    <Strong>
     <word seq="1">5620</word>
    </Strong>
   </column>
   <column>
    <Greek>
     <word seq="2">ἑορτάζωμεν</word>
    </Greek>
    <Lema>
     <word seq="2">ἑορτάζω</word>
    </Lema>
    <Morph>
     <word seq="2">vspa1p</word>
    </Morph>
    <Strong>
     <word seq="2">1858</word>
    </Strong>
   </column>
   <column>
    <Greek>
     <word seq="3">μὴ</word>
    </Greek>
    <Lema>
     <word seq="3">μή</word>
    </Lema>
    <Morph>
     <word seq="3">b</word>
    </Morph>
    <Strong>
     <word seq="3">3361</word>
    </Strong>
   </column>
   <column>
    <Greek>
     <word seq="4">ἐν</word>
    </Greek>
    <Lema>
     <word seq="4">ἐν</word>
    </Lema>
    <Morph>
     <word seq="4">p</word>
    </Morph>
    <Strong>
     <word seq="4">1722</word>
    </Strong>
   </column>
   <column>
    <Greek>
     <word seq="5">ζύμῃ</word>
    </Greek>
    <Lema>
     <word seq="5">ζύμη</word>
    </Lema>
    <Morph>
     <word seq="5">ndfs</word>
    </Morph>
    <Strong>
     <word seq="5">2219</word>
    </Strong>
   </column>
   <column>
    <Greek>
     <word seq="6">παλαιᾷ</word>
    </Greek>
    <Lema>
     <word seq="6">παλαιός</word>
    </Lema>
    <Morph>
     <word seq="6">adfs</word>
    </Morph>
    <Strong>
     <word seq="6">3820</word>
    </Strong>
   </column>
   <column>
    <Greek>
     <word seq="7">μηδὲ</word>
    </Greek>
    <Lema>
     <word seq="7">μηδέ</word>
    </Lema>
    <Morph>
     <word seq="7">t</word>
    </Morph>
    <Strong>
     <word seq="7">3366</word>
    </Strong>
   </column>
   <column>
    <Greek>
     <word seq="8">ἐν</word>
    </Greek>
    <Lema>
     <word seq="8">ἐν</word>
    </Lema>
    <Morph>
     <word seq="8">p</word>
    </Morph>
    <Strong>
     <word seq="8">1722</word>
    </Strong>
   </column>
   <column>
    <Greek>
     <word seq="9">ζύμῃ</word>
    </Greek>
    <Lema>
     <word seq="9">ζύμη</word>
    </Lema>
    <Morph>
     <word seq="9">ndfs</word>
    </Morph>
    <Strong>
     <word seq="9">2219</word>
    </Strong>
   </column>
   <column>
    <Greek>
     <word seq="10">κακίας</word>
    </Greek>
    <Lema>
     <word seq="10">κακία</word>
    </Lema>
    <Morph>
     <word seq="10">ngfs</word>
    </Morph>
    <Strong>
     <word seq="10">2549</word>
    </Strong>
   </column>
   <column>
    <Greek>
     <word seq="11">καὶ</word>
    </Greek>
    <Lema>
     <word seq="11">καί</word>
    </Lema>
    <Morph>
     <word seq="11">c</word>
    </Morph>
    <Strong>
     <word seq="11">2532</word>
    </Strong>
   </column>
   <column>
    <Greek>
     <word seq="12">πονηρίας</word>
    </Greek>
    <Lema>
     <word seq="12">πονηρία</word>
    </Lema>
    <Morph>
     <word seq="12">ngfs</word>
    </Morph>
    <Strong>
     <word seq="12">4189</word>
    </Strong>
   </column>
   <column>
    <Greek>
     <word seq="13">ἀλλʼ</word>
    </Greek>
    <Lema>
     <word seq="13">ἀλλά</word>
    </Lema>
    <Morph>
     <word seq="13">c</word>
    </Morph>
    <Strong>
     <word seq="13">235</word>
    </Strong>
   </column>
   <column>
    <Greek>
     <word seq="14">ἐν</word>
    </Greek>
    <Lema>
     <word seq="14">ἐν</word>
    </Lema>
    <Morph>
     <word seq="14">p</word>
    </Morph>
    <Strong>
     <word seq="14">1722</word>
    </Strong>
   </column>
   <column>
    <Greek>
     <word seq="15">ἀζύμοις</word>
    </Greek>
    <Lema>
     <word seq="15">ἄζυμος</word>
    </Lema>
    <Morph>
     <word seq="15">adnp</word>
    </Morph>
    <Strong>
     <word seq="15">106</word>
    </Strong>
   </column>
   <column>
    <Greek>
     <word seq="16">εἰλικρινείας</word>
    </Greek>
    <Lema>
     <word seq="16">εἰλικρίνεια</word>
    </Lema>
    <Morph>
     <word seq="16">ngfs</word>
    </Morph>
    <Strong>
     <word seq="16">1505</word>
    </Strong>
   </column>
   <column>
    <Greek>
     <word seq="17">καὶ</word>
    </Greek>
    <Lema>
     <word seq="17">καί</word>
    </Lema>
    <Morph>
     <word seq="17">c</word>
    </Morph>
    <Strong>
     <word seq="17">2532</word>
    </Strong>
   </column>
   <column>
    <Greek>
     <word seq="18">ἀληθείας.</word>
    </Greek>
    <Lema>
     <word seq="18">ἀλήθεια</word>
    </Lema>
    <Morph>
     <word seq="18">ngfs</word>
    </Morph>
    <Strong>
     <word seq="18">225</word>
    </Strong>
   </column>
  </verse>
  <verse number="9">
   <column>
    <Greek>
     <word seq="1">Ἔγραψα</word>
    </Greek>
    <Lema>
     <word seq="1">γράφω</word>
    </Lema>
    <Morph>
     <word seq="1">viaa1s</word>
    </Morph>
    <Strong>
     <word seq="1">1125</word>
    </Strong>
   </column>
   <column>
    <Greek>
     <word seq="2">ὑμῖν</word>
    </Greek>
    <Lema>
     <word seq="2">σύ</word>
    </Lema>
    <Morph>
     <word seq="2">rp2d_p</word>
    </Morph>
    <Strong>
     <word seq="2">5213</word>
    </Strong>
   </column>
   <column>
    <Greek>
     <word seq="3">ἐν</word>
    </Greek>
    <Lema>
     <word seq="3">ἐν</word>
    </Lema>
    <Morph>
     <word seq="3">p</word>
    </Morph>
    <Strong>
     <word seq="3">1722</word>
    </Strong>
   </column>
   <column>
    <Greek>
     <word seq="4">τῇ</word>
    </Greek>
    <Lema>
     <word seq="4">ὁ</word>
    </Lema>
    <Morph>
     <word seq="4">ddfs</word>
    </Morph>
    <Strong>
     <word seq="4">3588</word>
    </Strong>
   </column>
   <column>
    <Greek>
     <word seq="5">ἐπιστολῇ</word>
    </Greek>
    <Lema>
     <word seq="5">ἐπιστολή</word>
    </Lema>
    <Morph>
     <word seq="5">ndfs</word>
    </Morph>
    <Strong>
     <word seq="5">1992</word>
    </Strong>
   </column>
   <column>
    <Greek>
     <word seq="6">μὴ</word>
    </Greek>
    <Lema>
     <word seq="6">μή</word>
    </Lema>
    <Morph>
     <word seq="6">b</word>
    </Morph>
    <Strong>
     <word seq="6">3361</word>
    </Strong>
   </column>
   <column>
    <Greek>
     <word seq="7">συναναμίγνυσθαι</word>
    </Greek>
    <Lema>
     <word seq="7">συναναμίγνυμι</word>
    </Lema>
    <Morph>
     <word seq="7">vnpm</word>
    </Morph>
    <Strong>
     <word seq="7">4874</word>
    </Strong>
   </column>
   <column>
    <Greek>
     <word seq="8">πόρνοις,</word>
    </Greek>
    <Lema>
     <word seq="8">πόρνος</word>
    </Lema>
    <Morph>
     <word seq="8">ndmp</word>
    </Morph>
    <Strong>
     <word seq="8">4205</word>
    </Strong>
   </column>
  </verse>
  <verse number="10">
   <column>
    <Greek>
     <word seq="1">οὐ</word>
    </Greek>
    <Lema>
     <word seq="1">οὐ</word>
    </Lema>
    <Morph>
     <word seq="1">c</word>
    </Morph>
    <Strong>
     <word seq="1">3756</word>
    </Strong>
   </column>
   <column>
    <Greek>
     <word seq="2">πάντως</word>
    </Greek>
    <Lema>
     <word seq="2">πάντως</word>
    </Lema>
    <Morph>
     <word seq="2">b</word>
    </Morph>
    <Strong>
     <word seq="2">3843</word>
    </Strong>
   </column>
   <column>
    <Greek>
     <word seq="3">τοῖς</word>
    </Greek>
    <Lema>
     <word seq="3">ὁ</word>
    </Lema>
    <Morph>
     <word seq="3">ddmp</word>
    </Morph>
    <Strong>
     <word seq="3">3588</word>
    </Strong>
   </column>
   <column>
    <Greek>
     <word seq="4">πόρνοις</word>
    </Greek>
    <Lema>
     <word seq="4">πόρνος</word>
    </Lema>
    <Morph>
     <word seq="4">ndmp</word>
    </Morph>
    <Strong>
     <word seq="4">4205</word>
    </Strong>
   </column>
   <column>
    <Greek>
     <word seq="5">τοῦ</word>
    </Greek>
    <Lema>
     <word seq="5">ὁ</word>
    </Lema>
    <Morph>
     <word seq="5">dgms</word>
    </Morph>
    <Strong>
     <word seq="5">3588</word>
    </Strong>
   </column>
   <column>
    <Greek>
     <word seq="6">κόσμου</word>
    </Greek>
    <Lema>
     <word seq="6">κόσμος</word>
    </Lema>
    <Morph>
     <word seq="6">ngms</word>
    </Morph>
    <Strong>
     <word seq="6">2889</word>
    </Strong>
   </column>
   <column>
    <Greek>
     <word seq="7">τούτου</word>
    </Greek>
    <Lema>
     <word seq="7">οὗτος</word>
    </Lema>
    <Morph>
     <word seq="7">rd-gms</word>
    </Morph>
    <Strong>
     <word seq="7">5127</word>
    </Strong>
   </column>
   <column>
    <Greek>
     <word seq="8">ἢ</word>
    </Greek>
    <Lema>
     <word seq="8">ἤ</word>
    </Lema>
    <Morph>
     <word seq="8">c</word>
    </Morph>
    <Strong>
     <word seq="8">2228</word>
    </Strong>
   </column>
   <column>
    <Greek>
     <word seq="9">τοῖς</word>
    </Greek>
    <Lema>
     <word seq="9">ὁ</word>
    </Lema>
    <Morph>
     <word seq="9">ddmp</word>
    </Morph>
    <Strong>
     <word seq="9">3588</word>
    </Strong>
   </column>
   <column>
    <Greek>
     <word seq="10">πλεονέκταις</word>
    </Greek>
    <Lema>
     <word seq="10">πλεονέκτης</word>
    </Lema>
    <Morph>
     <word seq="10">ndmp</word>
    </Morph>
    <Strong>
     <word seq="10">4123</word>
    </Strong>
   </column>
   <column>
    <Greek>
     <word seq="11">καὶ</word>
    </Greek>
    <Lema>
     <word seq="11">καί</word>
    </Lema>
    <Morph>
     <word seq="11">c</word>
    </Morph>
    <Strong>
     <word seq="11">2532</word>
    </Strong>
   </column>
   <column>
    <Greek>
     <word seq="12">ἅρπαξιν</word>
    </Greek>
    <Lema>
     <word seq="12">ἅρπαξ</word>
    </Lema>
    <Morph>
     <word seq="12">admp</word>
    </Morph>
    <Strong>
     <word seq="12">727</word>
    </Strong>
   </column>
   <column>
    <Greek>
     <word seq="13">ἢ</word>
    </Greek>
    <Lema>
     <word seq="13">ἤ</word>
    </Lema>
    <Morph>
     <word seq="13">c</word>
    </Morph>
    <Strong>
     <word seq="13">2228</word>
    </Strong>
   </column>
   <column>
    <Greek>
     <word seq="14">εἰδωλολάτραις,</word>
    </Greek>
    <Lema>
     <word seq="14">εἰδωλολάτρης</word>
    </Lema>
    <Morph>
     <word seq="14">ndmp</word>
    </Morph>
    <Strong>
     <word seq="14">1496</word>
    </Strong>
   </column>
   <column>
    <Greek>
     <word seq="15">ἐπεὶ</word>
    </Greek>
    <Lema>
     <word seq="15">ἐπεί</word>
    </Lema>
    <Morph>
     <word seq="15">c</word>
    </Morph>
    <Strong>
     <word seq="15">1893</word>
    </Strong>
   </column>
   <column>
    <Greek>
     <word seq="16">ὠφείλετε</word>
    </Greek>
    <Lema>
     <word seq="16">ὀφείλω</word>
    </Lema>
    <Morph>
     <word seq="16">viia2p</word>
    </Morph>
    <Strong>
     <word seq="16">3784</word>
    </Strong>
   </column>
   <column>
    <Greek>
     <word seq="17">ἄρα</word>
    </Greek>
    <Lema>
     <word seq="17">ἄρα</word>
    </Lema>
    <Morph>
     <word seq="17">c</word>
    </Morph>
    <Strong>
     <word seq="17">686</word>
    </Strong>
   </column>
   <column>
    <Greek>
     <word seq="18">ἐκ</word>
    </Greek>
    <Lema>
     <word seq="18">ἐκ</word>
    </Lema>
    <Morph>
     <word seq="18">p</word>
    </Morph>
    <Strong>
     <word seq="18">1537</word>
    </Strong>
   </column>
   <column>
    <Greek>
     <word seq="19">τοῦ</word>
    </Greek>
    <Lema>
     <word seq="19">ὁ</word>
    </Lema>
    <Morph>
     <word seq="19">dgms</word>
    </Morph>
    <Strong>
     <word seq="19">3588</word>
    </Strong>
   </column>
   <column>
    <Greek>
     <word seq="20">κόσμου</word>
    </Greek>
    <Lema>
     <word seq="20">κόσμος</word>
    </Lema>
    <Morph>
     <word seq="20">ngms</word>
    </Morph>
    <Strong>
     <word seq="20">2889</word>
    </Strong>
   </column>
   <column>
    <Greek>
     <word seq="21">ἐξελθεῖν.</word>
    </Greek>
    <Lema>
     <word seq="21">ἐξέρχομαι</word>
    </Lema>
    <Morph>
     <word seq="21">vnaa</word>
    </Morph>
    <Strong>
     <word seq="21">1831</word>
    </Strong>
   </column>
  </verse>
  <verse number="11">
   <column>
    <Greek>
     <word seq="1">νῦν</word>
    </Greek>
    <Lema>
     <word seq="1">νῦν</word>
    </Lema>
    <Morph>
     <word seq="1">b</word>
    </Morph>
    <Strong>
     <word seq="1">3568</word>
    </Strong>
   </column>
   <column>
    <Greek>
     <word seq="2">δὲ</word>
    </Greek>
    <Lema>
     <word seq="2">δέ</word>
    </Lema>
    <Morph>
     <word seq="2">c</word>
    </Morph>
    <Strong>
     <word seq="2">1161</word>
    </Strong>
   </column>
   <column>
    <Greek>
     <word seq="3">ἔγραψα</word>
    </Greek>
    <Lema>
     <word seq="3">γράφω</word>
    </Lema>
    <Morph>
     <word seq="3">viaa1s</word>
    </Morph>
    <Strong>
     <word seq="3">1125</word>
    </Strong>
   </column>
   <column>
    <Greek>
     <word seq="4">ὑμῖν</word>
    </Greek>
    <Lema>
     <word seq="4">σύ</word>
    </Lema>
    <Morph>
     <word seq="4">rp2d_p</word>
    </Morph>
    <Strong>
     <word seq="4">5213</word>
    </Strong>
   </column>
   <column>
    <Greek>
     <word seq="5">μὴ</word>
    </Greek>
    <Lema>
     <word seq="5">μή</word>
    </Lema>
    <Morph>
     <word seq="5">b</word>
    </Morph>
    <Strong>
     <word seq="5">3361</word>
    </Strong>
   </column>
   <column>
    <Greek>
     <word seq="6">συναναμίγνυσθαι</word>
    </Greek>
    <Lema>
     <word seq="6">συναναμίγνυμι</word>
    </Lema>
    <Morph>
     <word seq="6">vnpm</word>
    </Morph>
    <Strong>
     <word seq="6">4874</word>
    </Strong>
   </column>
   <column>
    <Greek>
     <word seq="7">ἐάν</word>
    </Greek>
    <Lema>
     <word seq="7">ἐάν</word>
    </Lema>
    <Morph>
     <word seq="7">c</word>
    </Morph>
    <Strong>
     <word seq="7">1437</word>
    </Strong>
   </column>
   <column>
    <Greek>
     <word seq="8">τις</word>
    </Greek>
    <Lema>
     <word seq="8">τὶς</word>
    </Lema>
    <Morph>
     <word seq="8">rx-nms</word>
    </Morph>
    <Strong>
     <word seq="8">5100</word>
    </Strong>
   </column>
   <column>
    <Greek>
     <word seq="9">ἀδελφὸς</word>
    </Greek>
    <Lema>
     <word seq="9">ἀδελφός</word>
    </Lema>
    <Morph>
     <word seq="9">nnms</word>
    </Morph>
    <Strong>
     <word seq="9">80</word>
    </Strong>
   </column>
   <column>
    <Greek>
     <word seq="10">ὀνομαζόμενος</word>
    </Greek>
    <Lema>
     <word seq="10">ὀνομάζω</word>
    </Lema>
    <Morph>
     <word seq="10">vppp-nms</word>
    </Morph>
    <Strong>
     <word seq="10">3687</word>
    </Strong>
   </column>
   <column>
    <Greek>
     <word seq="11">ᾖ</word>
    </Greek>
    <Lema>
     <word seq="11">εἰμί</word>
    </Lema>
    <Morph>
     <word seq="11">vspa3s</word>
    </Morph>
    <Strong>
     <word seq="11">1510</word>
    </Strong>
   </column>
   <column>
    <Greek>
     <word seq="12">πόρνος</word>
    </Greek>
    <Lema>
     <word seq="12">πόρνος</word>
    </Lema>
    <Morph>
     <word seq="12">nnms</word>
    </Morph>
    <Strong>
     <word seq="12">4205</word>
    </Strong>
   </column>
   <column>
    <Greek>
     <word seq="13">ἢ</word>
    </Greek>
    <Lema>
     <word seq="13">ἤ</word>
    </Lema>
    <Morph>
     <word seq="13">c</word>
    </Morph>
    <Strong>
     <word seq="13">2228</word>
    </Strong>
   </column>
   <column>
    <Greek>
     <word seq="14">πλεονέκτης</word>
    </Greek>
    <Lema>
     <word seq="14">πλεονέκτης</word>
    </Lema>
    <Morph>
     <word seq="14">nnms</word>
    </Morph>
    <Strong>
     <word seq="14">4123</word>
    </Strong>
   </column>
   <column>
    <Greek>
     <word seq="15">ἢ</word>
    </Greek>
    <Lema>
     <word seq="15">ἤ</word>
    </Lema>
    <Morph>
     <word seq="15">c</word>
    </Morph>
    <Strong>
     <word seq="15">2228</word>
    </Strong>
   </column>
   <column>
    <Greek>
     <word seq="16">εἰδωλολάτρης</word>
    </Greek>
    <Lema>
     <word seq="16">εἰδωλολάτρης</word>
    </Lema>
    <Morph>
     <word seq="16">nnms</word>
    </Morph>
    <Strong>
     <word seq="16">1496</word>
    </Strong>
   </column>
   <column>
    <Greek>
     <word seq="17">ἢ</word>
    </Greek>
    <Lema>
     <word seq="17">ἤ</word>
    </Lema>
    <Morph>
     <word seq="17">c</word>
    </Morph>
    <Strong>
     <word seq="17">2228</word>
    </Strong>
   </column>
   <column>
    <Greek>
     <word seq="18">λοίδορος</word>
    </Greek>
    <Lema>
     <word seq="18">λοίδορος</word>
    </Lema>
    <Morph>
     <word seq="18">anms, nnms</word>
    </Morph>
    <Strong>
     <word seq="18">3060</word>
    </Strong>
   </column>
   <column>
    <Greek>
     <word seq="19">ἢ</word>
    </Greek>
    <Lema>
     <word seq="19">ἤ</word>
    </Lema>
    <Morph>
     <word seq="19">c</word>
    </Morph>
    <Strong>
     <word seq="19">2228</word>
    </Strong>
   </column>
   <column>
    <Greek>
     <word seq="20">μέθυσος</word>
    </Greek>
    <Lema>
     <word seq="20">μέθυσος</word>
    </Lema>
    <Morph>
     <word seq="20">nnms</word>
    </Morph>
    <Strong>
     <word seq="20">3183</word>
    </Strong>
   </column>
   <column>
    <Greek>
     <word seq="21">ἢ</word>
    </Greek>
    <Lema>
     <word seq="21">ἤ</word>
    </Lema>
    <Morph>
     <word seq="21">c</word>
    </Morph>
    <Strong>
     <word seq="21">2228</word>
    </Strong>
   </column>
   <column>
    <Greek>
     <word seq="22">ἅρπαξ,</word>
    </Greek>
    <Lema>
     <word seq="22">ἅρπαξ</word>
    </Lema>
    <Morph>
     <word seq="22">anms</word>
    </Morph>
    <Strong>
     <word seq="22">727</word>
    </Strong>
   </column>
   <column>
    <Greek>
     <word seq="23">τῷ</word>
    </Greek>
    <Lema>
     <word seq="23">ὁ</word>
    </Lema>
    <Morph>
     <word seq="23">ddms</word>
    </Morph>
    <Strong>
     <word seq="23">3588</word>
    </Strong>
   </column>
   <column>
    <Greek>
     <word seq="24">τοιούτῳ</word>
    </Greek>
    <Lema>
     <word seq="24">τοιοῦτος</word>
    </Lema>
    <Morph>
     <word seq="24">rd-dms</word>
    </Morph>
    <Strong>
     <word seq="24">5108</word>
    </Strong>
   </column>
   <column>
    <Greek>
     <word seq="25">μηδὲ</word>
    </Greek>
    <Lema>
     <word seq="25">μηδέ</word>
    </Lema>
    <Morph>
     <word seq="25">b</word>
    </Morph>
    <Strong>
     <word seq="25">3366</word>
    </Strong>
   </column>
   <column>
    <Greek>
     <word seq="26">συνεσθίειν.</word>
    </Greek>
    <Lema>
     <word seq="26">συνεσθίω</word>
    </Lema>
    <Morph>
     <word seq="26">vnpa</word>
    </Morph>
    <Strong>
     <word seq="26">4906</word>
    </Strong>
   </column>
  </verse>
  <verse number="12">
   <column>
    <Greek>
     <word seq="1">τί</word>
    </Greek>
    <Lema>
     <word seq="1">τίς</word>
    </Lema>
    <Morph>
     <word seq="1">ri-nns</word>
    </Morph>
    <Strong>
     <word seq="1">5101</word>
    </Strong>
   </column>
   <column>
    <Greek>
     <word seq="2">γάρ</word>
    </Greek>
    <Lema>
     <word seq="2">γάρ</word>
    </Lema>
    <Morph>
     <word seq="2">c</word>
    </Morph>
    <Strong>
     <word seq="2">1063</word>
    </Strong>
   </column>
   <column>
    <Greek>
     <word seq="3">μοι</word>
    </Greek>
    <Lema>
     <word seq="3">ἐγώ</word>
    </Lema>
    <Morph>
     <word seq="3">rp1d_s</word>
    </Morph>
    <Strong>
     <word seq="3">3427</word>
    </Strong>
   </column>
   <column>
    <Greek>
     <word seq="4">τοὺς</word>
    </Greek>
    <Lema>
     <word seq="4">ὁ</word>
    </Lema>
    <Morph>
     <word seq="4">damp</word>
    </Morph>
    <Strong>
     <word seq="4">3588</word>
    </Strong>
   </column>
   <column>
    <Greek>
     <word seq="5">ἔξω</word>
    </Greek>
    <Lema>
     <word seq="5">ἔξω</word>
    </Lema>
    <Morph>
     <word seq="5">b</word>
    </Morph>
    <Strong>
     <word seq="5">1854</word>
    </Strong>
   </column>
   <column>
    <Greek>
     <word seq="6">κρίνειν;</word>
    </Greek>
    <Lema>
     <word seq="6">κρίνω</word>
    </Lema>
    <Morph>
     <word seq="6">vnpa</word>
    </Morph>
    <Strong>
     <word seq="6">2919</word>
    </Strong>
   </column>
   <column>
    <Greek>
     <word seq="7">οὐχὶ</word>
    </Greek>
    <Lema>
     <word seq="7">οὐχί</word>
    </Lema>
    <Morph>
     <word seq="7">t</word>
    </Morph>
    <Strong>
     <word seq="7">3780</word>
    </Strong>
   </column>
   <column>
    <Greek>
     <word seq="8">τοὺς</word>
    </Greek>
    <Lema>
     <word seq="8">ὁ</word>
    </Lema>
    <Morph>
     <word seq="8">damp</word>
    </Morph>
    <Strong>
     <word seq="8">3588</word>
    </Strong>
   </column>
   <column>
    <Greek>
     <word seq="9">ἔσω</word>
    </Greek>
    <Lema>
     <word seq="9">ἔσω</word>
    </Lema>
    <Morph>
     <word seq="9">b</word>
    </Morph>
    <Strong>
     <word seq="9">2080</word>
    </Strong>
   </column>
   <column>
    <Greek>
     <word seq="10">ὑμεῖς</word>
    </Greek>
    <Lema>
     <word seq="10">σύ</word>
    </Lema>
    <Morph>
     <word seq="10">rp2n_p</word>
    </Morph>
    <Strong>
     <word seq="10">5210</word>
    </Strong>
   </column>
   <column>
    <Greek>
     <word seq="11">κρίνετε;</word>
    </Greek>
    <Lema>
     <word seq="11">κρίνω</word>
    </Lema>
    <Morph>
     <word seq="11">vipa2p</word>
    </Morph>
    <Strong>
     <word seq="11">2919</word>
    </Strong>
   </column>
  </verse>
  <verse number="13">
   <column>
    <Greek>
     <word seq="1">τοὺς</word>
    </Greek>
    <Lema>
     <word seq="1">ὁ</word>
    </Lema>
    <Morph>
     <word seq="1">damp</word>
    </Morph>
    <Strong>
     <word seq="1">3588</word>
    </Strong>
   </column>
   <column>
    <Greek>
     <word seq="2">δὲ</word>
    </Greek>
    <Lema>
     <word seq="2">δέ</word>
    </Lema>
    <Morph>
     <word seq="2">c</word>
    </Morph>
    <Strong>
     <word seq="2">1161</word>
    </Strong>
   </column>
   <column>
    <Greek>
     <word seq="3">ἔξω</word>
    </Greek>
    <Lema>
     <word seq="3">ἔξω</word>
    </Lema>
    <Morph>
     <word seq="3">b</word>
    </Morph>
    <Strong>
     <word seq="3">1854</word>
    </Strong>
   </column>
   <column>
    <Greek>
     <word seq="4">ὁ</word>
    </Greek>
    <Lema>
     <word seq="4">ὁ</word>
    </Lema>
    <Morph>
     <word seq="4">dnms</word>
    </Morph>
    <Strong>
     <word seq="4">3588</word>
    </Strong>
   </column>
   <column>
    <Greek>
     <word seq="5">θεὸς</word>
    </Greek>
    <Lema>
     <word seq="5">θεός</word>
    </Lema>
    <Morph>
     <word seq="5">nnms</word>
    </Morph>
    <Strong>
     <word seq="5">2316</word>
    </Strong>
   </column>
   <column>
    <Greek>
     <word seq="6">κρινεῖ.</word>
    </Greek>
    <Lema>
     <word seq="6">κρίνω</word>
    </Lema>
    <Morph>
     <word seq="6">vifa3s, vipa3s</word>
    </Morph>
    <Strong>
     <word seq="6">2919</word>
    </Strong>
   </column>
   <column>
    <Greek>
     <word seq="7">ἐξάρατε</word>
    </Greek>
    <Lema>
     <word seq="7">ἐξαίρω</word>
    </Lema>
    <Morph>
     <word seq="7">vmaa2p</word>
    </Morph>
    <Strong>
     <word seq="7">1808</word>
    </Strong>
   </column>
   <column>
    <Greek>
     <word seq="8">τὸν</word>
    </Greek>
    <Lema>
     <word seq="8">ὁ</word>
    </Lema>
    <Morph>
     <word seq="8">dams</word>
    </Morph>
    <Strong>
     <word seq="8">3588</word>
    </Strong>
   </column>
   <column>
    <Greek>
     <word seq="9">πονηρὸν</word>
    </Greek>
    <Lema>
     <word seq="9">πονηρός</word>
    </Lema>
    <Morph>
     <word seq="9">aams</word>
    </Morph>
    <Strong>
     <word seq="9">4190</word>
    </Strong>
   </column>
   <column>
    <Greek>
     <word seq="10">ἐξ</word>
    </Greek>
    <Lema>
     <word seq="10">ἐκ</word>
    </Lema>
    <Morph>
     <word seq="10">p</word>
    </Morph>
    <Strong>
     <word seq="10">1537</word>
    </Strong>
   </column>
   <column>
    <Greek>
     <word seq="11">ὑμῶν</word>
    </Greek>
    <Lema>
     <word seq="11">σύ</word>
    </Lema>
    <Morph>
     <word seq="11">rp2g_p</word>
    </Morph>
    <Strong>
     <word seq="11">5216</word>
    </Strong>
   </column>
   <column>
    <Greek>
     <word seq="12">αὐτῶν.</word>
    </Greek>
    <Lema>
     <word seq="12">αὐτός</word>
    </Lema>
    <Morph>
     <word seq="12">rp3gmp</word>
    </Morph>
    <Strong>
     <word seq="12">846</word>
    </Strong>
   </column>
  </verse>
 </chapter>
</book>
