<?xml version="1.0" encoding="UTF-8" standalone="no"?>
<book>
 <chapter book="null" number="3">
  <verse number="1">
   <column>
    <Greek>
     <word seq="1">Ταύτην</word>
    </Greek>
    <Lema>
     <word seq="1">οὗτος</word>
    </Lema>
    <Morph>
     <word seq="1">rd-afs</word>
    </Morph>
    <Strong>
     <word seq="1">5026</word>
    </Strong>
   </column>
   <column>
    <Greek>
     <word seq="2">ἤδη,</word>
    </Greek>
    <Lema>
     <word seq="2">ἤδη</word>
    </Lema>
    <Morph>
     <word seq="2">b</word>
    </Morph>
    <Strong>
     <word seq="2">2235</word>
    </Strong>
   </column>
   <column>
    <Greek>
     <word seq="3">ἀγαπητοί,</word>
    </Greek>
    <Lema>
     <word seq="3">ἀγαπητός</word>
    </Lema>
    <Morph>
     <word seq="3">avmp</word>
    </Morph>
    <Strong>
     <word seq="3">27</word>
    </Strong>
   </column>
   <column>
    <Greek>
     <word seq="4">δευτέραν</word>
    </Greek>
    <Lema>
     <word seq="4">δεύτερος</word>
    </Lema>
    <Morph>
     <word seq="4">aafs</word>
    </Morph>
    <Strong>
     <word seq="4">1208</word>
    </Strong>
   </column>
   <column>
    <Greek>
     <word seq="5">ὑμῖν</word>
    </Greek>
    <Lema>
     <word seq="5">σύ</word>
    </Lema>
    <Morph>
     <word seq="5">rp2d_p</word>
    </Morph>
    <Strong>
     <word seq="5">5213</word>
    </Strong>
   </column>
   <column>
    <Greek>
     <word seq="6">γράφω</word>
    </Greek>
    <Lema>
     <word seq="6">γράφω</word>
    </Lema>
    <Morph>
     <word seq="6">vipa1s</word>
    </Morph>
    <Strong>
     <word seq="6">1125</word>
    </Strong>
   </column>
   <column>
    <Greek>
     <word seq="7">ἐπιστολήν,</word>
    </Greek>
    <Lema>
     <word seq="7">ἐπιστολή</word>
    </Lema>
    <Morph>
     <word seq="7">nafs</word>
    </Morph>
    <Strong>
     <word seq="7">1992</word>
    </Strong>
   </column>
   <column>
    <Greek>
     <word seq="8">ἐν</word>
    </Greek>
    <Lema>
     <word seq="8">ἐν</word>
    </Lema>
    <Morph>
     <word seq="8">p</word>
    </Morph>
    <Strong>
     <word seq="8">1722</word>
    </Strong>
   </column>
   <column>
    <Greek>
     <word seq="9">αἷς</word>
    </Greek>
    <Lema>
     <word seq="9">ὅς</word>
    </Lema>
    <Morph>
     <word seq="9">rr-dfp</word>
    </Morph>
    <Strong>
     <word seq="9">3739</word>
    </Strong>
   </column>
   <column>
    <Greek>
     <word seq="10">διεγείρω</word>
    </Greek>
    <Lema>
     <word seq="10">διεγείρω</word>
    </Lema>
    <Morph>
     <word seq="10">vipa1s</word>
    </Morph>
    <Strong>
     <word seq="10">1326</word>
    </Strong>
   </column>
   <column>
    <Greek>
     <word seq="11">ὑμῶν</word>
    </Greek>
    <Lema>
     <word seq="11">σύ</word>
    </Lema>
    <Morph>
     <word seq="11">rp2g_p</word>
    </Morph>
    <Strong>
     <word seq="11">5216</word>
    </Strong>
   </column>
   <column>
    <Greek>
     <word seq="12">ἐν</word>
    </Greek>
    <Lema>
     <word seq="12">ἐν</word>
    </Lema>
    <Morph>
     <word seq="12">p</word>
    </Morph>
    <Strong>
     <word seq="12">1722</word>
    </Strong>
   </column>
   <column>
    <Greek>
     <word seq="13">ὑπομνήσει</word>
    </Greek>
    <Lema>
     <word seq="13">ὑπόμνησις</word>
    </Lema>
    <Morph>
     <word seq="13">ndfs</word>
    </Morph>
    <Strong>
     <word seq="13">5280</word>
    </Strong>
   </column>
   <column>
    <Greek>
     <word seq="14">τὴν</word>
    </Greek>
    <Lema>
     <word seq="14">ὁ</word>
    </Lema>
    <Morph>
     <word seq="14">dafs</word>
    </Morph>
    <Strong>
     <word seq="14">3588</word>
    </Strong>
   </column>
   <column>
    <Greek>
     <word seq="15">εἰλικρινῆ</word>
    </Greek>
    <Lema>
     <word seq="15">εἰλικρινής</word>
    </Lema>
    <Morph>
     <word seq="15">aafs</word>
    </Morph>
    <Strong>
     <word seq="15">1506</word>
    </Strong>
   </column>
   <column>
    <Greek>
     <word seq="16">διάνοιαν</word>
    </Greek>
    <Lema>
     <word seq="16">διάνοια</word>
    </Lema>
    <Morph>
     <word seq="16">nafs</word>
    </Morph>
    <Strong>
     <word seq="16">1271</word>
    </Strong>
   </column>
  </verse>
  <verse number="2">
   <column>
    <Greek>
     <word seq="1">μνησθῆναι</word>
    </Greek>
    <Lema>
     <word seq="1">μιμνῄσκομαι</word>
    </Lema>
    <Morph>
     <word seq="1">vnap</word>
    </Morph>
    <Strong>
     <word seq="1">3415</word>
    </Strong>
   </column>
   <column>
    <Greek>
     <word seq="2">τῶν</word>
    </Greek>
    <Lema>
     <word seq="2">ὁ</word>
    </Lema>
    <Morph>
     <word seq="2">dgnp, dgmp</word>
    </Morph>
    <Strong>
     <word seq="2">3588</word>
    </Strong>
   </column>
   <column>
    <Greek>
     <word seq="3">προειρημένων</word>
    </Greek>
    <Lema>
     <word seq="3">προεῖπον</word>
    </Lema>
    <Morph>
     <word seq="3">vpxp-gnp, vpxp-gmp</word>
    </Morph>
    <Strong>
     <word seq="3">4280</word>
    </Strong>
   </column>
   <column>
    <Greek>
     <word seq="4">ῥημάτων</word>
    </Greek>
    <Lema>
     <word seq="4">ῥῆμα</word>
    </Lema>
    <Morph>
     <word seq="4">ngnp</word>
    </Morph>
    <Strong>
     <word seq="4">4487</word>
    </Strong>
   </column>
   <column>
    <Greek>
     <word seq="5">ὑπὸ</word>
    </Greek>
    <Lema>
     <word seq="5">ὑπό</word>
    </Lema>
    <Morph>
     <word seq="5">p</word>
    </Morph>
    <Strong>
     <word seq="5">5259</word>
    </Strong>
   </column>
   <column>
    <Greek>
     <word seq="6">τῶν</word>
    </Greek>
    <Lema>
     <word seq="6">ὁ</word>
    </Lema>
    <Morph>
     <word seq="6">dgmp</word>
    </Morph>
    <Strong>
     <word seq="6">3588</word>
    </Strong>
   </column>
   <column>
    <Greek>
     <word seq="7">ἁγίων</word>
    </Greek>
    <Lema>
     <word seq="7">ἅγιος</word>
    </Lema>
    <Morph>
     <word seq="7">agmp</word>
    </Morph>
    <Strong>
     <word seq="7">40</word>
    </Strong>
   </column>
   <column>
    <Greek>
     <word seq="8">προφητῶν</word>
    </Greek>
    <Lema>
     <word seq="8">προφήτης</word>
    </Lema>
    <Morph>
     <word seq="8">ngmp</word>
    </Morph>
    <Strong>
     <word seq="8">4396</word>
    </Strong>
   </column>
   <column>
    <Greek>
     <word seq="9">καὶ</word>
    </Greek>
    <Lema>
     <word seq="9">καί</word>
    </Lema>
    <Morph>
     <word seq="9">c</word>
    </Morph>
    <Strong>
     <word seq="9">2532</word>
    </Strong>
   </column>
   <column>
    <Greek>
     <word seq="10">τῆς</word>
    </Greek>
    <Lema>
     <word seq="10">ὁ</word>
    </Lema>
    <Morph>
     <word seq="10">dgfs</word>
    </Morph>
    <Strong>
     <word seq="10">3588</word>
    </Strong>
   </column>
   <column>
    <Greek>
     <word seq="11">τῶν</word>
    </Greek>
    <Lema>
     <word seq="11">ὁ</word>
    </Lema>
    <Morph>
     <word seq="11">dgmp</word>
    </Morph>
    <Strong>
     <word seq="11">3588</word>
    </Strong>
   </column>
   <column>
    <Greek>
     <word seq="12">ἀποστόλων</word>
    </Greek>
    <Lema>
     <word seq="12">ἀπόστολος</word>
    </Lema>
    <Morph>
     <word seq="12">ngmp</word>
    </Morph>
    <Strong>
     <word seq="12">652</word>
    </Strong>
   </column>
   <column>
    <Greek>
     <word seq="13">ὑμῶν</word>
    </Greek>
    <Lema>
     <word seq="13">σύ</word>
    </Lema>
    <Morph>
     <word seq="13">rp2g_p</word>
    </Morph>
    <Strong>
     <word seq="13">5216</word>
    </Strong>
   </column>
   <column>
    <Greek>
     <word seq="14">ἐντολῆς</word>
    </Greek>
    <Lema>
     <word seq="14">ἐντολή</word>
    </Lema>
    <Morph>
     <word seq="14">ngfs</word>
    </Morph>
    <Strong>
     <word seq="14">1785</word>
    </Strong>
   </column>
   <column>
    <Greek>
     <word seq="15">τοῦ</word>
    </Greek>
    <Lema>
     <word seq="15">ὁ</word>
    </Lema>
    <Morph>
     <word seq="15">dgms</word>
    </Morph>
    <Strong>
     <word seq="15">3588</word>
    </Strong>
   </column>
   <column>
    <Greek>
     <word seq="16">κυρίου</word>
    </Greek>
    <Lema>
     <word seq="16">κύριος</word>
    </Lema>
    <Morph>
     <word seq="16">ngms</word>
    </Morph>
    <Strong>
     <word seq="16">2962</word>
    </Strong>
   </column>
   <column>
    <Greek>
     <word seq="17">καὶ</word>
    </Greek>
    <Lema>
     <word seq="17">καί</word>
    </Lema>
    <Morph>
     <word seq="17">c</word>
    </Morph>
    <Strong>
     <word seq="17">2532</word>
    </Strong>
   </column>
   <column>
    <Greek>
     <word seq="18">σωτῆρος,</word>
    </Greek>
    <Lema>
     <word seq="18">σωτήρ</word>
    </Lema>
    <Morph>
     <word seq="18">ngms</word>
    </Morph>
    <Strong>
     <word seq="18">4990</word>
    </Strong>
   </column>
  </verse>
  <verse number="3">
   <column>
    <Greek>
     <word seq="1">τοῦτο</word>
    </Greek>
    <Lema>
     <word seq="1">οὗτος</word>
    </Lema>
    <Morph>
     <word seq="1">rd-ans</word>
    </Morph>
    <Strong>
     <word seq="1">5124</word>
    </Strong>
   </column>
   <column>
    <Greek>
     <word seq="2">πρῶτον</word>
    </Greek>
    <Lema>
     <word seq="2">πρῶτος</word>
    </Lema>
    <Morph>
     <word seq="2">b</word>
    </Morph>
    <Strong>
     <word seq="2">4412</word>
    </Strong>
   </column>
   <column>
    <Greek>
     <word seq="3">γινώσκοντες</word>
    </Greek>
    <Lema>
     <word seq="3">γινώσκω</word>
    </Lema>
    <Morph>
     <word seq="3">vppa-nmp</word>
    </Morph>
    <Strong>
     <word seq="3">1097</word>
    </Strong>
   </column>
   <column>
    <Greek>
     <word seq="4">ὅτι</word>
    </Greek>
    <Lema>
     <word seq="4">ὅτι</word>
    </Lema>
    <Morph>
     <word seq="4">c</word>
    </Morph>
    <Strong>
     <word seq="4">3754</word>
    </Strong>
   </column>
   <column>
    <Greek>
     <word seq="5">ἐλεύσονται</word>
    </Greek>
    <Lema>
     <word seq="5">ἔρχομαι</word>
    </Lema>
    <Morph>
     <word seq="5">vifm3p</word>
    </Morph>
    <Strong>
     <word seq="5">2064</word>
    </Strong>
   </column>
   <column>
    <Greek>
     <word seq="6">ἐπʼ</word>
    </Greek>
    <Lema>
     <word seq="6">ἐπί</word>
    </Lema>
    <Morph>
     <word seq="6">p</word>
    </Morph>
    <Strong>
     <word seq="6">1909</word>
    </Strong>
   </column>
   <column>
    <Greek>
     <word seq="7">ἐσχάτων</word>
    </Greek>
    <Lema>
     <word seq="7">ἔσχατος</word>
    </Lema>
    <Morph>
     <word seq="7">agfp</word>
    </Morph>
    <Strong>
     <word seq="7">2078</word>
    </Strong>
   </column>
   <column>
    <Greek>
     <word seq="8">τῶν</word>
    </Greek>
    <Lema>
     <word seq="8">ὁ</word>
    </Lema>
    <Morph>
     <word seq="8">dgfp</word>
    </Morph>
    <Strong>
     <word seq="8">3588</word>
    </Strong>
   </column>
   <column>
    <Greek>
     <word seq="9">ἡμερῶν</word>
    </Greek>
    <Lema>
     <word seq="9">ἡμέρα</word>
    </Lema>
    <Morph>
     <word seq="9">ngfp</word>
    </Morph>
    <Strong>
     <word seq="9">2250</word>
    </Strong>
   </column>
   <column>
    <Greek>
     <word seq="10">[ἐν]</word>
    </Greek>
    <Lema>
     <word seq="10">ἐν</word>
    </Lema>
    <Morph>
     <word seq="10">p</word>
    </Morph>
    <Strong>
     <word seq="10">1722</word>
    </Strong>
   </column>
   <column>
    <Greek>
     <word seq="11">ἐμπαιγμονῇ</word>
    </Greek>
    <Lema>
     <word seq="11">ἐμπαιγμονή</word>
    </Lema>
    <Morph>
     <word seq="11">ndfs</word>
    </Morph>
    <Strong>
     <word seq="11">1701</word>
    </Strong>
   </column>
   <column>
    <Greek>
     <word seq="12">ἐμπαῖκται</word>
    </Greek>
    <Lema>
     <word seq="12">ἐμπαίκτης</word>
    </Lema>
    <Morph>
     <word seq="12">nnmp</word>
    </Morph>
    <Strong>
     <word seq="12">1703</word>
    </Strong>
   </column>
   <column>
    <Greek>
     <word seq="13">κατὰ</word>
    </Greek>
    <Lema>
     <word seq="13">κατά</word>
    </Lema>
    <Morph>
     <word seq="13">p</word>
    </Morph>
    <Strong>
     <word seq="13">2596</word>
    </Strong>
   </column>
   <column>
    <Greek>
     <word seq="14">τὰς</word>
    </Greek>
    <Lema>
     <word seq="14">ὁ</word>
    </Lema>
    <Morph>
     <word seq="14">dafp</word>
    </Morph>
    <Strong>
     <word seq="14">3588</word>
    </Strong>
   </column>
   <column>
    <Greek>
     <word seq="15">ἰδίας</word>
    </Greek>
    <Lema>
     <word seq="15">ἴδιος</word>
    </Lema>
    <Morph>
     <word seq="15">aafp</word>
    </Morph>
    <Strong>
     <word seq="15">2398</word>
    </Strong>
   </column>
   <column>
    <Greek>
     <word seq="16">ἐπιθυμίας</word>
    </Greek>
    <Lema>
     <word seq="16">ἐπιθυμία</word>
    </Lema>
    <Morph>
     <word seq="16">nafp</word>
    </Morph>
    <Strong>
     <word seq="16">1939</word>
    </Strong>
   </column>
   <column>
    <Greek>
     <word seq="17">αὐτῶν</word>
    </Greek>
    <Lema>
     <word seq="17">αὐτός</word>
    </Lema>
    <Morph>
     <word seq="17">rp3gmp</word>
    </Morph>
    <Strong>
     <word seq="17">846</word>
    </Strong>
   </column>
   <column>
    <Greek>
     <word seq="18">πορευόμενοι</word>
    </Greek>
    <Lema>
     <word seq="18">πορεύομαι</word>
    </Lema>
    <Morph>
     <word seq="18">vppu-nmp</word>
    </Morph>
    <Strong>
     <word seq="18">4198</word>
    </Strong>
   </column>
  </verse>
  <verse number="4">
   <column>
    <Greek>
     <word seq="1">καὶ</word>
    </Greek>
    <Lema>
     <word seq="1">καί</word>
    </Lema>
    <Morph>
     <word seq="1">c</word>
    </Morph>
    <Strong>
     <word seq="1">2532</word>
    </Strong>
   </column>
   <column>
    <Greek>
     <word seq="2">λέγοντες·</word>
    </Greek>
    <Lema>
     <word seq="2">λέγω</word>
    </Lema>
    <Morph>
     <word seq="2">vppa-nmp</word>
    </Morph>
    <Strong>
     <word seq="2">3004</word>
    </Strong>
   </column>
   <column>
    <Greek>
     <word seq="3">ποῦ</word>
    </Greek>
    <Lema>
     <word seq="3">ποῦ</word>
    </Lema>
    <Morph>
     <word seq="3">b</word>
    </Morph>
    <Strong>
     <word seq="3">4226</word>
    </Strong>
   </column>
   <column>
    <Greek>
     <word seq="4">ἐστιν</word>
    </Greek>
    <Lema>
     <word seq="4">εἰμί</word>
    </Lema>
    <Morph>
     <word seq="4">vipa3s</word>
    </Morph>
    <Strong>
     <word seq="4">2076</word>
    </Strong>
   </column>
   <column>
    <Greek>
     <word seq="5">ἡ</word>
    </Greek>
    <Lema>
     <word seq="5">ὁ</word>
    </Lema>
    <Morph>
     <word seq="5">dnfs</word>
    </Morph>
    <Strong>
     <word seq="5">3588</word>
    </Strong>
   </column>
   <column>
    <Greek>
     <word seq="6">ἐπαγγελία</word>
    </Greek>
    <Lema>
     <word seq="6">ἐπαγγελία</word>
    </Lema>
    <Morph>
     <word seq="6">nnfs</word>
    </Morph>
    <Strong>
     <word seq="6">1860</word>
    </Strong>
   </column>
   <column>
    <Greek>
     <word seq="7">τῆς</word>
    </Greek>
    <Lema>
     <word seq="7">ὁ</word>
    </Lema>
    <Morph>
     <word seq="7">dgfs</word>
    </Morph>
    <Strong>
     <word seq="7">3588</word>
    </Strong>
   </column>
   <column>
    <Greek>
     <word seq="8">παρουσίας</word>
    </Greek>
    <Lema>
     <word seq="8">παρουσία</word>
    </Lema>
    <Morph>
     <word seq="8">ngfs</word>
    </Morph>
    <Strong>
     <word seq="8">3952</word>
    </Strong>
   </column>
   <column>
    <Greek>
     <word seq="9">αὐτοῦ;</word>
    </Greek>
    <Lema>
     <word seq="9">αὐτός</word>
    </Lema>
    <Morph>
     <word seq="9">rp3gms</word>
    </Morph>
    <Strong>
     <word seq="9">846</word>
    </Strong>
   </column>
   <column>
    <Greek>
     <word seq="10">ἀφʼ</word>
    </Greek>
    <Lema>
     <word seq="10">ἀπό</word>
    </Lema>
    <Morph>
     <word seq="10">p</word>
    </Morph>
    <Strong>
     <word seq="10">575</word>
    </Strong>
   </column>
   <column>
    <Greek>
     <word seq="11">ἧς</word>
    </Greek>
    <Lema>
     <word seq="11">ὅς</word>
    </Lema>
    <Morph>
     <word seq="11">rr-gfs</word>
    </Morph>
    <Strong>
     <word seq="11">3739</word>
    </Strong>
   </column>
   <column>
    <Greek>
     <word seq="12">γὰρ</word>
    </Greek>
    <Lema>
     <word seq="12">γάρ</word>
    </Lema>
    <Morph>
     <word seq="12">c</word>
    </Morph>
    <Strong>
     <word seq="12">1063</word>
    </Strong>
   </column>
   <column>
    <Greek>
     <word seq="13">οἱ</word>
    </Greek>
    <Lema>
     <word seq="13">ὁ</word>
    </Lema>
    <Morph>
     <word seq="13">dnmp</word>
    </Morph>
    <Strong>
     <word seq="13">3588</word>
    </Strong>
   </column>
   <column>
    <Greek>
     <word seq="14">πατέρες</word>
    </Greek>
    <Lema>
     <word seq="14">πατήρ</word>
    </Lema>
    <Morph>
     <word seq="14">nnmp</word>
    </Morph>
    <Strong>
     <word seq="14">3962</word>
    </Strong>
   </column>
   <column>
    <Greek>
     <word seq="15">ἐκοιμήθησαν,</word>
    </Greek>
    <Lema>
     <word seq="15">κοιμάω</word>
    </Lema>
    <Morph>
     <word seq="15">viap3p</word>
    </Morph>
    <Strong>
     <word seq="15">2837</word>
    </Strong>
   </column>
   <column>
    <Greek>
     <word seq="16">πάντα</word>
    </Greek>
    <Lema>
     <word seq="16">πᾶς</word>
    </Lema>
    <Morph>
     <word seq="16">annp</word>
    </Morph>
    <Strong>
     <word seq="16">3956</word>
    </Strong>
   </column>
   <column>
    <Greek>
     <word seq="17">οὕτως</word>
    </Greek>
    <Lema>
     <word seq="17">οὕτως</word>
    </Lema>
    <Morph>
     <word seq="17">b</word>
    </Morph>
    <Strong>
     <word seq="17">3779</word>
    </Strong>
   </column>
   <column>
    <Greek>
     <word seq="18">διαμένει</word>
    </Greek>
    <Lema>
     <word seq="18">διαμένω</word>
    </Lema>
    <Morph>
     <word seq="18">vipa3s</word>
    </Morph>
    <Strong>
     <word seq="18">1265</word>
    </Strong>
   </column>
   <column>
    <Greek>
     <word seq="19">ἀπʼ</word>
    </Greek>
    <Lema>
     <word seq="19">ἀπό</word>
    </Lema>
    <Morph>
     <word seq="19">p</word>
    </Morph>
    <Strong>
     <word seq="19">575</word>
    </Strong>
   </column>
   <column>
    <Greek>
     <word seq="20">ἀρχῆς</word>
    </Greek>
    <Lema>
     <word seq="20">ἀρχή</word>
    </Lema>
    <Morph>
     <word seq="20">ngfs</word>
    </Morph>
    <Strong>
     <word seq="20">746</word>
    </Strong>
   </column>
   <column>
    <Greek>
     <word seq="21">κτίσεως.</word>
    </Greek>
    <Lema>
     <word seq="21">κτίσις</word>
    </Lema>
    <Morph>
     <word seq="21">ngfs</word>
    </Morph>
    <Strong>
     <word seq="21">2937</word>
    </Strong>
   </column>
  </verse>
  <verse number="5">
   <column>
    <Greek>
     <word seq="1">Λανθάνει</word>
    </Greek>
    <Lema>
     <word seq="1">λανθάνω</word>
    </Lema>
    <Morph>
     <word seq="1">vipa3s</word>
    </Morph>
    <Strong>
     <word seq="1">2990</word>
    </Strong>
   </column>
   <column>
    <Greek>
     <word seq="2">γὰρ</word>
    </Greek>
    <Lema>
     <word seq="2">γάρ</word>
    </Lema>
    <Morph>
     <word seq="2">c</word>
    </Morph>
    <Strong>
     <word seq="2">1063</word>
    </Strong>
   </column>
   <column>
    <Greek>
     <word seq="3">αὐτοὺς</word>
    </Greek>
    <Lema>
     <word seq="3">αὐτός</word>
    </Lema>
    <Morph>
     <word seq="3">rp3amp</word>
    </Morph>
    <Strong>
     <word seq="3">846</word>
    </Strong>
   </column>
   <column>
    <Greek>
     <word seq="4">τοῦτο</word>
    </Greek>
    <Lema>
     <word seq="4">οὗτος</word>
    </Lema>
    <Morph>
     <word seq="4">rd-nns</word>
    </Morph>
    <Strong>
     <word seq="4">5124</word>
    </Strong>
   </column>
   <column>
    <Greek>
     <word seq="5">θέλοντας</word>
    </Greek>
    <Lema>
     <word seq="5">θέλω</word>
    </Lema>
    <Morph>
     <word seq="5">vppa-amp</word>
    </Morph>
    <Strong>
     <word seq="5">2309</word>
    </Strong>
   </column>
   <column>
    <Greek>
     <word seq="6">ὅτι</word>
    </Greek>
    <Lema>
     <word seq="6">ὅτι</word>
    </Lema>
    <Morph>
     <word seq="6">c</word>
    </Morph>
    <Strong>
     <word seq="6">3754</word>
    </Strong>
   </column>
   <column>
    <Greek>
     <word seq="7">οὐρανοὶ</word>
    </Greek>
    <Lema>
     <word seq="7">οὐρανός</word>
    </Lema>
    <Morph>
     <word seq="7">nnmp</word>
    </Morph>
    <Strong>
     <word seq="7">3772</word>
    </Strong>
   </column>
   <column>
    <Greek>
     <word seq="8">ἦσαν</word>
    </Greek>
    <Lema>
     <word seq="8">εἰμί</word>
    </Lema>
    <Morph>
     <word seq="8">viia3p</word>
    </Morph>
    <Strong>
     <word seq="8">2258</word>
    </Strong>
   </column>
   <column>
    <Greek>
     <word seq="9">ἔκπαλαι</word>
    </Greek>
    <Lema>
     <word seq="9">ἔκπαλαι</word>
    </Lema>
    <Morph>
     <word seq="9">b</word>
    </Morph>
    <Strong>
     <word seq="9">1597</word>
    </Strong>
   </column>
   <column>
    <Greek>
     <word seq="10">καὶ</word>
    </Greek>
    <Lema>
     <word seq="10">καί</word>
    </Lema>
    <Morph>
     <word seq="10">c</word>
    </Morph>
    <Strong>
     <word seq="10">2532</word>
    </Strong>
   </column>
   <column>
    <Greek>
     <word seq="11">γῆ</word>
    </Greek>
    <Lema>
     <word seq="11">γῆ</word>
    </Lema>
    <Morph>
     <word seq="11">nnfs</word>
    </Morph>
    <Strong>
     <word seq="11">1093</word>
    </Strong>
   </column>
   <column>
    <Greek>
     <word seq="12">ἐξ</word>
    </Greek>
    <Lema>
     <word seq="12">ἐκ</word>
    </Lema>
    <Morph>
     <word seq="12">p</word>
    </Morph>
    <Strong>
     <word seq="12">1537</word>
    </Strong>
   </column>
   <column>
    <Greek>
     <word seq="13">ὕδατος</word>
    </Greek>
    <Lema>
     <word seq="13">ὕδωρ</word>
    </Lema>
    <Morph>
     <word seq="13">ngns</word>
    </Morph>
    <Strong>
     <word seq="13">5204</word>
    </Strong>
   </column>
   <column>
    <Greek>
     <word seq="14">καὶ</word>
    </Greek>
    <Lema>
     <word seq="14">καί</word>
    </Lema>
    <Morph>
     <word seq="14">c</word>
    </Morph>
    <Strong>
     <word seq="14">2532</word>
    </Strong>
   </column>
   <column>
    <Greek>
     <word seq="15">διʼ</word>
    </Greek>
    <Lema>
     <word seq="15">διά</word>
    </Lema>
    <Morph>
     <word seq="15">p</word>
    </Morph>
    <Strong>
     <word seq="15">1223</word>
    </Strong>
   </column>
   <column>
    <Greek>
     <word seq="16">ὕδατος</word>
    </Greek>
    <Lema>
     <word seq="16">ὕδωρ</word>
    </Lema>
    <Morph>
     <word seq="16">ngns</word>
    </Morph>
    <Strong>
     <word seq="16">5204</word>
    </Strong>
   </column>
   <column>
    <Greek>
     <word seq="17">συνεστῶσα</word>
    </Greek>
    <Lema>
     <word seq="17">συνίστημι</word>
    </Lema>
    <Morph>
     <word seq="17">vpxa-nfs</word>
    </Morph>
    <Strong>
     <word seq="17">4921</word>
    </Strong>
   </column>
   <column>
    <Greek>
     <word seq="18">τῷ</word>
    </Greek>
    <Lema>
     <word seq="18">ὁ</word>
    </Lema>
    <Morph>
     <word seq="18">ddms</word>
    </Morph>
    <Strong>
     <word seq="18">3588</word>
    </Strong>
   </column>
   <column>
    <Greek>
     <word seq="19">τοῦ</word>
    </Greek>
    <Lema>
     <word seq="19">ὁ</word>
    </Lema>
    <Morph>
     <word seq="19">dgms</word>
    </Morph>
    <Strong>
     <word seq="19">3588</word>
    </Strong>
   </column>
   <column>
    <Greek>
     <word seq="20">θεοῦ</word>
    </Greek>
    <Lema>
     <word seq="20">θεός</word>
    </Lema>
    <Morph>
     <word seq="20">ngms</word>
    </Morph>
    <Strong>
     <word seq="20">2316</word>
    </Strong>
   </column>
   <column>
    <Greek>
     <word seq="21">λόγῳ,</word>
    </Greek>
    <Lema>
     <word seq="21">λόγος</word>
    </Lema>
    <Morph>
     <word seq="21">ndms</word>
    </Morph>
    <Strong>
     <word seq="21">3056</word>
    </Strong>
   </column>
  </verse>
  <verse number="6">
   <column>
    <Greek>
     <word seq="1">διʼ</word>
    </Greek>
    <Lema>
     <word seq="1">διά</word>
    </Lema>
    <Morph>
     <word seq="1">p</word>
    </Morph>
    <Strong>
     <word seq="1">1223</word>
    </Strong>
   </column>
   <column>
    <Greek>
     <word seq="2">ὧν</word>
    </Greek>
    <Lema>
     <word seq="2">ὅς</word>
    </Lema>
    <Morph>
     <word seq="2">rr-gnp</word>
    </Morph>
    <Strong>
     <word seq="2">3739</word>
    </Strong>
   </column>
   <column>
    <Greek>
     <word seq="3">ὁ</word>
    </Greek>
    <Lema>
     <word seq="3">ὁ</word>
    </Lema>
    <Morph>
     <word seq="3">dnms</word>
    </Morph>
    <Strong>
     <word seq="3">3588</word>
    </Strong>
   </column>
   <column>
    <Greek>
     <word seq="4">τότε</word>
    </Greek>
    <Lema>
     <word seq="4">τότε</word>
    </Lema>
    <Morph>
     <word seq="4">b</word>
    </Morph>
    <Strong>
     <word seq="4">5119</word>
    </Strong>
   </column>
   <column>
    <Greek>
     <word seq="5">κόσμος</word>
    </Greek>
    <Lema>
     <word seq="5">κόσμος</word>
    </Lema>
    <Morph>
     <word seq="5">nnms</word>
    </Morph>
    <Strong>
     <word seq="5">2889</word>
    </Strong>
   </column>
   <column>
    <Greek>
     <word seq="6">ὕδατι</word>
    </Greek>
    <Lema>
     <word seq="6">ὕδωρ</word>
    </Lema>
    <Morph>
     <word seq="6">ndns</word>
    </Morph>
    <Strong>
     <word seq="6">5204</word>
    </Strong>
   </column>
   <column>
    <Greek>
     <word seq="7">κατακλυσθεὶς</word>
    </Greek>
    <Lema>
     <word seq="7">κατακλύζω</word>
    </Lema>
    <Morph>
     <word seq="7">vpap-nms</word>
    </Morph>
    <Strong>
     <word seq="7">2626</word>
    </Strong>
   </column>
   <column>
    <Greek>
     <word seq="8">ἀπώλετο·</word>
    </Greek>
    <Lema>
     <word seq="8">ἀπόλλυμι</word>
    </Lema>
    <Morph>
     <word seq="8">viam3s</word>
    </Morph>
    <Strong>
     <word seq="8">622</word>
    </Strong>
   </column>
  </verse>
  <verse number="7">
   <column>
    <Greek>
     <word seq="1">οἱ</word>
    </Greek>
    <Lema>
     <word seq="1">ὁ</word>
    </Lema>
    <Morph>
     <word seq="1">dnmp</word>
    </Morph>
    <Strong>
     <word seq="1">3588</word>
    </Strong>
   </column>
   <column>
    <Greek>
     <word seq="2">δὲ</word>
    </Greek>
    <Lema>
     <word seq="2">δέ</word>
    </Lema>
    <Morph>
     <word seq="2">c</word>
    </Morph>
    <Strong>
     <word seq="2">1161</word>
    </Strong>
   </column>
   <column>
    <Greek>
     <word seq="3">νῦν</word>
    </Greek>
    <Lema>
     <word seq="3">νῦν</word>
    </Lema>
    <Morph>
     <word seq="3">b</word>
    </Morph>
    <Strong>
     <word seq="3">3568</word>
    </Strong>
   </column>
   <column>
    <Greek>
     <word seq="4">οὐρανοὶ</word>
    </Greek>
    <Lema>
     <word seq="4">οὐρανός</word>
    </Lema>
    <Morph>
     <word seq="4">nnmp</word>
    </Morph>
    <Strong>
     <word seq="4">3772</word>
    </Strong>
   </column>
   <column>
    <Greek>
     <word seq="5">καὶ</word>
    </Greek>
    <Lema>
     <word seq="5">καί</word>
    </Lema>
    <Morph>
     <word seq="5">c</word>
    </Morph>
    <Strong>
     <word seq="5">2532</word>
    </Strong>
   </column>
   <column>
    <Greek>
     <word seq="6">ἡ</word>
    </Greek>
    <Lema>
     <word seq="6">ὁ</word>
    </Lema>
    <Morph>
     <word seq="6">dnfs</word>
    </Morph>
    <Strong>
     <word seq="6">3588</word>
    </Strong>
   </column>
   <column>
    <Greek>
     <word seq="7">γῆ</word>
    </Greek>
    <Lema>
     <word seq="7">γῆ</word>
    </Lema>
    <Morph>
     <word seq="7">nnfs</word>
    </Morph>
    <Strong>
     <word seq="7">1093</word>
    </Strong>
   </column>
   <column>
    <Greek>
     <word seq="8">τῷ</word>
    </Greek>
    <Lema>
     <word seq="8">ὁ</word>
    </Lema>
    <Morph>
     <word seq="8">ddms</word>
    </Morph>
    <Strong>
     <word seq="8">3588</word>
    </Strong>
   </column>
   <column>
    <Greek>
     <word seq="9">αὐτῷ</word>
    </Greek>
    <Lema>
     <word seq="9">αὐτός</word>
    </Lema>
    <Morph>
     <word seq="9">rp3dms, adms</word>
    </Morph>
    <Strong>
     <word seq="9">846</word>
    </Strong>
   </column>
   <column>
    <Greek>
     <word seq="10">λόγῳ</word>
    </Greek>
    <Lema>
     <word seq="10">λόγος</word>
    </Lema>
    <Morph>
     <word seq="10">ndms</word>
    </Morph>
    <Strong>
     <word seq="10">3056</word>
    </Strong>
   </column>
   <column>
    <Greek>
     <word seq="11">τεθησαυρισμένοι</word>
    </Greek>
    <Lema>
     <word seq="11">θησαυρίζω</word>
    </Lema>
    <Morph>
     <word seq="11">vpxp-nmp</word>
    </Morph>
    <Strong>
     <word seq="11">2343</word>
    </Strong>
   </column>
   <column>
    <Greek>
     <word seq="12">εἰσὶν</word>
    </Greek>
    <Lema>
     <word seq="12">εἰμί</word>
    </Lema>
    <Morph>
     <word seq="12">vipa3p</word>
    </Morph>
    <Strong>
     <word seq="12">1526</word>
    </Strong>
   </column>
   <column>
    <Greek>
     <word seq="13">πυρὶ</word>
    </Greek>
    <Lema>
     <word seq="13">πῦρ</word>
    </Lema>
    <Morph>
     <word seq="13">ndns</word>
    </Morph>
    <Strong>
     <word seq="13">4442</word>
    </Strong>
   </column>
   <column>
    <Greek>
     <word seq="14">τηρούμενοι</word>
    </Greek>
    <Lema>
     <word seq="14">τηρέω</word>
    </Lema>
    <Morph>
     <word seq="14">vppp-nmp</word>
    </Morph>
    <Strong>
     <word seq="14">5083</word>
    </Strong>
   </column>
   <column>
    <Greek>
     <word seq="15">εἰς</word>
    </Greek>
    <Lema>
     <word seq="15">εἰς</word>
    </Lema>
    <Morph>
     <word seq="15">p</word>
    </Morph>
    <Strong>
     <word seq="15">1519</word>
    </Strong>
   </column>
   <column>
    <Greek>
     <word seq="16">ἡμέραν</word>
    </Greek>
    <Lema>
     <word seq="16">ἡμέρα</word>
    </Lema>
    <Morph>
     <word seq="16">nafs</word>
    </Morph>
    <Strong>
     <word seq="16">2250</word>
    </Strong>
   </column>
   <column>
    <Greek>
     <word seq="17">κρίσεως</word>
    </Greek>
    <Lema>
     <word seq="17">κρίσις</word>
    </Lema>
    <Morph>
     <word seq="17">ngfs</word>
    </Morph>
    <Strong>
     <word seq="17">2920</word>
    </Strong>
   </column>
   <column>
    <Greek>
     <word seq="18">καὶ</word>
    </Greek>
    <Lema>
     <word seq="18">καί</word>
    </Lema>
    <Morph>
     <word seq="18">c</word>
    </Morph>
    <Strong>
     <word seq="18">2532</word>
    </Strong>
   </column>
   <column>
    <Greek>
     <word seq="19">ἀπωλείας</word>
    </Greek>
    <Lema>
     <word seq="19">ἀπώλεια</word>
    </Lema>
    <Morph>
     <word seq="19">ngfs</word>
    </Morph>
    <Strong>
     <word seq="19">684</word>
    </Strong>
   </column>
   <column>
    <Greek>
     <word seq="20">τῶν</word>
    </Greek>
    <Lema>
     <word seq="20">ὁ</word>
    </Lema>
    <Morph>
     <word seq="20">dgmp</word>
    </Morph>
    <Strong>
     <word seq="20">3588</word>
    </Strong>
   </column>
   <column>
    <Greek>
     <word seq="21">ἀσεβῶν</word>
    </Greek>
    <Lema>
     <word seq="21">ἀσεβής</word>
    </Lema>
    <Morph>
     <word seq="21">agmp</word>
    </Morph>
    <Strong>
     <word seq="21">765</word>
    </Strong>
   </column>
   <column>
    <Greek>
     <word seq="22">ἀνθρώπων.</word>
    </Greek>
    <Lema>
     <word seq="22">ἄνθρωπος</word>
    </Lema>
    <Morph>
     <word seq="22">ngmp</word>
    </Morph>
    <Strong>
     <word seq="22">444</word>
    </Strong>
   </column>
  </verse>
  <verse number="8">
   <column>
    <Greek>
     <word seq="1">Ἓν</word>
    </Greek>
    <Lema>
     <word seq="1">εἷς</word>
    </Lema>
    <Morph>
     <word seq="1">anns</word>
    </Morph>
    <Strong>
     <word seq="1">1520</word>
    </Strong>
   </column>
   <column>
    <Greek>
     <word seq="2">δὲ</word>
    </Greek>
    <Lema>
     <word seq="2">δέ</word>
    </Lema>
    <Morph>
     <word seq="2">c</word>
    </Morph>
    <Strong>
     <word seq="2">1161</word>
    </Strong>
   </column>
   <column>
    <Greek>
     <word seq="3">τοῦτο</word>
    </Greek>
    <Lema>
     <word seq="3">οὗτος</word>
    </Lema>
    <Morph>
     <word seq="3">rd-nns</word>
    </Morph>
    <Strong>
     <word seq="3">5124</word>
    </Strong>
   </column>
   <column>
    <Greek>
     <word seq="4">μὴ</word>
    </Greek>
    <Lema>
     <word seq="4">μή</word>
    </Lema>
    <Morph>
     <word seq="4">b</word>
    </Morph>
    <Strong>
     <word seq="4">3361</word>
    </Strong>
   </column>
   <column>
    <Greek>
     <word seq="5">λανθανέτω</word>
    </Greek>
    <Lema>
     <word seq="5">λανθάνω</word>
    </Lema>
    <Morph>
     <word seq="5">vmpa3s</word>
    </Morph>
    <Strong>
     <word seq="5">2990</word>
    </Strong>
   </column>
   <column>
    <Greek>
     <word seq="6">ὑμᾶς,</word>
    </Greek>
    <Lema>
     <word seq="6">σύ</word>
    </Lema>
    <Morph>
     <word seq="6">rp2a_p</word>
    </Morph>
    <Strong>
     <word seq="6">5209</word>
    </Strong>
   </column>
   <column>
    <Greek>
     <word seq="7">ἀγαπητοί,</word>
    </Greek>
    <Lema>
     <word seq="7">ἀγαπητός</word>
    </Lema>
    <Morph>
     <word seq="7">avmp</word>
    </Morph>
    <Strong>
     <word seq="7">27</word>
    </Strong>
   </column>
   <column>
    <Greek>
     <word seq="8">ὅτι</word>
    </Greek>
    <Lema>
     <word seq="8">ὅτι</word>
    </Lema>
    <Morph>
     <word seq="8">c</word>
    </Morph>
    <Strong>
     <word seq="8">3754</word>
    </Strong>
   </column>
   <column>
    <Greek>
     <word seq="9">μία</word>
    </Greek>
    <Lema>
     <word seq="9">εἷς</word>
    </Lema>
    <Morph>
     <word seq="9">anfs</word>
    </Morph>
    <Strong>
     <word seq="9">3391</word>
    </Strong>
   </column>
   <column>
    <Greek>
     <word seq="10">ἡμέρα</word>
    </Greek>
    <Lema>
     <word seq="10">ἡμέρα</word>
    </Lema>
    <Morph>
     <word seq="10">nnfs</word>
    </Morph>
    <Strong>
     <word seq="10">2250</word>
    </Strong>
   </column>
   <column>
    <Greek>
     <word seq="11">παρὰ</word>
    </Greek>
    <Lema>
     <word seq="11">παρά</word>
    </Lema>
    <Morph>
     <word seq="11">p</word>
    </Morph>
    <Strong>
     <word seq="11">3844</word>
    </Strong>
   </column>
   <column>
    <Greek>
     <word seq="12">κυρίῳ</word>
    </Greek>
    <Lema>
     <word seq="12">κύριος</word>
    </Lema>
    <Morph>
     <word seq="12">ndms</word>
    </Morph>
    <Strong>
     <word seq="12">2962</word>
    </Strong>
   </column>
   <column>
    <Greek>
     <word seq="13">ὡς</word>
    </Greek>
    <Lema>
     <word seq="13">ὡς</word>
    </Lema>
    <Morph>
     <word seq="13">p</word>
    </Morph>
    <Strong>
     <word seq="13">5613</word>
    </Strong>
   </column>
   <column>
    <Greek>
     <word seq="14">χίλια</word>
    </Greek>
    <Lema>
     <word seq="14">χίλιοι</word>
    </Lema>
    <Morph>
     <word seq="14">annp</word>
    </Morph>
    <Strong>
     <word seq="14">5507</word>
    </Strong>
   </column>
   <column>
    <Greek>
     <word seq="15">ἔτη</word>
    </Greek>
    <Lema>
     <word seq="15">ἔτος</word>
    </Lema>
    <Morph>
     <word seq="15">nnnp</word>
    </Morph>
    <Strong>
     <word seq="15">2094</word>
    </Strong>
   </column>
   <column>
    <Greek>
     <word seq="16">καὶ</word>
    </Greek>
    <Lema>
     <word seq="16">καί</word>
    </Lema>
    <Morph>
     <word seq="16">c</word>
    </Morph>
    <Strong>
     <word seq="16">2532</word>
    </Strong>
   </column>
   <column>
    <Greek>
     <word seq="17">χίλια</word>
    </Greek>
    <Lema>
     <word seq="17">χίλιοι</word>
    </Lema>
    <Morph>
     <word seq="17">annp</word>
    </Morph>
    <Strong>
     <word seq="17">5507</word>
    </Strong>
   </column>
   <column>
    <Greek>
     <word seq="18">ἔτη</word>
    </Greek>
    <Lema>
     <word seq="18">ἔτος</word>
    </Lema>
    <Morph>
     <word seq="18">nnnp</word>
    </Morph>
    <Strong>
     <word seq="18">2094</word>
    </Strong>
   </column>
   <column>
    <Greek>
     <word seq="19">ὡς</word>
    </Greek>
    <Lema>
     <word seq="19">ὡς</word>
    </Lema>
    <Morph>
     <word seq="19">p</word>
    </Morph>
    <Strong>
     <word seq="19">5613</word>
    </Strong>
   </column>
   <column>
    <Greek>
     <word seq="20">ἡμέρα</word>
    </Greek>
    <Lema>
     <word seq="20">ἡμέρα</word>
    </Lema>
    <Morph>
     <word seq="20">nnfs</word>
    </Morph>
    <Strong>
     <word seq="20">2250</word>
    </Strong>
   </column>
   <column>
    <Greek>
     <word seq="21">μία.</word>
    </Greek>
    <Lema>
     <word seq="21">εἷς</word>
    </Lema>
    <Morph>
     <word seq="21">anfs</word>
    </Morph>
    <Strong>
     <word seq="21">3391</word>
    </Strong>
   </column>
  </verse>
  <verse number="9">
   <column>
    <Greek>
     <word seq="1">οὐ</word>
    </Greek>
    <Lema>
     <word seq="1">οὐ</word>
    </Lema>
    <Morph>
     <word seq="1">c</word>
    </Morph>
    <Strong>
     <word seq="1">3756</word>
    </Strong>
   </column>
   <column>
    <Greek>
     <word seq="2">βραδύνει</word>
    </Greek>
    <Lema>
     <word seq="2">βραδύνω</word>
    </Lema>
    <Morph>
     <word seq="2">vipa3s</word>
    </Morph>
    <Strong>
     <word seq="2">1019</word>
    </Strong>
   </column>
   <column>
    <Greek>
     <word seq="3">κύριος</word>
    </Greek>
    <Lema>
     <word seq="3">κύριος</word>
    </Lema>
    <Morph>
     <word seq="3">nnms</word>
    </Morph>
    <Strong>
     <word seq="3">2962</word>
    </Strong>
   </column>
   <column>
    <Greek>
     <word seq="4">τῆς</word>
    </Greek>
    <Lema>
     <word seq="4">ὁ</word>
    </Lema>
    <Morph>
     <word seq="4">dgfs</word>
    </Morph>
    <Strong>
     <word seq="4">3588</word>
    </Strong>
   </column>
   <column>
    <Greek>
     <word seq="5">ἐπαγγελίας,</word>
    </Greek>
    <Lema>
     <word seq="5">ἐπαγγελία</word>
    </Lema>
    <Morph>
     <word seq="5">ngfs</word>
    </Morph>
    <Strong>
     <word seq="5">1860</word>
    </Strong>
   </column>
   <column>
    <Greek>
     <word seq="6">ὥς</word>
    </Greek>
    <Lema>
     <word seq="6">ὡς</word>
    </Lema>
    <Morph>
     <word seq="6">b</word>
    </Morph>
    <Strong>
     <word seq="6">5613</word>
    </Strong>
   </column>
   <column>
    <Greek>
     <word seq="7">τινες</word>
    </Greek>
    <Lema>
     <word seq="7">τὶς</word>
    </Lema>
    <Morph>
     <word seq="7">rx-nmp</word>
    </Morph>
    <Strong>
     <word seq="7">5100</word>
    </Strong>
   </column>
   <column>
    <Greek>
     <word seq="8">βραδύτητα</word>
    </Greek>
    <Lema>
     <word seq="8">βραδύτης</word>
    </Lema>
    <Morph>
     <word seq="8">nafs</word>
    </Morph>
    <Strong>
     <word seq="8">1022</word>
    </Strong>
   </column>
   <column>
    <Greek>
     <word seq="9">ἡγοῦνται,</word>
    </Greek>
    <Lema>
     <word seq="9">ἡγέομαι</word>
    </Lema>
    <Morph>
     <word seq="9">vipu3p</word>
    </Morph>
    <Strong>
     <word seq="9">2233</word>
    </Strong>
   </column>
   <column>
    <Greek>
     <word seq="10">ἀλλὰ</word>
    </Greek>
    <Lema>
     <word seq="10">ἀλλά</word>
    </Lema>
    <Morph>
     <word seq="10">c</word>
    </Morph>
    <Strong>
     <word seq="10">235</word>
    </Strong>
   </column>
   <column>
    <Greek>
     <word seq="11">μακροθυμεῖ</word>
    </Greek>
    <Lema>
     <word seq="11">μακροθυμέω</word>
    </Lema>
    <Morph>
     <word seq="11">vipa3s</word>
    </Morph>
    <Strong>
     <word seq="11">3114</word>
    </Strong>
   </column>
   <column>
    <Greek>
     <word seq="12">εἰς</word>
    </Greek>
    <Lema>
     <word seq="12">εἰς</word>
    </Lema>
    <Morph>
     <word seq="12">p</word>
    </Morph>
    <Strong>
     <word seq="12">1519</word>
    </Strong>
   </column>
   <column>
    <Greek>
     <word seq="13">ὑμᾶς,</word>
    </Greek>
    <Lema>
     <word seq="13">σύ</word>
    </Lema>
    <Morph>
     <word seq="13">rp2a_p</word>
    </Morph>
    <Strong>
     <word seq="13">5209</word>
    </Strong>
   </column>
   <column>
    <Greek>
     <word seq="14">μὴ</word>
    </Greek>
    <Lema>
     <word seq="14">μή</word>
    </Lema>
    <Morph>
     <word seq="14">b</word>
    </Morph>
    <Strong>
     <word seq="14">3361</word>
    </Strong>
   </column>
   <column>
    <Greek>
     <word seq="15">βουλόμενός</word>
    </Greek>
    <Lema>
     <word seq="15">βούλομαι</word>
    </Lema>
    <Morph>
     <word seq="15">vppu-nms</word>
    </Morph>
    <Strong>
     <word seq="15">1014</word>
    </Strong>
   </column>
   <column>
    <Greek>
     <word seq="16">τινας</word>
    </Greek>
    <Lema>
     <word seq="16">τὶς</word>
    </Lema>
    <Morph>
     <word seq="16">rx-amp</word>
    </Morph>
    <Strong>
     <word seq="16">5100</word>
    </Strong>
   </column>
   <column>
    <Greek>
     <word seq="17">ἀπολέσθαι</word>
    </Greek>
    <Lema>
     <word seq="17">ἀπόλλυμι</word>
    </Lema>
    <Morph>
     <word seq="17">vnam</word>
    </Morph>
    <Strong>
     <word seq="17">622</word>
    </Strong>
   </column>
   <column>
    <Greek>
     <word seq="18">ἀλλὰ</word>
    </Greek>
    <Lema>
     <word seq="18">ἀλλά</word>
    </Lema>
    <Morph>
     <word seq="18">c</word>
    </Morph>
    <Strong>
     <word seq="18">235</word>
    </Strong>
   </column>
   <column>
    <Greek>
     <word seq="19">πάντας</word>
    </Greek>
    <Lema>
     <word seq="19">πᾶς</word>
    </Lema>
    <Morph>
     <word seq="19">aamp</word>
    </Morph>
    <Strong>
     <word seq="19">3956</word>
    </Strong>
   </column>
   <column>
    <Greek>
     <word seq="20">εἰς</word>
    </Greek>
    <Lema>
     <word seq="20">εἰς</word>
    </Lema>
    <Morph>
     <word seq="20">p</word>
    </Morph>
    <Strong>
     <word seq="20">1519</word>
    </Strong>
   </column>
   <column>
    <Greek>
     <word seq="21">μετάνοιαν</word>
    </Greek>
    <Lema>
     <word seq="21">μετάνοια</word>
    </Lema>
    <Morph>
     <word seq="21">nafs</word>
    </Morph>
    <Strong>
     <word seq="21">3341</word>
    </Strong>
   </column>
   <column>
    <Greek>
     <word seq="22">χωρῆσαι.</word>
    </Greek>
    <Lema>
     <word seq="22">χωρέω</word>
    </Lema>
    <Morph>
     <word seq="22">vnaa</word>
    </Morph>
    <Strong>
     <word seq="22">5562</word>
    </Strong>
   </column>
  </verse>
  <verse number="10">
   <column>
    <Greek>
     <word seq="1">Ἥξει</word>
    </Greek>
    <Lema>
     <word seq="1">ἥκω</word>
    </Lema>
    <Morph>
     <word seq="1">vifa3s</word>
    </Morph>
    <Strong>
     <word seq="1">2240</word>
    </Strong>
   </column>
   <column>
    <Greek>
     <word seq="2">δὲ</word>
    </Greek>
    <Lema>
     <word seq="2">δέ</word>
    </Lema>
    <Morph>
     <word seq="2">c</word>
    </Morph>
    <Strong>
     <word seq="2">1161</word>
    </Strong>
   </column>
   <column>
    <Greek>
     <word seq="3">ἡμέρα</word>
    </Greek>
    <Lema>
     <word seq="3">ἡμέρα</word>
    </Lema>
    <Morph>
     <word seq="3">nnfs</word>
    </Morph>
    <Strong>
     <word seq="3">2250</word>
    </Strong>
   </column>
   <column>
    <Greek>
     <word seq="4">κυρίου</word>
    </Greek>
    <Lema>
     <word seq="4">κύριος</word>
    </Lema>
    <Morph>
     <word seq="4">ngms</word>
    </Morph>
    <Strong>
     <word seq="4">2962</word>
    </Strong>
   </column>
   <column>
    <Greek>
     <word seq="5">ὡς</word>
    </Greek>
    <Lema>
     <word seq="5">ὡς</word>
    </Lema>
    <Morph>
     <word seq="5">p</word>
    </Morph>
    <Strong>
     <word seq="5">5613</word>
    </Strong>
   </column>
   <column>
    <Greek>
     <word seq="6">κλέπτης,</word>
    </Greek>
    <Lema>
     <word seq="6">κλέπτης</word>
    </Lema>
    <Morph>
     <word seq="6">nnms</word>
    </Morph>
    <Strong>
     <word seq="6">2812</word>
    </Strong>
   </column>
   <column>
    <Greek>
     <word seq="7">ἐν</word>
    </Greek>
    <Lema>
     <word seq="7">ἐν</word>
    </Lema>
    <Morph>
     <word seq="7">p</word>
    </Morph>
    <Strong>
     <word seq="7">1722</word>
    </Strong>
   </column>
   <column>
    <Greek>
     <word seq="8">ᾗ</word>
    </Greek>
    <Lema>
     <word seq="8">ὅς</word>
    </Lema>
    <Morph>
     <word seq="8">rr-dfs</word>
    </Morph>
    <Strong>
     <word seq="8">3739</word>
    </Strong>
   </column>
   <column>
    <Greek>
     <word seq="9">οἱ</word>
    </Greek>
    <Lema>
     <word seq="9">ὁ</word>
    </Lema>
    <Morph>
     <word seq="9">dnmp</word>
    </Morph>
    <Strong>
     <word seq="9">3588</word>
    </Strong>
   </column>
   <column>
    <Greek>
     <word seq="10">οὐρανοὶ</word>
    </Greek>
    <Lema>
     <word seq="10">οὐρανός</word>
    </Lema>
    <Morph>
     <word seq="10">nnmp</word>
    </Morph>
    <Strong>
     <word seq="10">3772</word>
    </Strong>
   </column>
   <column>
    <Greek>
     <word seq="11">ῥοιζηδὸν</word>
    </Greek>
    <Lema>
     <word seq="11">ῥοιζηδόν</word>
    </Lema>
    <Morph>
     <word seq="11">b</word>
    </Morph>
    <Strong>
     <word seq="11">4500</word>
    </Strong>
   </column>
   <column>
    <Greek>
     <word seq="12">παρελεύσονται</word>
    </Greek>
    <Lema>
     <word seq="12">παρέρχομαι</word>
    </Lema>
    <Morph>
     <word seq="12">vifm3p</word>
    </Morph>
    <Strong>
     <word seq="12">3928</word>
    </Strong>
   </column>
   <column>
    <Greek>
     <word seq="13">στοιχεῖα</word>
    </Greek>
    <Lema>
     <word seq="13">στοιχεῖον</word>
    </Lema>
    <Morph>
     <word seq="13">nnnp</word>
    </Morph>
    <Strong>
     <word seq="13">4747</word>
    </Strong>
   </column>
   <column>
    <Greek>
     <word seq="14">δὲ</word>
    </Greek>
    <Lema>
     <word seq="14">δέ</word>
    </Lema>
    <Morph>
     <word seq="14">c</word>
    </Morph>
    <Strong>
     <word seq="14">1161</word>
    </Strong>
   </column>
   <column>
    <Greek>
     <word seq="15">καυσούμενα</word>
    </Greek>
    <Lema>
     <word seq="15">καυσόω</word>
    </Lema>
    <Morph>
     <word seq="15">vppp-nnp</word>
    </Morph>
    <Strong>
     <word seq="15">2741</word>
    </Strong>
   </column>
   <column>
    <Greek>
     <word seq="16">λυθήσεται</word>
    </Greek>
    <Lema>
     <word seq="16">λύω</word>
    </Lema>
    <Morph>
     <word seq="16">vifp3s</word>
    </Morph>
    <Strong>
     <word seq="16">3089</word>
    </Strong>
   </column>
   <column>
    <Greek>
     <word seq="17">καὶ</word>
    </Greek>
    <Lema>
     <word seq="17">καί</word>
    </Lema>
    <Morph>
     <word seq="17">c</word>
    </Morph>
    <Strong>
     <word seq="17">2532</word>
    </Strong>
   </column>
   <column>
    <Greek>
     <word seq="18">γῆ</word>
    </Greek>
    <Lema>
     <word seq="18">γῆ</word>
    </Lema>
    <Morph>
     <word seq="18">nnfs</word>
    </Morph>
    <Strong>
     <word seq="18">1093</word>
    </Strong>
   </column>
   <column>
    <Greek>
     <word seq="19">καὶ</word>
    </Greek>
    <Lema>
     <word seq="19">καί</word>
    </Lema>
    <Morph>
     <word seq="19">c</word>
    </Morph>
    <Strong>
     <word seq="19">2532</word>
    </Strong>
   </column>
   <column>
    <Greek>
     <word seq="20">τὰ</word>
    </Greek>
    <Lema>
     <word seq="20">ὁ</word>
    </Lema>
    <Morph>
     <word seq="20">dnnp</word>
    </Morph>
    <Strong>
     <word seq="20">3588</word>
    </Strong>
   </column>
   <column>
    <Greek>
     <word seq="21">ἐν</word>
    </Greek>
    <Lema>
     <word seq="21">ἐν</word>
    </Lema>
    <Morph>
     <word seq="21">p</word>
    </Morph>
    <Strong>
     <word seq="21">1722</word>
    </Strong>
   </column>
   <column>
    <Greek>
     <word seq="22">αὐτῇ</word>
    </Greek>
    <Lema>
     <word seq="22">αὐτός</word>
    </Lema>
    <Morph>
     <word seq="22">rp3dfs</word>
    </Morph>
    <Strong>
     <word seq="22">846</word>
    </Strong>
   </column>
   <column>
    <Greek>
     <word seq="23">ἔργα</word>
    </Greek>
    <Lema>
     <word seq="23">ἔργον</word>
    </Lema>
    <Morph>
     <word seq="23">nnnp</word>
    </Morph>
    <Strong>
     <word seq="23">2041</word>
    </Strong>
   </column>
   <column>
    <Greek>
     <word seq="24">εὑρεθήσεται.</word>
    </Greek>
    <Lema>
     <word seq="24">εὑρίσκω</word>
    </Lema>
    <Morph>
     <word seq="24">vifp3s</word>
    </Morph>
    <Strong>
     <word seq="24">2147</word>
    </Strong>
   </column>
  </verse>
  <verse number="11">
   <column>
    <Greek>
     <word seq="1">Τούτων</word>
    </Greek>
    <Lema>
     <word seq="1">οὗτος</word>
    </Lema>
    <Morph>
     <word seq="1">rd-gnp</word>
    </Morph>
    <Strong>
     <word seq="1">5130</word>
    </Strong>
   </column>
   <column>
    <Greek>
     <word seq="2">οὕτως</word>
    </Greek>
    <Lema>
     <word seq="2">οὕτως</word>
    </Lema>
    <Morph>
     <word seq="2">b</word>
    </Morph>
    <Strong>
     <word seq="2">3779</word>
    </Strong>
   </column>
   <column>
    <Greek>
     <word seq="3">πάντων</word>
    </Greek>
    <Lema>
     <word seq="3">πᾶς</word>
    </Lema>
    <Morph>
     <word seq="3">agnp</word>
    </Morph>
    <Strong>
     <word seq="3">3956</word>
    </Strong>
   </column>
   <column>
    <Greek>
     <word seq="4">λυομένων</word>
    </Greek>
    <Lema>
     <word seq="4">λύω</word>
    </Lema>
    <Morph>
     <word seq="4">vppp-gnp</word>
    </Morph>
    <Strong>
     <word seq="4">3089</word>
    </Strong>
   </column>
   <column>
    <Greek>
     <word seq="5">ποταποὺς</word>
    </Greek>
    <Lema>
     <word seq="5">ποταπός</word>
    </Lema>
    <Morph>
     <word seq="5">aamp, r--amp</word>
    </Morph>
    <Strong>
     <word seq="5">4217</word>
    </Strong>
   </column>
   <column>
    <Greek>
     <word seq="6">δεῖ</word>
    </Greek>
    <Lema>
     <word seq="6">δεῖ</word>
    </Lema>
    <Morph>
     <word seq="6">vipa3s</word>
    </Morph>
    <Strong>
     <word seq="6">1163</word>
    </Strong>
   </column>
   <column>
    <Greek>
     <word seq="7">ὑπάρχειν</word>
    </Greek>
    <Lema>
     <word seq="7">ὑπάρχω</word>
    </Lema>
    <Morph>
     <word seq="7">vnpa</word>
    </Morph>
    <Strong>
     <word seq="7">5225</word>
    </Strong>
   </column>
   <column>
    <Greek>
     <word seq="8">[ὑμᾶς]</word>
    </Greek>
    <Lema>
     <word seq="8">σύ</word>
    </Lema>
    <Morph>
     <word seq="8">rp2a_p</word>
    </Morph>
    <Strong>
     <word seq="8">5209</word>
    </Strong>
   </column>
   <column>
    <Greek>
     <word seq="9">ἐν</word>
    </Greek>
    <Lema>
     <word seq="9">ἐν</word>
    </Lema>
    <Morph>
     <word seq="9">p</word>
    </Morph>
    <Strong>
     <word seq="9">1722</word>
    </Strong>
   </column>
   <column>
    <Greek>
     <word seq="10">ἁγίαις</word>
    </Greek>
    <Lema>
     <word seq="10">ἅγιος</word>
    </Lema>
    <Morph>
     <word seq="10">adfp</word>
    </Morph>
    <Strong>
     <word seq="10">40</word>
    </Strong>
   </column>
   <column>
    <Greek>
     <word seq="11">ἀναστροφαῖς</word>
    </Greek>
    <Lema>
     <word seq="11">ἀναστροφή</word>
    </Lema>
    <Morph>
     <word seq="11">ndfp</word>
    </Morph>
    <Strong>
     <word seq="11">391</word>
    </Strong>
   </column>
   <column>
    <Greek>
     <word seq="12">καὶ</word>
    </Greek>
    <Lema>
     <word seq="12">καί</word>
    </Lema>
    <Morph>
     <word seq="12">c</word>
    </Morph>
    <Strong>
     <word seq="12">2532</word>
    </Strong>
   </column>
   <column>
    <Greek>
     <word seq="13">εὐσεβείαις,</word>
    </Greek>
    <Lema>
     <word seq="13">εὐσέβεια</word>
    </Lema>
    <Morph>
     <word seq="13">ndfp</word>
    </Morph>
    <Strong>
     <word seq="13">2150</word>
    </Strong>
   </column>
  </verse>
  <verse number="12">
   <column>
    <Greek>
     <word seq="1">προσδοκῶντας</word>
    </Greek>
    <Lema>
     <word seq="1">προσδοκάω</word>
    </Lema>
    <Morph>
     <word seq="1">vppa-amp</word>
    </Morph>
    <Strong>
     <word seq="1">4328</word>
    </Strong>
   </column>
   <column>
    <Greek>
     <word seq="2">καὶ</word>
    </Greek>
    <Lema>
     <word seq="2">καί</word>
    </Lema>
    <Morph>
     <word seq="2">c</word>
    </Morph>
    <Strong>
     <word seq="2">2532</word>
    </Strong>
   </column>
   <column>
    <Greek>
     <word seq="3">σπεύδοντας</word>
    </Greek>
    <Lema>
     <word seq="3">σπεύδω</word>
    </Lema>
    <Morph>
     <word seq="3">vppa-amp</word>
    </Morph>
    <Strong>
     <word seq="3">4692</word>
    </Strong>
   </column>
   <column>
    <Greek>
     <word seq="4">τὴν</word>
    </Greek>
    <Lema>
     <word seq="4">ὁ</word>
    </Lema>
    <Morph>
     <word seq="4">dafs</word>
    </Morph>
    <Strong>
     <word seq="4">3588</word>
    </Strong>
   </column>
   <column>
    <Greek>
     <word seq="5">παρουσίαν</word>
    </Greek>
    <Lema>
     <word seq="5">παρουσία</word>
    </Lema>
    <Morph>
     <word seq="5">nafs</word>
    </Morph>
    <Strong>
     <word seq="5">3952</word>
    </Strong>
   </column>
   <column>
    <Greek>
     <word seq="6">τῆς</word>
    </Greek>
    <Lema>
     <word seq="6">ὁ</word>
    </Lema>
    <Morph>
     <word seq="6">dgfs</word>
    </Morph>
    <Strong>
     <word seq="6">3588</word>
    </Strong>
   </column>
   <column>
    <Greek>
     <word seq="7">τοῦ</word>
    </Greek>
    <Lema>
     <word seq="7">ὁ</word>
    </Lema>
    <Morph>
     <word seq="7">dgms</word>
    </Morph>
    <Strong>
     <word seq="7">3588</word>
    </Strong>
   </column>
   <column>
    <Greek>
     <word seq="8">θεοῦ</word>
    </Greek>
    <Lema>
     <word seq="8">θεός</word>
    </Lema>
    <Morph>
     <word seq="8">ngms</word>
    </Morph>
    <Strong>
     <word seq="8">2316</word>
    </Strong>
   </column>
   <column>
    <Greek>
     <word seq="9">ἡμέρας</word>
    </Greek>
    <Lema>
     <word seq="9">ἡμέρα</word>
    </Lema>
    <Morph>
     <word seq="9">ngfs</word>
    </Morph>
    <Strong>
     <word seq="9">2250</word>
    </Strong>
   </column>
   <column>
    <Greek>
     <word seq="10">διʼ</word>
    </Greek>
    <Lema>
     <word seq="10">διά</word>
    </Lema>
    <Morph>
     <word seq="10">p</word>
    </Morph>
    <Strong>
     <word seq="10">1223</word>
    </Strong>
   </column>
   <column>
    <Greek>
     <word seq="11">ἣν</word>
    </Greek>
    <Lema>
     <word seq="11">ὅς</word>
    </Lema>
    <Morph>
     <word seq="11">rr-afs</word>
    </Morph>
    <Strong>
     <word seq="11">3739</word>
    </Strong>
   </column>
   <column>
    <Greek>
     <word seq="12">οὐρανοὶ</word>
    </Greek>
    <Lema>
     <word seq="12">οὐρανός</word>
    </Lema>
    <Morph>
     <word seq="12">nnmp</word>
    </Morph>
    <Strong>
     <word seq="12">3772</word>
    </Strong>
   </column>
   <column>
    <Greek>
     <word seq="13">πυρούμενοι</word>
    </Greek>
    <Lema>
     <word seq="13">πυρόω</word>
    </Lema>
    <Morph>
     <word seq="13">vppp-nmp</word>
    </Morph>
    <Strong>
     <word seq="13">4448</word>
    </Strong>
   </column>
   <column>
    <Greek>
     <word seq="14">λυθήσονται</word>
    </Greek>
    <Lema>
     <word seq="14">λύω</word>
    </Lema>
    <Morph>
     <word seq="14">vifp3p</word>
    </Morph>
    <Strong>
     <word seq="14">3089</word>
    </Strong>
   </column>
   <column>
    <Greek>
     <word seq="15">καὶ</word>
    </Greek>
    <Lema>
     <word seq="15">καί</word>
    </Lema>
    <Morph>
     <word seq="15">c</word>
    </Morph>
    <Strong>
     <word seq="15">2532</word>
    </Strong>
   </column>
   <column>
    <Greek>
     <word seq="16">στοιχεῖα</word>
    </Greek>
    <Lema>
     <word seq="16">στοιχεῖον</word>
    </Lema>
    <Morph>
     <word seq="16">nnnp</word>
    </Morph>
    <Strong>
     <word seq="16">4747</word>
    </Strong>
   </column>
   <column>
    <Greek>
     <word seq="17">καυσούμενα</word>
    </Greek>
    <Lema>
     <word seq="17">καυσόω</word>
    </Lema>
    <Morph>
     <word seq="17">vppp-nnp</word>
    </Morph>
    <Strong>
     <word seq="17">2741</word>
    </Strong>
   </column>
   <column>
    <Greek>
     <word seq="18">τήκεται.</word>
    </Greek>
    <Lema>
     <word seq="18">τήκω</word>
    </Lema>
    <Morph>
     <word seq="18">vipp3s</word>
    </Morph>
    <Strong>
     <word seq="18">5080</word>
    </Strong>
   </column>
  </verse>
  <verse number="13">
   <column>
    <Greek>
     <word seq="1">καινοὺς</word>
    </Greek>
    <Lema>
     <word seq="1">καινός</word>
    </Lema>
    <Morph>
     <word seq="1">aamp</word>
    </Morph>
    <Strong>
     <word seq="1">2537</word>
    </Strong>
   </column>
   <column>
    <Greek>
     <word seq="2">δὲ</word>
    </Greek>
    <Lema>
     <word seq="2">δέ</word>
    </Lema>
    <Morph>
     <word seq="2">c</word>
    </Morph>
    <Strong>
     <word seq="2">1161</word>
    </Strong>
   </column>
   <column>
    <Greek>
     <word seq="3">οὐρανοὺς</word>
    </Greek>
    <Lema>
     <word seq="3">οὐρανός</word>
    </Lema>
    <Morph>
     <word seq="3">namp</word>
    </Morph>
    <Strong>
     <word seq="3">3772</word>
    </Strong>
   </column>
   <column>
    <Greek>
     <word seq="4">καὶ</word>
    </Greek>
    <Lema>
     <word seq="4">καί</word>
    </Lema>
    <Morph>
     <word seq="4">c</word>
    </Morph>
    <Strong>
     <word seq="4">2532</word>
    </Strong>
   </column>
   <column>
    <Greek>
     <word seq="5">γῆν</word>
    </Greek>
    <Lema>
     <word seq="5">γῆ</word>
    </Lema>
    <Morph>
     <word seq="5">nafs</word>
    </Morph>
    <Strong>
     <word seq="5">1093</word>
    </Strong>
   </column>
   <column>
    <Greek>
     <word seq="6">καινὴν</word>
    </Greek>
    <Lema>
     <word seq="6">καινός</word>
    </Lema>
    <Morph>
     <word seq="6">aafs</word>
    </Morph>
    <Strong>
     <word seq="6">2537</word>
    </Strong>
   </column>
   <column>
    <Greek>
     <word seq="7">κατὰ</word>
    </Greek>
    <Lema>
     <word seq="7">κατά</word>
    </Lema>
    <Morph>
     <word seq="7">p</word>
    </Morph>
    <Strong>
     <word seq="7">2596</word>
    </Strong>
   </column>
   <column>
    <Greek>
     <word seq="8">τὸ</word>
    </Greek>
    <Lema>
     <word seq="8">ὁ</word>
    </Lema>
    <Morph>
     <word seq="8">dans</word>
    </Morph>
    <Strong>
     <word seq="8">3588</word>
    </Strong>
   </column>
   <column>
    <Greek>
     <word seq="9">ἐπάγγελμα</word>
    </Greek>
    <Lema>
     <word seq="9">ἐπάγγελμα</word>
    </Lema>
    <Morph>
     <word seq="9">nans</word>
    </Morph>
    <Strong>
     <word seq="9">1862</word>
    </Strong>
   </column>
   <column>
    <Greek>
     <word seq="10">αὐτοῦ</word>
    </Greek>
    <Lema>
     <word seq="10">αὐτός</word>
    </Lema>
    <Morph>
     <word seq="10">rp3gms</word>
    </Morph>
    <Strong>
     <word seq="10">846</word>
    </Strong>
   </column>
   <column>
    <Greek>
     <word seq="11">προσδοκῶμεν,</word>
    </Greek>
    <Lema>
     <word seq="11">προσδοκάω</word>
    </Lema>
    <Morph>
     <word seq="11">vipa1p</word>
    </Morph>
    <Strong>
     <word seq="11">4328</word>
    </Strong>
   </column>
   <column>
    <Greek>
     <word seq="12">ἐν</word>
    </Greek>
    <Lema>
     <word seq="12">ἐν</word>
    </Lema>
    <Morph>
     <word seq="12">p</word>
    </Morph>
    <Strong>
     <word seq="12">1722</word>
    </Strong>
   </column>
   <column>
    <Greek>
     <word seq="13">οἷς</word>
    </Greek>
    <Lema>
     <word seq="13">ὅς</word>
    </Lema>
    <Morph>
     <word seq="13">rr-dmp</word>
    </Morph>
    <Strong>
     <word seq="13">3739</word>
    </Strong>
   </column>
   <column>
    <Greek>
     <word seq="14">δικαιοσύνη</word>
    </Greek>
    <Lema>
     <word seq="14">δικαιοσύνη</word>
    </Lema>
    <Morph>
     <word seq="14">nnfs</word>
    </Morph>
    <Strong>
     <word seq="14">1343</word>
    </Strong>
   </column>
   <column>
    <Greek>
     <word seq="15">κατοικεῖ.</word>
    </Greek>
    <Lema>
     <word seq="15">κατοικέω</word>
    </Lema>
    <Morph>
     <word seq="15">vipa3s</word>
    </Morph>
    <Strong>
     <word seq="15">2730</word>
    </Strong>
   </column>
  </verse>
  <verse number="14">
   <column>
    <Greek>
     <word seq="1">Διό,</word>
    </Greek>
    <Lema>
     <word seq="1">διό</word>
    </Lema>
    <Morph>
     <word seq="1">c</word>
    </Morph>
    <Strong>
     <word seq="1">1352</word>
    </Strong>
   </column>
   <column>
    <Greek>
     <word seq="2">ἀγαπητοί,</word>
    </Greek>
    <Lema>
     <word seq="2">ἀγαπητός</word>
    </Lema>
    <Morph>
     <word seq="2">avmp</word>
    </Morph>
    <Strong>
     <word seq="2">27</word>
    </Strong>
   </column>
   <column>
    <Greek>
     <word seq="3">ταῦτα</word>
    </Greek>
    <Lema>
     <word seq="3">οὗτος</word>
    </Lema>
    <Morph>
     <word seq="3">rd-anp</word>
    </Morph>
    <Strong>
     <word seq="3">5023</word>
    </Strong>
   </column>
   <column>
    <Greek>
     <word seq="4">προσδοκῶντες</word>
    </Greek>
    <Lema>
     <word seq="4">προσδοκάω</word>
    </Lema>
    <Morph>
     <word seq="4">vppa-nmp</word>
    </Morph>
    <Strong>
     <word seq="4">4328</word>
    </Strong>
   </column>
   <column>
    <Greek>
     <word seq="5">σπουδάσατε</word>
    </Greek>
    <Lema>
     <word seq="5">σπουδάζω</word>
    </Lema>
    <Morph>
     <word seq="5">vmaa2p</word>
    </Morph>
    <Strong>
     <word seq="5">4704</word>
    </Strong>
   </column>
   <column>
    <Greek>
     <word seq="6">ἄσπιλοι</word>
    </Greek>
    <Lema>
     <word seq="6">ἄσπιλος</word>
    </Lema>
    <Morph>
     <word seq="6">anmp</word>
    </Morph>
    <Strong>
     <word seq="6">784</word>
    </Strong>
   </column>
   <column>
    <Greek>
     <word seq="7">καὶ</word>
    </Greek>
    <Lema>
     <word seq="7">καί</word>
    </Lema>
    <Morph>
     <word seq="7">c</word>
    </Morph>
    <Strong>
     <word seq="7">2532</word>
    </Strong>
   </column>
   <column>
    <Greek>
     <word seq="8">ἀμώμητοι</word>
    </Greek>
    <Lema>
     <word seq="8">ἀμώμητος</word>
    </Lema>
    <Morph>
     <word seq="8">anmp</word>
    </Morph>
    <Strong>
     <word seq="8">298</word>
    </Strong>
   </column>
   <column>
    <Greek>
     <word seq="9">αὐτῷ</word>
    </Greek>
    <Lema>
     <word seq="9">αὐτός</word>
    </Lema>
    <Morph>
     <word seq="9">rp3dms</word>
    </Morph>
    <Strong>
     <word seq="9">846</word>
    </Strong>
   </column>
   <column>
    <Greek>
     <word seq="10">εὑρεθῆναι</word>
    </Greek>
    <Lema>
     <word seq="10">εὑρίσκω</word>
    </Lema>
    <Morph>
     <word seq="10">vnap</word>
    </Morph>
    <Strong>
     <word seq="10">2147</word>
    </Strong>
   </column>
   <column>
    <Greek>
     <word seq="11">ἐν</word>
    </Greek>
    <Lema>
     <word seq="11">ἐν</word>
    </Lema>
    <Morph>
     <word seq="11">p</word>
    </Morph>
    <Strong>
     <word seq="11">1722</word>
    </Strong>
   </column>
   <column>
    <Greek>
     <word seq="12">εἰρήνῃ</word>
    </Greek>
    <Lema>
     <word seq="12">εἰρήνη</word>
    </Lema>
    <Morph>
     <word seq="12">ndfs</word>
    </Morph>
    <Strong>
     <word seq="12">1515</word>
    </Strong>
   </column>
  </verse>
  <verse number="15">
   <column>
    <Greek>
     <word seq="1">καὶ</word>
    </Greek>
    <Lema>
     <word seq="1">καί</word>
    </Lema>
    <Morph>
     <word seq="1">c</word>
    </Morph>
    <Strong>
     <word seq="1">2532</word>
    </Strong>
   </column>
   <column>
    <Greek>
     <word seq="2">τὴν</word>
    </Greek>
    <Lema>
     <word seq="2">ὁ</word>
    </Lema>
    <Morph>
     <word seq="2">dafs</word>
    </Morph>
    <Strong>
     <word seq="2">3588</word>
    </Strong>
   </column>
   <column>
    <Greek>
     <word seq="3">τοῦ</word>
    </Greek>
    <Lema>
     <word seq="3">ὁ</word>
    </Lema>
    <Morph>
     <word seq="3">dgms</word>
    </Morph>
    <Strong>
     <word seq="3">3588</word>
    </Strong>
   </column>
   <column>
    <Greek>
     <word seq="4">κυρίου</word>
    </Greek>
    <Lema>
     <word seq="4">κύριος</word>
    </Lema>
    <Morph>
     <word seq="4">ngms</word>
    </Morph>
    <Strong>
     <word seq="4">2962</word>
    </Strong>
   </column>
   <column>
    <Greek>
     <word seq="5">ἡμῶν</word>
    </Greek>
    <Lema>
     <word seq="5">ἐγώ</word>
    </Lema>
    <Morph>
     <word seq="5">rp1g_p</word>
    </Morph>
    <Strong>
     <word seq="5">2257</word>
    </Strong>
   </column>
   <column>
    <Greek>
     <word seq="6">μακροθυμίαν</word>
    </Greek>
    <Lema>
     <word seq="6">μακροθυμία</word>
    </Lema>
    <Morph>
     <word seq="6">nafs</word>
    </Morph>
    <Strong>
     <word seq="6">3115</word>
    </Strong>
   </column>
   <column>
    <Greek>
     <word seq="7">σωτηρίαν</word>
    </Greek>
    <Lema>
     <word seq="7">σωτηρία</word>
    </Lema>
    <Morph>
     <word seq="7">nafs</word>
    </Morph>
    <Strong>
     <word seq="7">4991</word>
    </Strong>
   </column>
   <column>
    <Greek>
     <word seq="8">ἡγεῖσθε,</word>
    </Greek>
    <Lema>
     <word seq="8">ἡγέομαι</word>
    </Lema>
    <Morph>
     <word seq="8">vmpu2p</word>
    </Morph>
    <Strong>
     <word seq="8">2233</word>
    </Strong>
   </column>
   <column>
    <Greek>
     <word seq="9">καθὼς</word>
    </Greek>
    <Lema>
     <word seq="9">καθώς</word>
    </Lema>
    <Morph>
     <word seq="9">c</word>
    </Morph>
    <Strong>
     <word seq="9">2531</word>
    </Strong>
   </column>
   <column>
    <Greek>
     <word seq="10">καὶ</word>
    </Greek>
    <Lema>
     <word seq="10">καί</word>
    </Lema>
    <Morph>
     <word seq="10">b</word>
    </Morph>
    <Strong>
     <word seq="10">2532</word>
    </Strong>
   </column>
   <column>
    <Greek>
     <word seq="11">ὁ</word>
    </Greek>
    <Lema>
     <word seq="11">ὁ</word>
    </Lema>
    <Morph>
     <word seq="11">dnms</word>
    </Morph>
    <Strong>
     <word seq="11">3588</word>
    </Strong>
   </column>
   <column>
    <Greek>
     <word seq="12">ἀγαπητὸς</word>
    </Greek>
    <Lema>
     <word seq="12">ἀγαπητός</word>
    </Lema>
    <Morph>
     <word seq="12">anms</word>
    </Morph>
    <Strong>
     <word seq="12">27</word>
    </Strong>
   </column>
   <column>
    <Greek>
     <word seq="13">ἡμῶν</word>
    </Greek>
    <Lema>
     <word seq="13">ἐγώ</word>
    </Lema>
    <Morph>
     <word seq="13">rp1g_p</word>
    </Morph>
    <Strong>
     <word seq="13">2257</word>
    </Strong>
   </column>
   <column>
    <Greek>
     <word seq="14">ἀδελφὸς</word>
    </Greek>
    <Lema>
     <word seq="14">ἀδελφός</word>
    </Lema>
    <Morph>
     <word seq="14">nnms</word>
    </Morph>
    <Strong>
     <word seq="14">80</word>
    </Strong>
   </column>
   <column>
    <Greek>
     <word seq="15">Παῦλος</word>
    </Greek>
    <Lema>
     <word seq="15">Παῦλος</word>
    </Lema>
    <Morph>
     <word seq="15">nnms</word>
    </Morph>
    <Strong>
     <word seq="15">3972</word>
    </Strong>
   </column>
   <column>
    <Greek>
     <word seq="16">κατὰ</word>
    </Greek>
    <Lema>
     <word seq="16">κατά</word>
    </Lema>
    <Morph>
     <word seq="16">p</word>
    </Morph>
    <Strong>
     <word seq="16">2596</word>
    </Strong>
   </column>
   <column>
    <Greek>
     <word seq="17">τὴν</word>
    </Greek>
    <Lema>
     <word seq="17">ὁ</word>
    </Lema>
    <Morph>
     <word seq="17">dafs</word>
    </Morph>
    <Strong>
     <word seq="17">3588</word>
    </Strong>
   </column>
   <column>
    <Greek>
     <word seq="18">δοθεῖσαν</word>
    </Greek>
    <Lema>
     <word seq="18">δίδωμι</word>
    </Lema>
    <Morph>
     <word seq="18">vpap-afs</word>
    </Morph>
    <Strong>
     <word seq="18">1325</word>
    </Strong>
   </column>
   <column>
    <Greek>
     <word seq="19">αὐτῷ</word>
    </Greek>
    <Lema>
     <word seq="19">αὐτός</word>
    </Lema>
    <Morph>
     <word seq="19">rp3dms</word>
    </Morph>
    <Strong>
     <word seq="19">846</word>
    </Strong>
   </column>
   <column>
    <Greek>
     <word seq="20">σοφίαν</word>
    </Greek>
    <Lema>
     <word seq="20">σοφία</word>
    </Lema>
    <Morph>
     <word seq="20">nafs</word>
    </Morph>
    <Strong>
     <word seq="20">4678</word>
    </Strong>
   </column>
   <column>
    <Greek>
     <word seq="21">ἔγραψεν</word>
    </Greek>
    <Lema>
     <word seq="21">γράφω</word>
    </Lema>
    <Morph>
     <word seq="21">viaa3s</word>
    </Morph>
    <Strong>
     <word seq="21">1125</word>
    </Strong>
   </column>
   <column>
    <Greek>
     <word seq="22">ὑμῖν,</word>
    </Greek>
    <Lema>
     <word seq="22">σύ</word>
    </Lema>
    <Morph>
     <word seq="22">rp2d_p</word>
    </Morph>
    <Strong>
     <word seq="22">5213</word>
    </Strong>
   </column>
  </verse>
  <verse number="16">
   <column>
    <Greek>
     <word seq="1">ὡς</word>
    </Greek>
    <Lema>
     <word seq="1">ὡς</word>
    </Lema>
    <Morph>
     <word seq="1">c</word>
    </Morph>
    <Strong>
     <word seq="1">5613</word>
    </Strong>
   </column>
   <column>
    <Greek>
     <word seq="2">καὶ</word>
    </Greek>
    <Lema>
     <word seq="2">καί</word>
    </Lema>
    <Morph>
     <word seq="2">b</word>
    </Morph>
    <Strong>
     <word seq="2">2532</word>
    </Strong>
   </column>
   <column>
    <Greek>
     <word seq="3">ἐν</word>
    </Greek>
    <Lema>
     <word seq="3">ἐν</word>
    </Lema>
    <Morph>
     <word seq="3">p</word>
    </Morph>
    <Strong>
     <word seq="3">1722</word>
    </Strong>
   </column>
   <column>
    <Greek>
     <word seq="4">πάσαις</word>
    </Greek>
    <Lema>
     <word seq="4">πᾶς</word>
    </Lema>
    <Morph>
     <word seq="4">adfp</word>
    </Morph>
    <Strong>
     <word seq="4">3956</word>
    </Strong>
   </column>
   <column>
    <Greek>
     <word seq="5">ἐπιστολαῖς</word>
    </Greek>
    <Lema>
     <word seq="5">ἐπιστολή</word>
    </Lema>
    <Morph>
     <word seq="5">ndfp</word>
    </Morph>
    <Strong>
     <word seq="5">1992</word>
    </Strong>
   </column>
   <column>
    <Greek>
     <word seq="6">λαλῶν</word>
    </Greek>
    <Lema>
     <word seq="6">λαλέω</word>
    </Lema>
    <Morph>
     <word seq="6">vppa-nms</word>
    </Morph>
    <Strong>
     <word seq="6">2980</word>
    </Strong>
   </column>
   <column>
    <Greek>
     <word seq="7">ἐν</word>
    </Greek>
    <Lema>
     <word seq="7">ἐν</word>
    </Lema>
    <Morph>
     <word seq="7">p</word>
    </Morph>
    <Strong>
     <word seq="7">1722</word>
    </Strong>
   </column>
   <column>
    <Greek>
     <word seq="8">αὐταῖς</word>
    </Greek>
    <Lema>
     <word seq="8">αὐτός</word>
    </Lema>
    <Morph>
     <word seq="8">rp3dfp</word>
    </Morph>
    <Strong>
     <word seq="8">846</word>
    </Strong>
   </column>
   <column>
    <Greek>
     <word seq="9">περὶ</word>
    </Greek>
    <Lema>
     <word seq="9">περί</word>
    </Lema>
    <Morph>
     <word seq="9">p</word>
    </Morph>
    <Strong>
     <word seq="9">4012</word>
    </Strong>
   </column>
   <column>
    <Greek>
     <word seq="10">τούτων,</word>
    </Greek>
    <Lema>
     <word seq="10">οὗτος</word>
    </Lema>
    <Morph>
     <word seq="10">rd-gnp</word>
    </Morph>
    <Strong>
     <word seq="10">5130</word>
    </Strong>
   </column>
   <column>
    <Greek>
     <word seq="11">ἐν</word>
    </Greek>
    <Lema>
     <word seq="11">ἐν</word>
    </Lema>
    <Morph>
     <word seq="11">p</word>
    </Morph>
    <Strong>
     <word seq="11">1722</word>
    </Strong>
   </column>
   <column>
    <Greek>
     <word seq="12">αἷς</word>
    </Greek>
    <Lema>
     <word seq="12">ὅς</word>
    </Lema>
    <Morph>
     <word seq="12">rr-dfp</word>
    </Morph>
    <Strong>
     <word seq="12">3739</word>
    </Strong>
   </column>
   <column>
    <Greek>
     <word seq="13">ἐστιν</word>
    </Greek>
    <Lema>
     <word seq="13">εἰμί</word>
    </Lema>
    <Morph>
     <word seq="13">vipa3s</word>
    </Morph>
    <Strong>
     <word seq="13">2076</word>
    </Strong>
   </column>
   <column>
    <Greek>
     <word seq="14">δυσνόητά</word>
    </Greek>
    <Lema>
     <word seq="14">δυσνόητος</word>
    </Lema>
    <Morph>
     <word seq="14">annp</word>
    </Morph>
    <Strong>
     <word seq="14">1425</word>
    </Strong>
   </column>
   <column>
    <Greek>
     <word seq="15">τινα,</word>
    </Greek>
    <Lema>
     <word seq="15">τὶς</word>
    </Lema>
    <Morph>
     <word seq="15">rx-nnp</word>
    </Morph>
    <Strong>
     <word seq="15">5100</word>
    </Strong>
   </column>
   <column>
    <Greek>
     <word seq="16">ἃ</word>
    </Greek>
    <Lema>
     <word seq="16">ὅς</word>
    </Lema>
    <Morph>
     <word seq="16">rr-anp</word>
    </Morph>
    <Strong>
     <word seq="16">3739</word>
    </Strong>
   </column>
   <column>
    <Greek>
     <word seq="17">οἱ</word>
    </Greek>
    <Lema>
     <word seq="17">ὁ</word>
    </Lema>
    <Morph>
     <word seq="17">dnmp</word>
    </Morph>
    <Strong>
     <word seq="17">3588</word>
    </Strong>
   </column>
   <column>
    <Greek>
     <word seq="18">ἀμαθεῖς</word>
    </Greek>
    <Lema>
     <word seq="18">ἀμαθής</word>
    </Lema>
    <Morph>
     <word seq="18">anmp</word>
    </Morph>
    <Strong>
     <word seq="18">261</word>
    </Strong>
   </column>
   <column>
    <Greek>
     <word seq="19">καὶ</word>
    </Greek>
    <Lema>
     <word seq="19">καί</word>
    </Lema>
    <Morph>
     <word seq="19">c</word>
    </Morph>
    <Strong>
     <word seq="19">2532</word>
    </Strong>
   </column>
   <column>
    <Greek>
     <word seq="20">ἀστήρικτοι</word>
    </Greek>
    <Lema>
     <word seq="20">ἀστήρικτος</word>
    </Lema>
    <Morph>
     <word seq="20">anmp</word>
    </Morph>
    <Strong>
     <word seq="20">793</word>
    </Strong>
   </column>
   <column>
    <Greek>
     <word seq="21">στρεβλοῦσιν</word>
    </Greek>
    <Lema>
     <word seq="21">στρεβλόω</word>
    </Lema>
    <Morph>
     <word seq="21">vipa3p</word>
    </Morph>
    <Strong>
     <word seq="21">4761</word>
    </Strong>
   </column>
   <column>
    <Greek>
     <word seq="22">ὡς</word>
    </Greek>
    <Lema>
     <word seq="22">ὡς</word>
    </Lema>
    <Morph>
     <word seq="22">c</word>
    </Morph>
    <Strong>
     <word seq="22">5613</word>
    </Strong>
   </column>
   <column>
    <Greek>
     <word seq="23">καὶ</word>
    </Greek>
    <Lema>
     <word seq="23">καί</word>
    </Lema>
    <Morph>
     <word seq="23">b</word>
    </Morph>
    <Strong>
     <word seq="23">2532</word>
    </Strong>
   </column>
   <column>
    <Greek>
     <word seq="24">τὰς</word>
    </Greek>
    <Lema>
     <word seq="24">ὁ</word>
    </Lema>
    <Morph>
     <word seq="24">dafp</word>
    </Morph>
    <Strong>
     <word seq="24">3588</word>
    </Strong>
   </column>
   <column>
    <Greek>
     <word seq="25">λοιπὰς</word>
    </Greek>
    <Lema>
     <word seq="25">λοιπός</word>
    </Lema>
    <Morph>
     <word seq="25">aafp</word>
    </Morph>
    <Strong>
     <word seq="25">3062</word>
    </Strong>
   </column>
   <column>
    <Greek>
     <word seq="26">γραφὰς</word>
    </Greek>
    <Lema>
     <word seq="26">γραφή</word>
    </Lema>
    <Morph>
     <word seq="26">nafp</word>
    </Morph>
    <Strong>
     <word seq="26">1124</word>
    </Strong>
   </column>
   <column>
    <Greek>
     <word seq="27">πρὸς</word>
    </Greek>
    <Lema>
     <word seq="27">πρός</word>
    </Lema>
    <Morph>
     <word seq="27">p</word>
    </Morph>
    <Strong>
     <word seq="27">4314</word>
    </Strong>
   </column>
   <column>
    <Greek>
     <word seq="28">τὴν</word>
    </Greek>
    <Lema>
     <word seq="28">ὁ</word>
    </Lema>
    <Morph>
     <word seq="28">dafs</word>
    </Morph>
    <Strong>
     <word seq="28">3588</word>
    </Strong>
   </column>
   <column>
    <Greek>
     <word seq="29">ἰδίαν</word>
    </Greek>
    <Lema>
     <word seq="29">ἴδιος</word>
    </Lema>
    <Morph>
     <word seq="29">aafs</word>
    </Morph>
    <Strong>
     <word seq="29">2398</word>
    </Strong>
   </column>
   <column>
    <Greek>
     <word seq="30">αὐτῶν</word>
    </Greek>
    <Lema>
     <word seq="30">αὐτός</word>
    </Lema>
    <Morph>
     <word seq="30">rp3gmp</word>
    </Morph>
    <Strong>
     <word seq="30">846</word>
    </Strong>
   </column>
   <column>
    <Greek>
     <word seq="31">ἀπώλειαν.</word>
    </Greek>
    <Lema>
     <word seq="31">ἀπώλεια</word>
    </Lema>
    <Morph>
     <word seq="31">nafs</word>
    </Morph>
    <Strong>
     <word seq="31">684</word>
    </Strong>
   </column>
  </verse>
  <verse number="17">
   <column>
    <Greek>
     <word seq="1">Ὑμεῖς</word>
    </Greek>
    <Lema>
     <word seq="1">σύ</word>
    </Lema>
    <Morph>
     <word seq="1">rp2n_p</word>
    </Morph>
    <Strong>
     <word seq="1">5210</word>
    </Strong>
   </column>
   <column>
    <Greek>
     <word seq="2">οὖν,</word>
    </Greek>
    <Lema>
     <word seq="2">οὖν</word>
    </Lema>
    <Morph>
     <word seq="2">c</word>
    </Morph>
    <Strong>
     <word seq="2">3767</word>
    </Strong>
   </column>
   <column>
    <Greek>
     <word seq="3">ἀγαπητοί,</word>
    </Greek>
    <Lema>
     <word seq="3">ἀγαπητός</word>
    </Lema>
    <Morph>
     <word seq="3">avmp</word>
    </Morph>
    <Strong>
     <word seq="3">27</word>
    </Strong>
   </column>
   <column>
    <Greek>
     <word seq="4">προγινώσκοντες</word>
    </Greek>
    <Lema>
     <word seq="4">προγινώσκω</word>
    </Lema>
    <Morph>
     <word seq="4">vppa-nmp</word>
    </Morph>
    <Strong>
     <word seq="4">4267</word>
    </Strong>
   </column>
   <column>
    <Greek>
     <word seq="5">φυλάσσεσθε,</word>
    </Greek>
    <Lema>
     <word seq="5">φυλάσσω</word>
    </Lema>
    <Morph>
     <word seq="5">vmpm2p</word>
    </Morph>
    <Strong>
     <word seq="5">5442</word>
    </Strong>
   </column>
   <column>
    <Greek>
     <word seq="6">ἵνα</word>
    </Greek>
    <Lema>
     <word seq="6">ἵνα</word>
    </Lema>
    <Morph>
     <word seq="6">c</word>
    </Morph>
    <Strong>
     <word seq="6">2443</word>
    </Strong>
   </column>
   <column>
    <Greek>
     <word seq="7">μὴ</word>
    </Greek>
    <Lema>
     <word seq="7">μή</word>
    </Lema>
    <Morph>
     <word seq="7">b</word>
    </Morph>
    <Strong>
     <word seq="7">3361</word>
    </Strong>
   </column>
   <column>
    <Greek>
     <word seq="8">τῇ</word>
    </Greek>
    <Lema>
     <word seq="8">ὁ</word>
    </Lema>
    <Morph>
     <word seq="8">ddfs</word>
    </Morph>
    <Strong>
     <word seq="8">3588</word>
    </Strong>
   </column>
   <column>
    <Greek>
     <word seq="9">τῶν</word>
    </Greek>
    <Lema>
     <word seq="9">ὁ</word>
    </Lema>
    <Morph>
     <word seq="9">dgmp</word>
    </Morph>
    <Strong>
     <word seq="9">3588</word>
    </Strong>
   </column>
   <column>
    <Greek>
     <word seq="10">ἀθέσμων</word>
    </Greek>
    <Lema>
     <word seq="10">ἄθεσμος</word>
    </Lema>
    <Morph>
     <word seq="10">agmp</word>
    </Morph>
    <Strong>
     <word seq="10">113</word>
    </Strong>
   </column>
   <column>
    <Greek>
     <word seq="11">πλάνῃ</word>
    </Greek>
    <Lema>
     <word seq="11">πλάνη</word>
    </Lema>
    <Morph>
     <word seq="11">ndfs</word>
    </Morph>
    <Strong>
     <word seq="11">4106</word>
    </Strong>
   </column>
   <column>
    <Greek>
     <word seq="12">συναπαχθέντες</word>
    </Greek>
    <Lema>
     <word seq="12">συναπάγω</word>
    </Lema>
    <Morph>
     <word seq="12">vpap-nmp</word>
    </Morph>
    <Strong>
     <word seq="12">4879</word>
    </Strong>
   </column>
   <column>
    <Greek>
     <word seq="13">ἐκπέσητε</word>
    </Greek>
    <Lema>
     <word seq="13">ἐκπίπτω</word>
    </Lema>
    <Morph>
     <word seq="13">vsaa2p</word>
    </Morph>
    <Strong>
     <word seq="13">1601</word>
    </Strong>
   </column>
   <column>
    <Greek>
     <word seq="14">τοῦ</word>
    </Greek>
    <Lema>
     <word seq="14">ὁ</word>
    </Lema>
    <Morph>
     <word seq="14">dgms</word>
    </Morph>
    <Strong>
     <word seq="14">3588</word>
    </Strong>
   </column>
   <column>
    <Greek>
     <word seq="15">ἰδίου</word>
    </Greek>
    <Lema>
     <word seq="15">ἴδιος</word>
    </Lema>
    <Morph>
     <word seq="15">agms</word>
    </Morph>
    <Strong>
     <word seq="15">2398</word>
    </Strong>
   </column>
   <column>
    <Greek>
     <word seq="16">στηριγμοῦ,</word>
    </Greek>
    <Lema>
     <word seq="16">στηριγμός</word>
    </Lema>
    <Morph>
     <word seq="16">ngms</word>
    </Morph>
    <Strong>
     <word seq="16">4740</word>
    </Strong>
   </column>
  </verse>
  <verse number="18">
   <column>
    <Greek>
     <word seq="1">αὐξάνετε</word>
    </Greek>
    <Lema>
     <word seq="1">αὐξάνω</word>
    </Lema>
    <Morph>
     <word seq="1">vmpa2p</word>
    </Morph>
    <Strong>
     <word seq="1">837</word>
    </Strong>
   </column>
   <column>
    <Greek>
     <word seq="2">δὲ</word>
    </Greek>
    <Lema>
     <word seq="2">δέ</word>
    </Lema>
    <Morph>
     <word seq="2">c</word>
    </Morph>
    <Strong>
     <word seq="2">1161</word>
    </Strong>
   </column>
   <column>
    <Greek>
     <word seq="3">ἐν</word>
    </Greek>
    <Lema>
     <word seq="3">ἐν</word>
    </Lema>
    <Morph>
     <word seq="3">p</word>
    </Morph>
    <Strong>
     <word seq="3">1722</word>
    </Strong>
   </column>
   <column>
    <Greek>
     <word seq="4">χάριτι</word>
    </Greek>
    <Lema>
     <word seq="4">χάρις</word>
    </Lema>
    <Morph>
     <word seq="4">ndfs</word>
    </Morph>
    <Strong>
     <word seq="4">5485</word>
    </Strong>
   </column>
   <column>
    <Greek>
     <word seq="5">καὶ</word>
    </Greek>
    <Lema>
     <word seq="5">καί</word>
    </Lema>
    <Morph>
     <word seq="5">c</word>
    </Morph>
    <Strong>
     <word seq="5">2532</word>
    </Strong>
   </column>
   <column>
    <Greek>
     <word seq="6">γνώσει</word>
    </Greek>
    <Lema>
     <word seq="6">γνῶσις</word>
    </Lema>
    <Morph>
     <word seq="6">ndfs</word>
    </Morph>
    <Strong>
     <word seq="6">1108</word>
    </Strong>
   </column>
   <column>
    <Greek>
     <word seq="7">τοῦ</word>
    </Greek>
    <Lema>
     <word seq="7">ὁ</word>
    </Lema>
    <Morph>
     <word seq="7">dgms</word>
    </Morph>
    <Strong>
     <word seq="7">3588</word>
    </Strong>
   </column>
   <column>
    <Greek>
     <word seq="8">κυρίου</word>
    </Greek>
    <Lema>
     <word seq="8">κύριος</word>
    </Lema>
    <Morph>
     <word seq="8">ngms</word>
    </Morph>
    <Strong>
     <word seq="8">2962</word>
    </Strong>
   </column>
   <column>
    <Greek>
     <word seq="9">ἡμῶν</word>
    </Greek>
    <Lema>
     <word seq="9">ἐγώ</word>
    </Lema>
    <Morph>
     <word seq="9">rp1g_p</word>
    </Morph>
    <Strong>
     <word seq="9">2257</word>
    </Strong>
   </column>
   <column>
    <Greek>
     <word seq="10">καὶ</word>
    </Greek>
    <Lema>
     <word seq="10">καί</word>
    </Lema>
    <Morph>
     <word seq="10">c</word>
    </Morph>
    <Strong>
     <word seq="10">2532</word>
    </Strong>
   </column>
   <column>
    <Greek>
     <word seq="11">σωτῆρος</word>
    </Greek>
    <Lema>
     <word seq="11">σωτήρ</word>
    </Lema>
    <Morph>
     <word seq="11">ngms</word>
    </Morph>
    <Strong>
     <word seq="11">4990</word>
    </Strong>
   </column>
   <column>
    <Greek>
     <word seq="12">Ἰησοῦ</word>
    </Greek>
    <Lema>
     <word seq="12">Ἰησοῦς</word>
    </Lema>
    <Morph>
     <word seq="12">ngms</word>
    </Morph>
    <Strong>
     <word seq="12">2424</word>
    </Strong>
   </column>
   <column>
    <Greek>
     <word seq="13">Χριστοῦ.</word>
    </Greek>
    <Lema>
     <word seq="13">Χριστός</word>
    </Lema>
    <Morph>
     <word seq="13">ngms</word>
    </Morph>
    <Strong>
     <word seq="13">5547</word>
    </Strong>
   </column>
   <column>
    <Greek>
     <word seq="14">αὐτῷ</word>
    </Greek>
    <Lema>
     <word seq="14">αὐτός</word>
    </Lema>
    <Morph>
     <word seq="14">rp3dms</word>
    </Morph>
    <Strong>
     <word seq="14">846</word>
    </Strong>
   </column>
   <column>
    <Greek>
     <word seq="15">ἡ</word>
    </Greek>
    <Lema>
     <word seq="15">ὁ</word>
    </Lema>
    <Morph>
     <word seq="15">dnfs</word>
    </Morph>
    <Strong>
     <word seq="15">3588</word>
    </Strong>
   </column>
   <column>
    <Greek>
     <word seq="16">δόξα</word>
    </Greek>
    <Lema>
     <word seq="16">δόξα</word>
    </Lema>
    <Morph>
     <word seq="16">nnfs</word>
    </Morph>
    <Strong>
     <word seq="16">1391</word>
    </Strong>
   </column>
   <column>
    <Greek>
     <word seq="17">καὶ</word>
    </Greek>
    <Lema>
     <word seq="17">καί</word>
    </Lema>
    <Morph>
     <word seq="17">c</word>
    </Morph>
    <Strong>
     <word seq="17">2532</word>
    </Strong>
   </column>
   <column>
    <Greek>
     <word seq="18">νῦν</word>
    </Greek>
    <Lema>
     <word seq="18">νῦν</word>
    </Lema>
    <Morph>
     <word seq="18">b</word>
    </Morph>
    <Strong>
     <word seq="18">3568</word>
    </Strong>
   </column>
   <column>
    <Greek>
     <word seq="19">καὶ</word>
    </Greek>
    <Lema>
     <word seq="19">καί</word>
    </Lema>
    <Morph>
     <word seq="19">c</word>
    </Morph>
    <Strong>
     <word seq="19">2532</word>
    </Strong>
   </column>
   <column>
    <Greek>
     <word seq="20">εἰς</word>
    </Greek>
    <Lema>
     <word seq="20">εἰς</word>
    </Lema>
    <Morph>
     <word seq="20">p</word>
    </Morph>
    <Strong>
     <word seq="20">1519</word>
    </Strong>
   </column>
   <column>
    <Greek>
     <word seq="21">ἡμέραν</word>
    </Greek>
    <Lema>
     <word seq="21">ἡμέρα</word>
    </Lema>
    <Morph>
     <word seq="21">nafs</word>
    </Morph>
    <Strong>
     <word seq="21">2250</word>
    </Strong>
   </column>
   <column>
    <Greek>
     <word seq="22">αἰῶνος.</word>
    </Greek>
    <Lema>
     <word seq="22">αἰών</word>
    </Lema>
    <Morph>
     <word seq="22">ngms</word>
    </Morph>
    <Strong>
     <word seq="22">165</word>
    </Strong>
   </column>
   <column>
    <Greek>
     <word seq="23">ἀμήν.</word>
    </Greek>
    <Lema>
     <word seq="23">ἀμήν</word>
    </Lema>
    <Morph>
     <word seq="23">t</word>
    </Morph>
    <Strong>
     <word seq="23">281</word>
    </Strong>
   </column>
  </verse>
 </chapter>
</book>
