<?xml version="1.0" encoding="UTF-8" standalone="no"?><book><chapter number="4">
<verse number="1"><ASV><word seq="1">Forasmuch</word><word seq="2">then<GreekSeq>2</GreekSeq></word><word seq="3">as<GreekSeq>3</GreekSeq></word><word seq="4">Christ<GreekSeq>1</GreekSeq></word><word seq="5">suffered<GreekSeq>3</GreekSeq></word><word seq="6">in the flesh,<GreekSeq>4</GreekSeq></word><word seq="7">arm<GreekSeq>10</GreekSeq></word><word seq="8">ye<GreekSeq>6</GreekSeq></word><word seq="9">yourselves<GreekSeq>10</GreekSeq></word><word seq="10">also<GreekSeq>5</GreekSeq></word><word seq="11">with the<GreekSeq>7</GreekSeq></word><word seq="12">same<GreekSeq>8</GreekSeq></word><word seq="13">mind;<GreekSeq>9</GreekSeq></word><word seq="14">for<GreekSeq>11</GreekSeq></word><word seq="15">he<GreekSeq>12</GreekSeq></word><word seq="16">that hath suffered<GreekSeq>13</GreekSeq></word><word seq="17">in the flesh<GreekSeq>14</GreekSeq></word><word seq="18">hath ceased from<GreekSeq>15</GreekSeq></word><word seq="19">sin;<GreekSeq>16</GreekSeq></word></ASV></verse>
<verse number="2"><ASV><word seq="1">that<GreekSeq>1</GreekSeq><GreekSeq>2</GreekSeq></word><word seq="2">ye</word><word seq="3">no longer<GreekSeq>3</GreekSeq></word><word seq="4">should live<GreekSeq>13</GreekSeq></word><word seq="5">the<GreekSeq>9</GreekSeq></word><word seq="6">rest<GreekSeq>10</GreekSeq></word><word seq="7">of [your] time<GreekSeq>14</GreekSeq></word><word seq="8">in<GreekSeq>11</GreekSeq></word><word seq="9">the flesh<GreekSeq>12</GreekSeq></word><word seq="10">to the lusts<GreekSeq>5</GreekSeq></word><word seq="11">of men,<GreekSeq>4</GreekSeq></word><word seq="12">but<GreekSeq>6</GreekSeq></word><word seq="13">to the will<GreekSeq>7</GreekSeq></word><word seq="14">of God.<GreekSeq>8</GreekSeq></word></ASV></verse>
<verse number="3"><ASV><word seq="1">For<GreekSeq>2</GreekSeq></word><word seq="2">the<GreekSeq>3</GreekSeq></word><word seq="3">time<GreekSeq>5</GreekSeq></word><word seq="4">past<GreekSeq>4</GreekSeq></word><word seq="5">may suffice<GreekSeq>1</GreekSeq></word><word seq="6">to have wrought<GreekSeq>10</GreekSeq></word><word seq="7">the<GreekSeq>6</GreekSeq></word><word seq="8">desire<GreekSeq>7</GreekSeq></word><word seq="9">of the<GreekSeq>8</GreekSeq></word><word seq="10">Gentiles,<GreekSeq>9</GreekSeq></word><word seq="11">and</word><word seq="12">to have walked<GreekSeq>11</GreekSeq></word><word seq="13">in<GreekSeq>12</GreekSeq></word><word seq="14">lasciviousness,<GreekSeq>13</GreekSeq></word><word seq="15">lusts,<GreekSeq>14</GreekSeq></word><word seq="16">winebibbings,<GreekSeq>15</GreekSeq></word><word seq="17">revellings,<GreekSeq>16</GreekSeq></word><word seq="18">carousings,<GreekSeq>17</GreekSeq></word><word seq="19">and<GreekSeq>18</GreekSeq></word><word seq="20">abominable<GreekSeq>19</GreekSeq></word><word seq="21">idolatries:<GreekSeq>20</GreekSeq></word></ASV></verse>
<verse number="4"><ASV><word seq="1">wherein<GreekSeq>1</GreekSeq><GreekSeq>2</GreekSeq></word><word seq="2">they think it strange<GreekSeq>3</GreekSeq></word><word seq="3">that<GreekSeq>5</GreekSeq></word><word seq="4">ye<GreekSeq>6</GreekSeq></word><word seq="5">run<GreekSeq>5</GreekSeq></word><word seq="6">not<GreekSeq>4</GreekSeq></word><word seq="7">with [them]<GreekSeq>5</GreekSeq></word><word seq="8">into<GreekSeq>7</GreekSeq></word><word seq="9">the<GreekSeq>8</GreekSeq></word><word seq="10">same<GreekSeq>9</GreekSeq></word><word seq="11">excess<GreekSeq>12</GreekSeq></word><word seq="12">of riot,<GreekSeq>11</GreekSeq></word><word seq="13">speaking evil of [you]:<GreekSeq>13</GreekSeq></word></ASV></verse>
<verse number="5"><ASV><word seq="1">who<GreekSeq>1</GreekSeq></word><word seq="2">shall give<GreekSeq>2</GreekSeq></word><word seq="3">account<GreekSeq>3</GreekSeq></word><word seq="4">to him<GreekSeq>4</GreekSeq></word><word seq="5">that is<GreekSeq>6</GreekSeq></word><word seq="6">ready<GreekSeq>5</GreekSeq></word><word seq="7">to judge<GreekSeq>7</GreekSeq></word><word seq="8">the living<GreekSeq>8</GreekSeq></word><word seq="9">and<GreekSeq>9</GreekSeq></word><word seq="10">the dead.<GreekSeq>10</GreekSeq></word></ASV></verse>
<verse number="6"><ASV><word seq="1">For<GreekSeq>3</GreekSeq></word><word seq="2">unto<GreekSeq>1</GreekSeq></word><word seq="3">this [end]<GreekSeq>2</GreekSeq></word><word seq="4">was the gospel preached<GreekSeq>6</GreekSeq></word><word seq="5">even<GreekSeq>4</GreekSeq></word><word seq="6">to the dead,<GreekSeq>5</GreekSeq></word><word seq="7">that<GreekSeq>7</GreekSeq></word><word seq="8">they might be judged<GreekSeq>8</GreekSeq></word><word seq="9">indeed<GreekSeq>9</GreekSeq></word><word seq="10">according to<GreekSeq>10</GreekSeq></word><word seq="11">men<GreekSeq>11</GreekSeq></word><word seq="12">in the flesh,<GreekSeq>12</GreekSeq></word><word seq="13">but<GreekSeq>14</GreekSeq></word><word seq="14">live<GreekSeq>13</GreekSeq></word><word seq="15">according to<GreekSeq>15</GreekSeq></word><word seq="16">God<GreekSeq>16</GreekSeq></word><word seq="17">in the spirit.<GreekSeq>17</GreekSeq></word></ASV></verse>
<verse number="7"><ASV><word seq="1">But<GreekSeq>2</GreekSeq></word><word seq="2">the<GreekSeq>3</GreekSeq></word><word seq="3">end<GreekSeq>4</GreekSeq></word><word seq="4">of all things<GreekSeq>1</GreekSeq></word><word seq="5">is at hand:<GreekSeq>5</GreekSeq></word><word seq="6">be ye<GreekSeq>6</GreekSeq></word><word seq="7">therefore<GreekSeq>7</GreekSeq></word><word seq="8">of sound mind,<GreekSeq>6</GreekSeq></word><word seq="9">and<GreekSeq>8</GreekSeq></word><word seq="10">be sober<GreekSeq>9</GreekSeq></word><word seq="11">unto<GreekSeq>10</GreekSeq></word><word seq="12">prayer:<GreekSeq>11</GreekSeq></word></ASV></verse>
<verse number="8"><ASV><word seq="1">above<GreekSeq>1</GreekSeq></word><word seq="2">all things<GreekSeq>2</GreekSeq></word><word seq="3">being<GreekSeq>8</GreekSeq></word><word seq="4">fervent<GreekSeq>7</GreekSeq></word><word seq="5">in [your] love<GreekSeq>6</GreekSeq></word><word seq="6">among<GreekSeq>4</GreekSeq></word><word seq="7">yourselves;<GreekSeq>5</GreekSeq></word><word seq="8">for<GreekSeq>9</GreekSeq></word><word seq="9">love<GreekSeq>10</GreekSeq></word><word seq="10">covereth<GreekSeq>11</GreekSeq></word><word seq="11">a multitude<GreekSeq>12</GreekSeq></word><word seq="12">of sins:<GreekSeq>13</GreekSeq></word></ASV></verse>
<verse number="9"><ASV><word seq="1">using</word><word seq="2">hospitality<GreekSeq>1</GreekSeq></word><word seq="3">one<GreekSeq>3</GreekSeq></word><word seq="4">to<GreekSeq>2</GreekSeq></word><word seq="5">another<GreekSeq>3</GreekSeq></word><word seq="6">without<GreekSeq>4</GreekSeq></word><word seq="7">murmuring:<GreekSeq>5</GreekSeq></word></ASV></verse>
<verse number="10"><ASV><word seq="1">according as<GreekSeq>2</GreekSeq></word><word seq="2">each<GreekSeq>1</GreekSeq></word><word seq="3">hath received<GreekSeq>3</GreekSeq></word><word seq="4">a gift,<GreekSeq>4</GreekSeq></word><word seq="5">ministering<GreekSeq>8</GreekSeq></word><word seq="6">it<GreekSeq>7</GreekSeq></word><word seq="7">among<GreekSeq>5</GreekSeq></word><word seq="8">yourselves,<GreekSeq>6</GreekSeq></word><word seq="9">as<GreekSeq>9</GreekSeq></word><word seq="10">good<GreekSeq>10</GreekSeq></word><word seq="11">stewards<GreekSeq>11</GreekSeq></word><word seq="12">of the<GreekSeq>13</GreekSeq></word><word seq="13">manifold<GreekSeq>12</GreekSeq></word><word seq="14">grace<GreekSeq>13</GreekSeq></word><word seq="15">of God;<GreekSeq>14</GreekSeq></word></ASV></verse>
<verse number="11"><ASV><word seq="1">if<GreekSeq>1</GreekSeq></word><word seq="2">any man<GreekSeq>2</GreekSeq></word><word seq="3">speaketh, <GreekSeq>3</GreekSeq></word><word seq="4">speaking</word><word seq="5">as<GreekSeq>4</GreekSeq></word><word seq="6">it were</word><word seq="7">oracles<GreekSeq>5</GreekSeq></word><word seq="8">of God;<GreekSeq>6</GreekSeq></word><word seq="9">if<GreekSeq>7</GreekSeq></word><word seq="10">any man<GreekSeq>8</GreekSeq></word><word seq="11">ministereth, <GreekSeq>9</GreekSeq></word><word seq="12">ministering</word><word seq="13">as<GreekSeq>10</GreekSeq></word><word seq="14">of<GreekSeq>11</GreekSeq></word><word seq="15">the strength<GreekSeq>12</GreekSeq></word><word seq="16">which<GreekSeq>13</GreekSeq></word><word seq="17">God<GreekSeq>16</GreekSeq></word><word seq="18">supplieth:<GreekSeq>14</GreekSeq></word><word seq="19">that<GreekSeq>17</GreekSeq></word><word seq="20">in<GreekSeq>18</GreekSeq></word><word seq="21">all things<GreekSeq>19</GreekSeq></word><word seq="22">God<GreekSeq>22</GreekSeq></word><word seq="23">may be glorified<GreekSeq>20</GreekSeq></word><word seq="24">through<GreekSeq>23</GreekSeq></word><word seq="25">Jesus<GreekSeq>24</GreekSeq></word><word seq="26">Christ,<GreekSeq>25</GreekSeq></word><word seq="27">whose<GreekSeq>26</GreekSeq></word><word seq="28">is<GreekSeq>27</GreekSeq></word><word seq="29">the<GreekSeq>28</GreekSeq></word><word seq="30">glory<GreekSeq>29</GreekSeq></word><word seq="31">and<GreekSeq>30</GreekSeq></word><word seq="32">the<GreekSeq>31</GreekSeq></word><word seq="33">dominion<GreekSeq>32</GreekSeq></word><word seq="34">for<GreekSeq>33</GreekSeq></word><word seq="35">ever<GreekSeq>35</GreekSeq></word><word seq="36">and</word><word seq="37">ever.<GreekSeq>37</GreekSeq></word><word seq="38">Amen.<GreekSeq>38</GreekSeq></word></ASV></verse>
<verse number="12"><ASV><word seq="1">Beloved,<GreekSeq>1</GreekSeq></word><word seq="2">think it<GreekSeq>3</GreekSeq></word><word seq="3">not<GreekSeq>2</GreekSeq></word><word seq="4">strange<GreekSeq>3</GreekSeq></word><word seq="5">concerning the<GreekSeq>4</GreekSeq></word><word seq="6">fiery trial<GreekSeq>7</GreekSeq></word><word seq="7">among<GreekSeq>5</GreekSeq></word><word seq="8">you,<GreekSeq>6</GreekSeq></word><word seq="9">which cometh<GreekSeq>11</GreekSeq></word><word seq="10">upon you</word><word seq="11">to prove<GreekSeq>8</GreekSeq><GreekSeq>9</GreekSeq></word><word seq="12">you,<GreekSeq>10</GreekSeq></word><word seq="13">as<GreekSeq>12</GreekSeq></word><word seq="14">though</word><word seq="15">a strange<GreekSeq>13</GreekSeq></word><word seq="16">thing happened<GreekSeq>15</GreekSeq></word><word seq="17">unto you:<GreekSeq>14</GreekSeq></word></ASV></verse>
<verse number="13"><ASV><word seq="1">but<GreekSeq>1</GreekSeq></word><word seq="2">insomuch as<GreekSeq>2</GreekSeq></word><word seq="3">ye are partakers of<GreekSeq>3</GreekSeq></word><word seq="4">Christ’s<GreekSeq>6</GreekSeq></word><word seq="5">sufferings,<GreekSeq>7</GreekSeq></word><word seq="6">rejoice;<GreekSeq>8</GreekSeq></word><word seq="7">that<GreekSeq>9</GreekSeq></word><word seq="8">at<GreekSeq>11</GreekSeq></word><word seq="9">the<GreekSeq>12</GreekSeq></word><word seq="10">revelation<GreekSeq>13</GreekSeq></word><word seq="11">of<GreekSeq>15</GreekSeq></word><word seq="12">his<GreekSeq>16</GreekSeq></word><word seq="13">glory<GreekSeq>15</GreekSeq></word><word seq="14">also<GreekSeq>10</GreekSeq></word><word seq="15">ye may rejoice<GreekSeq>17</GreekSeq></word><word seq="16">with exceeding joy.<GreekSeq>18</GreekSeq></word></ASV></verse>
<verse number="14"><ASV><word seq="1">If<GreekSeq>1</GreekSeq></word><word seq="2">ye are reproached<GreekSeq>2</GreekSeq></word><word seq="3">for<GreekSeq>3</GreekSeq></word><word seq="4">the name<GreekSeq>4</GreekSeq></word><word seq="5">of Christ,<GreekSeq>5</GreekSeq></word><word seq="6">blessed<GreekSeq>6</GreekSeq></word><word seq="7">are ye;</word><word seq="8">because<GreekSeq>7</GreekSeq></word><word seq="9">the [Spirit]<GreekSeq>8</GreekSeq></word><word seq="10">of glory<GreekSeq>10</GreekSeq></word><word seq="11">and<GreekSeq>11</GreekSeq></word><word seq="12">the<GreekSeq>12</GreekSeq></word><word seq="13">Spirit<GreekSeq>15</GreekSeq></word><word seq="14">of God<GreekSeq>14</GreekSeq></word><word seq="15">resteth<GreekSeq>18</GreekSeq></word><word seq="16">upon<GreekSeq>16</GreekSeq></word><word seq="17">you.<GreekSeq>17</GreekSeq></word></ASV></verse>
<verse number="15"><ASV><word seq="1">For<GreekSeq>2</GreekSeq></word><word seq="2">let<GreekSeq>5</GreekSeq></word><word seq="3">none<GreekSeq>1</GreekSeq><GreekSeq>3</GreekSeq></word><word seq="4">of you<GreekSeq>4</GreekSeq></word><word seq="5">suffer<GreekSeq>5</GreekSeq></word><word seq="6">as<GreekSeq>6</GreekSeq></word><word seq="7">a murderer,<GreekSeq>7</GreekSeq></word><word seq="8">or<GreekSeq>8</GreekSeq></word><word seq="9">a thief,<GreekSeq>9</GreekSeq></word><word seq="10">or<GreekSeq>10</GreekSeq></word><word seq="11">an evil-doer,<GreekSeq>11</GreekSeq></word><word seq="12">or<GreekSeq>12</GreekSeq></word><word seq="13">as<GreekSeq>13</GreekSeq></word><word seq="14">a meddler in other men’s matters:<GreekSeq>14</GreekSeq></word></ASV></verse>
<verse number="16"><ASV><word seq="1">but<GreekSeq>2</GreekSeq></word><word seq="2">if<GreekSeq>1</GreekSeq></word><word seq="3">a man suffer</word><word seq="4">as<GreekSeq>3</GreekSeq></word><word seq="5">a Christian,<GreekSeq>4</GreekSeq></word><word seq="6">let him<GreekSeq>6</GreekSeq></word><word seq="7">not<GreekSeq>5</GreekSeq></word><word seq="8">be ashamed;<GreekSeq>6</GreekSeq></word><word seq="9">but<GreekSeq>8</GreekSeq></word><word seq="10">let him glorify<GreekSeq>7</GreekSeq></word><word seq="11">God<GreekSeq>10</GreekSeq></word><word seq="12">in<GreekSeq>11</GreekSeq></word><word seq="13">this<GreekSeq>14</GreekSeq></word><word seq="14">name.<GreekSeq>13</GreekSeq></word></ASV></verse>
<verse number="17"><ASV><word seq="1">For<GreekSeq>1</GreekSeq></word><word seq="2">the<GreekSeq>2</GreekSeq></word><word seq="3">time<GreekSeq>3</GreekSeq></word><word seq="4">is come</word><word seq="5">for judgment<GreekSeq>7</GreekSeq></word><word seq="6">to begin<GreekSeq>5</GreekSeq></word><word seq="7">at<GreekSeq>8</GreekSeq></word><word seq="8">the<GreekSeq>9</GreekSeq></word><word seq="9">house<GreekSeq>10</GreekSeq></word><word seq="10">of God:<GreekSeq>12</GreekSeq></word><word seq="11">and<GreekSeq>14</GreekSeq></word><word seq="12">if<GreekSeq>13</GreekSeq></word><word seq="13">it begin</word><word seq="14">first<GreekSeq>15</GreekSeq></word><word seq="15">at<GreekSeq>16</GreekSeq></word><word seq="16">us,<GreekSeq>17</GreekSeq></word><word seq="17">what<GreekSeq>18</GreekSeq></word><word seq="18">shall be</word><word seq="19">the<GreekSeq>19</GreekSeq></word><word seq="20">end<GreekSeq>20</GreekSeq></word><word seq="21">of them<GreekSeq>21</GreekSeq></word><word seq="22">that obey not<GreekSeq>22</GreekSeq></word><word seq="23">the<GreekSeq>23</GreekSeq></word><word seq="24">gospel<GreekSeq>26</GreekSeq></word><word seq="25">of God?<GreekSeq>25</GreekSeq></word></ASV></verse>
<verse number="18"><ASV><word seq="1">And<GreekSeq>1</GreekSeq></word><word seq="2">if<GreekSeq>2</GreekSeq></word><word seq="3">the<GreekSeq>3</GreekSeq></word><word seq="4">righteous<GreekSeq>4</GreekSeq></word><word seq="5">is<GreekSeq>6</GreekSeq></word><word seq="6">scarcely<GreekSeq>5</GreekSeq></word><word seq="7">saved,<GreekSeq>6</GreekSeq></word><word seq="8">where<GreekSeq>11</GreekSeq></word><word seq="9">shall<GreekSeq>12</GreekSeq></word><word seq="10">the<GreekSeq>7</GreekSeq></word><word seq="11">ungodly<GreekSeq>8</GreekSeq></word><word seq="12">and<GreekSeq>9</GreekSeq></word><word seq="13">sinner<GreekSeq>10</GreekSeq></word><word seq="14">appear?<GreekSeq>12</GreekSeq></word></ASV></verse>
<verse number="19"><ASV><word seq="1">Wherefore<GreekSeq>1</GreekSeq></word><word seq="2">let<GreekSeq>12</GreekSeq></word><word seq="3">them<GreekSeq>3</GreekSeq></word><word seq="4">also<GreekSeq>2</GreekSeq></word><word seq="5">that suffer<GreekSeq>4</GreekSeq></word><word seq="6">according to<GreekSeq>5</GreekSeq></word><word seq="7">the<GreekSeq>6</GreekSeq></word><word seq="8">will<GreekSeq>7</GreekSeq></word><word seq="9">of God<GreekSeq>9</GreekSeq></word><word seq="10">commit<GreekSeq>12</GreekSeq></word><word seq="11">their<GreekSeq>15</GreekSeq></word><word seq="12">souls<GreekSeq>14</GreekSeq></word><word seq="13">in<GreekSeq>16</GreekSeq></word><word seq="14">well-doing<GreekSeq>17</GreekSeq></word><word seq="15">unto a faithful<GreekSeq>10</GreekSeq></word><word seq="16">Creator.<GreekSeq>11</GreekSeq></word></ASV></verse>
</chapter></book>