<?xml version="1.0" encoding="UTF-8" standalone="no"?><book><chapter number="1">
<verse number="1"><ASV><word seq="1">Paul,<GreekSeq>1</GreekSeq></word><word seq="2">an apostle<GreekSeq>2</GreekSeq></word><word seq="3">of Christ<GreekSeq>3</GreekSeq></word><word seq="4">Jesus<GreekSeq>4</GreekSeq></word><word seq="5">according to<GreekSeq>5</GreekSeq></word><word seq="6">the commandment<GreekSeq>6</GreekSeq></word><word seq="7">of God<GreekSeq>7</GreekSeq></word><word seq="8">our<GreekSeq>9</GreekSeq></word><word seq="9">Saviour,<GreekSeq>8</GreekSeq></word><word seq="10">and<GreekSeq>10</GreekSeq></word><word seq="11">Christ<GreekSeq>11</GreekSeq></word><word seq="12">Jesus<GreekSeq>12</GreekSeq></word><word seq="13">our<GreekSeq>15</GreekSeq></word><word seq="14">hope;<GreekSeq>14</GreekSeq></word></ASV></verse>
<verse number="2"><ASV><word seq="1">unto Timothy,<GreekSeq>1</GreekSeq></word><word seq="2">my</word><word seq="3">true<GreekSeq>2</GreekSeq></word><word seq="4">child<GreekSeq>3</GreekSeq></word><word seq="5">in<GreekSeq>4</GreekSeq></word><word seq="6">faith:<GreekSeq>5</GreekSeq></word><word seq="7">Grace,<GreekSeq>6</GreekSeq></word><word seq="8">mercy,<GreekSeq>7</GreekSeq></word><word seq="9">peace,<GreekSeq>8</GreekSeq></word><word seq="10">from<GreekSeq>9</GreekSeq></word><word seq="11">God<GreekSeq>10</GreekSeq></word><word seq="12">the Father<GreekSeq>11</GreekSeq></word><word seq="13">and<GreekSeq>12</GreekSeq></word><word seq="14">Christ<GreekSeq>13</GreekSeq></word><word seq="15">Jesus<GreekSeq>14</GreekSeq></word><word seq="16">our<GreekSeq>17</GreekSeq></word><word seq="17">Lord.<GreekSeq>16</GreekSeq></word></ASV></verse>
<verse number="3"><ASV><word seq="1">As<GreekSeq>1</GreekSeq></word><word seq="2">I exhorted<GreekSeq>2</GreekSeq></word><word seq="3">thee<GreekSeq>3</GreekSeq></word><word seq="4">to tarry<GreekSeq>4</GreekSeq></word><word seq="5">at<GreekSeq>5</GreekSeq></word><word seq="6">Ephesus,<GreekSeq>6</GreekSeq></word><word seq="7">when [I] was going<GreekSeq>7</GreekSeq></word><word seq="8">into<GreekSeq>8</GreekSeq></word><word seq="9">Macedonia,<GreekSeq>9</GreekSeq></word><word seq="10">that<GreekSeq>10</GreekSeq></word><word seq="11">thou mightest charge<GreekSeq>11</GreekSeq></word><word seq="12">certain men<GreekSeq>12</GreekSeq></word><word seq="13">not<GreekSeq>13</GreekSeq></word><word seq="14">to teach a different doctrine,<GreekSeq>14</GreekSeq></word></ASV></verse>
<verse number="4"><ASV><word seq="1">neither<GreekSeq>1</GreekSeq></word><word seq="2">to give heed<GreekSeq>2</GreekSeq></word><word seq="3">to fables<GreekSeq>3</GreekSeq></word><word seq="4">and<GreekSeq>4</GreekSeq></word><word seq="5">endless<GreekSeq>6</GreekSeq></word><word seq="6">genealogies,<GreekSeq>5</GreekSeq></word><word seq="7">which<GreekSeq>7</GreekSeq></word><word seq="8">minister<GreekSeq>9</GreekSeq></word><word seq="9">questionings,<GreekSeq>8</GreekSeq></word><word seq="10">rather<GreekSeq>10</GreekSeq></word><word seq="11">than<GreekSeq>11</GreekSeq></word><word seq="12">a dispensation<GreekSeq>12</GreekSeq></word><word seq="13">of God<GreekSeq>13</GreekSeq></word><word seq="14">which<GreekSeq>14</GreekSeq></word><word seq="15">is</word><word seq="16">in<GreekSeq>15</GreekSeq></word><word seq="17">faith;<GreekSeq>16</GreekSeq></word><word seq="18">so do I now.</word></ASV></verse>
<verse number="5"><ASV><word seq="1">But<GreekSeq>2</GreekSeq></word><word seq="2">the<GreekSeq>1</GreekSeq></word><word seq="3">end<GreekSeq>3</GreekSeq></word><word seq="4">of the<GreekSeq>4</GreekSeq></word><word seq="5">charge<GreekSeq>5</GreekSeq></word><word seq="6">is<GreekSeq>6</GreekSeq></word><word seq="7">love<GreekSeq>7</GreekSeq></word><word seq="8">out of<GreekSeq>8</GreekSeq></word><word seq="9">a pure<GreekSeq>9</GreekSeq></word><word seq="10">heart<GreekSeq>10</GreekSeq></word><word seq="11">and<GreekSeq>11</GreekSeq></word><word seq="12">a good<GreekSeq>13</GreekSeq></word><word seq="13">conscience<GreekSeq>12</GreekSeq></word><word seq="14">and<GreekSeq>14</GreekSeq></word><word seq="15">faith<GreekSeq>15</GreekSeq></word><word seq="16">unfeigned:<GreekSeq>16</GreekSeq></word></ASV></verse>
<verse number="6"><ASV><word seq="1">from which things<GreekSeq>1</GreekSeq></word><word seq="2">some<GreekSeq>2</GreekSeq></word><word seq="3">having swerved<GreekSeq>3</GreekSeq></word><word seq="4">have turned aside<GreekSeq>4</GreekSeq></word><word seq="5">unto<GreekSeq>5</GreekSeq></word><word seq="6">vain talking;<GreekSeq>6</GreekSeq></word></ASV></verse>
<verse number="7"><ASV><word seq="1">desiring<GreekSeq>1</GreekSeq></word><word seq="2">to be<GreekSeq>2</GreekSeq></word><word seq="3">teachers of the law,<GreekSeq>3</GreekSeq></word><word seq="4">though<GreekSeq>4</GreekSeq></word><word seq="5">they understand<GreekSeq>5</GreekSeq></word><word seq="6">neither<GreekSeq>6</GreekSeq></word><word seq="7">what<GreekSeq>7</GreekSeq></word><word seq="8">they say,<GreekSeq>8</GreekSeq></word><word seq="9">nor<GreekSeq>9</GreekSeq></word><word seq="10">whereof<GreekSeq>10</GreekSeq><GreekSeq>11</GreekSeq></word><word seq="11">they confidently affirm.<GreekSeq>12</GreekSeq></word></ASV></verse>
<verse number="8"><ASV><word seq="1">But<GreekSeq>2</GreekSeq></word><word seq="2">we know<GreekSeq>1</GreekSeq></word><word seq="3">that<GreekSeq>3</GreekSeq></word><word seq="4">the<GreekSeq>5</GreekSeq></word><word seq="5">law<GreekSeq>6</GreekSeq></word><word seq="6">is</word><word seq="7">good,<GreekSeq>4</GreekSeq></word><word seq="8">if<GreekSeq>7</GreekSeq></word><word seq="9">a man<GreekSeq>8</GreekSeq></word><word seq="10">use<GreekSeq>11</GreekSeq></word><word seq="11">it<GreekSeq>9</GreekSeq></word><word seq="12">lawfully,<GreekSeq>10</GreekSeq></word></ASV></verse>
<verse number="9"><ASV><word seq="1">as knowing<GreekSeq>1</GreekSeq></word><word seq="2">this,<GreekSeq>2</GreekSeq></word><word seq="3">that<GreekSeq>3</GreekSeq></word><word seq="4">law<GreekSeq>5</GreekSeq></word><word seq="5">is<GreekSeq>7</GreekSeq></word><word seq="6">not<GreekSeq>6</GreekSeq></word><word seq="7">made<GreekSeq>7</GreekSeq></word><word seq="8">for a righteous man,<GreekSeq>4</GreekSeq></word><word seq="9">but<GreekSeq>9</GreekSeq></word><word seq="10">for the lawless<GreekSeq>8</GreekSeq></word><word seq="11">and<GreekSeq>10</GreekSeq></word><word seq="12">unruly,<GreekSeq>11</GreekSeq></word><word seq="13">for the ungodly<GreekSeq>12</GreekSeq></word><word seq="14">and<GreekSeq>13</GreekSeq></word><word seq="15">sinners,<GreekSeq>14</GreekSeq></word><word seq="16">for the unholy<GreekSeq>15</GreekSeq></word><word seq="17">and<GreekSeq>16</GreekSeq></word><word seq="18">profane,<GreekSeq>17</GreekSeq></word><word seq="19">for murderers of fathers<GreekSeq>18</GreekSeq></word><word seq="20">and<GreekSeq>19</GreekSeq></word><word seq="21">murderers of mothers,<GreekSeq>20</GreekSeq></word><word seq="22">for manslayers,<GreekSeq>21</GreekSeq></word></ASV></verse>
<verse number="10"><ASV><word seq="1">for fornicators,<GreekSeq>1</GreekSeq></word><word seq="2">for abusers of themselves with men,<GreekSeq>2</GreekSeq></word><word seq="3">for menstealers,<GreekSeq>3</GreekSeq></word><word seq="4">for liars,<GreekSeq>4</GreekSeq></word><word seq="5">for false swearers,<GreekSeq>5</GreekSeq></word><word seq="6">and<GreekSeq>6</GreekSeq></word><word seq="7">if<GreekSeq>7</GreekSeq></word><word seq="8">there be</word><word seq="9">any<GreekSeq>8</GreekSeq></word><word seq="10">other thing<GreekSeq>9</GreekSeq></word><word seq="11">contrary to<GreekSeq>13</GreekSeq></word><word seq="12">the<GreekSeq>10</GreekSeq></word><word seq="13">sound<GreekSeq>11</GreekSeq></word><word seq="14">doctrine;<GreekSeq>12</GreekSeq></word></ASV></verse>
<verse number="11"><ASV><word seq="1">according to<GreekSeq>1</GreekSeq></word><word seq="2">the<GreekSeq>2</GreekSeq></word><word seq="3">gospel<GreekSeq>3</GreekSeq></word><word seq="4">of the<GreekSeq>4</GreekSeq></word><word seq="5">glory<GreekSeq>5</GreekSeq></word><word seq="6">of the<GreekSeq>6</GreekSeq></word><word seq="7">blessed<GreekSeq>7</GreekSeq></word><word seq="8">God,<GreekSeq>8</GreekSeq></word><word seq="9">which<GreekSeq>9</GreekSeq></word><word seq="10">was committed to my trust.<GreekSeq>10</GreekSeq><GreekSeq>11</GreekSeq></word></ASV></verse>
<verse number="12"><ASV><word seq="1">I thank<GreekSeq>1</GreekSeq><GreekSeq>2</GreekSeq></word><word seq="2">him</word><word seq="3">that enabled<GreekSeq>4</GreekSeq></word><word seq="4">me,<GreekSeq>5</GreekSeq></word><word seq="5">even</word><word seq="6">Christ<GreekSeq>6</GreekSeq></word><word seq="7">Jesus<GreekSeq>7</GreekSeq></word><word seq="8">our<GreekSeq>10</GreekSeq></word><word seq="9">Lord,<GreekSeq>9</GreekSeq></word><word seq="10">for</word><word seq="11">that<GreekSeq>11</GreekSeq></word><word seq="12">he counted<GreekSeq>14</GreekSeq></word><word seq="13">me<GreekSeq>13</GreekSeq></word><word seq="14">faithful,<GreekSeq>12</GreekSeq></word><word seq="15">appointing<GreekSeq>15</GreekSeq></word><word seq="16">me</word><word seq="17">to<GreekSeq>16</GreekSeq></word><word seq="18">his</word><word seq="19">service;<GreekSeq>17</GreekSeq></word></ASV></verse>
<verse number="13"><ASV><word seq="1">though</word><word seq="2">I was<GreekSeq>3</GreekSeq></word><word seq="3">before<GreekSeq>2</GreekSeq></word><word seq="4">a blasphemer,<GreekSeq>4</GreekSeq></word><word seq="5">and<GreekSeq>5</GreekSeq></word><word seq="6">a persecutor,<GreekSeq>6</GreekSeq></word><word seq="7">and<GreekSeq>7</GreekSeq></word><word seq="8">injurious:<GreekSeq>8</GreekSeq></word><word seq="9">howbeit<GreekSeq>9</GreekSeq></word><word seq="10">I obtained mercy,<GreekSeq>10</GreekSeq></word><word seq="11">because<GreekSeq>11</GreekSeq></word><word seq="12">I did<GreekSeq>13</GreekSeq></word><word seq="13">it</word><word seq="14">ignorantly<GreekSeq>12</GreekSeq></word><word seq="15">in<GreekSeq>14</GreekSeq></word><word seq="16">unbelief;<GreekSeq>15</GreekSeq></word></ASV></verse>
<verse number="14"><ASV><word seq="1">and<GreekSeq>2</GreekSeq></word><word seq="2">the<GreekSeq>3</GreekSeq></word><word seq="3">grace<GreekSeq>4</GreekSeq></word><word seq="4">of<GreekSeq>6</GreekSeq></word><word seq="5">our<GreekSeq>7</GreekSeq></word><word seq="6">Lord<GreekSeq>6</GreekSeq></word><word seq="7">abounded exceedingly<GreekSeq>1</GreekSeq></word><word seq="8">with<GreekSeq>8</GreekSeq></word><word seq="9">faith<GreekSeq>9</GreekSeq></word><word seq="10">and<GreekSeq>10</GreekSeq></word><word seq="11">love<GreekSeq>11</GreekSeq></word><word seq="12">which<GreekSeq>12</GreekSeq></word><word seq="13">is</word><word seq="14">in<GreekSeq>13</GreekSeq></word><word seq="15">Christ<GreekSeq>14</GreekSeq></word><word seq="16">Jesus.<GreekSeq>15</GreekSeq></word></ASV></verse>
<verse number="15"><ASV><word seq="1">Faithful<GreekSeq>1</GreekSeq></word><word seq="2">is</word><word seq="3">the<GreekSeq>2</GreekSeq></word><word seq="4">saying,<GreekSeq>3</GreekSeq></word><word seq="5">and<GreekSeq>4</GreekSeq></word><word seq="6">worthy<GreekSeq>7</GreekSeq></word><word seq="7">of all<GreekSeq>5</GreekSeq></word><word seq="8">acceptation,<GreekSeq>6</GreekSeq></word><word seq="9">that<GreekSeq>8</GreekSeq></word><word seq="10">Christ<GreekSeq>9</GreekSeq></word><word seq="11">Jesus<GreekSeq>10</GreekSeq></word><word seq="12">came<GreekSeq>11</GreekSeq></word><word seq="13">into<GreekSeq>12</GreekSeq></word><word seq="14">the<GreekSeq>13</GreekSeq></word><word seq="15">world<GreekSeq>14</GreekSeq></word><word seq="16">to save<GreekSeq>16</GreekSeq></word><word seq="17">sinners;<GreekSeq>15</GreekSeq></word><word seq="18">of whom<GreekSeq>17</GreekSeq></word><word seq="19">I<GreekSeq>20</GreekSeq></word><word seq="20">am<GreekSeq>19</GreekSeq></word><word seq="21">chief:<GreekSeq>18</GreekSeq></word></ASV></verse>
<verse number="16"><ASV><word seq="1">howbeit<GreekSeq>1</GreekSeq></word><word seq="2">for<GreekSeq>2</GreekSeq></word><word seq="3">this<GreekSeq>3</GreekSeq></word><word seq="4">cause<GreekSeq>2</GreekSeq></word><word seq="5">I obtained mercy,<GreekSeq>4</GreekSeq></word><word seq="6">that<GreekSeq>5</GreekSeq></word><word seq="7">in<GreekSeq>6</GreekSeq></word><word seq="8">me<GreekSeq>7</GreekSeq></word><word seq="9">as chief<GreekSeq>8</GreekSeq></word><word seq="10">might<GreekSeq>9</GreekSeq></word><word seq="11">Jesus<GreekSeq>11</GreekSeq></word><word seq="12">Christ<GreekSeq>10</GreekSeq></word><word seq="13">show forth<GreekSeq>9</GreekSeq></word><word seq="14">all<GreekSeq>13</GreekSeq></word><word seq="15">his</word><word seq="16">longsuffering,<GreekSeq>14</GreekSeq></word><word seq="17">for<GreekSeq>15</GreekSeq></word><word seq="18">an ensample<GreekSeq>16</GreekSeq></word><word seq="19">of them<GreekSeq>17</GreekSeq></word><word seq="20">that should thereafter<GreekSeq>18</GreekSeq></word><word seq="21">believe<GreekSeq>19</GreekSeq></word><word seq="22">on<GreekSeq>20</GreekSeq></word><word seq="23">him<GreekSeq>21</GreekSeq></word><word seq="24">unto<GreekSeq>22</GreekSeq></word><word seq="25">eternal<GreekSeq>24</GreekSeq></word><word seq="26">life.<GreekSeq>23</GreekSeq></word></ASV></verse>
<verse number="17"><ASV><word seq="1">Now<GreekSeq>2</GreekSeq></word><word seq="2">unto the<GreekSeq>1</GreekSeq></word><word seq="3">King<GreekSeq>3</GreekSeq></word><word seq="4">eternal,<GreekSeq>5</GreekSeq></word><word seq="5">immortal,<GreekSeq>6</GreekSeq></word><word seq="6">invisible,<GreekSeq>7</GreekSeq></word><word seq="7">the</word><word seq="8">only<GreekSeq>8</GreekSeq></word><word seq="9">God,<GreekSeq>9</GreekSeq></word><word seq="10">be</word><word seq="11">honor<GreekSeq>10</GreekSeq></word><word seq="12">and<GreekSeq>11</GreekSeq></word><word seq="13">glory<GreekSeq>12</GreekSeq></word><word seq="14">for<GreekSeq>13</GreekSeq></word><word seq="15">ever<GreekSeq>15</GreekSeq></word><word seq="16">and</word><word seq="17">ever.<GreekSeq>17</GreekSeq></word><word seq="18">Amen.<GreekSeq>18</GreekSeq></word></ASV></verse>
<verse number="18"><ASV><word seq="1">This<GreekSeq>1</GreekSeq></word><word seq="2">charge<GreekSeq>3</GreekSeq></word><word seq="3">I commit<GreekSeq>4</GreekSeq></word><word seq="4">unto thee,<GreekSeq>5</GreekSeq></word><word seq="5">my</word><word seq="6">child<GreekSeq>6</GreekSeq></word><word seq="7">Timothy,<GreekSeq>7</GreekSeq></word><word seq="8">according to<GreekSeq>8</GreekSeq></word><word seq="9">the<GreekSeq>9</GreekSeq></word><word seq="10">prophecies<GreekSeq>13</GreekSeq></word><word seq="11">which led the way<GreekSeq>10</GreekSeq></word><word seq="12">to<GreekSeq>11</GreekSeq></word><word seq="13">thee,<GreekSeq>12</GreekSeq></word><word seq="14">that<GreekSeq>14</GreekSeq></word><word seq="15">by<GreekSeq>16</GreekSeq></word><word seq="16">them<GreekSeq>17</GreekSeq></word><word seq="17">thou mayest war<GreekSeq>15</GreekSeq></word><word seq="18">the<GreekSeq>18</GreekSeq></word><word seq="19">good<GreekSeq>19</GreekSeq></word><word seq="20">warfare;<GreekSeq>20</GreekSeq></word></ASV></verse>
<verse number="19"><ASV><word seq="1">holding<GreekSeq>1</GreekSeq></word><word seq="2">faith<GreekSeq>2</GreekSeq></word><word seq="3">and<GreekSeq>3</GreekSeq></word><word seq="4">a good<GreekSeq>4</GreekSeq></word><word seq="5">conscience;<GreekSeq>5</GreekSeq></word><word seq="6">which<GreekSeq>6</GreekSeq></word><word seq="7">some<GreekSeq>7</GreekSeq></word><word seq="8">having thrust from them<GreekSeq>8</GreekSeq></word><word seq="9">made shipwreck<GreekSeq>12</GreekSeq></word><word seq="10">concerning<GreekSeq>9</GreekSeq></word><word seq="11">the<GreekSeq>10</GreekSeq></word><word seq="12">faith:<GreekSeq>11</GreekSeq></word></ASV></verse>
<verse number="20"><ASV><word seq="1">of whom<GreekSeq>1</GreekSeq></word><word seq="2">is<GreekSeq>2</GreekSeq></word><word seq="3">Hymenaeus<GreekSeq>3</GreekSeq></word><word seq="4">and<GreekSeq>4</GreekSeq></word><word seq="5">Alexander;<GreekSeq>5</GreekSeq></word><word seq="6">whom<GreekSeq>6</GreekSeq></word><word seq="7">I delivered<GreekSeq>7</GreekSeq></word><word seq="8">unto Satan,<GreekSeq>9</GreekSeq></word><word seq="9">that<GreekSeq>10</GreekSeq></word><word seq="10">they might be taught<GreekSeq>11</GreekSeq></word><word seq="11">not<GreekSeq>12</GreekSeq></word><word seq="12">to blaspheme.<GreekSeq>13</GreekSeq></word></ASV></verse>
</chapter></book>