<?xml version="1.0" encoding="UTF-8" standalone="no"?><book><chapter number="6">
<verse number="1"><ASV><word seq="1">Let<GreekSeq>12</GreekSeq></word><word seq="2">as many as<GreekSeq>1</GreekSeq></word><word seq="3">are<GreekSeq>2</GreekSeq></word><word seq="4">servants<GreekSeq>5</GreekSeq></word><word seq="5">under<GreekSeq>3</GreekSeq></word><word seq="6">the yoke<GreekSeq>4</GreekSeq></word><word seq="7">count<GreekSeq>12</GreekSeq></word><word seq="8">their own<GreekSeq>7</GreekSeq></word><word seq="9">masters<GreekSeq>8</GreekSeq></word><word seq="10">worthy<GreekSeq>11</GreekSeq></word><word seq="11">of all<GreekSeq>9</GreekSeq></word><word seq="12">honor,<GreekSeq>10</GreekSeq></word><word seq="13">that<GreekSeq>13</GreekSeq></word><word seq="14">the<GreekSeq>15</GreekSeq></word><word seq="15">name<GreekSeq>16</GreekSeq></word><word seq="16">of God<GreekSeq>18</GreekSeq></word><word seq="17">and<GreekSeq>19</GreekSeq></word><word seq="18">the<GreekSeq>20</GreekSeq></word><word seq="19">doctrine<GreekSeq>21</GreekSeq></word><word seq="20">be<GreekSeq>22</GreekSeq></word><word seq="21">not<GreekSeq>14</GreekSeq></word><word seq="22">blasphemed.<GreekSeq>22</GreekSeq></word></ASV></verse>
<verse number="2"><ASV><word seq="1">And<GreekSeq>2</GreekSeq></word><word seq="2">they<GreekSeq>1</GreekSeq></word><word seq="3">that have<GreekSeq>4</GreekSeq></word><word seq="4">believing<GreekSeq>3</GreekSeq></word><word seq="5">masters,<GreekSeq>5</GreekSeq></word><word seq="6">let them<GreekSeq>7</GreekSeq></word><word seq="7">not<GreekSeq>6</GreekSeq></word><word seq="8">despise<GreekSeq>7</GreekSeq></word><word seq="9">them,</word><word seq="10">because<GreekSeq>8</GreekSeq></word><word seq="11">they are<GreekSeq>10</GreekSeq></word><word seq="12">brethren;<GreekSeq>9</GreekSeq></word><word seq="13">but<GreekSeq>11</GreekSeq></word><word seq="14">let them serve<GreekSeq>13</GreekSeq></word><word seq="15">them the</word><word seq="16">rather,<GreekSeq>12</GreekSeq></word><word seq="17">because<GreekSeq>14</GreekSeq></word><word seq="18">they<GreekSeq>19</GreekSeq></word><word seq="19">that partake<GreekSeq>22</GreekSeq></word><word seq="20">of the<GreekSeq>20</GreekSeq></word><word seq="21">benefit<GreekSeq>21</GreekSeq></word><word seq="22">are<GreekSeq>16</GreekSeq></word><word seq="23">believing<GreekSeq>15</GreekSeq></word><word seq="24">and<GreekSeq>17</GreekSeq></word><word seq="25">beloved.<GreekSeq>18</GreekSeq></word><word seq="26">These things<GreekSeq>23</GreekSeq></word><word seq="27">teach<GreekSeq>24</GreekSeq></word><word seq="28">and<GreekSeq>25</GreekSeq></word><word seq="29">exhort.<GreekSeq>26</GreekSeq></word></ASV></verse>
<verse number="3"><ASV><word seq="1">If<GreekSeq>1</GreekSeq></word><word seq="2">any man<GreekSeq>2</GreekSeq></word><word seq="3">teacheth a different doctrine,<GreekSeq>3</GreekSeq></word><word seq="4">and<GreekSeq>4</GreekSeq></word><word seq="5">consenteth<GreekSeq>6</GreekSeq></word><word seq="6">not<GreekSeq>5</GreekSeq></word><word seq="7">to sound<GreekSeq>7</GreekSeq></word><word seq="8">words,<GreekSeq>8</GreekSeq></word><word seq="9">even</word><word seq="10">the [words]<GreekSeq>9</GreekSeq></word><word seq="11">of<GreekSeq>11</GreekSeq></word><word seq="12">our<GreekSeq>12</GreekSeq></word><word seq="13">Lord<GreekSeq>11</GreekSeq></word><word seq="14">Jesus<GreekSeq>13</GreekSeq></word><word seq="15">Christ,<GreekSeq>14</GreekSeq></word><word seq="16">and<GreekSeq>15</GreekSeq></word><word seq="17">to the<GreekSeq>16</GreekSeq></word><word seq="18">doctrine<GreekSeq>19</GreekSeq></word><word seq="19">which is</word><word seq="20">according to<GreekSeq>17</GreekSeq></word><word seq="21">godliness;<GreekSeq>18</GreekSeq></word></ASV></verse>
<verse number="4"><ASV><word seq="1">he is puffed up,<GreekSeq>1</GreekSeq></word><word seq="2">knowing<GreekSeq>3</GreekSeq></word><word seq="3">nothing,<GreekSeq>2</GreekSeq></word><word seq="4">but<GreekSeq>4</GreekSeq></word><word seq="5">doting<GreekSeq>5</GreekSeq></word><word seq="6">about<GreekSeq>6</GreekSeq></word><word seq="7">questionings<GreekSeq>7</GreekSeq></word><word seq="8">and<GreekSeq>8</GreekSeq></word><word seq="9">disputes of words,<GreekSeq>9</GreekSeq></word><word seq="10">whereof<GreekSeq>10</GreekSeq><GreekSeq>11</GreekSeq></word><word seq="11">cometh<GreekSeq>12</GreekSeq></word><word seq="12">envy,<GreekSeq>13</GreekSeq></word><word seq="13">strife,<GreekSeq>14</GreekSeq></word><word seq="14">railings,<GreekSeq>15</GreekSeq></word><word seq="15">evil<GreekSeq>17</GreekSeq></word><word seq="16">surmisings,<GreekSeq>16</GreekSeq></word></ASV></verse>
<verse number="5"><ASV><word seq="1">wranglings<GreekSeq>1</GreekSeq></word><word seq="2">of men<GreekSeq>3</GreekSeq></word><word seq="3">corrupted in<GreekSeq>2</GreekSeq></word><word seq="4">mind<GreekSeq>5</GreekSeq></word><word seq="5">and<GreekSeq>6</GreekSeq></word><word seq="6">bereft<GreekSeq>7</GreekSeq></word><word seq="7">of the<GreekSeq>8</GreekSeq></word><word seq="8">truth,<GreekSeq>9</GreekSeq></word><word seq="9">supposing<GreekSeq>10</GreekSeq></word><word seq="10">that<GreekSeq>13</GreekSeq></word><word seq="11">godliness<GreekSeq>14</GreekSeq></word><word seq="12">is<GreekSeq>12</GreekSeq></word><word seq="13">a way of gain.<GreekSeq>11</GreekSeq></word></ASV></verse>
<verse number="6"><ASV><word seq="1">But<GreekSeq>2</GreekSeq></word><word seq="2">godliness<GreekSeq>6</GreekSeq></word><word seq="3">with<GreekSeq>7</GreekSeq></word><word seq="4">contentment<GreekSeq>8</GreekSeq></word><word seq="5">is<GreekSeq>1</GreekSeq></word><word seq="6">great<GreekSeq>4</GreekSeq></word><word seq="7">gain:<GreekSeq>3</GreekSeq></word></ASV></verse>
<verse number="7"><ASV><word seq="1">for<GreekSeq>2</GreekSeq></word><word seq="2">we brought<GreekSeq>3</GreekSeq></word><word seq="3">nothing<GreekSeq>1</GreekSeq></word><word seq="4">into<GreekSeq>4</GreekSeq></word><word seq="5">the<GreekSeq>5</GreekSeq></word><word seq="6">world,<GreekSeq>6</GreekSeq></word><word seq="7">for<GreekSeq>7</GreekSeq></word><word seq="8">neither<GreekSeq>8</GreekSeq></word><word seq="9">can we<GreekSeq>11</GreekSeq></word><word seq="10">carry<GreekSeq>9</GreekSeq></word><word seq="11">anything<GreekSeq>10</GreekSeq></word><word seq="12">out;<GreekSeq>9</GreekSeq></word></ASV></verse>
<verse number="8"><ASV><word seq="1">but<GreekSeq>2</GreekSeq></word><word seq="2">having<GreekSeq>1</GreekSeq></word><word seq="3">food<GreekSeq>3</GreekSeq></word><word seq="4">and<GreekSeq>4</GreekSeq></word><word seq="5">covering<GreekSeq>5</GreekSeq></word><word seq="6">we shall be<GreekSeq>7</GreekSeq></word><word seq="7">therewith<GreekSeq>6</GreekSeq></word><word seq="8">content.<GreekSeq>7</GreekSeq></word></ASV></verse>
<verse number="9"><ASV><word seq="1">But<GreekSeq>2</GreekSeq></word><word seq="2">they<GreekSeq>1</GreekSeq></word><word seq="3">that are minded<GreekSeq>3</GreekSeq></word><word seq="4">to be rich<GreekSeq>4</GreekSeq></word><word seq="5">fall<GreekSeq>5</GreekSeq></word><word seq="6">into<GreekSeq>6</GreekSeq></word><word seq="7">a temptation<GreekSeq>7</GreekSeq></word><word seq="8">and<GreekSeq>8</GreekSeq></word><word seq="9">a snare<GreekSeq>9</GreekSeq></word><word seq="10">and<GreekSeq>10</GreekSeq></word><word seq="11">many<GreekSeq>12</GreekSeq></word><word seq="12">foolish<GreekSeq>13</GreekSeq></word><word seq="13">and<GreekSeq>14</GreekSeq></word><word seq="14">hurtful<GreekSeq>15</GreekSeq></word><word seq="15">lusts,<GreekSeq>11</GreekSeq></word><word seq="16">such as<GreekSeq>16</GreekSeq></word><word seq="17">drown<GreekSeq>17</GreekSeq></word><word seq="18">men<GreekSeq>19</GreekSeq></word><word seq="19">in<GreekSeq>20</GreekSeq></word><word seq="20">destruction<GreekSeq>21</GreekSeq></word><word seq="21">and<GreekSeq>22</GreekSeq></word><word seq="22">perdition.<GreekSeq>23</GreekSeq></word></ASV></verse>
<verse number="10"><ASV><word seq="1">For<GreekSeq>2</GreekSeq></word><word seq="2">the<GreekSeq>7</GreekSeq></word><word seq="3">love of money<GreekSeq>8</GreekSeq></word><word seq="4">is<GreekSeq>6</GreekSeq></word><word seq="5">a root<GreekSeq>1</GreekSeq></word><word seq="6">of all [kinds]<GreekSeq>3</GreekSeq></word><word seq="7">of evil:<GreekSeq>5</GreekSeq></word><word seq="8">which<GreekSeq>9</GreekSeq></word><word seq="9">some<GreekSeq>10</GreekSeq></word><word seq="10">reaching after<GreekSeq>11</GreekSeq></word><word seq="11">have been led astray<GreekSeq>12</GreekSeq></word><word seq="12">from<GreekSeq>13</GreekSeq></word><word seq="13">the<GreekSeq>14</GreekSeq></word><word seq="14">faith,<GreekSeq>15</GreekSeq></word><word seq="15">and<GreekSeq>16</GreekSeq></word><word seq="16">have pierced<GreekSeq>18</GreekSeq></word><word seq="17">themselves<GreekSeq>17</GreekSeq></word><word seq="18">through<GreekSeq>18</GreekSeq></word><word seq="19">with many<GreekSeq>20</GreekSeq></word><word seq="20">sorrows.<GreekSeq>19</GreekSeq></word></ASV></verse>
<verse number="11"><ASV><word seq="1">But<GreekSeq>2</GreekSeq></word><word seq="2">thou,<GreekSeq>1</GreekSeq></word><word seq="3">O<GreekSeq>3</GreekSeq></word><word seq="4">man<GreekSeq>4</GreekSeq></word><word seq="5">of God,<GreekSeq>5</GreekSeq></word><word seq="6">flee<GreekSeq>7</GreekSeq></word><word seq="7">these things;<GreekSeq>6</GreekSeq></word><word seq="8">and<GreekSeq>9</GreekSeq></word><word seq="9">follow after<GreekSeq>8</GreekSeq></word><word seq="10">righteousness,<GreekSeq>10</GreekSeq></word><word seq="11">godliness,<GreekSeq>11</GreekSeq></word><word seq="12">faith,<GreekSeq>12</GreekSeq></word><word seq="13">love,<GreekSeq>13</GreekSeq></word><word seq="14">patience,<GreekSeq>14</GreekSeq></word><word seq="15">meekness.<GreekSeq>15</GreekSeq></word></ASV></verse>
<verse number="12"><ASV><word seq="1">Fight<GreekSeq>1</GreekSeq></word><word seq="2">the<GreekSeq>2</GreekSeq></word><word seq="3">good<GreekSeq>3</GreekSeq></word><word seq="4">fight<GreekSeq>4</GreekSeq></word><word seq="5">of the<GreekSeq>5</GreekSeq></word><word seq="6">faith,<GreekSeq>6</GreekSeq></word><word seq="7">lay hold on<GreekSeq>7</GreekSeq></word><word seq="8">the<GreekSeq>8</GreekSeq></word><word seq="9">life<GreekSeq>10</GreekSeq></word><word seq="10">eternal,<GreekSeq>9</GreekSeq></word><word seq="11">whereunto<GreekSeq>11</GreekSeq><GreekSeq>12</GreekSeq></word><word seq="12">thou wast called,<GreekSeq>13</GreekSeq></word><word seq="13">and<GreekSeq>14</GreekSeq></word><word seq="14">didst confess<GreekSeq>15</GreekSeq></word><word seq="15">the<GreekSeq>16</GreekSeq></word><word seq="16">good<GreekSeq>17</GreekSeq></word><word seq="17">confession<GreekSeq>18</GreekSeq></word><word seq="18">in the sight of<GreekSeq>19</GreekSeq></word><word seq="19">many<GreekSeq>20</GreekSeq></word><word seq="20">witnesses.<GreekSeq>21</GreekSeq></word></ASV></verse>
<verse number="13"><ASV><word seq="1">I charge<GreekSeq>1</GreekSeq></word><word seq="2">thee<GreekSeq>2</GreekSeq></word><word seq="3">in the sight of<GreekSeq>3</GreekSeq></word><word seq="4">God,<GreekSeq>5</GreekSeq></word><word seq="5">who giveth life<GreekSeq>7</GreekSeq></word><word seq="6">to all things,<GreekSeq>8</GreekSeq><GreekSeq>9</GreekSeq></word><word seq="7">and<GreekSeq>10</GreekSeq></word><word seq="8">of Christ<GreekSeq>11</GreekSeq></word><word seq="9">Jesus,<GreekSeq>12</GreekSeq></word><word seq="10">who<GreekSeq>14</GreekSeq></word><word seq="11">before<GreekSeq>15</GreekSeq></word><word seq="12">Pontius<GreekSeq>16</GreekSeq></word><word seq="13">Pilate<GreekSeq>17</GreekSeq></word><word seq="14">witnessed<GreekSeq>14</GreekSeq></word><word seq="15">the<GreekSeq>18</GreekSeq></word><word seq="16">good<GreekSeq>19</GreekSeq></word><word seq="17">confession;<GreekSeq>20</GreekSeq></word></ASV></verse>
<verse number="14"><ASV><word seq="1">that<GreekSeq>1</GreekSeq></word><word seq="2">thou<GreekSeq>2</GreekSeq></word><word seq="3">keep<GreekSeq>1</GreekSeq></word><word seq="4">the<GreekSeq>3</GreekSeq></word><word seq="5">commandment,<GreekSeq>4</GreekSeq></word><word seq="6">without spot,<GreekSeq>5</GreekSeq></word><word seq="7">without reproach,<GreekSeq>6</GreekSeq></word><word seq="8">until<GreekSeq>7</GreekSeq></word><word seq="9">the<GreekSeq>8</GreekSeq></word><word seq="10">appearing of<GreekSeq>9</GreekSeq></word><word seq="11">our<GreekSeq>12</GreekSeq></word><word seq="12">Lord<GreekSeq>11</GreekSeq></word><word seq="13">Jesus<GreekSeq>13</GreekSeq></word><word seq="14">Christ:<GreekSeq>14</GreekSeq></word></ASV></verse>
<verse number="15"><ASV><word seq="1">which<GreekSeq>1</GreekSeq></word><word seq="2">in its own<GreekSeq>3</GreekSeq></word><word seq="3">times<GreekSeq>2</GreekSeq></word><word seq="4">he shall show,<GreekSeq>4</GreekSeq></word><word seq="5">who is</word><word seq="6">the<GreekSeq>5</GreekSeq></word><word seq="7">blessed<GreekSeq>6</GreekSeq></word><word seq="8">and<GreekSeq>7</GreekSeq></word><word seq="9">only<GreekSeq>8</GreekSeq></word><word seq="10">Potentate,<GreekSeq>9</GreekSeq></word><word seq="11">the<GreekSeq>10</GreekSeq></word><word seq="12">King<GreekSeq>11</GreekSeq></word><word seq="13">of kings,<GreekSeq>13</GreekSeq></word><word seq="14">and<GreekSeq>14</GreekSeq></word><word seq="15">Lord<GreekSeq>15</GreekSeq></word><word seq="16">of lords;<GreekSeq>17</GreekSeq></word></ASV></verse>
<verse number="16"><ASV><word seq="1">who<GreekSeq>3</GreekSeq></word><word seq="2">only<GreekSeq>2</GreekSeq></word><word seq="3">hath<GreekSeq>3</GreekSeq></word><word seq="4">immortality,<GreekSeq>4</GreekSeq></word><word seq="5">dwelling in<GreekSeq>6</GreekSeq></word><word seq="6">light<GreekSeq>5</GreekSeq></word><word seq="7">unapproachable;<GreekSeq>7</GreekSeq></word><word seq="8">whom<GreekSeq>8</GreekSeq></word><word seq="9">no<GreekSeq>10</GreekSeq></word><word seq="10">man<GreekSeq>11</GreekSeq></word><word seq="11">hath seen,<GreekSeq>9</GreekSeq></word><word seq="12">nor<GreekSeq>12</GreekSeq></word><word seq="13">can<GreekSeq>14</GreekSeq></word><word seq="14">see:<GreekSeq>13</GreekSeq></word><word seq="15">to whom<GreekSeq>15</GreekSeq></word><word seq="16">be</word><word seq="17">honor<GreekSeq>16</GreekSeq></word><word seq="18">and<GreekSeq>17</GreekSeq></word><word seq="19">power<GreekSeq>18</GreekSeq></word><word seq="20">eternal.<GreekSeq>19</GreekSeq></word><word seq="21">Amen.<GreekSeq>20</GreekSeq></word></ASV></verse>
<verse number="17"><ASV><word seq="1">Charge<GreekSeq>7</GreekSeq></word><word seq="2">them<GreekSeq>1</GreekSeq></word><word seq="3">that are</word><word seq="4">rich<GreekSeq>2</GreekSeq></word><word seq="5">in<GreekSeq>3</GreekSeq></word><word seq="6">this present<GreekSeq>5</GreekSeq></word><word seq="7">world,<GreekSeq>6</GreekSeq></word><word seq="8">that they be</word><word seq="9">not<GreekSeq>8</GreekSeq></word><word seq="10">highminded,<GreekSeq>9</GreekSeq></word><word seq="11">nor<GreekSeq>10</GreekSeq></word><word seq="12">have their hope set<GreekSeq>11</GreekSeq></word><word seq="13">on<GreekSeq>12</GreekSeq></word><word seq="14">the uncertainty<GreekSeq>14</GreekSeq></word><word seq="15">of riches,<GreekSeq>13</GreekSeq></word><word seq="16">but<GreekSeq>15</GreekSeq></word><word seq="17">on<GreekSeq>16</GreekSeq></word><word seq="18">God,<GreekSeq>17</GreekSeq></word><word seq="19">who giveth<GreekSeq>19</GreekSeq></word><word seq="20">us<GreekSeq>20</GreekSeq></word><word seq="21">richly<GreekSeq>22</GreekSeq></word><word seq="22">all things<GreekSeq>21</GreekSeq></word><word seq="23">to<GreekSeq>23</GreekSeq></word><word seq="24">enjoy;<GreekSeq>24</GreekSeq></word></ASV></verse>
<verse number="18"><ASV><word seq="1">that they</word><word seq="2">do good,<GreekSeq>1</GreekSeq></word><word seq="3">that they</word><word seq="4">be rich<GreekSeq>2</GreekSeq></word><word seq="5">in<GreekSeq>3</GreekSeq></word><word seq="6">good<GreekSeq>5</GreekSeq></word><word seq="7">works,<GreekSeq>4</GreekSeq></word><word seq="8">that they</word><word seq="9">be<GreekSeq>7</GreekSeq></word><word seq="10">ready to distribute,<GreekSeq>6</GreekSeq></word><word seq="11">willing to communicate;<GreekSeq>8</GreekSeq></word></ASV></verse>
<verse number="19"><ASV><word seq="1">laying up in store<GreekSeq>1</GreekSeq></word><word seq="2">for themselves<GreekSeq>2</GreekSeq></word><word seq="3">a good<GreekSeq>4</GreekSeq></word><word seq="4">foundation<GreekSeq>3</GreekSeq></word><word seq="5">against<GreekSeq>5</GreekSeq></word><word seq="6">the<GreekSeq>6</GreekSeq></word><word seq="7">time to come,<GreekSeq>7</GreekSeq></word><word seq="8">that<GreekSeq>8</GreekSeq></word><word seq="9">they may lay hold on<GreekSeq>9</GreekSeq></word><word seq="10">the<GreekSeq>10</GreekSeq></word><word seq="11">life<GreekSeq>12</GreekSeq></word><word seq="12">which is life</word><word seq="13">indeed.<GreekSeq>11</GreekSeq></word></ASV></verse>
<verse number="20"><ASV><word seq="1">O<GreekSeq>1</GreekSeq></word><word seq="2">Timothy,<GreekSeq>2</GreekSeq></word><word seq="3">guard<GreekSeq>5</GreekSeq></word><word seq="4">that<GreekSeq>3</GreekSeq></word><word seq="5">which is</word><word seq="6">committed<GreekSeq>4</GreekSeq></word><word seq="7">unto thee,</word><word seq="8">turning away from<GreekSeq>6</GreekSeq></word><word seq="9">the<GreekSeq>7</GreekSeq></word><word seq="10">profane<GreekSeq>8</GreekSeq></word><word seq="11">babblings<GreekSeq>9</GreekSeq></word><word seq="12">and<GreekSeq>10</GreekSeq></word><word seq="13">oppositions<GreekSeq>11</GreekSeq></word><word seq="14">of the<GreekSeq>12</GreekSeq></word><word seq="15">knowledge<GreekSeq>14</GreekSeq></word><word seq="16">which is</word><word seq="17">falsely so called;<GreekSeq>13</GreekSeq></word></ASV></verse>
<verse number="21"><ASV><word seq="1">which<GreekSeq>1</GreekSeq></word><word seq="2">some<GreekSeq>2</GreekSeq></word><word seq="3">professing<GreekSeq>3</GreekSeq></word><word seq="4">have erred<GreekSeq>7</GreekSeq></word><word seq="5">concerning<GreekSeq>4</GreekSeq></word><word seq="6">the<GreekSeq>5</GreekSeq></word><word seq="7">faith.<GreekSeq>6</GreekSeq></word><word seq="8">Grace<GreekSeq>9</GreekSeq></word><word seq="9">be</word><word seq="10">with<GreekSeq>10</GreekSeq></word><word seq="11">you.<GreekSeq>11</GreekSeq></word></ASV></verse>
</chapter></book>