<?xml version="1.0" encoding="UTF-8" standalone="no"?><book><chapter number="6">
<verse number="1"><ASV><word seq="1">And<GreekSeq>2</GreekSeq></word><word seq="2">working together<GreekSeq>1</GreekSeq></word><word seq="3">with him</word><word seq="4">we entreat<GreekSeq>4</GreekSeq></word><word seq="5">also<GreekSeq>3</GreekSeq></word><word seq="6">that</word><word seq="7">ye<GreekSeq>13</GreekSeq></word><word seq="8">receive<GreekSeq>12</GreekSeq></word><word seq="9">not<GreekSeq>5</GreekSeq></word><word seq="10">the<GreekSeq>8</GreekSeq></word><word seq="11">grace<GreekSeq>9</GreekSeq></word><word seq="12">of God<GreekSeq>11</GreekSeq></word><word seq="13">in<GreekSeq>6</GreekSeq></word><word seq="14">vain<GreekSeq>7</GreekSeq></word></ASV></verse>
<verse number="2"><ASV><word seq="1">(for<GreekSeq>2</GreekSeq></word><word seq="2">he saith,<GreekSeq>1</GreekSeq></word><word seq="3">At an acceptable<GreekSeq>4</GreekSeq></word><word seq="4">time<GreekSeq>3</GreekSeq></word><word seq="5">I hearkened unto<GreekSeq>5</GreekSeq></word><word seq="6">thee,<GreekSeq>6</GreekSeq></word><word seq="7">And<GreekSeq>7</GreekSeq></word><word seq="8">in<GreekSeq>8</GreekSeq></word><word seq="9">a day<GreekSeq>9</GreekSeq></word><word seq="10">of salvation<GreekSeq>10</GreekSeq></word><word seq="11">did</word><word seq="12">I succor<GreekSeq>11</GreekSeq></word><word seq="13">thee:<GreekSeq>12</GreekSeq></word><word seq="14">behold,<GreekSeq>13</GreekSeq></word><word seq="15">now<GreekSeq>14</GreekSeq></word><word seq="16">is the</word><word seq="17">acceptable<GreekSeq>16</GreekSeq></word><word seq="18">time;<GreekSeq>15</GreekSeq></word><word seq="19">behold,<GreekSeq>17</GreekSeq></word><word seq="20">now<GreekSeq>18</GreekSeq></word><word seq="21">is</word><word seq="22">the day<GreekSeq>19</GreekSeq></word><word seq="23">of salvation):<GreekSeq>20</GreekSeq></word></ASV></verse>
<verse number="3"><ASV><word seq="1">giving<GreekSeq>4</GreekSeq></word><word seq="2">no occasion<GreekSeq>1</GreekSeq></word><word seq="3">of stumbling<GreekSeq>5</GreekSeq></word><word seq="4">in<GreekSeq>2</GreekSeq></word><word seq="5">anything,<GreekSeq>3</GreekSeq></word><word seq="6">that<GreekSeq>6</GreekSeq></word><word seq="7">our</word><word seq="8">ministration<GreekSeq>10</GreekSeq></word><word seq="9">be<GreekSeq>8</GreekSeq></word><word seq="10">not<GreekSeq>7</GreekSeq></word><word seq="11">blamed;<GreekSeq>8</GreekSeq></word></ASV></verse>
<verse number="4"><ASV><word seq="1">but<GreekSeq>1</GreekSeq></word><word seq="2">in<GreekSeq>2</GreekSeq></word><word seq="3">everything<GreekSeq>3</GreekSeq></word><word seq="4">commending<GreekSeq>4</GreekSeq></word><word seq="5">ourselves,<GreekSeq>5</GreekSeq></word><word seq="6">as<GreekSeq>6</GreekSeq></word><word seq="7">ministers<GreekSeq>8</GreekSeq></word><word seq="8">of God,<GreekSeq>7</GreekSeq></word><word seq="9">in<GreekSeq>9</GreekSeq></word><word seq="10">much<GreekSeq>11</GreekSeq></word><word seq="11">patience,<GreekSeq>10</GreekSeq></word><word seq="12">in<GreekSeq>12</GreekSeq></word><word seq="13">afflictions,<GreekSeq>13</GreekSeq></word><word seq="14">in<GreekSeq>14</GreekSeq></word><word seq="15">necessities,<GreekSeq>15</GreekSeq></word><word seq="16">in<GreekSeq>16</GreekSeq></word><word seq="17">distresses,<GreekSeq>17</GreekSeq></word></ASV></verse>
<verse number="5"><ASV><word seq="1">in<GreekSeq>1</GreekSeq></word><word seq="2">stripes,<GreekSeq>2</GreekSeq></word><word seq="3">in<GreekSeq>3</GreekSeq></word><word seq="4">imprisonments,<GreekSeq>4</GreekSeq></word><word seq="5">in<GreekSeq>5</GreekSeq></word><word seq="6">tumults,<GreekSeq>6</GreekSeq></word><word seq="7">in<GreekSeq>7</GreekSeq></word><word seq="8">labors,<GreekSeq>8</GreekSeq></word><word seq="9">in<GreekSeq>9</GreekSeq></word><word seq="10">watchings,<GreekSeq>10</GreekSeq></word><word seq="11">in<GreekSeq>11</GreekSeq></word><word seq="12">fastings;<GreekSeq>12</GreekSeq></word></ASV></verse>
<verse number="6"><ASV><word seq="1">in<GreekSeq>1</GreekSeq></word><word seq="2">pureness,<GreekSeq>2</GreekSeq></word><word seq="3">in<GreekSeq>3</GreekSeq></word><word seq="4">knowledge,<GreekSeq>4</GreekSeq></word><word seq="5">in<GreekSeq>5</GreekSeq></word><word seq="6">longsuffering,<GreekSeq>6</GreekSeq></word><word seq="7">in<GreekSeq>7</GreekSeq></word><word seq="8">kindness,<GreekSeq>8</GreekSeq></word><word seq="9">in<GreekSeq>9</GreekSeq></word><word seq="10">the</word><word seq="11">Holy<GreekSeq>11</GreekSeq></word><word seq="12">Spirit,<GreekSeq>10</GreekSeq></word><word seq="13">in<GreekSeq>12</GreekSeq></word><word seq="14">love<GreekSeq>13</GreekSeq></word><word seq="15">unfeigned,<GreekSeq>14</GreekSeq></word></ASV></verse>
<verse number="7"><ASV><word seq="1">in<GreekSeq>1</GreekSeq></word><word seq="2">the word<GreekSeq>2</GreekSeq></word><word seq="3">of truth,<GreekSeq>3</GreekSeq></word><word seq="4">in<GreekSeq>4</GreekSeq></word><word seq="5">the power<GreekSeq>5</GreekSeq></word><word seq="6">of God;<GreekSeq>6</GreekSeq></word><word seq="7">by<GreekSeq>7</GreekSeq></word><word seq="8">the<GreekSeq>8</GreekSeq></word><word seq="9">armor<GreekSeq>9</GreekSeq></word><word seq="10">of righteousness<GreekSeq>11</GreekSeq></word><word seq="11">on</word><word seq="12">the<GreekSeq>12</GreekSeq></word><word seq="13">right<GreekSeq>13</GreekSeq></word><word seq="14">hand</word><word seq="15">and<GreekSeq>14</GreekSeq></word><word seq="16">on the</word><word seq="17">left,<GreekSeq>15</GreekSeq></word></ASV></verse>
<verse number="8"><ASV><word seq="1">by<GreekSeq>1</GreekSeq></word><word seq="2">glory<GreekSeq>2</GreekSeq></word><word seq="3">and<GreekSeq>3</GreekSeq></word><word seq="4">dishonor,<GreekSeq>4</GreekSeq></word><word seq="5">by<GreekSeq>5</GreekSeq></word><word seq="6">evil report<GreekSeq>6</GreekSeq></word><word seq="7">and<GreekSeq>7</GreekSeq></word><word seq="8">good report;<GreekSeq>8</GreekSeq></word><word seq="9">as<GreekSeq>9</GreekSeq></word><word seq="10">deceivers,<GreekSeq>10</GreekSeq></word><word seq="11">and<GreekSeq>11</GreekSeq></word><word seq="12">yet</word><word seq="13">true;<GreekSeq>12</GreekSeq></word></ASV></verse>
<verse number="9"><ASV><word seq="1">as<GreekSeq>1</GreekSeq></word><word seq="2">unknown,<GreekSeq>2</GreekSeq></word><word seq="3">and<GreekSeq>3</GreekSeq></word><word seq="4">yet</word><word seq="5">well known;<GreekSeq>4</GreekSeq></word><word seq="6">as<GreekSeq>5</GreekSeq></word><word seq="7">dying,<GreekSeq>6</GreekSeq></word><word seq="8">and<GreekSeq>7</GreekSeq></word><word seq="9">behold,<GreekSeq>8</GreekSeq></word><word seq="10">we live;<GreekSeq>9</GreekSeq></word><word seq="11">as<GreekSeq>10</GreekSeq></word><word seq="12">chastened,<GreekSeq>11</GreekSeq></word><word seq="13">and<GreekSeq>12</GreekSeq></word><word seq="14">not<GreekSeq>13</GreekSeq></word><word seq="15">killed;<GreekSeq>14</GreekSeq></word></ASV></verse>
<verse number="10"><ASV><word seq="1">as<GreekSeq>1</GreekSeq></word><word seq="2">sorrowful,<GreekSeq>2</GreekSeq></word><word seq="3">yet<GreekSeq>4</GreekSeq></word><word seq="4">always<GreekSeq>3</GreekSeq></word><word seq="5">rejoicing;<GreekSeq>5</GreekSeq></word><word seq="6">as<GreekSeq>6</GreekSeq></word><word seq="7">poor,<GreekSeq>7</GreekSeq></word><word seq="8">yet<GreekSeq>9</GreekSeq></word><word seq="9">making<GreekSeq>10</GreekSeq></word><word seq="10">many<GreekSeq>8</GreekSeq></word><word seq="11">rich;<GreekSeq>10</GreekSeq></word><word seq="12">as<GreekSeq>11</GreekSeq></word><word seq="13">having<GreekSeq>13</GreekSeq></word><word seq="14">nothing,<GreekSeq>12</GreekSeq></word><word seq="15">and<GreekSeq>14</GreekSeq></word><word seq="16">yet</word><word seq="17">possessing<GreekSeq>16</GreekSeq></word><word seq="18">all things.<GreekSeq>15</GreekSeq></word></ASV></verse>
<verse number="11"><ASV><word seq="1">Our<GreekSeq>3</GreekSeq></word><word seq="2">mouth<GreekSeq>2</GreekSeq></word><word seq="3">is open<GreekSeq>4</GreekSeq></word><word seq="4">unto<GreekSeq>5</GreekSeq></word><word seq="5">you,<GreekSeq>6</GreekSeq></word><word seq="6">O Corinthians,<GreekSeq>7</GreekSeq></word><word seq="7">our<GreekSeq>10</GreekSeq></word><word seq="8">heart<GreekSeq>9</GreekSeq></word><word seq="9">is enlarged.<GreekSeq>11</GreekSeq></word></ASV></verse>
<verse number="12"><ASV><word seq="1">Ye are<GreekSeq>2</GreekSeq></word><word seq="2">not<GreekSeq>1</GreekSeq></word><word seq="3">straitened<GreekSeq>2</GreekSeq></word><word seq="4">in<GreekSeq>3</GreekSeq></word><word seq="5">us,<GreekSeq>4</GreekSeq></word><word seq="6">but<GreekSeq>6</GreekSeq></word><word seq="7">ye are straitened<GreekSeq>5</GreekSeq></word><word seq="8">in<GreekSeq>7</GreekSeq></word><word seq="9">your own<GreekSeq>10</GreekSeq></word><word seq="10">affections.<GreekSeq>9</GreekSeq></word></ASV></verse>
<verse number="13"><ASV><word seq="1">Now<GreekSeq>2</GreekSeq></word><word seq="2">for a recompense<GreekSeq>4</GreekSeq></word><word seq="3">in like kind<GreekSeq>3</GreekSeq></word><word seq="4">(I speak<GreekSeq>7</GreekSeq></word><word seq="5">as<GreekSeq>5</GreekSeq></word><word seq="6">unto [my] children),<GreekSeq>6</GreekSeq></word><word seq="7">be<GreekSeq>8</GreekSeq></word><word seq="8">ye<GreekSeq>10</GreekSeq></word><word seq="9">also<GreekSeq>9</GreekSeq></word><word seq="10">enlarged.<GreekSeq>8</GreekSeq></word></ASV></verse>
<verse number="14"><ASV><word seq="1">Be<GreekSeq>2</GreekSeq></word><word seq="2">not<GreekSeq>1</GreekSeq></word><word seq="3">unequally yoked<GreekSeq>3</GreekSeq></word><word seq="4">with unbelievers:<GreekSeq>4</GreekSeq></word><word seq="5">for<GreekSeq>6</GreekSeq></word><word seq="6">what<GreekSeq>5</GreekSeq></word><word seq="7">fellowship<GreekSeq>7</GreekSeq></word><word seq="8">have</word><word seq="9">righteousness<GreekSeq>8</GreekSeq></word><word seq="10">and<GreekSeq>9</GreekSeq></word><word seq="11">iniquity?<GreekSeq>10</GreekSeq></word><word seq="12">or<GreekSeq>11</GreekSeq></word><word seq="13">what<GreekSeq>12</GreekSeq></word><word seq="14">communion<GreekSeq>13</GreekSeq></word><word seq="15">hath</word><word seq="16">light<GreekSeq>14</GreekSeq></word><word seq="17">with<GreekSeq>15</GreekSeq></word><word seq="18">darkness?<GreekSeq>16</GreekSeq></word></ASV></verse>
<verse number="15"><ASV><word seq="1">And<GreekSeq>2</GreekSeq></word><word seq="2">what<GreekSeq>1</GreekSeq></word><word seq="3">concord<GreekSeq>3</GreekSeq></word><word seq="4">hath</word><word seq="5">Christ<GreekSeq>4</GreekSeq></word><word seq="6">with<GreekSeq>5</GreekSeq></word><word seq="7">Belial?<GreekSeq>6</GreekSeq></word><word seq="8">or<GreekSeq>7</GreekSeq></word><word seq="9">what<GreekSeq>8</GreekSeq></word><word seq="10">portion<GreekSeq>9</GreekSeq></word><word seq="11">hath</word><word seq="12">a believer<GreekSeq>10</GreekSeq></word><word seq="13">with<GreekSeq>11</GreekSeq></word><word seq="14">an unbeliever?<GreekSeq>12</GreekSeq></word></ASV></verse>
<verse number="16"><ASV><word seq="1">And<GreekSeq>2</GreekSeq></word><word seq="2">what<GreekSeq>1</GreekSeq></word><word seq="3">agreement<GreekSeq>3</GreekSeq></word><word seq="4">hath</word><word seq="5">a temple<GreekSeq>4</GreekSeq></word><word seq="6">of God<GreekSeq>5</GreekSeq></word><word seq="7">with<GreekSeq>6</GreekSeq></word><word seq="8">idols?<GreekSeq>7</GreekSeq></word><word seq="9">for<GreekSeq>9</GreekSeq></word><word seq="10">we<GreekSeq>8</GreekSeq></word><word seq="11">are<GreekSeq>12</GreekSeq></word><word seq="12">a temple<GreekSeq>10</GreekSeq></word><word seq="13">of the<GreekSeq>11</GreekSeq></word><word seq="14">living<GreekSeq>13</GreekSeq></word><word seq="15">God;<GreekSeq>11</GreekSeq></word><word seq="16">even as<GreekSeq>14</GreekSeq></word><word seq="17">God<GreekSeq>17</GreekSeq></word><word seq="18">said,<GreekSeq>15</GreekSeq></word><word seq="19">I will dwell<GreekSeq>19</GreekSeq></word><word seq="20">in<GreekSeq>20</GreekSeq></word><word seq="21">them,<GreekSeq>21</GreekSeq></word><word seq="22">and<GreekSeq>22</GreekSeq></word><word seq="23">walk in<GreekSeq>23</GreekSeq></word><word seq="24">them;</word><word seq="25">and<GreekSeq>24</GreekSeq></word><word seq="26">I will be<GreekSeq>25</GreekSeq></word><word seq="27">their<GreekSeq>26</GreekSeq></word><word seq="28">God,<GreekSeq>27</GreekSeq></word><word seq="29">and<GreekSeq>28</GreekSeq></word><word seq="30">they<GreekSeq>29</GreekSeq></word><word seq="31">shall be<GreekSeq>30</GreekSeq></word><word seq="32">my<GreekSeq>31</GreekSeq></word><word seq="33">people.<GreekSeq>32</GreekSeq></word></ASV></verse>
<verse number="17"><ASV><word seq="1">Wherefore<GreekSeq>1</GreekSeq></word><word seq="2">Come ye out<GreekSeq>2</GreekSeq></word><word seq="3">from<GreekSeq>3</GreekSeq></word><word seq="4">among<GreekSeq>4</GreekSeq></word><word seq="5">them,<GreekSeq>5</GreekSeq></word><word seq="6">and<GreekSeq>6</GreekSeq></word><word seq="7">be ye separate,<GreekSeq>7</GreekSeq></word><word seq="8">saith<GreekSeq>8</GreekSeq></word><word seq="9">the Lord,<GreekSeq>9</GreekSeq></word><word seq="10">And<GreekSeq>10</GreekSeq></word><word seq="11">touch<GreekSeq>13</GreekSeq></word><word seq="12">no<GreekSeq>12</GreekSeq></word><word seq="13">unclean [thing];<GreekSeq>11</GreekSeq></word><word seq="14">And I<GreekSeq>14</GreekSeq></word><word seq="15">will receive<GreekSeq>15</GreekSeq></word><word seq="16">you,<GreekSeq>16</GreekSeq></word></ASV></verse>
<verse number="18"><ASV><word seq="1">And<GreekSeq>1</GreekSeq></word><word seq="2">will be<GreekSeq>2</GreekSeq></word><word seq="3">to you<GreekSeq>3</GreekSeq></word><word seq="4">a Father,<GreekSeq>5</GreekSeq></word><word seq="5">And<GreekSeq>6</GreekSeq></word><word seq="6">ye<GreekSeq>7</GreekSeq></word><word seq="7">shall be<GreekSeq>8</GreekSeq></word><word seq="8">to me<GreekSeq>9</GreekSeq></word><word seq="9">sons<GreekSeq>11</GreekSeq></word><word seq="10">and<GreekSeq>12</GreekSeq></word><word seq="11">daughters,<GreekSeq>13</GreekSeq></word><word seq="12">saith<GreekSeq>14</GreekSeq></word><word seq="13">the Lord<GreekSeq>15</GreekSeq></word><word seq="14">Almighty.<GreekSeq>16</GreekSeq></word></ASV></verse>
</chapter></book>