<?xml version="1.0" encoding="UTF-8" standalone="no"?><book><chapter number="8">
<verse number="1"><ASV><word seq="1">Moreover,<GreekSeq>2</GreekSeq></word><word seq="2">brethren,<GreekSeq>4</GreekSeq></word><word seq="3">we make known<GreekSeq>1</GreekSeq></word><word seq="4">to you<GreekSeq>3</GreekSeq></word><word seq="5">the<GreekSeq>5</GreekSeq></word><word seq="6">grace<GreekSeq>6</GreekSeq></word><word seq="7">of God<GreekSeq>8</GreekSeq></word><word seq="8">which hath been given<GreekSeq>10</GreekSeq></word><word seq="9">in<GreekSeq>11</GreekSeq></word><word seq="10">the<GreekSeq>12</GreekSeq></word><word seq="11">churches<GreekSeq>13</GreekSeq></word><word seq="12">of Macedonia;<GreekSeq>15</GreekSeq></word></ASV></verse>
<verse number="2"><ASV><word seq="1">how</word><word seq="2">that<GreekSeq>1</GreekSeq></word><word seq="3">in<GreekSeq>2</GreekSeq></word><word seq="4">much<GreekSeq>3</GreekSeq></word><word seq="5">proof<GreekSeq>4</GreekSeq></word><word seq="6">of affliction<GreekSeq>5</GreekSeq></word><word seq="7">the<GreekSeq>6</GreekSeq></word><word seq="8">abundance<GreekSeq>7</GreekSeq></word><word seq="9">of<GreekSeq>9</GreekSeq></word><word seq="10">their<GreekSeq>10</GreekSeq></word><word seq="11">joy<GreekSeq>9</GreekSeq></word><word seq="12">and<GreekSeq>11</GreekSeq></word><word seq="13">their<GreekSeq>16</GreekSeq></word><word seq="14">deep<GreekSeq>13</GreekSeq><GreekSeq>14</GreekSeq></word><word seq="15">poverty<GreekSeq>15</GreekSeq></word><word seq="16">abounded<GreekSeq>17</GreekSeq></word><word seq="17">unto<GreekSeq>18</GreekSeq></word><word seq="18">the<GreekSeq>19</GreekSeq></word><word seq="19">riches<GreekSeq>20</GreekSeq></word><word seq="20">of<GreekSeq>22</GreekSeq></word><word seq="21">their<GreekSeq>23</GreekSeq></word><word seq="22">liberality.<GreekSeq>22</GreekSeq></word></ASV></verse>
<verse number="3"><ASV><word seq="1">For<GreekSeq>1</GreekSeq></word><word seq="2">according to<GreekSeq>2</GreekSeq></word><word seq="3">their</word><word seq="4">power,<GreekSeq>3</GreekSeq></word><word seq="5">I bear witness,<GreekSeq>4</GreekSeq></word><word seq="6">yea</word><word seq="7">and<GreekSeq>5</GreekSeq></word><word seq="8">beyond<GreekSeq>6</GreekSeq></word><word seq="9">their</word><word seq="10">power,<GreekSeq>7</GreekSeq></word><word seq="11">they gave</word><word seq="12">of their own accord,<GreekSeq>8</GreekSeq></word></ASV></verse>
<verse number="4"><ASV><word seq="1">beseeching<GreekSeq>4</GreekSeq></word><word seq="2">us<GreekSeq>5</GreekSeq></word><word seq="3">with<GreekSeq>1</GreekSeq></word><word seq="4">much<GreekSeq>2</GreekSeq></word><word seq="5">entreaty<GreekSeq>3</GreekSeq></word><word seq="6">in regard of</word><word seq="7">this<GreekSeq>6</GreekSeq></word><word seq="8">grace<GreekSeq>7</GreekSeq></word><word seq="9">and<GreekSeq>8</GreekSeq></word><word seq="10">the<GreekSeq>9</GreekSeq></word><word seq="11">fellowship<GreekSeq>10</GreekSeq></word><word seq="12">in the<GreekSeq>11</GreekSeq></word><word seq="13">ministering<GreekSeq>12</GreekSeq></word><word seq="14">to<GreekSeq>14</GreekSeq></word><word seq="15">the<GreekSeq>15</GreekSeq></word><word seq="16">saints:<GreekSeq>16</GreekSeq></word></ASV></verse>
<verse number="5"><ASV><word seq="1">and<GreekSeq>1</GreekSeq></word><word seq="2">this,</word><word seq="3">not<GreekSeq>2</GreekSeq></word><word seq="4">as<GreekSeq>3</GreekSeq></word><word seq="5">we had hoped,<GreekSeq>4</GreekSeq></word><word seq="6">but<GreekSeq>5</GreekSeq></word><word seq="7">first<GreekSeq>8</GreekSeq></word><word seq="8">they gave<GreekSeq>7</GreekSeq></word><word seq="9">their own selves<GreekSeq>6</GreekSeq></word><word seq="10">to the<GreekSeq>9</GreekSeq></word><word seq="11">Lord,<GreekSeq>10</GreekSeq></word><word seq="12">and<GreekSeq>11</GreekSeq></word><word seq="13">to us<GreekSeq>12</GreekSeq></word><word seq="14">through<GreekSeq>13</GreekSeq></word><word seq="15">the will<GreekSeq>14</GreekSeq></word><word seq="16">of God.<GreekSeq>15</GreekSeq></word></ASV></verse>
<verse number="6"><ASV><word seq="1">Insomuch that<GreekSeq>1</GreekSeq><GreekSeq>2</GreekSeq></word><word seq="2">we<GreekSeq>4</GreekSeq></word><word seq="3">exhorted<GreekSeq>3</GreekSeq></word><word seq="4">Titus,<GreekSeq>5</GreekSeq></word><word seq="5">that<GreekSeq>6</GreekSeq></word><word seq="6">as<GreekSeq>7</GreekSeq></word><word seq="7">he had made a beginning before,<GreekSeq>8</GreekSeq></word><word seq="8">so<GreekSeq>9</GreekSeq></word><word seq="9">he would<GreekSeq>11</GreekSeq></word><word seq="10">also<GreekSeq>10</GreekSeq></word><word seq="11">complete<GreekSeq>11</GreekSeq></word><word seq="12">in<GreekSeq>12</GreekSeq></word><word seq="13">you<GreekSeq>13</GreekSeq></word><word seq="14">this<GreekSeq>17</GreekSeq></word><word seq="15">grace<GreekSeq>16</GreekSeq></word><word seq="16">also.<GreekSeq>14</GreekSeq></word></ASV></verse>
<verse number="7"><ASV><word seq="1">But<GreekSeq>1</GreekSeq></word><word seq="2">as<GreekSeq>2</GreekSeq></word><word seq="3">ye abound<GreekSeq>5</GreekSeq></word><word seq="4">in<GreekSeq>3</GreekSeq></word><word seq="5">everything,<GreekSeq>4</GreekSeq></word><word seq="6">faith,<GreekSeq>6</GreekSeq></word><word seq="7">and<GreekSeq>7</GreekSeq></word><word seq="8">utterance,<GreekSeq>8</GreekSeq></word><word seq="9">and<GreekSeq>9</GreekSeq></word><word seq="10">knowledge,<GreekSeq>10</GreekSeq></word><word seq="11">and<GreekSeq>11</GreekSeq></word><word seq="12">in all<GreekSeq>12</GreekSeq></word><word seq="13">earnestness,<GreekSeq>13</GreekSeq></word><word seq="14">and<GreekSeq>14</GreekSeq></word><word seq="15">in</word><word seq="16" note="Base of different Greek: ὑμῶν(5216)">your<GreekSeq>19</GreekSeq></word><word seq="17">love<GreekSeq>20</GreekSeq></word><word seq="18" note="Base of different Greek: ἡμῖν(2254)">to us,<GreekSeq>17</GreekSeq></word><word seq="19">see</word><word seq="20">that<GreekSeq>21</GreekSeq></word><word seq="21">ye abound<GreekSeq>27</GreekSeq></word><word seq="22">in<GreekSeq>23</GreekSeq></word><word seq="23">this<GreekSeq>24</GreekSeq></word><word seq="24">grace<GreekSeq>26</GreekSeq></word><word seq="25">also.<GreekSeq>22</GreekSeq></word></ASV></verse>
<verse number="8"><ASV><word seq="1">I speak<GreekSeq>4</GreekSeq></word><word seq="2">not<GreekSeq>1</GreekSeq></word><word seq="3">by way of<GreekSeq>2</GreekSeq></word><word seq="4">commandment,<GreekSeq>3</GreekSeq></word><word seq="5">but<GreekSeq>5</GreekSeq></word><word seq="6">as proving<GreekSeq>16</GreekSeq></word><word seq="7">through<GreekSeq>6</GreekSeq></word><word seq="8">the<GreekSeq>7</GreekSeq></word><word seq="9">earnestness<GreekSeq>9</GreekSeq></word><word seq="10">of others<GreekSeq>8</GreekSeq></word><word seq="11">the<GreekSeq>11</GreekSeq></word><word seq="12">sincerity<GreekSeq>15</GreekSeq></word><word seq="13">also<GreekSeq>10</GreekSeq></word><word seq="14">of<GreekSeq>14</GreekSeq></word><word seq="15">your<GreekSeq>13</GreekSeq></word><word seq="16">love.<GreekSeq>14</GreekSeq></word></ASV></verse>
<verse number="9"><ASV><word seq="1">For<GreekSeq>2</GreekSeq></word><word seq="2">ye know<GreekSeq>1</GreekSeq></word><word seq="3">the<GreekSeq>3</GreekSeq></word><word seq="4">grace<GreekSeq>4</GreekSeq></word><word seq="5">of<GreekSeq>6</GreekSeq></word><word seq="6">our<GreekSeq>7</GreekSeq></word><word seq="7">Lord<GreekSeq>6</GreekSeq></word><word seq="8">Jesus<GreekSeq>8</GreekSeq></word><word seq="9">Christ,<GreekSeq>9</GreekSeq></word><word seq="10">that,<GreekSeq>10</GreekSeq></word><word seq="11">though</word><word seq="12">he was<GreekSeq>15</GreekSeq></word><word seq="13">rich,<GreekSeq>14</GreekSeq></word><word seq="14">yet</word><word seq="15">for<GreekSeq>11</GreekSeq></word><word seq="16">your<GreekSeq>12</GreekSeq></word><word seq="17">sakes<GreekSeq>11</GreekSeq></word><word seq="18">he became poor,<GreekSeq>13</GreekSeq></word><word seq="19">that<GreekSeq>16</GreekSeq></word><word seq="20">ye<GreekSeq>17</GreekSeq></word><word seq="21">through<GreekSeq>20</GreekSeq></word><word seq="22">his<GreekSeq>19</GreekSeq></word><word seq="23">poverty<GreekSeq>20</GreekSeq></word><word seq="24">might become rich.<GreekSeq>21</GreekSeq></word></ASV></verse>
<verse number="10"><ASV><word seq="1">And<GreekSeq>1</GreekSeq></word><word seq="2">herein<GreekSeq>3</GreekSeq><GreekSeq>4</GreekSeq></word><word seq="3">I give<GreekSeq>5</GreekSeq></word><word seq="4">my</word><word seq="5">judgment:<GreekSeq>2</GreekSeq></word><word seq="6">for<GreekSeq>7</GreekSeq></word><word seq="7">this<GreekSeq>6</GreekSeq></word><word seq="8">is expedient<GreekSeq>9</GreekSeq></word><word seq="9">for you,<GreekSeq>8</GreekSeq></word><word seq="10">who<GreekSeq>10</GreekSeq></word><word seq="11">were the first to make a beginning<GreekSeq>19</GreekSeq></word><word seq="12">a year ago,<GreekSeq>20</GreekSeq><GreekSeq>21</GreekSeq></word><word seq="13">not<GreekSeq>11</GreekSeq></word><word seq="14">only<GreekSeq>12</GreekSeq></word><word seq="15">to do,<GreekSeq>14</GreekSeq></word><word seq="16">but<GreekSeq>15</GreekSeq></word><word seq="17">also<GreekSeq>16</GreekSeq></word><word seq="18">to will.<GreekSeq>18</GreekSeq></word></ASV></verse>
<verse number="11"><ASV><word seq="1">But<GreekSeq>2</GreekSeq></word><word seq="2">now<GreekSeq>1</GreekSeq></word><word seq="3">complete<GreekSeq>6</GreekSeq></word><word seq="4">the<GreekSeq>4</GreekSeq></word><word seq="5">doing<GreekSeq>5</GreekSeq></word><word seq="6">also;<GreekSeq>3</GreekSeq></word><word seq="7">that<GreekSeq>7</GreekSeq></word><word seq="8">as<GreekSeq>8</GreekSeq></word><word seq="9">there was</word><word seq="10">the<GreekSeq>9</GreekSeq></word><word seq="11">readiness<GreekSeq>10</GreekSeq></word><word seq="12">to will,<GreekSeq>12</GreekSeq></word><word seq="13">so<GreekSeq>13</GreekSeq></word><word seq="14">there may be</word><word seq="15">the<GreekSeq>15</GreekSeq></word><word seq="16">completion<GreekSeq>16</GreekSeq></word><word seq="17">also<GreekSeq>14</GreekSeq></word><word seq="18">out of<GreekSeq>17</GreekSeq></word><word seq="19">your ability.<GreekSeq>18</GreekSeq><GreekSeq>19</GreekSeq></word></ASV></verse>
<verse number="12"><ASV><word seq="1">For<GreekSeq>2</GreekSeq></word><word seq="2">if<GreekSeq>1</GreekSeq></word><word seq="3">the<GreekSeq>3</GreekSeq></word><word seq="4">readiness<GreekSeq>4</GreekSeq></word><word seq="5">is there,<GreekSeq>5</GreekSeq></word><word seq="6">it is</word><word seq="7">acceptable<GreekSeq>9</GreekSeq></word><word seq="8">according as<GreekSeq>6</GreekSeq></word><word seq="9">a man hath,<GreekSeq>8</GreekSeq></word><word seq="10">not<GreekSeq>10</GreekSeq></word><word seq="11">according as<GreekSeq>11</GreekSeq></word><word seq="12">hath<GreekSeq>13</GreekSeq></word><word seq="13">not.<GreekSeq>12</GreekSeq></word></ASV></verse>
<verse number="13"><ASV><word seq="1">For<GreekSeq>2</GreekSeq></word><word seq="2">I say</word><word seq="3">not<GreekSeq>1</GreekSeq></word><word seq="4">this</word><word seq="5">that<GreekSeq>3</GreekSeq></word><word seq="6">others<GreekSeq>4</GreekSeq></word><word seq="7">may be</word><word seq="8">eased<GreekSeq>5</GreekSeq></word><word seq="9">and</word><word seq="10">ye<GreekSeq>6</GreekSeq></word><word seq="11">distressed;<GreekSeq>7</GreekSeq></word><word seq="12">but<GreekSeq>8</GreekSeq></word><word seq="13">by<GreekSeq>9</GreekSeq></word><word seq="14">equality:<GreekSeq>10</GreekSeq></word></ASV></verse>
<verse number="14"><ASV><word seq="1" note="see previous verse">but by equality:</word><word seq="2">your<GreekSeq>6</GreekSeq></word><word seq="3">abundance<GreekSeq>7</GreekSeq></word><word seq="4">being a supply</word><word seq="5">at<GreekSeq>1</GreekSeq></word><word seq="6">this<GreekSeq>2</GreekSeq></word><word seq="7">present<GreekSeq>3</GreekSeq></word><word seq="8">time<GreekSeq>4</GreekSeq></word><word seq="9">for<GreekSeq>8</GreekSeq></word><word seq="10">their<GreekSeq>10</GreekSeq></word><word seq="11">want,<GreekSeq>11</GreekSeq></word><word seq="12">that<GreekSeq>12</GreekSeq></word><word seq="13">their<GreekSeq>15</GreekSeq></word><word seq="14">abundance<GreekSeq>16</GreekSeq></word><word seq="15">also<GreekSeq>13</GreekSeq></word><word seq="16">may become<GreekSeq>17</GreekSeq></word><word seq="17">a supply</word><word seq="18">for<GreekSeq>18</GreekSeq></word><word seq="19">your<GreekSeq>20</GreekSeq></word><word seq="20">want;<GreekSeq>21</GreekSeq></word><word seq="21">that<GreekSeq>22</GreekSeq></word><word seq="22">there may be<GreekSeq>23</GreekSeq></word><word seq="23">equality:<GreekSeq>24</GreekSeq></word></ASV></verse>
<verse number="15"><ASV><word seq="1">as<GreekSeq>1</GreekSeq></word><word seq="2">it is written,<GreekSeq>2</GreekSeq></word><word seq="3">He<GreekSeq>3</GreekSeq></word><word seq="4">that [gathered]<GreekSeq>4</GreekSeq></word><word seq="5">much<GreekSeq>5</GreekSeq></word><word seq="6">had<GreekSeq>7</GreekSeq></word><word seq="7">nothing<GreekSeq>6</GreekSeq></word><word seq="8">over;<GreekSeq>7</GreekSeq></word><word seq="9">and<GreekSeq>8</GreekSeq></word><word seq="10">he<GreekSeq>9</GreekSeq></word><word seq="11">that [gathered]<GreekSeq>10</GreekSeq></word><word seq="12">little<GreekSeq>11</GreekSeq></word><word seq="13">had<GreekSeq>13</GreekSeq></word><word seq="14">no<GreekSeq>12</GreekSeq></word><word seq="15">lack.<GreekSeq>13</GreekSeq></word></ASV></verse>
<verse number="16"><ASV><word seq="1">But<GreekSeq>2</GreekSeq></word><word seq="2">thanks<GreekSeq>1</GreekSeq></word><word seq="3">be</word><word seq="4">to God,<GreekSeq>4</GreekSeq></word><word seq="5">who putteth<GreekSeq>6</GreekSeq></word><word seq="6">the<GreekSeq>7</GreekSeq></word><word seq="7">same<GreekSeq>8</GreekSeq></word><word seq="8">earnest care<GreekSeq>9</GreekSeq></word><word seq="9">for<GreekSeq>10</GreekSeq></word><word seq="10">you<GreekSeq>11</GreekSeq></word><word seq="11">into<GreekSeq>12</GreekSeq></word><word seq="12">the<GreekSeq>13</GreekSeq></word><word seq="13">heart<GreekSeq>14</GreekSeq></word><word seq="14">of Titus.<GreekSeq>15</GreekSeq></word></ASV></verse>
<verse number="17"><ASV><word seq="1">For<GreekSeq>1</GreekSeq></word><word seq="2">he accepted<GreekSeq>5</GreekSeq></word><word seq="3">indeed<GreekSeq>3</GreekSeq></word><word seq="4">our</word><word seq="5">exhortation;<GreekSeq>4</GreekSeq></word><word seq="6">but<GreekSeq>7</GreekSeq></word><word seq="7">being<GreekSeq>8</GreekSeq></word><word seq="8">himself</word><word seq="9">very earnest,<GreekSeq>6</GreekSeq></word><word seq="10">he went forth<GreekSeq>10</GreekSeq></word><word seq="11">unto<GreekSeq>11</GreekSeq></word><word seq="12">you<GreekSeq>12</GreekSeq></word><word seq="13">of his own accord.<GreekSeq>9</GreekSeq></word></ASV></verse>
<verse number="18"><ASV><word seq="1">And<GreekSeq>2</GreekSeq></word><word seq="2">we have sent together<GreekSeq>1</GreekSeq></word><word seq="3">with<GreekSeq>3</GreekSeq></word><word seq="4">him<GreekSeq>4</GreekSeq></word><word seq="5">the<GreekSeq>5</GreekSeq></word><word seq="6">brother<GreekSeq>6</GreekSeq></word><word seq="7">whose<GreekSeq>7</GreekSeq></word><word seq="8">praise<GreekSeq>9</GreekSeq></word><word seq="9">in<GreekSeq>10</GreekSeq></word><word seq="10">the<GreekSeq>11</GreekSeq></word><word seq="11">gospel<GreekSeq>12</GreekSeq></word><word seq="12">is spread</word><word seq="13">through<GreekSeq>13</GreekSeq></word><word seq="14">all<GreekSeq>14</GreekSeq></word><word seq="15">the<GreekSeq>15</GreekSeq></word><word seq="16">churches;<GreekSeq>16</GreekSeq></word></ASV></verse>
<verse number="19"><ASV><word seq="1">and<GreekSeq>3</GreekSeq></word><word seq="2">not<GreekSeq>1</GreekSeq></word><word seq="3">only<GreekSeq>2</GreekSeq></word><word seq="4">so,</word><word seq="5">but<GreekSeq>4</GreekSeq></word><word seq="6">who was<GreekSeq>6</GreekSeq></word><word seq="7">also<GreekSeq>5</GreekSeq></word><word seq="8">appointed<GreekSeq>6</GreekSeq></word><word seq="9">by<GreekSeq>7</GreekSeq></word><word seq="10">the<GreekSeq>8</GreekSeq></word><word seq="11">churches<GreekSeq>9</GreekSeq></word><word seq="12">to travel with<GreekSeq>10</GreekSeq></word><word seq="13">us<GreekSeq>11</GreekSeq></word><word seq="14">in<GreekSeq>12</GreekSeq></word><word seq="15">the matter of</word><word seq="16">this<GreekSeq>15</GreekSeq></word><word seq="17">grace,<GreekSeq>14</GreekSeq></word><word seq="18">which is ministered<GreekSeq>17</GreekSeq></word><word seq="19">by<GreekSeq>18</GreekSeq></word><word seq="20">us<GreekSeq>19</GreekSeq></word><word seq="21">to<GreekSeq>20</GreekSeq></word><word seq="22">the<GreekSeq>21</GreekSeq></word><word seq="23">glory<GreekSeq>25</GreekSeq></word><word seq="24">of the<GreekSeq>23</GreekSeq></word><word seq="25">Lord,<GreekSeq>24</GreekSeq></word><word seq="26">and<GreekSeq>26</GreekSeq></word><word seq="27">to show</word><word seq="28">our<GreekSeq>28</GreekSeq></word><word seq="29">readiness:<GreekSeq>27</GreekSeq></word></ASV></verse>
<verse number="20"><ASV><word seq="1">avoiding<GreekSeq>1</GreekSeq></word><word seq="2">this,<GreekSeq>2</GreekSeq></word><word seq="3">that</word><word seq="4">any man<GreekSeq>4</GreekSeq></word><word seq="5">should blame<GreekSeq>6</GreekSeq></word><word seq="6">us<GreekSeq>5</GreekSeq></word><word seq="7">in<GreekSeq>7</GreekSeq></word><word seq="8">the matter of</word><word seq="9">this<GreekSeq>10</GreekSeq></word><word seq="10">bounty<GreekSeq>9</GreekSeq></word><word seq="11">which is ministered<GreekSeq>12</GreekSeq></word><word seq="12">by<GreekSeq>13</GreekSeq></word><word seq="13">us:<GreekSeq>14</GreekSeq></word></ASV></verse>
<verse number="21"><ASV><word seq="1">for<GreekSeq>2</GreekSeq></word><word seq="2">we take thought<GreekSeq>1</GreekSeq></word><word seq="3">for [things] honorable,<GreekSeq>3</GreekSeq></word><word seq="4">not<GreekSeq>4</GreekSeq></word><word seq="5">only<GreekSeq>5</GreekSeq></word><word seq="6">in the sight of<GreekSeq>6</GreekSeq></word><word seq="7">the Lord,<GreekSeq>7</GreekSeq></word><word seq="8">but<GreekSeq>8</GreekSeq></word><word seq="9">also<GreekSeq>9</GreekSeq></word><word seq="10">in the sight of<GreekSeq>10</GreekSeq></word><word seq="11">men.<GreekSeq>11</GreekSeq></word></ASV></verse>
<verse number="22"><ASV><word seq="1">And<GreekSeq>2</GreekSeq></word><word seq="2">we have sent with<GreekSeq>1</GreekSeq></word><word seq="3">them<GreekSeq>3</GreekSeq></word><word seq="4">our<GreekSeq>6</GreekSeq></word><word seq="5">brother,<GreekSeq>5</GreekSeq></word><word seq="6">whom<GreekSeq>7</GreekSeq></word><word seq="7">we have<GreekSeq>8</GreekSeq></word><word seq="8">many times<GreekSeq>11</GreekSeq></word><word seq="9">proved<GreekSeq>8</GreekSeq></word><word seq="10">earnest<GreekSeq>12</GreekSeq></word><word seq="11">in<GreekSeq>9</GreekSeq></word><word seq="12">many things,<GreekSeq>10</GreekSeq></word><word seq="13">but<GreekSeq>15</GreekSeq></word><word seq="14">now<GreekSeq>14</GreekSeq></word><word seq="15">much more<GreekSeq>16</GreekSeq></word><word seq="16">earnest,<GreekSeq>17</GreekSeq></word><word seq="17">by reason of the</word><word seq="18">great<GreekSeq>19</GreekSeq></word><word seq="19">confidence<GreekSeq>18</GreekSeq></word><word seq="20">which<GreekSeq>20</GreekSeq></word><word seq="21">he hath</word><word seq="22">in<GreekSeq>21</GreekSeq></word><word seq="23">you.<GreekSeq>22</GreekSeq></word></ASV></verse>
<verse number="23"><ASV><word seq="1">Whether<GreekSeq>1</GreekSeq></word><word seq="2">any inquire</word><word seq="3">about<GreekSeq>2</GreekSeq></word><word seq="4">Titus,<GreekSeq>3</GreekSeq></word><word seq="5">my<GreekSeq>5</GreekSeq></word><word seq="6">he is</word><word seq="7">partner<GreekSeq>4</GreekSeq></word><word seq="8">and<GreekSeq>6</GreekSeq></word><word seq="9">my</word><word seq="10">fellow-worker<GreekSeq>9</GreekSeq></word><word seq="11">to<GreekSeq>7</GreekSeq></word><word seq="12">you-ward;<GreekSeq>8</GreekSeq></word><word seq="13">or<GreekSeq>10</GreekSeq></word><word seq="14">our<GreekSeq>12</GreekSeq></word><word seq="15">brethren,<GreekSeq>11</GreekSeq></word><word seq="16">they are</word><word seq="17">the messengers<GreekSeq>13</GreekSeq></word><word seq="18">of the churches,<GreekSeq>14</GreekSeq></word><word seq="19">they are</word><word seq="20">the glory<GreekSeq>15</GreekSeq></word><word seq="21">of Christ.<GreekSeq>16</GreekSeq></word></ASV></verse>
<verse number="24"><ASV><word seq="1">Show<GreekSeq>14</GreekSeq></word><word seq="2">ye</word><word seq="3">therefore<GreekSeq>2</GreekSeq></word><word seq="4">unto<GreekSeq>12</GreekSeq></word><word seq="5">them<GreekSeq>13</GreekSeq></word><word seq="6">in<GreekSeq>15</GreekSeq></word><word seq="7">the face<GreekSeq>16</GreekSeq></word><word seq="8">of the<GreekSeq>17</GreekSeq></word><word seq="9">churches<GreekSeq>18</GreekSeq></word><word seq="10">the<GreekSeq>1</GreekSeq></word><word seq="11">proof<GreekSeq>3</GreekSeq></word><word seq="12">of<GreekSeq>5</GreekSeq></word><word seq="13">your<GreekSeq>6</GreekSeq></word><word seq="14">love,<GreekSeq>5</GreekSeq></word><word seq="15">and<GreekSeq>7</GreekSeq></word><word seq="16">of<GreekSeq>9</GreekSeq></word><word seq="17">our<GreekSeq>8</GreekSeq></word><word seq="18">glorying<GreekSeq>9</GreekSeq></word><word seq="19">on<GreekSeq>10</GreekSeq></word><word seq="20">your<GreekSeq>11</GreekSeq></word><word seq="21">behalf.<GreekSeq>10</GreekSeq></word></ASV></verse>
</chapter></book>