<?xml version="1.0" encoding="UTF-8" standalone="no"?><book><chapter number="2">
<verse number="1"><ASV><word seq="1">But<GreekSeq>2</GreekSeq></word><word seq="2">there arose<GreekSeq>1</GreekSeq></word><word seq="3">false prophets<GreekSeq>4</GreekSeq></word><word seq="4">also<GreekSeq>3</GreekSeq></word><word seq="5">among<GreekSeq>5</GreekSeq></word><word seq="6">the<GreekSeq>6</GreekSeq></word><word seq="7">people,<GreekSeq>7</GreekSeq></word><word seq="8">as<GreekSeq>8</GreekSeq></word><word seq="9">among<GreekSeq>10</GreekSeq></word><word seq="10">you<GreekSeq>11</GreekSeq></word><word seq="11">also<GreekSeq>9</GreekSeq></word><word seq="12">there shall be<GreekSeq>12</GreekSeq></word><word seq="13">false teachers,<GreekSeq>13</GreekSeq></word><word seq="14">who<GreekSeq>14</GreekSeq></word><word seq="15">shall privily bring in<GreekSeq>15</GreekSeq></word><word seq="16">destructive<GreekSeq>17</GreekSeq></word><word seq="17">heresies,<GreekSeq>16</GreekSeq></word><word seq="18">denying<GreekSeq>23</GreekSeq></word><word seq="19">even<GreekSeq>18</GreekSeq></word><word seq="20">the<GreekSeq>19</GreekSeq></word><word seq="21">Master<GreekSeq>22</GreekSeq></word><word seq="22">that bought<GreekSeq>20</GreekSeq></word><word seq="23">them,<GreekSeq>21</GreekSeq></word><word seq="24">bringing<GreekSeq>24</GreekSeq></word><word seq="25">upon themselves<GreekSeq>25</GreekSeq></word><word seq="26">swift<GreekSeq>26</GreekSeq></word><word seq="27">destruction.<GreekSeq>27</GreekSeq></word></ASV></verse>
<verse number="2"><ASV><word seq="1">And<GreekSeq>1</GreekSeq></word><word seq="2">many<GreekSeq>2</GreekSeq></word><word seq="3">shall follow<GreekSeq>3</GreekSeq></word><word seq="4">their<GreekSeq>4</GreekSeq></word><word seq="5">lascivious doings;<GreekSeq>6</GreekSeq></word><word seq="6">by reason of<GreekSeq>7</GreekSeq></word><word seq="7">whom<GreekSeq>8</GreekSeq></word><word seq="8">the<GreekSeq>9</GreekSeq></word><word seq="9">way<GreekSeq>10</GreekSeq></word><word seq="10">of the<GreekSeq>11</GreekSeq></word><word seq="11">truth<GreekSeq>12</GreekSeq></word><word seq="12">shall be evil spoken of.<GreekSeq>13</GreekSeq></word></ASV></verse>
<verse number="3"><ASV><word seq="1">And<GreekSeq>1</GreekSeq></word><word seq="2">in<GreekSeq>2</GreekSeq></word><word seq="3">covetousness<GreekSeq>3</GreekSeq></word><word seq="4">shall they<GreekSeq>7</GreekSeq></word><word seq="5">with feigned<GreekSeq>4</GreekSeq></word><word seq="6">words<GreekSeq>5</GreekSeq></word><word seq="7">make merchandise of<GreekSeq>7</GreekSeq></word><word seq="8">you:<GreekSeq>6</GreekSeq></word><word seq="9">whose<GreekSeq>8</GreekSeq></word><word seq="10">sentence<GreekSeq>10</GreekSeq></word><word seq="11">now from of old<GreekSeq>11</GreekSeq></word><word seq="12">lingereth<GreekSeq>13</GreekSeq></word><word seq="13">not,<GreekSeq>12</GreekSeq></word><word seq="14">and<GreekSeq>14</GreekSeq></word><word seq="15">their<GreekSeq>17</GreekSeq></word><word seq="16">destruction<GreekSeq>16</GreekSeq></word><word seq="17">slumbereth<GreekSeq>19</GreekSeq></word><word seq="18">not.<GreekSeq>18</GreekSeq></word></ASV></verse>
<verse number="4"><ASV><word seq="1">For<GreekSeq>2</GreekSeq></word><word seq="2">if<GreekSeq>1</GreekSeq></word><word seq="3">God<GreekSeq>4</GreekSeq></word><word seq="4">spared<GreekSeq>8</GreekSeq></word><word seq="5">not<GreekSeq>7</GreekSeq></word><word seq="6">angels<GreekSeq>5</GreekSeq></word><word seq="7">when they sinned,<GreekSeq>6</GreekSeq></word><word seq="8">but<GreekSeq>9</GreekSeq></word><word seq="9">cast [them] down to hell,<GreekSeq>12</GreekSeq></word><word seq="10">and</word><word seq="11">committed<GreekSeq>13</GreekSeq></word><word seq="12">them</word><word seq="13">to<GreekSeq>14</GreekSeq></word><word seq="14">pits<GreekSeq>10</GreekSeq></word><word seq="15">of darkness,<GreekSeq>11</GreekSeq></word><word seq="16">to be reserved<GreekSeq>16</GreekSeq></word><word seq="17">unto<GreekSeq>14</GreekSeq></word><word seq="18">judgment;<GreekSeq>15</GreekSeq></word></ASV></verse>
<verse number="5"><ASV><word seq="1">and<GreekSeq>1</GreekSeq></word><word seq="2">spared<GreekSeq>5</GreekSeq></word><word seq="3">not<GreekSeq>4</GreekSeq></word><word seq="4">the</word><word seq="5">ancient<GreekSeq>2</GreekSeq></word><word seq="6">world,<GreekSeq>3</GreekSeq></word><word seq="7">but<GreekSeq>6</GreekSeq></word><word seq="8">preserved<GreekSeq>11</GreekSeq></word><word seq="9">Noah<GreekSeq>8</GreekSeq></word><word seq="10">[with seven others],<GreekSeq>7</GreekSeq></word><word seq="11">a preacher<GreekSeq>10</GreekSeq></word><word seq="12">of righteousness,<GreekSeq>9</GreekSeq></word><word seq="13">when he brought<GreekSeq>15</GreekSeq></word><word seq="14">a flood<GreekSeq>12</GreekSeq></word><word seq="15">upon the world<GreekSeq>13</GreekSeq></word><word seq="16">of the ungodly;<GreekSeq>14</GreekSeq></word></ASV></verse>
<verse number="6"><ASV><word seq="1">and<GreekSeq>1</GreekSeq></word><word seq="2">turning<GreekSeq>6</GreekSeq></word><word seq="3">the cities<GreekSeq>2</GreekSeq></word><word seq="4">of Sodom<GreekSeq>3</GreekSeq></word><word seq="5">and<GreekSeq>4</GreekSeq></word><word seq="6">Gomorrah<GreekSeq>5</GreekSeq></word><word seq="7">into ashes<GreekSeq>6</GreekSeq></word><word seq="8">condemned<GreekSeq>8</GreekSeq></word><word seq="9">them</word><word seq="10">with an overthrow,<GreekSeq>7</GreekSeq></word><word seq="11">having made<GreekSeq>12</GreekSeq></word><word seq="12">them</word><word seq="13">an example<GreekSeq>9</GreekSeq></word><word seq="14">unto those</word><word seq="15">that should [live]<GreekSeq>10</GreekSeq></word><word seq="16">ungodly;<GreekSeq>11</GreekSeq></word></ASV></verse>
<verse number="7"><ASV><word seq="1">and<GreekSeq>1</GreekSeq></word><word seq="2">delivered<GreekSeq>12</GreekSeq></word><word seq="3">righteous<GreekSeq>2</GreekSeq></word><word seq="4">Lot,<GreekSeq>3</GreekSeq></word><word seq="5">sore distressed<GreekSeq>4</GreekSeq></word><word seq="6">by<GreekSeq>5</GreekSeq></word><word seq="7">the<GreekSeq>6</GreekSeq></word><word seq="8">lascivious<GreekSeq>10</GreekSeq></word><word seq="9">life<GreekSeq>11</GreekSeq></word><word seq="10">of the<GreekSeq>7</GreekSeq></word><word seq="11">wicked<GreekSeq>8</GreekSeq></word></ASV></verse>
<verse number="8"><ASV><word seq="1">(for<GreekSeq>2</GreekSeq></word><word seq="2">that<GreekSeq>5</GreekSeq></word><word seq="3">righteous<GreekSeq>6</GreekSeq></word><word seq="4">man dwelling<GreekSeq>7</GreekSeq></word><word seq="5">among<GreekSeq>8</GreekSeq></word><word seq="6">them,<GreekSeq>9</GreekSeq></word><word seq="7">in seeing<GreekSeq>1</GreekSeq></word><word seq="8">and<GreekSeq>3</GreekSeq></word><word seq="9">hearing,<GreekSeq>4</GreekSeq></word><word seq="10">vexed<GreekSeq>17</GreekSeq></word><word seq="11">his</word><word seq="12">righteous<GreekSeq>14</GreekSeq></word><word seq="13">soul<GreekSeq>13</GreekSeq></word><word seq="14">from day<GreekSeq>10</GreekSeq></word><word seq="15">to<GreekSeq>11</GreekSeq></word><word seq="16">day<GreekSeq>12</GreekSeq></word><word seq="17">with [their] lawless<GreekSeq>15</GreekSeq></word><word seq="18">deeds):<GreekSeq>16</GreekSeq></word></ASV></verse>
<verse number="9"><ASV><word seq="1">the Lord<GreekSeq>2</GreekSeq></word><word seq="2">knoweth<GreekSeq>1</GreekSeq></word><word seq="3">how</word><word seq="4">to deliver<GreekSeq>6</GreekSeq></word><word seq="5">the</word><word seq="6">godly<GreekSeq>3</GreekSeq></word><word seq="7">out of<GreekSeq>4</GreekSeq></word><word seq="8">temptation,<GreekSeq>5</GreekSeq></word><word seq="9">and<GreekSeq>8</GreekSeq></word><word seq="10">to keep<GreekSeq>13</GreekSeq></word><word seq="11">the</word><word seq="12">unrighteous<GreekSeq>7</GreekSeq></word><word seq="13">under punishment<GreekSeq>12</GreekSeq></word><word seq="14">unto<GreekSeq>9</GreekSeq></word><word seq="15">the day<GreekSeq>10</GreekSeq></word><word seq="16">of judgment;<GreekSeq>11</GreekSeq></word></ASV></verse>
<verse number="10"><ASV><word seq="1">but<GreekSeq>2</GreekSeq></word><word seq="2">chiefly<GreekSeq>1</GreekSeq></word><word seq="3">them<GreekSeq>3</GreekSeq></word><word seq="4">that walk<GreekSeq>9</GreekSeq></word><word seq="5">after<GreekSeq>4</GreekSeq></word><word seq="6">the flesh<GreekSeq>5</GreekSeq></word><word seq="7">in<GreekSeq>6</GreekSeq></word><word seq="8">the lust<GreekSeq>7</GreekSeq></word><word seq="9">of defilement,<GreekSeq>8</GreekSeq></word><word seq="10">and<GreekSeq>10</GreekSeq></word><word seq="11">despise<GreekSeq>12</GreekSeq></word><word seq="12">dominion.<GreekSeq>11</GreekSeq></word><word seq="13">Daring,<GreekSeq>13</GreekSeq></word><word seq="14">self-willed,<GreekSeq>14</GreekSeq></word><word seq="15">they tremble<GreekSeq>17</GreekSeq></word><word seq="16">not<GreekSeq>16</GreekSeq></word><word seq="17">to rail at<GreekSeq>18</GreekSeq></word><word seq="18">dignities:<GreekSeq>15</GreekSeq></word></ASV></verse>
<verse number="11"><ASV><word seq="1">whereas<GreekSeq>1</GreekSeq></word><word seq="2">angels,<GreekSeq>2</GreekSeq></word><word seq="3">though</word><word seq="4">greater<GreekSeq>6</GreekSeq></word><word seq="5">in might<GreekSeq>3</GreekSeq></word><word seq="6">and<GreekSeq>4</GreekSeq></word><word seq="7">power,<GreekSeq>5</GreekSeq></word><word seq="8">bring<GreekSeq>9</GreekSeq></word><word seq="9">not<GreekSeq>8</GreekSeq></word><word seq="10">a railing<GreekSeq>14</GreekSeq></word><word seq="11">judgment<GreekSeq>15</GreekSeq></word><word seq="12">against<GreekSeq>10</GreekSeq></word><word seq="13">them<GreekSeq>11</GreekSeq></word><word seq="14">before<GreekSeq>12</GreekSeq></word><word seq="15">the Lord.<GreekSeq>13</GreekSeq></word></ASV></verse>
<verse number="12"><ASV><word seq="1">But<GreekSeq>2</GreekSeq></word><word seq="2">these,<GreekSeq>1</GreekSeq></word><word seq="3">as<GreekSeq>3</GreekSeq></word><word seq="4">creatures<GreekSeq>5</GreekSeq></word><word seq="5">without reason,<GreekSeq>4</GreekSeq></word><word seq="6">born<GreekSeq>6</GreekSeq></word><word seq="7">mere animals<GreekSeq>7</GreekSeq></word><word seq="8">to be taken<GreekSeq>8</GreekSeq><GreekSeq>9</GreekSeq></word><word seq="9">and<GreekSeq>10</GreekSeq></word><word seq="10">destroyed,<GreekSeq>11</GreekSeq></word><word seq="11">railing<GreekSeq>15</GreekSeq></word><word seq="12">in<GreekSeq>12</GreekSeq></word><word seq="13">[matters] whereof<GreekSeq>13</GreekSeq></word><word seq="14">they are ignorant,<GreekSeq>14</GreekSeq></word><word seq="15">shall<GreekSeq>21</GreekSeq></word><word seq="16">in<GreekSeq>16</GreekSeq></word><word seq="17">their<GreekSeq>19</GreekSeq></word><word seq="18">destroying<GreekSeq>18</GreekSeq></word><word seq="19">surely be destroyed,<GreekSeq>21</GreekSeq></word></ASV></verse>
<verse number="13"><ASV><word seq="1">suffering wrong<GreekSeq>1</GreekSeq></word><word seq="2">as the hire<GreekSeq>2</GreekSeq></word><word seq="3">of wrong-doing;<GreekSeq>3</GreekSeq></word><word seq="4">men</word><word seq="5">that count it<GreekSeq>5</GreekSeq></word><word seq="6">pleasure<GreekSeq>4</GreekSeq></word><word seq="7">to revel<GreekSeq>9</GreekSeq></word><word seq="8">in<GreekSeq>7</GreekSeq></word><word seq="9">the day-time,<GreekSeq>8</GreekSeq></word><word seq="10">spots<GreekSeq>10</GreekSeq></word><word seq="11">and<GreekSeq>11</GreekSeq></word><word seq="12">blemishes,<GreekSeq>12</GreekSeq></word><word seq="13">revelling<GreekSeq>13</GreekSeq></word><word seq="14">in<GreekSeq>14</GreekSeq></word><word seq="15">their<GreekSeq>17</GreekSeq></word><word seq="16">deceivings<GreekSeq>16</GreekSeq></word><word seq="17">while they feast with<GreekSeq>18</GreekSeq></word><word seq="18">you;<GreekSeq>19</GreekSeq></word></ASV></verse>
<verse number="14"><ASV><word seq="1">having<GreekSeq>2</GreekSeq></word><word seq="2">eyes<GreekSeq>1</GreekSeq></word><word seq="3">full<GreekSeq>3</GreekSeq></word><word seq="4">of adultery,<GreekSeq>4</GreekSeq></word><word seq="5">and<GreekSeq>5</GreekSeq></word><word seq="6">that cannot cease from<GreekSeq>6</GreekSeq></word><word seq="7">sin;<GreekSeq>7</GreekSeq></word><word seq="8">enticing<GreekSeq>8</GreekSeq></word><word seq="9">unstedfast<GreekSeq>10</GreekSeq></word><word seq="10">souls;<GreekSeq>9</GreekSeq></word><word seq="11">having<GreekSeq>14</GreekSeq></word><word seq="12">a heart<GreekSeq>11</GreekSeq></word><word seq="13">exercised<GreekSeq>12</GreekSeq></word><word seq="14">in covetousness;<GreekSeq>13</GreekSeq></word><word seq="15">children<GreekSeq>16</GreekSeq></word><word seq="16">of cursing;<GreekSeq>15</GreekSeq></word></ASV></verse>
<verse number="15"><ASV><word seq="1">forsaking<GreekSeq>1</GreekSeq></word><word seq="2">the</word><word seq="3">right<GreekSeq>2</GreekSeq></word><word seq="4">way,<GreekSeq>3</GreekSeq></word><word seq="5">they went astray,<GreekSeq>4</GreekSeq></word><word seq="6">having followed<GreekSeq>5</GreekSeq></word><word seq="7">the<GreekSeq>6</GreekSeq></word><word seq="8">way<GreekSeq>7</GreekSeq></word><word seq="9">of Balaam<GreekSeq>8</GreekSeq><GreekSeq>9</GreekSeq></word><word seq="10">the [son] of<GreekSeq>10</GreekSeq></word><word seq="11">Beor,<GreekSeq>11</GreekSeq></word><word seq="12">who<GreekSeq>12</GreekSeq></word><word seq="13">loved<GreekSeq>15</GreekSeq></word><word seq="14">the hire<GreekSeq>13</GreekSeq></word><word seq="15">of wrong-doing;<GreekSeq>14</GreekSeq></word></ASV></verse>
<verse number="16"><ASV><word seq="1">but<GreekSeq>2</GreekSeq></word><word seq="2">he was rebuked for<GreekSeq>1</GreekSeq><GreekSeq>3</GreekSeq></word><word seq="3">his own<GreekSeq>4</GreekSeq></word><word seq="4">transgression:<GreekSeq>5</GreekSeq></word><word seq="5">a dumb<GreekSeq>7</GreekSeq></word><word seq="6">ass<GreekSeq>6</GreekSeq></word><word seq="7">spake<GreekSeq>11</GreekSeq></word><word seq="8">with<GreekSeq>8</GreekSeq></word><word seq="9">man’s<GreekSeq>9</GreekSeq></word><word seq="10">voice<GreekSeq>10</GreekSeq></word><word seq="11">and</word><word seq="12">stayed<GreekSeq>12</GreekSeq></word><word seq="13">the<GreekSeq>13</GreekSeq></word><word seq="14">madness<GreekSeq>16</GreekSeq></word><word seq="15">of the<GreekSeq>14</GreekSeq></word><word seq="16">prophet.<GreekSeq>15</GreekSeq></word></ASV></verse>
<verse number="17"><ASV><word seq="1">These<GreekSeq>1</GreekSeq></word><word seq="2">are<GreekSeq>2</GreekSeq></word><word seq="3">springs<GreekSeq>3</GreekSeq></word><word seq="4">without water,<GreekSeq>4</GreekSeq></word><word seq="5">and<GreekSeq>5</GreekSeq></word><word seq="6">mists<GreekSeq>6</GreekSeq></word><word seq="7">driven<GreekSeq>9</GreekSeq></word><word seq="8">by<GreekSeq>7</GreekSeq></word><word seq="9">a storm;<GreekSeq>8</GreekSeq></word><word seq="10">for whom<GreekSeq>10</GreekSeq></word><word seq="11">the<GreekSeq>11</GreekSeq></word><word seq="12">blackness<GreekSeq>12</GreekSeq></word><word seq="13">of darkness<GreekSeq>14</GreekSeq></word><word seq="14">hath been reserved.<GreekSeq>15</GreekSeq></word></ASV></verse>
<verse number="18"><ASV><word seq="1">For,<GreekSeq>2</GreekSeq></word><word seq="2">uttering<GreekSeq>4</GreekSeq></word><word seq="3">great swelling [words]<GreekSeq>1</GreekSeq></word><word seq="4">of vanity,<GreekSeq>3</GreekSeq></word><word seq="5">they entice<GreekSeq>5</GreekSeq></word><word seq="6">in<GreekSeq>6</GreekSeq></word><word seq="7">the lusts<GreekSeq>7</GreekSeq></word><word seq="8">of the flesh,<GreekSeq>8</GreekSeq></word><word seq="9">by lasciviousness,<GreekSeq>9</GreekSeq></word><word seq="10">those<GreekSeq>10</GreekSeq></word><word seq="11">who are<GreekSeq>12</GreekSeq></word><word seq="12">just<GreekSeq>11</GreekSeq></word><word seq="13">escaping from<GreekSeq>12</GreekSeq></word><word seq="14">them<GreekSeq>13</GreekSeq></word><word seq="15">that live<GreekSeq>16</GreekSeq></word><word seq="16">in<GreekSeq>14</GreekSeq></word><word seq="17">error;<GreekSeq>15</GreekSeq></word></ASV></verse>
<verse number="19"><ASV><word seq="1">promising<GreekSeq>3</GreekSeq></word><word seq="2">them<GreekSeq>2</GreekSeq></word><word seq="3">liberty,<GreekSeq>1</GreekSeq></word><word seq="4">while<GreekSeq>6</GreekSeq></word><word seq="5">they themselves<GreekSeq>4</GreekSeq></word><word seq="6">are<GreekSeq>6</GreekSeq></word><word seq="7">bondservants<GreekSeq>5</GreekSeq></word><word seq="8">of corruption;<GreekSeq>8</GreekSeq></word><word seq="9">for<GreekSeq>10</GreekSeq></word><word seq="10">of whom<GreekSeq>9</GreekSeq></word><word seq="11">a man<GreekSeq>11</GreekSeq></word><word seq="12">is overcome,<GreekSeq>12</GreekSeq></word><word seq="13">of the same<GreekSeq>13</GreekSeq></word><word seq="14">is he [also] brought into bondage.<GreekSeq>14</GreekSeq></word></ASV></verse>
<verse number="20"><ASV><word seq="1">For<GreekSeq>2</GreekSeq></word><word seq="2">if,<GreekSeq>1</GreekSeq></word><word seq="3">after they have escaped<GreekSeq>3</GreekSeq></word><word seq="4">the<GreekSeq>4</GreekSeq></word><word seq="5">defilements<GreekSeq>5</GreekSeq></word><word seq="6">of the<GreekSeq>6</GreekSeq></word><word seq="7">world<GreekSeq>7</GreekSeq></word><word seq="8">through<GreekSeq>8</GreekSeq></word><word seq="9">the knowledge<GreekSeq>9</GreekSeq></word><word seq="10">of the<GreekSeq>10</GreekSeq></word><word seq="11">Lord<GreekSeq>11</GreekSeq></word><word seq="12">and<GreekSeq>13</GreekSeq></word><word seq="13">Saviour<GreekSeq>14</GreekSeq></word><word seq="14">Jesus<GreekSeq>15</GreekSeq></word><word seq="15">Christ,<GreekSeq>16</GreekSeq></word><word seq="16">they are<GreekSeq>21</GreekSeq></word><word seq="17">again<GreekSeq>19</GreekSeq></word><word seq="18">entangled<GreekSeq>20</GreekSeq></word><word seq="19">therein<GreekSeq>17</GreekSeq></word><word seq="20">and</word><word seq="21">overcome,<GreekSeq>21</GreekSeq></word><word seq="22">the<GreekSeq>24</GreekSeq></word><word seq="23">last [state]<GreekSeq>25</GreekSeq></word><word seq="24">is become<GreekSeq>22</GreekSeq></word><word seq="25">worse<GreekSeq>26</GreekSeq></word><word seq="26">with them<GreekSeq>23</GreekSeq></word><word seq="27">than<GreekSeq>26</GreekSeq></word><word seq="28">the<GreekSeq>27</GreekSeq></word><word seq="29">first.<GreekSeq>28</GreekSeq></word></ASV></verse>
<verse number="21"><ASV><word seq="1">For<GreekSeq>2</GreekSeq></word><word seq="2">it were<GreekSeq>3</GreekSeq></word><word seq="3">better<GreekSeq>1</GreekSeq></word><word seq="4">for them<GreekSeq>4</GreekSeq></word><word seq="5">not<GreekSeq>5</GreekSeq></word><word seq="6">to have known<GreekSeq>6</GreekSeq></word><word seq="7">the<GreekSeq>7</GreekSeq></word><word seq="8">way<GreekSeq>8</GreekSeq></word><word seq="9">of righteousness,<GreekSeq>10</GreekSeq></word><word seq="10">than,<GreekSeq>11</GreekSeq></word><word seq="11">after knowing<GreekSeq>12</GreekSeq></word><word seq="12">it,</word><word seq="13">to turn back<GreekSeq>13</GreekSeq></word><word seq="14">from<GreekSeq>14</GreekSeq></word><word seq="15">the<GreekSeq>15</GreekSeq></word><word seq="16">holy<GreekSeq>18</GreekSeq></word><word seq="17">commandment<GreekSeq>19</GreekSeq></word><word seq="18">delivered<GreekSeq>16</GreekSeq></word><word seq="19">unto them.<GreekSeq>17</GreekSeq></word></ASV></verse>
<verse number="22"><ASV><word seq="1">It has happened<GreekSeq>1</GreekSeq></word><word seq="2">unto them<GreekSeq>2</GreekSeq></word><word seq="3">[according] to the<GreekSeq>3</GreekSeq></word><word seq="4">true<GreekSeq>5</GreekSeq></word><word seq="5">proverb,<GreekSeq>6</GreekSeq></word><word seq="6">The dog<GreekSeq>7</GreekSeq></word><word seq="7">turning<GreekSeq>8</GreekSeq></word><word seq="8">to<GreekSeq>9</GreekSeq></word><word seq="9">his own<GreekSeq>11</GreekSeq></word><word seq="10">vomit<GreekSeq>12</GreekSeq></word><word seq="11">again,<GreekSeq>8</GreekSeq></word><word seq="12">and<GreekSeq>13</GreekSeq></word><word seq="13">the sow<GreekSeq>14</GreekSeq></word><word seq="14">that had washed<GreekSeq>15</GreekSeq></word><word seq="15">to<GreekSeq>16</GreekSeq></word><word seq="16">wallowing<GreekSeq>17</GreekSeq></word><word seq="17">in the mire.<GreekSeq>18</GreekSeq></word></ASV></verse>
</chapter></book>