<?xml version="1.0" encoding="UTF-8" standalone="no"?><book><chapter number="9">
<verse number="1"><ASV><word seq="1">But<GreekSeq>2</GreekSeq></word><word seq="2">Saul,<GreekSeq>3</GreekSeq></word><word seq="3">yet<GreekSeq>4</GreekSeq></word><word seq="4">breathing<GreekSeq>5</GreekSeq></word><word seq="5">threatening<GreekSeq>6</GreekSeq></word><word seq="6">and<GreekSeq>7</GreekSeq></word><word seq="7">slaughter<GreekSeq>8</GreekSeq></word><word seq="8">against<GreekSeq>9</GreekSeq></word><word seq="9">the<GreekSeq>10</GreekSeq></word><word seq="10">disciples<GreekSeq>11</GreekSeq></word><word seq="11">of the<GreekSeq>12</GreekSeq></word><word seq="12">Lord,<GreekSeq>13</GreekSeq></word><word seq="13">went unto<GreekSeq>14</GreekSeq></word><word seq="14">the<GreekSeq>15</GreekSeq></word><word seq="15">high priest,<GreekSeq>16</GreekSeq></word></ASV></verse>
<verse number="2"><ASV><word seq="1">and</word><word seq="2">asked<GreekSeq>1</GreekSeq></word><word seq="3">of<GreekSeq>2</GreekSeq></word><word seq="4">him<GreekSeq>3</GreekSeq></word><word seq="5">letters<GreekSeq>4</GreekSeq></word><word seq="6">to<GreekSeq>5</GreekSeq></word><word seq="7">Damascus<GreekSeq>6</GreekSeq></word><word seq="8">unto<GreekSeq>7</GreekSeq></word><word seq="9">the<GreekSeq>8</GreekSeq></word><word seq="10">synagogues,<GreekSeq>9</GreekSeq></word><word seq="11">that<GreekSeq>10</GreekSeq></word><word seq="12">if<GreekSeq>11</GreekSeq></word><word seq="13">he found<GreekSeq>13</GreekSeq></word><word seq="14">any<GreekSeq>12</GreekSeq></word><word seq="15">that were<GreekSeq>16</GreekSeq></word><word seq="16">of the<GreekSeq>14</GreekSeq></word><word seq="17">Way,<GreekSeq>15</GreekSeq></word><word seq="18">whether<GreekSeq>18</GreekSeq></word><word seq="19">men<GreekSeq>17</GreekSeq></word><word seq="20">or<GreekSeq>19</GreekSeq></word><word seq="21">women,<GreekSeq>20</GreekSeq></word><word seq="22">he might bring<GreekSeq>22</GreekSeq></word><word seq="23">them bound<GreekSeq>21</GreekSeq></word><word seq="24">to<GreekSeq>23</GreekSeq></word><word seq="25">Jerusalem.<GreekSeq>24</GreekSeq></word></ASV></verse>
<verse number="3"><ASV><word seq="1">And<GreekSeq>2</GreekSeq></word><word seq="2">as<GreekSeq>1</GreekSeq><GreekSeq>3</GreekSeq></word><word seq="3">he journeyed,<GreekSeq>4</GreekSeq></word><word seq="4">it came to pass<GreekSeq>5</GreekSeq></word><word seq="5">that</word><word seq="6">he<GreekSeq>6</GreekSeq></word><word seq="7">drew nigh<GreekSeq>7</GreekSeq></word><word seq="8">unto Damascus:<GreekSeq>9</GreekSeq></word><word seq="9">and<GreekSeq>11</GreekSeq></word><word seq="10">suddenly<GreekSeq>10</GreekSeq></word><word seq="11">there shone round about<GreekSeq>13</GreekSeq></word><word seq="12">him<GreekSeq>12</GreekSeq></word><word seq="13">a light<GreekSeq>14</GreekSeq></word><word seq="14">out of<GreekSeq>15</GreekSeq></word><word seq="15">heaven:<GreekSeq>17</GreekSeq></word></ASV></verse>
<verse number="4"><ASV><word seq="1">and<GreekSeq>1</GreekSeq></word><word seq="2">he<GreekSeq>6</GreekSeq></word><word seq="3">fell<GreekSeq>2</GreekSeq></word><word seq="4">upon<GreekSeq>3</GreekSeq></word><word seq="5">the<GreekSeq>4</GreekSeq></word><word seq="6">earth,<GreekSeq>5</GreekSeq></word><word seq="7">and</word><word seq="8">heard<GreekSeq>6</GreekSeq></word><word seq="9">a voice<GreekSeq>7</GreekSeq></word><word seq="10">saying<GreekSeq>8</GreekSeq></word><word seq="11">unto him,<GreekSeq>9</GreekSeq></word><word seq="12">Saul,<GreekSeq>10</GreekSeq></word><word seq="13">Saul,<GreekSeq>11</GreekSeq></word><word seq="14">why<GreekSeq>12</GreekSeq></word><word seq="15">persecutest thou<GreekSeq>14</GreekSeq></word><word seq="16">me?<GreekSeq>13</GreekSeq></word></ASV></verse>
<verse number="5"><ASV><word seq="1">And<GreekSeq>2</GreekSeq></word><word seq="2">he said,<GreekSeq>1</GreekSeq></word><word seq="3">Who<GreekSeq>3</GreekSeq></word><word seq="4">art thou,<GreekSeq>4</GreekSeq></word><word seq="5">Lord?<GreekSeq>5</GreekSeq></word><word seq="6">And<GreekSeq>7</GreekSeq></word><word seq="7">he<GreekSeq>6</GreekSeq></word><word seq="8">said,</word><word seq="9">I<GreekSeq>8</GreekSeq></word><word seq="10">am<GreekSeq>9</GreekSeq></word><word seq="11">Jesus<GreekSeq>10</GreekSeq></word><word seq="12">whom<GreekSeq>11</GreekSeq></word><word seq="13">thou<GreekSeq>12</GreekSeq></word><word seq="14">persecutest:<GreekSeq>13</GreekSeq></word></ASV></verse>
<verse number="6"><ASV><word seq="1">but<GreekSeq>1</GreekSeq></word><word seq="2">rise,<GreekSeq>2</GreekSeq></word><word seq="3">and<GreekSeq>3</GreekSeq></word><word seq="4">enter<GreekSeq>4</GreekSeq></word><word seq="5">into<GreekSeq>5</GreekSeq></word><word seq="6">the<GreekSeq>6</GreekSeq></word><word seq="7">city,<GreekSeq>7</GreekSeq></word><word seq="8">and<GreekSeq>8</GreekSeq></word><word seq="9">it shall be told<GreekSeq>9</GreekSeq></word><word seq="10">thee<GreekSeq>10</GreekSeq></word><word seq="11">what<GreekSeq>12</GreekSeq></word><word seq="12">thou<GreekSeq>13</GreekSeq></word><word seq="13">must<GreekSeq>14</GreekSeq></word><word seq="14">do.<GreekSeq>15</GreekSeq></word></ASV></verse>
<verse number="7"><ASV><word seq="1">And<GreekSeq>2</GreekSeq></word><word seq="2">the<GreekSeq>1</GreekSeq></word><word seq="3">men<GreekSeq>3</GreekSeq></word><word seq="4">that journeyed with<GreekSeq>5</GreekSeq></word><word seq="5">him<GreekSeq>6</GreekSeq></word><word seq="6">stood<GreekSeq>7</GreekSeq></word><word seq="7">speechless,<GreekSeq>8</GreekSeq></word><word seq="8">hearing<GreekSeq>9</GreekSeq></word><word seq="9">the<GreekSeq>11</GreekSeq></word><word seq="10">voice,<GreekSeq>12</GreekSeq></word><word seq="11">but<GreekSeq>14</GreekSeq></word><word seq="12">beholding<GreekSeq>15</GreekSeq></word><word seq="13">no man.<GreekSeq>13</GreekSeq></word></ASV></verse>
<verse number="8"><ASV><word seq="1">And<GreekSeq>2</GreekSeq></word><word seq="2">Saul<GreekSeq>3</GreekSeq></word><word seq="3">arose<GreekSeq>1</GreekSeq></word><word seq="4">from<GreekSeq>4</GreekSeq></word><word seq="5">the<GreekSeq>5</GreekSeq></word><word seq="6">earth;<GreekSeq>6</GreekSeq></word><word seq="7">and<GreekSeq>8</GreekSeq></word><word seq="8">when<GreekSeq>7</GreekSeq></word><word seq="9">his<GreekSeq>11</GreekSeq></word><word seq="10">eyes<GreekSeq>10</GreekSeq></word><word seq="11">were opened,<GreekSeq>7</GreekSeq></word><word seq="12">he saw<GreekSeq>13</GreekSeq></word><word seq="13">nothing;<GreekSeq>12</GreekSeq></word><word seq="14">and<GreekSeq>15</GreekSeq></word><word seq="15">they led [him] by the hand,<GreekSeq>14</GreekSeq></word><word seq="16">and<GreekSeq>15</GreekSeq></word><word seq="17">brought<GreekSeq>17</GreekSeq></word><word seq="18">him<GreekSeq>16</GreekSeq></word><word seq="19">into<GreekSeq>18</GreekSeq></word><word seq="20">Damascus.<GreekSeq>19</GreekSeq></word></ASV></verse>
<verse number="9"><ASV><word seq="1">And<GreekSeq>1</GreekSeq></word><word seq="2">he was<GreekSeq>2</GreekSeq></word><word seq="3">three<GreekSeq>4</GreekSeq></word><word seq="4">days<GreekSeq>3</GreekSeq></word><word seq="5">without<GreekSeq>5</GreekSeq></word><word seq="6">sight,<GreekSeq>6</GreekSeq></word><word seq="7">and<GreekSeq>7</GreekSeq></word><word seq="8">did<GreekSeq>9</GreekSeq></word><word seq="9">neither<GreekSeq>8</GreekSeq></word><word seq="10">eat<GreekSeq>9</GreekSeq></word><word seq="11">nor<GreekSeq>10</GreekSeq></word><word seq="12">drink.<GreekSeq>11</GreekSeq></word></ASV></verse>
<verse number="10"><ASV><word seq="1">Now<GreekSeq>2</GreekSeq></word><word seq="2">there was<GreekSeq>1</GreekSeq></word><word seq="3">a certain<GreekSeq>3</GreekSeq></word><word seq="4">disciple<GreekSeq>4</GreekSeq></word><word seq="5">at<GreekSeq>5</GreekSeq></word><word seq="6">Damascus,<GreekSeq>6</GreekSeq></word><word seq="7">named<GreekSeq>7</GreekSeq></word><word seq="8">Ananias;<GreekSeq>8</GreekSeq></word><word seq="9">and<GreekSeq>9</GreekSeq></word><word seq="10">the<GreekSeq>15</GreekSeq></word><word seq="11">Lord<GreekSeq>16</GreekSeq></word><word seq="12">said<GreekSeq>10</GreekSeq></word><word seq="13">unto<GreekSeq>11</GreekSeq></word><word seq="14">him<GreekSeq>12</GreekSeq></word><word seq="15">in<GreekSeq>13</GreekSeq></word><word seq="16">a vision,<GreekSeq>14</GreekSeq></word><word seq="17">Ananias.<GreekSeq>17</GreekSeq></word><word seq="18">And<GreekSeq>19</GreekSeq></word><word seq="19">he<GreekSeq>18</GreekSeq></word><word seq="20">said,<GreekSeq>20</GreekSeq></word><word seq="21">Behold,<GreekSeq>21</GreekSeq></word><word seq="22">I [am here],<GreekSeq>22</GreekSeq></word><word seq="23">Lord.<GreekSeq>23</GreekSeq></word></ASV></verse>
<verse number="11"><ASV><word seq="1">And<GreekSeq>2</GreekSeq></word><word seq="2">the<GreekSeq>1</GreekSeq></word><word seq="3">Lord<GreekSeq>3</GreekSeq></word><word seq="4">said</word><word seq="5">unto<GreekSeq>4</GreekSeq></word><word seq="6">him,<GreekSeq>5</GreekSeq></word><word seq="7">Arise,<GreekSeq>6</GreekSeq></word><word seq="8">and</word><word seq="9">go<GreekSeq>7</GreekSeq></word><word seq="10">to<GreekSeq>8</GreekSeq></word><word seq="11">the<GreekSeq>9</GreekSeq></word><word seq="12">street<GreekSeq>10</GreekSeq></word><word seq="13">which is called<GreekSeq>12</GreekSeq></word><word seq="14">Straight,<GreekSeq>13</GreekSeq></word><word seq="15">and<GreekSeq>14</GreekSeq></word><word seq="16">inquire<GreekSeq>15</GreekSeq></word><word seq="17">in<GreekSeq>16</GreekSeq></word><word seq="18">the house<GreekSeq>17</GreekSeq></word><word seq="19">of Judas<GreekSeq>18</GreekSeq></word><word seq="20">for one named<GreekSeq>20</GreekSeq></word><word seq="21">Saul,<GreekSeq>19</GreekSeq></word><word seq="22">a man of Tarsus:<GreekSeq>21</GreekSeq></word><word seq="23">for<GreekSeq>23</GreekSeq></word><word seq="24">behold,<GreekSeq>22</GreekSeq></word><word seq="25">he prayeth;<GreekSeq>24</GreekSeq></word></ASV></verse>
<verse number="12"><ASV><word seq="1">and<GreekSeq>1</GreekSeq></word><word seq="2">he hath seen<GreekSeq>2</GreekSeq></word><word seq="3">a man<GreekSeq>3</GreekSeq></word><word seq="4">named<GreekSeq>7</GreekSeq></word><word seq="5">Ananias<GreekSeq>6</GreekSeq></word><word seq="6">coming in,<GreekSeq>8</GreekSeq></word><word seq="7">and<GreekSeq>9</GreekSeq></word><word seq="8">laying<GreekSeq>10</GreekSeq></word><word seq="9">his</word><word seq="10">hands<GreekSeq>13</GreekSeq></word><word seq="11">on him,<GreekSeq>11</GreekSeq></word><word seq="12">that<GreekSeq>14</GreekSeq></word><word seq="13">he might receive his sight.<GreekSeq>15</GreekSeq></word></ASV></verse>
<verse number="13"><ASV><word seq="1">But<GreekSeq>2</GreekSeq></word><word seq="2">Ananias<GreekSeq>3</GreekSeq></word><word seq="3">answered,<GreekSeq>1</GreekSeq></word><word seq="4">Lord,<GreekSeq>4</GreekSeq></word><word seq="5">I have heard<GreekSeq>5</GreekSeq></word><word seq="6">from<GreekSeq>6</GreekSeq></word><word seq="7">many<GreekSeq>7</GreekSeq></word><word seq="8">of<GreekSeq>8</GreekSeq></word><word seq="9">this<GreekSeq>11</GreekSeq></word><word seq="10">man,<GreekSeq>10</GreekSeq></word><word seq="11">how much<GreekSeq>12</GreekSeq></word><word seq="12">evil<GreekSeq>13</GreekSeq></word><word seq="13">he did<GreekSeq>17</GreekSeq></word><word seq="14">to<GreekSeq>15</GreekSeq></word><word seq="15">thy<GreekSeq>16</GreekSeq></word><word seq="16">saints<GreekSeq>15</GreekSeq></word><word seq="17">at<GreekSeq>18</GreekSeq></word><word seq="18">Jerusalem:<GreekSeq>19</GreekSeq></word></ASV></verse>
<verse number="14"><ASV><word seq="1">and<GreekSeq>1</GreekSeq></word><word seq="2">here<GreekSeq>2</GreekSeq></word><word seq="3">he hath<GreekSeq>3</GreekSeq></word><word seq="4">authority<GreekSeq>4</GreekSeq></word><word seq="5">from<GreekSeq>5</GreekSeq></word><word seq="6">the<GreekSeq>6</GreekSeq></word><word seq="7">chief priests<GreekSeq>7</GreekSeq></word><word seq="8">to bind<GreekSeq>8</GreekSeq></word><word seq="9">all<GreekSeq>9</GreekSeq></word><word seq="10">that call upon<GreekSeq>11</GreekSeq></word><word seq="11">thy<GreekSeq>14</GreekSeq></word><word seq="12">name.<GreekSeq>13</GreekSeq></word></ASV></verse>
<verse number="15"><ASV><word seq="1">But<GreekSeq>2</GreekSeq></word><word seq="2">the<GreekSeq>5</GreekSeq></word><word seq="3">Lord<GreekSeq>6</GreekSeq></word><word seq="4">said<GreekSeq>1</GreekSeq></word><word seq="5">unto<GreekSeq>3</GreekSeq></word><word seq="6">him,<GreekSeq>4</GreekSeq></word><word seq="7">Go thy way:<GreekSeq>7</GreekSeq></word><word seq="8">for<GreekSeq>8</GreekSeq></word><word seq="9">he<GreekSeq>13</GreekSeq></word><word seq="10">is<GreekSeq>11</GreekSeq></word><word seq="11">a chosen<GreekSeq>10</GreekSeq></word><word seq="12">vessel<GreekSeq>9</GreekSeq></word><word seq="13">unto me,<GreekSeq>12</GreekSeq></word><word seq="14">to bear<GreekSeq>15</GreekSeq></word><word seq="15">my<GreekSeq>18</GreekSeq></word><word seq="16">name<GreekSeq>17</GreekSeq></word><word seq="17">before<GreekSeq>19</GreekSeq></word><word seq="18">the Gentiles<GreekSeq>20</GreekSeq></word><word seq="19">and<GreekSeq>22</GreekSeq></word><word seq="20">kings,<GreekSeq>23</GreekSeq></word><word seq="21">and<GreekSeq>25</GreekSeq></word><word seq="22">the children of<GreekSeq>24</GreekSeq></word><word seq="23">Israel:<GreekSeq>26</GreekSeq></word></ASV></verse>
<verse number="16"><ASV><word seq="1">for<GreekSeq>2</GreekSeq></word><word seq="2">I<GreekSeq>1</GreekSeq></word><word seq="3">will show<GreekSeq>3</GreekSeq></word><word seq="4">him<GreekSeq>4</GreekSeq></word><word seq="5">how many things<GreekSeq>5</GreekSeq></word><word seq="6">he<GreekSeq>7</GreekSeq></word><word seq="7">must<GreekSeq>6</GreekSeq></word><word seq="8">suffer<GreekSeq>12</GreekSeq></word><word seq="9">for<GreekSeq>8</GreekSeq></word><word seq="10">my<GreekSeq>11</GreekSeq></word><word seq="11">name’s<GreekSeq>10</GreekSeq></word><word seq="12">sake.<GreekSeq>8</GreekSeq></word></ASV></verse>
<verse number="17"><ASV><word seq="1">And<GreekSeq>2</GreekSeq></word><word seq="2">Ananias<GreekSeq>3</GreekSeq></word><word seq="3">departed,<GreekSeq>1</GreekSeq></word><word seq="4">and<GreekSeq>4</GreekSeq></word><word seq="5">entered<GreekSeq>5</GreekSeq></word><word seq="6">into<GreekSeq>6</GreekSeq></word><word seq="7">the<GreekSeq>7</GreekSeq></word><word seq="8">house;<GreekSeq>8</GreekSeq></word><word seq="9">and<GreekSeq>9</GreekSeq></word><word seq="10">laying<GreekSeq>10</GreekSeq></word><word seq="11">[his]<GreekSeq>13</GreekSeq></word><word seq="12">hands<GreekSeq>14</GreekSeq></word><word seq="13">on<GreekSeq>11</GreekSeq></word><word seq="14">him<GreekSeq>12</GreekSeq></word><word seq="15">said,<GreekSeq>15</GreekSeq></word><word seq="16">Brother<GreekSeq>17</GreekSeq></word><word seq="17">Saul,<GreekSeq>16</GreekSeq></word><word seq="18">the<GreekSeq>18</GreekSeq></word><word seq="19">Lord,<GreekSeq>19</GreekSeq></word><word seq="20">even</word><word seq="21">Jesus,<GreekSeq>22</GreekSeq></word><word seq="22">who appeared<GreekSeq>24</GreekSeq></word><word seq="23">unto thee<GreekSeq>25</GreekSeq></word><word seq="24">in<GreekSeq>26</GreekSeq></word><word seq="25">the<GreekSeq>27</GreekSeq></word><word seq="26">way<GreekSeq>28</GreekSeq></word><word seq="27">which<GreekSeq>29</GreekSeq></word><word seq="28">thou camest,<GreekSeq>30</GreekSeq></word><word seq="29">hath sent<GreekSeq>20</GreekSeq></word><word seq="30">me,<GreekSeq>21</GreekSeq></word><word seq="31">that<GreekSeq>31</GreekSeq></word><word seq="32">thou mayest receive thy sight,<GreekSeq>32</GreekSeq></word><word seq="33">and<GreekSeq>33</GreekSeq></word><word seq="34">be filled with<GreekSeq>34</GreekSeq></word><word seq="35">the</word><word seq="36">Holy<GreekSeq>36</GreekSeq></word><word seq="37">Spirit.<GreekSeq>35</GreekSeq></word></ASV></verse>
<verse number="18"><ASV><word seq="1">And<GreekSeq>1</GreekSeq></word><word seq="2">straightway<GreekSeq>2</GreekSeq></word><word seq="3">there fell<GreekSeq>3</GreekSeq></word><word seq="4">from<GreekSeq>5</GreekSeq></word><word seq="5">his<GreekSeq>4</GreekSeq></word><word seq="6">eyes<GreekSeq>7</GreekSeq></word><word seq="7">as<GreekSeq>8</GreekSeq></word><word seq="8">it were</word><word seq="9">scales,<GreekSeq>9</GreekSeq></word><word seq="10">and<GreekSeq>11</GreekSeq></word><word seq="11">he received his sight;<GreekSeq>10</GreekSeq></word><word seq="12">and<GreekSeq>12</GreekSeq></word><word seq="13">he arose<GreekSeq>13</GreekSeq></word><word seq="14">and</word><word seq="15">was baptized;<GreekSeq>14</GreekSeq></word></ASV></verse>
<verse number="19"><ASV><word seq="1">and<GreekSeq>1</GreekSeq></word><word seq="2">he took<GreekSeq>2</GreekSeq></word><word seq="3">food<GreekSeq>3</GreekSeq></word><word seq="4">and</word><word seq="5">was strengthened.<GreekSeq>4</GreekSeq></word><word seq="6">And<GreekSeq>6</GreekSeq></word><word seq="7">he was<GreekSeq>5</GreekSeq></word><word seq="8">certain<GreekSeq>13</GreekSeq></word><word seq="9">days<GreekSeq>12</GreekSeq></word><word seq="10">with<GreekSeq>7</GreekSeq></word><word seq="11">the<GreekSeq>8</GreekSeq></word><word seq="12">disciples<GreekSeq>11</GreekSeq></word><word seq="13">that were</word><word seq="14">at<GreekSeq>9</GreekSeq></word><word seq="15">Damascus.<GreekSeq>10</GreekSeq></word></ASV></verse>
<verse number="20"><ASV><word seq="1">And<GreekSeq>1</GreekSeq></word><word seq="2">straightway<GreekSeq>2</GreekSeq></word><word seq="3">in<GreekSeq>3</GreekSeq></word><word seq="4">the<GreekSeq>4</GreekSeq></word><word seq="5">synagogues<GreekSeq>5</GreekSeq></word><word seq="6">he proclaimed<GreekSeq>6</GreekSeq></word><word seq="7">Jesus,<GreekSeq>8</GreekSeq></word><word seq="8">that<GreekSeq>9</GreekSeq></word><word seq="9">he<GreekSeq>10</GreekSeq></word><word seq="10">is<GreekSeq>11</GreekSeq></word><word seq="11">the<GreekSeq>12</GreekSeq></word><word seq="12">Son<GreekSeq>13</GreekSeq></word><word seq="13">of God.<GreekSeq>15</GreekSeq></word></ASV></verse>
<verse number="21"><ASV><word seq="1">And<GreekSeq>2</GreekSeq></word><word seq="2">all<GreekSeq>3</GreekSeq></word><word seq="3">that heard<GreekSeq>5</GreekSeq></word><word seq="4">him</word><word seq="5">were amazed,<GreekSeq>1</GreekSeq></word><word seq="6">and<GreekSeq>6</GreekSeq></word><word seq="7">said,<GreekSeq>7</GreekSeq></word><word seq="8">Is<GreekSeq>10</GreekSeq></word><word seq="9">not<GreekSeq>8</GreekSeq></word><word seq="10">this<GreekSeq>9</GreekSeq></word><word seq="11">he<GreekSeq>11</GreekSeq></word><word seq="12">that<GreekSeq>12</GreekSeq></word><word seq="13">in<GreekSeq>13</GreekSeq></word><word seq="14">Jerusalem<GreekSeq>14</GreekSeq></word><word seq="15">made havoc of<GreekSeq>12</GreekSeq></word><word seq="16">them<GreekSeq>15</GreekSeq></word><word seq="17">that called on<GreekSeq>16</GreekSeq></word><word seq="18">this<GreekSeq>19</GreekSeq></word><word seq="19">name?<GreekSeq>18</GreekSeq></word><word seq="20">and<GreekSeq>20</GreekSeq></word><word seq="21">he had come<GreekSeq>24</GreekSeq></word><word seq="22">hither<GreekSeq>21</GreekSeq></word><word seq="23">for<GreekSeq>22</GreekSeq></word><word seq="24">this [intent],<GreekSeq>23</GreekSeq></word><word seq="25">that<GreekSeq>25</GreekSeq></word><word seq="26">he might bring<GreekSeq>28</GreekSeq></word><word seq="27">them<GreekSeq>27</GreekSeq></word><word seq="28">bound<GreekSeq>26</GreekSeq></word><word seq="29">before<GreekSeq>29</GreekSeq></word><word seq="30">the<GreekSeq>30</GreekSeq></word><word seq="31">chief priests.<GreekSeq>31</GreekSeq></word></ASV></verse>
<verse number="22"><ASV><word seq="1">But<GreekSeq>2</GreekSeq></word><word seq="2">Saul<GreekSeq>1</GreekSeq></word><word seq="3">increased<GreekSeq>4</GreekSeq></word><word seq="4">the more<GreekSeq>3</GreekSeq></word><word seq="5">in strength,<GreekSeq>4</GreekSeq></word><word seq="6">and<GreekSeq>5</GreekSeq></word><word seq="7">confounded<GreekSeq>6</GreekSeq></word><word seq="8">the<GreekSeq>7</GreekSeq></word><word seq="9">Jews<GreekSeq>8</GreekSeq></word><word seq="10">that dwelt<GreekSeq>10</GreekSeq></word><word seq="11">at<GreekSeq>11</GreekSeq></word><word seq="12">Damascus,<GreekSeq>12</GreekSeq></word><word seq="13">proving<GreekSeq>13</GreekSeq></word><word seq="14">that<GreekSeq>14</GreekSeq></word><word seq="15">this<GreekSeq>15</GreekSeq></word><word seq="16">is<GreekSeq>16</GreekSeq></word><word seq="17">the<GreekSeq>17</GreekSeq></word><word seq="18">Christ.<GreekSeq>18</GreekSeq></word></ASV></verse>
<verse number="23"><ASV><word seq="1">And<GreekSeq>2</GreekSeq></word><word seq="2">when<GreekSeq>1</GreekSeq></word><word seq="3">many<GreekSeq>5</GreekSeq></word><word seq="4">days<GreekSeq>4</GreekSeq></word><word seq="5">were fulfilled,<GreekSeq>3</GreekSeq></word><word seq="6">the<GreekSeq>7</GreekSeq></word><word seq="7">Jews<GreekSeq>8</GreekSeq></word><word seq="8">took counsel together<GreekSeq>6</GreekSeq></word><word seq="9">to kill<GreekSeq>9</GreekSeq></word><word seq="10">him:<GreekSeq>10</GreekSeq></word></ASV></verse>
<verse number="24"><ASV><word seq="1">but<GreekSeq>2</GreekSeq></word><word seq="2">their<GreekSeq>7</GreekSeq></word><word seq="3">plot<GreekSeq>6</GreekSeq></word><word seq="4">became known<GreekSeq>1</GreekSeq></word><word seq="5">to Saul.<GreekSeq>4</GreekSeq></word><word seq="6">And<GreekSeq>9</GreekSeq></word><word seq="7">they watched<GreekSeq>8</GreekSeq></word><word seq="8">the<GreekSeq>11</GreekSeq></word><word seq="9">gates<GreekSeq>12</GreekSeq></word><word seq="10">also<GreekSeq>10</GreekSeq></word><word seq="11">day<GreekSeq>13</GreekSeq></word><word seq="12">and<GreekSeq>15</GreekSeq></word><word seq="13">night<GreekSeq>16</GreekSeq></word><word seq="14">that<GreekSeq>17</GreekSeq></word><word seq="15">they might kill<GreekSeq>19</GreekSeq></word><word seq="16">him:<GreekSeq>18</GreekSeq></word></ASV></verse>
<verse number="25"><ASV><word seq="1">but<GreekSeq>2</GreekSeq></word><word seq="2">his<GreekSeq>5</GreekSeq></word><word seq="3">disciples<GreekSeq>4</GreekSeq></word><word seq="4">took<GreekSeq>1</GreekSeq></word><word seq="5">him</word><word seq="6">by night,<GreekSeq>6</GreekSeq></word><word seq="7">and</word><word seq="8">let<GreekSeq>10</GreekSeq></word><word seq="9">him<GreekSeq>11</GreekSeq></word><word seq="10">down<GreekSeq>10</GreekSeq></word><word seq="11">through<GreekSeq>7</GreekSeq></word><word seq="12">the<GreekSeq>8</GreekSeq></word><word seq="13">wall,<GreekSeq>9</GreekSeq></word><word seq="14">lowering<GreekSeq>12</GreekSeq></word><word seq="15">him</word><word seq="16">in<GreekSeq>13</GreekSeq></word><word seq="17">a basket.<GreekSeq>14</GreekSeq></word></ASV></verse>
<verse number="26"><ASV><word seq="1">And<GreekSeq>2</GreekSeq></word><word seq="2">when he was come<GreekSeq>1</GreekSeq></word><word seq="3">to<GreekSeq>3</GreekSeq></word><word seq="4">Jerusalem,<GreekSeq>4</GreekSeq></word><word seq="5">he assayed<GreekSeq>5</GreekSeq></word><word seq="6">to join himself<GreekSeq>6</GreekSeq></word><word seq="7">to the<GreekSeq>7</GreekSeq></word><word seq="8">disciples:<GreekSeq>8</GreekSeq></word><word seq="9">and<GreekSeq>9</GreekSeq></word><word seq="10">they were<GreekSeq>11</GreekSeq></word><word seq="11">all<GreekSeq>10</GreekSeq></word><word seq="12">afraid of<GreekSeq>11</GreekSeq></word><word seq="13">him,<GreekSeq>12</GreekSeq></word><word seq="14">not<GreekSeq>13</GreekSeq></word><word seq="15">believing<GreekSeq>14</GreekSeq></word><word seq="16">that<GreekSeq>15</GreekSeq></word><word seq="17">he was<GreekSeq>16</GreekSeq></word><word seq="18">a disciple.<GreekSeq>17</GreekSeq></word></ASV></verse>
<verse number="27"><ASV><word seq="1">But<GreekSeq>2</GreekSeq></word><word seq="2">Barnabas<GreekSeq>1</GreekSeq></word><word seq="3">took<GreekSeq>3</GreekSeq></word><word seq="4">him,<GreekSeq>4</GreekSeq></word><word seq="5">and</word><word seq="6">brought<GreekSeq>5</GreekSeq></word><word seq="7">him</word><word seq="8">to<GreekSeq>6</GreekSeq></word><word seq="9">the<GreekSeq>7</GreekSeq></word><word seq="10">apostles,<GreekSeq>8</GreekSeq></word><word seq="11">and<GreekSeq>9</GreekSeq></word><word seq="12">declared<GreekSeq>10</GreekSeq></word><word seq="13">unto them<GreekSeq>11</GreekSeq></word><word seq="14">how<GreekSeq>12</GreekSeq></word><word seq="15">he had seen<GreekSeq>16</GreekSeq></word><word seq="16">the<GreekSeq>17</GreekSeq></word><word seq="17">Lord<GreekSeq>18</GreekSeq></word><word seq="18">in<GreekSeq>13</GreekSeq></word><word seq="19">the<GreekSeq>14</GreekSeq></word><word seq="20">way,<GreekSeq>15</GreekSeq></word><word seq="21">and<GreekSeq>19</GreekSeq></word><word seq="22">that<GreekSeq>20</GreekSeq></word><word seq="23">he had spoken<GreekSeq>21</GreekSeq></word><word seq="24">to him,<GreekSeq>22</GreekSeq></word><word seq="25">and<GreekSeq>23</GreekSeq></word><word seq="26">how<GreekSeq>24</GreekSeq></word><word seq="27">at<GreekSeq>25</GreekSeq></word><word seq="28">Damascus<GreekSeq>26</GreekSeq></word><word seq="29">he had preached boldly<GreekSeq>27</GreekSeq></word><word seq="30">in<GreekSeq>28</GreekSeq></word><word seq="31">the<GreekSeq>29</GreekSeq></word><word seq="32">name<GreekSeq>30</GreekSeq></word><word seq="33">of Jesus.<GreekSeq>32</GreekSeq></word></ASV></verse>
<verse number="28"><ASV><word seq="1">And<GreekSeq>1</GreekSeq></word><word seq="2">he was<GreekSeq>2</GreekSeq></word><word seq="3">with<GreekSeq>3</GreekSeq></word><word seq="4">them<GreekSeq>4</GreekSeq></word><word seq="5">going in<GreekSeq>5</GreekSeq></word><word seq="6">and<GreekSeq>6</GreekSeq></word><word seq="7">going out<GreekSeq>7</GreekSeq></word><word seq="8">at<GreekSeq>8</GreekSeq></word><word seq="9">Jerusalem,<GreekSeq>9</GreekSeq></word><word seq="10" note="from next verse">preaching boldly<GreekSeq>10</GreekSeq></word><word seq="11" note="from next verse">in<GreekSeq>11</GreekSeq></word><word seq="12" note="from next verse">the<GreekSeq>12</GreekSeq></word><word seq="13" note="from next verse">name<GreekSeq>13</GreekSeq></word><word seq="14" note="from next verse">of the<GreekSeq>14</GreekSeq></word><word seq="15" note="from next verse">Lord:<GreekSeq>15</GreekSeq></word></ASV></verse>
<verse number="29"><ASV><word seq="1" note="see previous verse">preaching boldly in the name of the Lord:</word><word seq="2">and<GreekSeq>2</GreekSeq></word><word seq="3">he spake<GreekSeq>1</GreekSeq></word><word seq="4">and<GreekSeq>3</GreekSeq></word><word seq="5">disputed<GreekSeq>4</GreekSeq></word><word seq="6">against<GreekSeq>5</GreekSeq></word><word seq="7">the<GreekSeq>6</GreekSeq></word><word seq="8">Grecian [Jews];<GreekSeq>7</GreekSeq></word><word seq="9">but<GreekSeq>9</GreekSeq></word><word seq="10">they<GreekSeq>8</GreekSeq></word><word seq="11">were seeking<GreekSeq>10</GreekSeq></word><word seq="12">to kill<GreekSeq>11</GreekSeq></word><word seq="13">him.<GreekSeq>12</GreekSeq></word></ASV></verse>
<verse number="30"><ASV><word seq="1">And<GreekSeq>2</GreekSeq></word><word seq="2">when<GreekSeq>1</GreekSeq></word><word seq="3">the<GreekSeq>3</GreekSeq></word><word seq="4">brethren<GreekSeq>4</GreekSeq></word><word seq="5">knew<GreekSeq>1</GreekSeq></word><word seq="6">it,</word><word seq="7">they brought<GreekSeq>5</GreekSeq></word><word seq="8">him<GreekSeq>6</GreekSeq></word><word seq="9">down<GreekSeq>5</GreekSeq></word><word seq="10">to<GreekSeq>7</GreekSeq></word><word seq="11">Caesarea,<GreekSeq>8</GreekSeq></word><word seq="12">and<GreekSeq>9</GreekSeq></word><word seq="13">sent<GreekSeq>10</GreekSeq></word><word seq="14">him<GreekSeq>11</GreekSeq></word><word seq="15">forth<GreekSeq>10</GreekSeq></word><word seq="16">to<GreekSeq>12</GreekSeq></word><word seq="17">Tarsus.<GreekSeq>13</GreekSeq></word></ASV></verse>
<verse number="31"><ASV><word seq="1">So<GreekSeq>3</GreekSeq></word><word seq="2">the<GreekSeq>1</GreekSeq></word><word seq="3">church<GreekSeq>4</GreekSeq></word><word seq="4">throughout<GreekSeq>5</GreekSeq></word><word seq="5">all<GreekSeq>6</GreekSeq></word><word seq="6">Judaea<GreekSeq>8</GreekSeq></word><word seq="7">and<GreekSeq>9</GreekSeq></word><word seq="8">Galilee<GreekSeq>10</GreekSeq></word><word seq="9">and<GreekSeq>11</GreekSeq></word><word seq="10">Samaria<GreekSeq>12</GreekSeq></word><word seq="11">had<GreekSeq>13</GreekSeq></word><word seq="12">peace,<GreekSeq>14</GreekSeq></word><word seq="13">being edified;<GreekSeq>15</GreekSeq></word><word seq="14">and,<GreekSeq>16</GreekSeq></word><word seq="15">walking<GreekSeq>17</GreekSeq></word><word seq="16">in the<GreekSeq>18</GreekSeq></word><word seq="17">fear<GreekSeq>19</GreekSeq></word><word seq="18">of the<GreekSeq>20</GreekSeq></word><word seq="19">Lord<GreekSeq>21</GreekSeq></word><word seq="20">and<GreekSeq>22</GreekSeq></word><word seq="21">in the<GreekSeq>23</GreekSeq></word><word seq="22">comfort<GreekSeq>24</GreekSeq></word><word seq="23">of the<GreekSeq>25</GreekSeq></word><word seq="24">Holy<GreekSeq>26</GreekSeq></word><word seq="25">Spirit,<GreekSeq>27</GreekSeq></word><word seq="26">was multiplied.<GreekSeq>28</GreekSeq></word></ASV></verse>
<verse number="32"><ASV><word seq="1">And<GreekSeq>2</GreekSeq></word><word seq="2">it came to pass,<GreekSeq>1</GreekSeq></word><word seq="3">as<GreekSeq>4</GreekSeq></word><word seq="4">Peter<GreekSeq>3</GreekSeq></word><word seq="5">went<GreekSeq>4</GreekSeq></word><word seq="6">throughout<GreekSeq>5</GreekSeq></word><word seq="7">all [parts],<GreekSeq>6</GreekSeq></word><word seq="8">he came down<GreekSeq>7</GreekSeq></word><word seq="9">also<GreekSeq>8</GreekSeq></word><word seq="10">to<GreekSeq>9</GreekSeq></word><word seq="11">the<GreekSeq>10</GreekSeq></word><word seq="12">saints<GreekSeq>11</GreekSeq></word><word seq="13">that dwelt at<GreekSeq>13</GreekSeq></word><word seq="14">Lydda.<GreekSeq>14</GreekSeq></word></ASV></verse>
<verse number="33"><ASV><word seq="1">And<GreekSeq>2</GreekSeq></word><word seq="2">there<GreekSeq>3</GreekSeq></word><word seq="3">he found<GreekSeq>1</GreekSeq></word><word seq="4">a certain<GreekSeq>5</GreekSeq></word><word seq="5">man<GreekSeq>4</GreekSeq></word><word seq="6">named<GreekSeq>6</GreekSeq></word><word seq="7">Aeneas,<GreekSeq>7</GreekSeq></word><word seq="8">who had kept<GreekSeq>11</GreekSeq></word><word seq="9">[his] bed<GreekSeq>13</GreekSeq></word><word seq="10">eight<GreekSeq>10</GreekSeq></word><word seq="11">years;<GreekSeq>9</GreekSeq></word><word seq="12">for</word><word seq="13">he<GreekSeq>14</GreekSeq></word><word seq="14">was<GreekSeq>15</GreekSeq></word><word seq="15">palsied.<GreekSeq>16</GreekSeq></word></ASV></verse>
<verse number="34"><ASV><word seq="1">And<GreekSeq>1</GreekSeq></word><word seq="2">Peter<GreekSeq>5</GreekSeq></word><word seq="3">said<GreekSeq>2</GreekSeq></word><word seq="4">unto him,<GreekSeq>3</GreekSeq></word><word seq="5">Aeneas,<GreekSeq>6</GreekSeq></word><word seq="6">Jesus<GreekSeq>9</GreekSeq></word><word seq="7">Christ<GreekSeq>10</GreekSeq></word><word seq="8">healeth<GreekSeq>7</GreekSeq></word><word seq="9">thee:<GreekSeq>8</GreekSeq></word><word seq="10">arise,<GreekSeq>11</GreekSeq></word><word seq="11">and<GreekSeq>12</GreekSeq></word><word seq="12">make<GreekSeq>13</GreekSeq></word><word seq="13">thy<GreekSeq>14</GreekSeq></word><word seq="14">bed.<GreekSeq>13</GreekSeq></word><word seq="15">And<GreekSeq>15</GreekSeq></word><word seq="16">straightway<GreekSeq>16</GreekSeq></word><word seq="17">he arose.<GreekSeq>17</GreekSeq></word></ASV></verse>
<verse number="35"><ASV><word seq="1">And<GreekSeq>1</GreekSeq></word><word seq="2">all<GreekSeq>4</GreekSeq></word><word seq="3">that dwelt at<GreekSeq>6</GreekSeq></word><word seq="4">Lydda<GreekSeq>7</GreekSeq></word><word seq="5">and<GreekSeq>8</GreekSeq></word><word seq="6">in Sharon<GreekSeq>10</GreekSeq></word><word seq="7">saw<GreekSeq>2</GreekSeq></word><word seq="8">him,<GreekSeq>3</GreekSeq></word><word seq="9">and</word><word seq="10">they<GreekSeq>11</GreekSeq></word><word seq="11">turned<GreekSeq>12</GreekSeq></word><word seq="12">to<GreekSeq>13</GreekSeq></word><word seq="13">the<GreekSeq>14</GreekSeq></word><word seq="14">Lord.<GreekSeq>15</GreekSeq></word></ASV></verse>
<verse number="36"><ASV><word seq="1">Now<GreekSeq>3</GreekSeq></word><word seq="2">there was<GreekSeq>5</GreekSeq></word><word seq="3">at<GreekSeq>1</GreekSeq></word><word seq="4">Joppa<GreekSeq>2</GreekSeq></word><word seq="5">a certain<GreekSeq>4</GreekSeq></word><word seq="6">disciple<GreekSeq>6</GreekSeq></word><word seq="7">named<GreekSeq>7</GreekSeq></word><word seq="8">Tabitha,<GreekSeq>8</GreekSeq></word><word seq="9">which<GreekSeq>9</GreekSeq></word><word seq="10">by interpretation<GreekSeq>10</GreekSeq></word><word seq="11">is called<GreekSeq>11</GreekSeq></word><word seq="12">Dorcas:<GreekSeq>12</GreekSeq></word><word seq="13">this woman<GreekSeq>13</GreekSeq></word><word seq="14">was<GreekSeq>14</GreekSeq></word><word seq="15">full<GreekSeq>15</GreekSeq></word><word seq="16">of good<GreekSeq>17</GreekSeq></word><word seq="17">works<GreekSeq>16</GreekSeq></word><word seq="18">and<GreekSeq>18</GreekSeq></word><word seq="19">almsdeeds<GreekSeq>19</GreekSeq></word><word seq="20">which<GreekSeq>20</GreekSeq></word><word seq="21">she did.<GreekSeq>21</GreekSeq></word></ASV></verse>
<verse number="37"><ASV><word seq="1">And<GreekSeq>2</GreekSeq></word><word seq="2">it came to pass<GreekSeq>1</GreekSeq></word><word seq="3">in<GreekSeq>3</GreekSeq></word><word seq="4">those<GreekSeq>6</GreekSeq></word><word seq="5">days,<GreekSeq>5</GreekSeq></word><word seq="6">that<GreekSeq>7</GreekSeq></word><word seq="7">she<GreekSeq>8</GreekSeq></word><word seq="8">fell sick,<GreekSeq>7</GreekSeq></word><word seq="9">and</word><word seq="10">died:<GreekSeq>9</GreekSeq></word><word seq="11">and<GreekSeq>11</GreekSeq></word><word seq="12">when they had washed<GreekSeq>10</GreekSeq></word><word seq="13">her,</word><word seq="14">they laid<GreekSeq>12</GreekSeq></word><word seq="15">her<GreekSeq>13</GreekSeq></word><word seq="16">in<GreekSeq>14</GreekSeq></word><word seq="17">an upper chamber.<GreekSeq>15</GreekSeq></word></ASV></verse>
<verse number="38"><ASV><word seq="1">And<GreekSeq>2</GreekSeq></word><word seq="2">as</word><word seq="3">Lydda<GreekSeq>4</GreekSeq></word><word seq="4">was<GreekSeq>3</GreekSeq></word><word seq="5">nigh<GreekSeq>1</GreekSeq></word><word seq="6">unto Joppa,<GreekSeq>6</GreekSeq></word><word seq="7">the<GreekSeq>7</GreekSeq></word><word seq="8">disciples,<GreekSeq>8</GreekSeq></word><word seq="9">hearing<GreekSeq>9</GreekSeq></word><word seq="10">that<GreekSeq>10</GreekSeq></word><word seq="11">Peter<GreekSeq>11</GreekSeq></word><word seq="12">was<GreekSeq>12</GreekSeq></word><word seq="13">there,<GreekSeq>13</GreekSeq><GreekSeq>14</GreekSeq></word><word seq="14">sent<GreekSeq>15</GreekSeq></word><word seq="15">two<GreekSeq>16</GreekSeq></word><word seq="16">men<GreekSeq>17</GreekSeq></word><word seq="17">unto<GreekSeq>18</GreekSeq></word><word seq="18">him,<GreekSeq>19</GreekSeq></word><word seq="19">entreating<GreekSeq>20</GreekSeq></word><word seq="20">him,</word><word seq="21">Delay<GreekSeq>22</GreekSeq></word><word seq="22">not<GreekSeq>21</GreekSeq></word><word seq="23">to come on<GreekSeq>23</GreekSeq></word><word seq="24">unto<GreekSeq>24</GreekSeq></word><word seq="25">us.<GreekSeq>25</GreekSeq></word></ASV></verse>
<verse number="39"><ASV><word seq="1">And<GreekSeq>2</GreekSeq></word><word seq="2">Peter<GreekSeq>3</GreekSeq></word><word seq="3">arose<GreekSeq>1</GreekSeq></word><word seq="4">and</word><word seq="5">went with<GreekSeq>4</GreekSeq></word><word seq="6">them.<GreekSeq>5</GreekSeq></word><word seq="7">And</word><word seq="8">when he was come,<GreekSeq>7</GreekSeq></word><word seq="9">they brought<GreekSeq>8</GreekSeq></word><word seq="10">him<GreekSeq>6</GreekSeq></word><word seq="11">into<GreekSeq>9</GreekSeq></word><word seq="12">the<GreekSeq>10</GreekSeq></word><word seq="13">upper chamber:<GreekSeq>11</GreekSeq></word><word seq="14">and<GreekSeq>12</GreekSeq></word><word seq="15">all<GreekSeq>15</GreekSeq></word><word seq="16">the<GreekSeq>16</GreekSeq></word><word seq="17">widows<GreekSeq>17</GreekSeq></word><word seq="18">stood by<GreekSeq>13</GreekSeq></word><word seq="19">him<GreekSeq>14</GreekSeq></word><word seq="20">weeping,<GreekSeq>18</GreekSeq></word><word seq="21">and<GreekSeq>19</GreekSeq></word><word seq="22">showing<GreekSeq>20</GreekSeq></word><word seq="23">the coats<GreekSeq>21</GreekSeq></word><word seq="24">and<GreekSeq>22</GreekSeq></word><word seq="25">garments<GreekSeq>23</GreekSeq></word><word seq="26">which<GreekSeq>24</GreekSeq></word><word seq="27">Dorcas<GreekSeq>30</GreekSeq></word><word seq="28">made,<GreekSeq>25</GreekSeq></word><word seq="29">while she was<GreekSeq>28</GreekSeq></word><word seq="30">with<GreekSeq>26</GreekSeq></word><word seq="31">them.<GreekSeq>27</GreekSeq></word></ASV></verse>
<verse number="40"><ASV><word seq="1">But<GreekSeq>2</GreekSeq></word><word seq="2">Peter<GreekSeq>6</GreekSeq></word><word seq="3">put<GreekSeq>1</GreekSeq></word><word seq="4">them all<GreekSeq>4</GreekSeq></word><word seq="5">forth,<GreekSeq>3</GreekSeq></word><word seq="6">and<GreekSeq>7</GreekSeq></word><word seq="7">kneeled down,<GreekSeq>8</GreekSeq><GreekSeq>9</GreekSeq><GreekSeq>10</GreekSeq></word><word seq="8">and</word><word seq="9">prayed;<GreekSeq>11</GreekSeq></word><word seq="10">and<GreekSeq>12</GreekSeq></word><word seq="11">turning<GreekSeq>13</GreekSeq></word><word seq="12">to<GreekSeq>14</GreekSeq></word><word seq="13">the<GreekSeq>15</GreekSeq></word><word seq="14">body,<GreekSeq>16</GreekSeq></word><word seq="15">he said,<GreekSeq>17</GreekSeq></word><word seq="16">Tabitha,<GreekSeq>18</GreekSeq></word><word seq="17">arise.<GreekSeq>19</GreekSeq></word><word seq="18">And<GreekSeq>21</GreekSeq></word><word seq="19">she<GreekSeq>20</GreekSeq></word><word seq="20">opened<GreekSeq>22</GreekSeq></word><word seq="21">her<GreekSeq>25</GreekSeq></word><word seq="22">eyes;<GreekSeq>24</GreekSeq></word><word seq="23">and<GreekSeq>26</GreekSeq></word><word seq="24">when she saw<GreekSeq>27</GreekSeq></word><word seq="25">Peter,<GreekSeq>29</GreekSeq></word><word seq="26">she sat up.<GreekSeq>30</GreekSeq></word></ASV></verse>
<verse number="41"><ASV><word seq="1">And<GreekSeq>2</GreekSeq></word><word seq="2">he gave<GreekSeq>1</GreekSeq></word><word seq="3">her<GreekSeq>3</GreekSeq></word><word seq="4">his</word><word seq="5">hand,<GreekSeq>4</GreekSeq></word><word seq="6">and</word><word seq="7">raised<GreekSeq>5</GreekSeq></word><word seq="8">her<GreekSeq>6</GreekSeq></word><word seq="9">up;<GreekSeq>5</GreekSeq></word><word seq="10">and<GreekSeq>8</GreekSeq></word><word seq="11">calling<GreekSeq>7</GreekSeq></word><word seq="12">the<GreekSeq>9</GreekSeq></word><word seq="13">saints<GreekSeq>10</GreekSeq></word><word seq="14">and<GreekSeq>11</GreekSeq></word><word seq="15">widows,<GreekSeq>13</GreekSeq></word><word seq="16">he presented<GreekSeq>14</GreekSeq></word><word seq="17">her<GreekSeq>15</GreekSeq></word><word seq="18">alive.<GreekSeq>16</GreekSeq></word></ASV></verse>
<verse number="42"><ASV><word seq="1">And<GreekSeq>2</GreekSeq></word><word seq="2">it became<GreekSeq>3</GreekSeq></word><word seq="3">known<GreekSeq>1</GreekSeq></word><word seq="4">throughout<GreekSeq>4</GreekSeq></word><word seq="5">all<GreekSeq>5</GreekSeq></word><word seq="6">Joppa:<GreekSeq>7</GreekSeq></word><word seq="7">and<GreekSeq>8</GreekSeq></word><word seq="8">many<GreekSeq>10</GreekSeq></word><word seq="9">believed<GreekSeq>9</GreekSeq></word><word seq="10">on<GreekSeq>11</GreekSeq></word><word seq="11">the<GreekSeq>12</GreekSeq></word><word seq="12">Lord.<GreekSeq>13</GreekSeq></word></ASV></verse>
<verse number="43"><ASV><word seq="1">And<GreekSeq>2</GreekSeq></word><word seq="2">it came to pass,<GreekSeq>1</GreekSeq></word><word seq="3">that he</word><word seq="4">abode<GreekSeq>5</GreekSeq></word><word seq="5">many<GreekSeq>4</GreekSeq></word><word seq="6">days<GreekSeq>3</GreekSeq></word><word seq="7">in<GreekSeq>6</GreekSeq></word><word seq="8">Joppa<GreekSeq>7</GreekSeq></word><word seq="9">with<GreekSeq>8</GreekSeq></word><word seq="10">one<GreekSeq>9</GreekSeq></word><word seq="11">Simon<GreekSeq>10</GreekSeq></word><word seq="12">a tanner.<GreekSeq>11</GreekSeq></word></ASV></verse>
</chapter></book>