<?xml version="1.0" encoding="UTF-8" standalone="no"?><book><chapter number="1">
<verse number="1"><ASV><word seq="1">The<GreekSeq>1</GreekSeq></word><word seq="2">former<GreekSeq>3</GreekSeq></word><word seq="3">treatise<GreekSeq>4</GreekSeq></word><word seq="4">I made,<GreekSeq>5</GreekSeq></word><word seq="5">O<GreekSeq>8</GreekSeq></word><word seq="6">Theophilus,<GreekSeq>9</GreekSeq></word><word seq="7">concerning<GreekSeq>6</GreekSeq></word><word seq="8">all<GreekSeq>7</GreekSeq></word><word seq="9">that<GreekSeq>10</GreekSeq></word><word seq="10">Jesus<GreekSeq>13</GreekSeq></word><word seq="11">began<GreekSeq>11</GreekSeq></word><word seq="12">both<GreekSeq>15</GreekSeq></word><word seq="13">to do<GreekSeq>14</GreekSeq></word><word seq="14">and<GreekSeq>16</GreekSeq></word><word seq="15">to teach,<GreekSeq>17</GreekSeq></word></ASV></verse>
<verse number="2"><ASV><word seq="1">until<GreekSeq>1</GreekSeq></word><word seq="2">the day<GreekSeq>3</GreekSeq></word><word seq="3">in which<GreekSeq>2</GreekSeq></word><word seq="4">he was received up,<GreekSeq>12</GreekSeq></word><word seq="5">after</word><word seq="6">that he had given commandment<GreekSeq>4</GreekSeq></word><word seq="7">through<GreekSeq>7</GreekSeq></word><word seq="8">the</word><word seq="9">Holy<GreekSeq>9</GreekSeq></word><word seq="10">Spirit<GreekSeq>8</GreekSeq></word><word seq="11">unto the<GreekSeq>5</GreekSeq></word><word seq="12">apostles<GreekSeq>6</GreekSeq></word><word seq="13">whom<GreekSeq>10</GreekSeq></word><word seq="14">he had chosen:<GreekSeq>11</GreekSeq></word></ASV></verse>
<verse number="3"><ASV><word seq="1">to whom<GreekSeq>1</GreekSeq></word><word seq="2">he<GreekSeq>3</GreekSeq></word><word seq="3">also<GreekSeq>2</GreekSeq></word><word seq="4">showed<GreekSeq>3</GreekSeq></word><word seq="5">himself<GreekSeq>4</GreekSeq></word><word seq="6">alive<GreekSeq>5</GreekSeq></word><word seq="7">after<GreekSeq>6</GreekSeq></word><word seq="8">his<GreekSeq>9</GreekSeq></word><word seq="9">passion<GreekSeq>8</GreekSeq></word><word seq="10">by<GreekSeq>10</GreekSeq></word><word seq="11">many<GreekSeq>11</GreekSeq></word><word seq="12">proofs,<GreekSeq>12</GreekSeq></word><word seq="13">appearing<GreekSeq>16</GreekSeq></word><word seq="14">unto them<GreekSeq>17</GreekSeq></word><word seq="15">by<GreekSeq>13</GreekSeq></word><word seq="16">the space of</word><word seq="17">forty<GreekSeq>15</GreekSeq></word><word seq="18">days,<GreekSeq>14</GreekSeq></word><word seq="19">and<GreekSeq>18</GreekSeq></word><word seq="20">speaking<GreekSeq>19</GreekSeq></word><word seq="21">the things<GreekSeq>20</GreekSeq></word><word seq="22">concerning<GreekSeq>21</GreekSeq></word><word seq="23">the<GreekSeq>22</GreekSeq></word><word seq="24">kingdom<GreekSeq>23</GreekSeq></word><word seq="25">of God:<GreekSeq>25</GreekSeq></word></ASV></verse>
<verse number="4"><ASV><word seq="1">and,<GreekSeq>1</GreekSeq></word><word seq="2">being assembled together<GreekSeq>2</GreekSeq></word><word seq="3">with them,</word><word seq="4">he charged<GreekSeq>3</GreekSeq></word><word seq="5">them<GreekSeq>4</GreekSeq></word><word seq="6">not<GreekSeq>7</GreekSeq></word><word seq="7">to depart<GreekSeq>8</GreekSeq></word><word seq="8">from<GreekSeq>5</GreekSeq></word><word seq="9">Jerusalem,<GreekSeq>6</GreekSeq></word><word seq="10">but<GreekSeq>9</GreekSeq></word><word seq="11">to wait for<GreekSeq>10</GreekSeq></word><word seq="12">the<GreekSeq>11</GreekSeq></word><word seq="13">promise<GreekSeq>12</GreekSeq></word><word seq="14">of the<GreekSeq>13</GreekSeq></word><word seq="15">Father,<GreekSeq>14</GreekSeq></word><word seq="16">which,<GreekSeq>15</GreekSeq></word><word seq="17">said he,</word><word seq="18">ye heard<GreekSeq>16</GreekSeq></word><word seq="19">from me:<GreekSeq>17</GreekSeq></word></ASV></verse>
<verse number="5"><ASV><word seq="1">For<GreekSeq>1</GreekSeq></word><word seq="2">John<GreekSeq>2</GreekSeq></word><word seq="3">indeed<GreekSeq>3</GreekSeq></word><word seq="4">baptized<GreekSeq>4</GreekSeq></word><word seq="5">with water;<GreekSeq>5</GreekSeq></word><word seq="6">but<GreekSeq>7</GreekSeq></word><word seq="7">ye<GreekSeq>6</GreekSeq></word><word seq="8">shall be baptized<GreekSeq>10</GreekSeq></word><word seq="9">in<GreekSeq>8</GreekSeq></word><word seq="10">the</word><word seq="11">Holy<GreekSeq>11</GreekSeq></word><word seq="12">Spirit<GreekSeq>9</GreekSeq></word><word seq="13">not<GreekSeq>12</GreekSeq></word><word seq="14">many<GreekSeq>14</GreekSeq></word><word seq="15">days<GreekSeq>16</GreekSeq></word><word seq="16">hence.<GreekSeq>13</GreekSeq><GreekSeq>15</GreekSeq></word></ASV></verse>
<verse number="6"><ASV><word seq="1">They<GreekSeq>1</GreekSeq></word><word seq="2">therefore,<GreekSeq>3</GreekSeq></word><word seq="3">when they were come together,<GreekSeq>4</GreekSeq></word><word seq="4">asked<GreekSeq>5</GreekSeq></word><word seq="5">him,<GreekSeq>6</GreekSeq></word><word seq="6">saying,<GreekSeq>7</GreekSeq></word><word seq="7">Lord,<GreekSeq>8</GreekSeq></word><word seq="8">dost thou<GreekSeq>9</GreekSeq><GreekSeq>14</GreekSeq></word><word seq="9">at<GreekSeq>10</GreekSeq></word><word seq="10">this<GreekSeq>13</GreekSeq></word><word seq="11">time<GreekSeq>12</GreekSeq></word><word seq="12">restore<GreekSeq>14</GreekSeq></word><word seq="13">the<GreekSeq>15</GreekSeq></word><word seq="14">kingdom<GreekSeq>16</GreekSeq></word><word seq="15">to Israel?<GreekSeq>17</GreekSeq><GreekSeq>18</GreekSeq></word></ASV></verse>
<verse number="7"><ASV><word seq="1">And<GreekSeq>2</GreekSeq></word><word seq="2">he said<GreekSeq>1</GreekSeq></word><word seq="3">unto<GreekSeq>3</GreekSeq></word><word seq="4">them,<GreekSeq>4</GreekSeq></word><word seq="5">It is<GreekSeq>7</GreekSeq></word><word seq="6">not<GreekSeq>5</GreekSeq></word><word seq="7">for you<GreekSeq>6</GreekSeq></word><word seq="8">to know<GreekSeq>8</GreekSeq></word><word seq="9">times<GreekSeq>9</GreekSeq></word><word seq="10">or<GreekSeq>10</GreekSeq></word><word seq="11">seasons,<GreekSeq>11</GreekSeq></word><word seq="12">which<GreekSeq>12</GreekSeq></word><word seq="13">the<GreekSeq>13</GreekSeq></word><word seq="14">Father<GreekSeq>14</GreekSeq></word><word seq="15">hath set<GreekSeq>15</GreekSeq></word><word seq="16">within<GreekSeq>16</GreekSeq></word><word seq="17">his own<GreekSeq>18</GreekSeq></word><word seq="18">authority.<GreekSeq>19</GreekSeq></word></ASV></verse>
<verse number="8"><ASV><word seq="1">But<GreekSeq>1</GreekSeq></word><word seq="2">ye shall receive<GreekSeq>2</GreekSeq></word><word seq="3">power,<GreekSeq>3</GreekSeq></word><word seq="4">when<GreekSeq>4</GreekSeq></word><word seq="5">the<GreekSeq>5</GreekSeq></word><word seq="6">Holy<GreekSeq>6</GreekSeq></word><word seq="7">Spirit<GreekSeq>7</GreekSeq></word><word seq="8">is come<GreekSeq>4</GreekSeq></word><word seq="9">upon<GreekSeq>8</GreekSeq></word><word seq="10">you:<GreekSeq>9</GreekSeq></word><word seq="11">and<GreekSeq>10</GreekSeq></word><word seq="12">ye shall be<GreekSeq>11</GreekSeq></word><word seq="13">my<GreekSeq>12</GreekSeq></word><word seq="14">witnesses<GreekSeq>13</GreekSeq></word><word seq="15">both<GreekSeq>15</GreekSeq></word><word seq="16">in<GreekSeq>14</GreekSeq></word><word seq="17">Jerusalem,<GreekSeq>16</GreekSeq></word><word seq="18">and<GreekSeq>17</GreekSeq></word><word seq="19">in<GreekSeq>18</GreekSeq></word><word seq="20">all<GreekSeq>19</GreekSeq></word><word seq="21">Judaea<GreekSeq>21</GreekSeq></word><word seq="22">and<GreekSeq>22</GreekSeq></word><word seq="23">Samaria,<GreekSeq>23</GreekSeq></word><word seq="24">and<GreekSeq>24</GreekSeq></word><word seq="25">unto<GreekSeq>25</GreekSeq></word><word seq="26">the uttermost part<GreekSeq>26</GreekSeq></word><word seq="27">of the<GreekSeq>27</GreekSeq></word><word seq="28">earth.<GreekSeq>28</GreekSeq></word></ASV></verse>
<verse number="9"><ASV><word seq="1">And<GreekSeq>1</GreekSeq></word><word seq="2">when he had said<GreekSeq>3</GreekSeq></word><word seq="3">these things,<GreekSeq>2</GreekSeq></word><word seq="4">as<GreekSeq>4</GreekSeq></word><word seq="5">they<GreekSeq>5</GreekSeq></word><word seq="6">were looking,<GreekSeq>4</GreekSeq></word><word seq="7">he was taken up;<GreekSeq>6</GreekSeq></word><word seq="8">and<GreekSeq>7</GreekSeq></word><word seq="9">a cloud<GreekSeq>8</GreekSeq></word><word seq="10">received<GreekSeq>9</GreekSeq></word><word seq="11">him<GreekSeq>10</GreekSeq></word><word seq="12">out of<GreekSeq>11</GreekSeq></word><word seq="13">their<GreekSeq>14</GreekSeq></word><word seq="14">sight.<GreekSeq>13</GreekSeq></word></ASV></verse>
<verse number="10"><ASV><word seq="1">And<GreekSeq>1</GreekSeq></word><word seq="2">while<GreekSeq>2</GreekSeq></word><word seq="3">they were<GreekSeq>4</GreekSeq></word><word seq="4">looking stedfastly<GreekSeq>3</GreekSeq></word><word seq="5">into<GreekSeq>5</GreekSeq></word><word seq="6">heaven<GreekSeq>7</GreekSeq></word><word seq="7">as<GreekSeq>8</GreekSeq></word><word seq="8">he<GreekSeq>9</GreekSeq></word><word seq="9">went,<GreekSeq>8</GreekSeq></word><word seq="10">behold<GreekSeq>11</GreekSeq></word><word seq="11">two<GreekSeq>13</GreekSeq></word><word seq="12">men<GreekSeq>12</GreekSeq></word><word seq="13">stood by<GreekSeq>14</GreekSeq></word><word seq="14">them<GreekSeq>15</GreekSeq></word><word seq="15">in<GreekSeq>16</GreekSeq></word><word seq="16">white<GreekSeq>18</GreekSeq></word><word seq="17">apparel;<GreekSeq>17</GreekSeq></word></ASV></verse>
<verse number="11"><ASV><word seq="1">who<GreekSeq>1</GreekSeq></word><word seq="2">also<GreekSeq>2</GreekSeq></word><word seq="3">said,<GreekSeq>3</GreekSeq></word><word seq="4">Ye men<GreekSeq>4</GreekSeq></word><word seq="5">of Galilee,<GreekSeq>5</GreekSeq></word><word seq="6">why<GreekSeq>6</GreekSeq></word><word seq="7">stand ye<GreekSeq>7</GreekSeq></word><word seq="8">looking<GreekSeq>8</GreekSeq></word><word seq="9">into<GreekSeq>9</GreekSeq></word><word seq="10">heaven?<GreekSeq>11</GreekSeq></word><word seq="11">this<GreekSeq>12</GreekSeq></word><word seq="12">Jesus,<GreekSeq>14</GreekSeq></word><word seq="13">who was received up<GreekSeq>16</GreekSeq></word><word seq="14">from<GreekSeq>17</GreekSeq></word><word seq="15">you<GreekSeq>18</GreekSeq></word><word seq="16">into<GreekSeq>19</GreekSeq></word><word seq="17">heaven,<GreekSeq>21</GreekSeq></word><word seq="18">shall<GreekSeq>23</GreekSeq></word><word seq="19">so<GreekSeq>22</GreekSeq></word><word seq="20">come<GreekSeq>23</GreekSeq></word><word seq="21">in like manner as<GreekSeq>24</GreekSeq><GreekSeq>25</GreekSeq></word><word seq="22">ye beheld<GreekSeq>26</GreekSeq></word><word seq="23">him<GreekSeq>27</GreekSeq></word><word seq="24">going<GreekSeq>28</GreekSeq></word><word seq="25">into<GreekSeq>29</GreekSeq></word><word seq="26">heaven.<GreekSeq>31</GreekSeq></word></ASV></verse>
<verse number="12"><ASV><word seq="1">Then<GreekSeq>1</GreekSeq></word><word seq="2">returned they<GreekSeq>2</GreekSeq></word><word seq="3">unto<GreekSeq>3</GreekSeq></word><word seq="4">Jerusalem<GreekSeq>4</GreekSeq></word><word seq="5">from<GreekSeq>5</GreekSeq></word><word seq="6">the<GreekSeq>7</GreekSeq></word><word seq="7">mount<GreekSeq>6</GreekSeq></word><word seq="8">called<GreekSeq>8</GreekSeq></word><word seq="9">Olivet,<GreekSeq>9</GreekSeq></word><word seq="10">which<GreekSeq>10</GreekSeq></word><word seq="11">is<GreekSeq>11</GreekSeq></word><word seq="12">nigh unto<GreekSeq>12</GreekSeq></word><word seq="13">Jerusalem,<GreekSeq>13</GreekSeq></word><word seq="14">a sabbath day’s<GreekSeq>14</GreekSeq></word><word seq="15">journey [off].<GreekSeq>16</GreekSeq></word></ASV></verse>
<verse number="13"><ASV><word seq="1">And<GreekSeq>1</GreekSeq></word><word seq="2">when<GreekSeq>2</GreekSeq></word><word seq="3">they were come in,<GreekSeq>3</GreekSeq></word><word seq="4">they went up<GreekSeq>7</GreekSeq></word><word seq="5">into<GreekSeq>4</GreekSeq></word><word seq="6">the<GreekSeq>5</GreekSeq></word><word seq="7">upper chamber,<GreekSeq>6</GreekSeq></word><word seq="8">where<GreekSeq>8</GreekSeq></word><word seq="9">they were<GreekSeq>9</GreekSeq></word><word seq="10">abiding;<GreekSeq>10</GreekSeq></word><word seq="11">both<GreekSeq>12</GreekSeq></word><word seq="12">Peter<GreekSeq>13</GreekSeq></word><word seq="13">and<GreekSeq>14</GreekSeq></word><word seq="14">John<GreekSeq>15</GreekSeq></word><word seq="15">and<GreekSeq>16</GreekSeq></word><word seq="16">James<GreekSeq>17</GreekSeq></word><word seq="17">and<GreekSeq>18</GreekSeq></word><word seq="18">Andrew,<GreekSeq>19</GreekSeq></word><word seq="19">Philip<GreekSeq>20</GreekSeq></word><word seq="20">and<GreekSeq>21</GreekSeq></word><word seq="21">Thomas,<GreekSeq>22</GreekSeq></word><word seq="22">Bartholomew<GreekSeq>23</GreekSeq></word><word seq="23">and<GreekSeq>24</GreekSeq></word><word seq="24">Matthew,<GreekSeq>25</GreekSeq></word><word seq="25">James<GreekSeq>26</GreekSeq></word><word seq="26">[the son] of Alphaeus,<GreekSeq>27</GreekSeq></word><word seq="27">and<GreekSeq>28</GreekSeq></word><word seq="28">Simon<GreekSeq>29</GreekSeq></word><word seq="29">the<GreekSeq>30</GreekSeq></word><word seq="30">Zealot,<GreekSeq>31</GreekSeq></word><word seq="31">and<GreekSeq>32</GreekSeq></word><word seq="32">Judas<GreekSeq>33</GreekSeq></word><word seq="33">[the son]of James.<GreekSeq>34</GreekSeq></word></ASV></verse>
<verse number="14"><ASV><word seq="1">These<GreekSeq>1</GreekSeq></word><word seq="2">all<GreekSeq>2</GreekSeq></word><word seq="3">with one accord<GreekSeq>5</GreekSeq></word><word seq="4">continued stedfastly<GreekSeq>4</GreekSeq></word><word seq="5">in prayer,<GreekSeq>7</GreekSeq></word><word seq="6">with<GreekSeq>8</GreekSeq></word><word seq="7">the women,<GreekSeq>9</GreekSeq></word><word seq="8">and<GreekSeq>10</GreekSeq></word><word seq="9">Mary<GreekSeq>11</GreekSeq></word><word seq="10">the<GreekSeq>12</GreekSeq></word><word seq="11">mother<GreekSeq>13</GreekSeq></word><word seq="12">of Jesus,<GreekSeq>15</GreekSeq></word><word seq="13">and<GreekSeq>16</GreekSeq></word><word seq="14">with<GreekSeq>18</GreekSeq></word><word seq="15">his<GreekSeq>19</GreekSeq></word><word seq="16">brethren.<GreekSeq>18</GreekSeq></word></ASV></verse>
<verse number="15"><ASV><word seq="1">And<GreekSeq>1</GreekSeq></word><word seq="2">in<GreekSeq>2</GreekSeq></word><word seq="3">these<GreekSeq>5</GreekSeq></word><word seq="4">days<GreekSeq>4</GreekSeq></word><word seq="5">Peter<GreekSeq>7</GreekSeq></word><word seq="6">stood up<GreekSeq>6</GreekSeq></word><word seq="7">in<GreekSeq>8</GreekSeq></word><word seq="8">the midst<GreekSeq>9</GreekSeq></word><word seq="9">of the<GreekSeq>10</GreekSeq></word><word seq="10">brethren,<GreekSeq>11</GreekSeq></word><word seq="11">and</word><word seq="12">said<GreekSeq>12</GreekSeq></word><word seq="13">(and<GreekSeq>14</GreekSeq></word><word seq="14">there was<GreekSeq>13</GreekSeq></word><word seq="15">a multitude<GreekSeq>15</GreekSeq></word><word seq="16">of persons<GreekSeq>16</GreekSeq></word><word seq="17">gathered together,<GreekSeq>17</GreekSeq><GreekSeq>18</GreekSeq><GreekSeq>19</GreekSeq></word><word seq="18">about<GreekSeq>20</GreekSeq></word><word seq="19">a hundred<GreekSeq>21</GreekSeq></word><word seq="20">and</word><word seq="21">twenty),<GreekSeq>22</GreekSeq></word></ASV></verse>
<verse number="16"><ASV><word seq="1">Brethren,<GreekSeq>2</GreekSeq></word><word seq="2">it was needful<GreekSeq>3</GreekSeq></word><word seq="3">that</word><word seq="4">the<GreekSeq>5</GreekSeq></word><word seq="5">scripture<GreekSeq>6</GreekSeq></word><word seq="6">should be fulfilled,<GreekSeq>4</GreekSeq></word><word seq="7">which<GreekSeq>7</GreekSeq></word><word seq="8">the<GreekSeq>9</GreekSeq></word><word seq="9">Holy<GreekSeq>12</GreekSeq></word><word seq="10">Spirit<GreekSeq>10</GreekSeq></word><word seq="11">spake before<GreekSeq>8</GreekSeq></word><word seq="12">by<GreekSeq>13</GreekSeq></word><word seq="13">the mouth of<GreekSeq>14</GreekSeq></word><word seq="14">David<GreekSeq>15</GreekSeq></word><word seq="15">concerning<GreekSeq>16</GreekSeq></word><word seq="16">Judas,<GreekSeq>17</GreekSeq></word><word seq="17">who was<GreekSeq>19</GreekSeq></word><word seq="18">guide<GreekSeq>20</GreekSeq></word><word seq="19">to them<GreekSeq>21</GreekSeq></word><word seq="20">that took<GreekSeq>22</GreekSeq></word><word seq="21">Jesus.<GreekSeq>23</GreekSeq></word></ASV></verse>
<verse number="17"><ASV><word seq="1">For<GreekSeq>1</GreekSeq></word><word seq="2">he was<GreekSeq>3</GreekSeq></word><word seq="3">numbered<GreekSeq>2</GreekSeq></word><word seq="4">among<GreekSeq>4</GreekSeq></word><word seq="5">us,<GreekSeq>5</GreekSeq></word><word seq="6">and<GreekSeq>6</GreekSeq></word><word seq="7">received<GreekSeq>7</GreekSeq></word><word seq="8">his</word><word seq="9">portion<GreekSeq>9</GreekSeq></word><word seq="10">in this<GreekSeq>12</GreekSeq></word><word seq="11">ministry.<GreekSeq>11</GreekSeq></word></ASV></verse>
<verse number="18"><ASV><word seq="1">(Now<GreekSeq>3</GreekSeq></word><word seq="2">this man<GreekSeq>1</GreekSeq></word><word seq="3">obtained<GreekSeq>4</GreekSeq></word><word seq="4">a field<GreekSeq>5</GreekSeq></word><word seq="5">with<GreekSeq>6</GreekSeq></word><word seq="6">the reward<GreekSeq>7</GreekSeq></word><word seq="7">of [his] iniquity;<GreekSeq>9</GreekSeq></word><word seq="8">and<GreekSeq>10</GreekSeq></word><word seq="9">falling headlong,<GreekSeq>11</GreekSeq><GreekSeq>12</GreekSeq></word><word seq="10">he burst asunder<GreekSeq>13</GreekSeq></word><word seq="11">in the midst,<GreekSeq>14</GreekSeq></word><word seq="12">and<GreekSeq>15</GreekSeq></word><word seq="13">all<GreekSeq>17</GreekSeq></word><word seq="14">his<GreekSeq>20</GreekSeq></word><word seq="15">bowels<GreekSeq>19</GreekSeq></word><word seq="16">gushed out.<GreekSeq>16</GreekSeq></word></ASV></verse>
<verse number="19"><ASV><word seq="1">And<GreekSeq>1</GreekSeq></word><word seq="2">it became<GreekSeq>3</GreekSeq></word><word seq="3">known<GreekSeq>2</GreekSeq></word><word seq="4">to all<GreekSeq>4</GreekSeq></word><word seq="5">the<GreekSeq>5</GreekSeq></word><word seq="6">dwellers<GreekSeq>6</GreekSeq></word><word seq="7">at Jerusalem;<GreekSeq>7</GreekSeq></word><word seq="8">insomuch that<GreekSeq>8</GreekSeq></word><word seq="9">in<GreekSeq>15</GreekSeq></word><word seq="10">their<GreekSeq>16</GreekSeq></word><word seq="11">language<GreekSeq>15</GreekSeq></word><word seq="12">that<GreekSeq>12</GreekSeq></word><word seq="13">field<GreekSeq>11</GreekSeq></word><word seq="14">was called<GreekSeq>9</GreekSeq></word><word seq="15">Akeldama,<GreekSeq>17</GreekSeq></word><word seq="16">that<GreekSeq>18</GreekSeq></word><word seq="17">is,<GreekSeq>19</GreekSeq></word><word seq="18">The field<GreekSeq>20</GreekSeq></word><word seq="19">of blood.)<GreekSeq>21</GreekSeq></word></ASV></verse>
<verse number="20"><ASV><word seq="1">For<GreekSeq>2</GreekSeq></word><word seq="2">it is written<GreekSeq>1</GreekSeq></word><word seq="3">in<GreekSeq>3</GreekSeq></word><word seq="4">the book<GreekSeq>4</GreekSeq></word><word seq="5">of Psalms,<GreekSeq>5</GreekSeq></word><word seq="6">Let<GreekSeq>6</GreekSeq></word><word seq="7">his<GreekSeq>9</GreekSeq></word><word seq="8">habitation<GreekSeq>8</GreekSeq></word><word seq="9">be made<GreekSeq>6</GreekSeq></word><word seq="10">desolate,<GreekSeq>10</GreekSeq></word><word seq="11">And<GreekSeq>11</GreekSeq></word><word seq="12">let<GreekSeq>13</GreekSeq></word><word seq="13">no<GreekSeq>12</GreekSeq></word><word seq="14">man<GreekSeq>14</GreekSeq></word><word seq="15">dwell<GreekSeq>15</GreekSeq></word><word seq="16">therein:<GreekSeq>16</GreekSeq><GreekSeq>17</GreekSeq></word><word seq="17">and,<GreekSeq>18</GreekSeq></word><word seq="18">His<GreekSeq>21</GreekSeq></word><word seq="19">office<GreekSeq>20</GreekSeq></word><word seq="20">let<GreekSeq>22</GreekSeq></word><word seq="21">another<GreekSeq>23</GreekSeq></word><word seq="22">take.<GreekSeq>22</GreekSeq></word></ASV></verse>
<verse number="21"><ASV><word seq="1">Of the<GreekSeq>3</GreekSeq></word><word seq="2">men<GreekSeq>6</GreekSeq></word><word seq="3">therefore<GreekSeq>2</GreekSeq></word><word seq="4">that have companied with<GreekSeq>4</GreekSeq></word><word seq="5">us<GreekSeq>5</GreekSeq></word><word seq="6">all<GreekSeq>8</GreekSeq></word><word seq="7">the time<GreekSeq>9</GreekSeq></word><word seq="8">that<GreekSeq>10</GreekSeq></word><word seq="9">the<GreekSeq>16</GreekSeq></word><word seq="10">Lord<GreekSeq>17</GreekSeq></word><word seq="11">Jesus<GreekSeq>18</GreekSeq></word><word seq="12">went in<GreekSeq>11</GreekSeq></word><word seq="13">and<GreekSeq>12</GreekSeq></word><word seq="14">went out<GreekSeq>13</GreekSeq></word><word seq="15">among<GreekSeq>14</GreekSeq></word><word seq="16">us,<GreekSeq>15</GreekSeq></word></ASV></verse>
<verse number="22"><ASV><word seq="1">beginning<GreekSeq>1</GreekSeq></word><word seq="2">from<GreekSeq>2</GreekSeq></word><word seq="3">the<GreekSeq>3</GreekSeq></word><word seq="4">baptism<GreekSeq>4</GreekSeq></word><word seq="5">of John,<GreekSeq>5</GreekSeq></word><word seq="6">unto<GreekSeq>6</GreekSeq></word><word seq="7">the<GreekSeq>7</GreekSeq></word><word seq="8">day<GreekSeq>8</GreekSeq></word><word seq="9">that<GreekSeq>9</GreekSeq></word><word seq="10">he was received up<GreekSeq>10</GreekSeq></word><word seq="11">from<GreekSeq>11</GreekSeq></word><word seq="12">us,<GreekSeq>12</GreekSeq></word><word seq="13">of these<GreekSeq>21</GreekSeq></word><word seq="14">must<GreekSeq>19</GreekSeq></word><word seq="15">one<GreekSeq>20</GreekSeq></word><word seq="16">become<GreekSeq>19</GreekSeq></word><word seq="17">a witness<GreekSeq>13</GreekSeq></word><word seq="18">with<GreekSeq>17</GreekSeq></word><word seq="19">us<GreekSeq>18</GreekSeq></word><word seq="20">of<GreekSeq>15</GreekSeq></word><word seq="21">his<GreekSeq>16</GreekSeq></word><word seq="22">resurrection.<GreekSeq>15</GreekSeq></word></ASV></verse>
<verse number="23"><ASV><word seq="1">And<GreekSeq>1</GreekSeq></word><word seq="2">they put forward<GreekSeq>2</GreekSeq></word><word seq="3">two,<GreekSeq>3</GreekSeq></word><word seq="4">Joseph<GreekSeq>4</GreekSeq></word><word seq="5">called<GreekSeq>6</GreekSeq></word><word seq="6">Barsabbas,<GreekSeq>7</GreekSeq></word><word seq="7">who<GreekSeq>8</GreekSeq></word><word seq="8">was surnamed<GreekSeq>9</GreekSeq></word><word seq="9">Justus,<GreekSeq>10</GreekSeq></word><word seq="10">and<GreekSeq>11</GreekSeq></word><word seq="11">Matthias.<GreekSeq>12</GreekSeq></word></ASV></verse>
<verse number="24"><ASV><word seq="1">And<GreekSeq>1</GreekSeq></word><word seq="2">they prayed,<GreekSeq>2</GreekSeq></word><word seq="3">and</word><word seq="4">said,<GreekSeq>3</GreekSeq></word><word seq="5">Thou,<GreekSeq>4</GreekSeq></word><word seq="6">Lord,<GreekSeq>5</GreekSeq></word><word seq="7">who knowest the hearts<GreekSeq>6</GreekSeq></word><word seq="8">of all men,<GreekSeq>7</GreekSeq></word><word seq="9">show<GreekSeq>8</GreekSeq></word><word seq="10">of<GreekSeq>11</GreekSeq></word><word seq="11">these<GreekSeq>12</GreekSeq></word><word seq="12">two<GreekSeq>14</GreekSeq></word><word seq="13">the</word><word seq="14">one<GreekSeq>15</GreekSeq></word><word seq="15">whom<GreekSeq>9</GreekSeq></word><word seq="16">thou hast chosen,<GreekSeq>10</GreekSeq></word></ASV></verse>
<verse number="25"><ASV><word seq="1">to take<GreekSeq>1</GreekSeq></word><word seq="2">the<GreekSeq>2</GreekSeq></word><word seq="3">place<GreekSeq>3</GreekSeq></word><word seq="4">in this<GreekSeq>6</GreekSeq></word><word seq="5">ministry<GreekSeq>5</GreekSeq></word><word seq="6">and<GreekSeq>7</GreekSeq></word><word seq="7">apostleship<GreekSeq>8</GreekSeq></word><word seq="8">from<GreekSeq>9</GreekSeq></word><word seq="9">which<GreekSeq>10</GreekSeq></word><word seq="10">Judas<GreekSeq>12</GreekSeq></word><word seq="11">fell away,<GreekSeq>11</GreekSeq></word><word seq="12">that he</word><word seq="13">might go<GreekSeq>13</GreekSeq></word><word seq="14">to<GreekSeq>14</GreekSeq></word><word seq="15">his own<GreekSeq>18</GreekSeq></word><word seq="16">place.<GreekSeq>16</GreekSeq></word></ASV></verse>
<verse number="26"><ASV><word seq="1">And<GreekSeq>1</GreekSeq></word><word seq="2">they gave<GreekSeq>2</GreekSeq></word><word seq="3">lots<GreekSeq>3</GreekSeq></word><word seq="4">for them;<GreekSeq>4</GreekSeq></word><word seq="5">and<GreekSeq>5</GreekSeq></word><word seq="6">the<GreekSeq>7</GreekSeq></word><word seq="7">lot<GreekSeq>8</GreekSeq></word><word seq="8">fell<GreekSeq>6</GreekSeq></word><word seq="9">upon<GreekSeq>9</GreekSeq></word><word seq="10">Matthias;<GreekSeq>10</GreekSeq></word><word seq="11">and<GreekSeq>11</GreekSeq></word><word seq="12">he was numbered<GreekSeq>12</GreekSeq></word><word seq="13">with<GreekSeq>13</GreekSeq></word><word seq="14">the<GreekSeq>14</GreekSeq></word><word seq="15">eleven<GreekSeq>15</GreekSeq></word><word seq="16">apostles.<GreekSeq>16</GreekSeq></word></ASV></verse>
</chapter></book>