<?xml version="1.0" encoding="UTF-8" standalone="no"?><book><chapter number="3">
<verse number="1"><ASV><word seq="1">Now<GreekSeq>2</GreekSeq></word><word seq="2">Peter<GreekSeq>1</GreekSeq></word><word seq="3">and<GreekSeq>3</GreekSeq></word><word seq="4">John<GreekSeq>4</GreekSeq></word><word seq="5">were going up<GreekSeq>5</GreekSeq></word><word seq="6">into<GreekSeq>6</GreekSeq></word><word seq="7">the<GreekSeq>7</GreekSeq></word><word seq="8">temple<GreekSeq>8</GreekSeq></word><word seq="9">at<GreekSeq>9</GreekSeq></word><word seq="10">the<GreekSeq>10</GreekSeq></word><word seq="11">hour<GreekSeq>11</GreekSeq></word><word seq="12">of prayer,<GreekSeq>13</GreekSeq></word><word seq="13">being</word><word seq="14">the<GreekSeq>14</GreekSeq></word><word seq="15">ninth [hour].<GreekSeq>15</GreekSeq></word></ASV></verse>
<verse number="2"><ASV><word seq="1">And<GreekSeq>1</GreekSeq></word><word seq="2">a certain<GreekSeq>2</GreekSeq></word><word seq="3">man<GreekSeq>3</GreekSeq></word><word seq="4">that was<GreekSeq>9</GreekSeq></word><word seq="5">lame<GreekSeq>4</GreekSeq></word><word seq="6">from<GreekSeq>5</GreekSeq></word><word seq="7">his<GreekSeq>8</GreekSeq></word><word seq="8">mother’s<GreekSeq>7</GreekSeq></word><word seq="9">womb<GreekSeq>6</GreekSeq></word><word seq="10">was carried,<GreekSeq>10</GreekSeq></word><word seq="11">whom<GreekSeq>11</GreekSeq></word><word seq="12">they laid<GreekSeq>12</GreekSeq></word><word seq="13">daily<GreekSeq>13</GreekSeq><GreekSeq>14</GreekSeq></word><word seq="14">at<GreekSeq>15</GreekSeq></word><word seq="15">the<GreekSeq>16</GreekSeq></word><word seq="16">door<GreekSeq>17</GreekSeq></word><word seq="17">of the<GreekSeq>18</GreekSeq></word><word seq="18">temple<GreekSeq>19</GreekSeq></word><word seq="19">which is called<GreekSeq>21</GreekSeq></word><word seq="20">Beautiful,<GreekSeq>22</GreekSeq></word><word seq="21">to ask<GreekSeq>24</GreekSeq></word><word seq="22">alms<GreekSeq>25</GreekSeq></word><word seq="23">of<GreekSeq>26</GreekSeq></word><word seq="24">them<GreekSeq>27</GreekSeq></word><word seq="25">that entered<GreekSeq>28</GreekSeq></word><word seq="26">into<GreekSeq>29</GreekSeq></word><word seq="27">the<GreekSeq>30</GreekSeq></word><word seq="28">temple;<GreekSeq>31</GreekSeq></word></ASV></verse>
<verse number="3"><ASV><word seq="1">who<GreekSeq>1</GreekSeq></word><word seq="2">seeing<GreekSeq>2</GreekSeq></word><word seq="3">Peter<GreekSeq>3</GreekSeq></word><word seq="4">and<GreekSeq>4</GreekSeq></word><word seq="5">John<GreekSeq>5</GreekSeq></word><word seq="6">about<GreekSeq>6</GreekSeq></word><word seq="7">to go<GreekSeq>7</GreekSeq></word><word seq="8">into<GreekSeq>8</GreekSeq></word><word seq="9">the<GreekSeq>9</GreekSeq></word><word seq="10">temple,<GreekSeq>10</GreekSeq></word><word seq="11">asked<GreekSeq>11</GreekSeq></word><word seq="12">to receive<GreekSeq>13</GreekSeq></word><word seq="13">an alms.<GreekSeq>12</GreekSeq></word></ASV></verse>
<verse number="4"><ASV><word seq="1">And<GreekSeq>2</GreekSeq></word><word seq="2">Peter,<GreekSeq>3</GreekSeq></word><word seq="3">fastening his eyes<GreekSeq>1</GreekSeq></word><word seq="4">upon<GreekSeq>4</GreekSeq></word><word seq="5">him,<GreekSeq>5</GreekSeq></word><word seq="6">with<GreekSeq>6</GreekSeq></word><word seq="7">John,<GreekSeq>8</GreekSeq></word><word seq="8">said,<GreekSeq>9</GreekSeq></word><word seq="9">Look<GreekSeq>10</GreekSeq></word><word seq="10">on<GreekSeq>11</GreekSeq></word><word seq="11">us.<GreekSeq>12</GreekSeq></word></ASV></verse>
<verse number="5"><ASV><word seq="1">And<GreekSeq>2</GreekSeq></word><word seq="2">he<GreekSeq>1</GreekSeq></word><word seq="3">gave heed<GreekSeq>3</GreekSeq></word><word seq="4">unto them,<GreekSeq>4</GreekSeq></word><word seq="5">expecting<GreekSeq>5</GreekSeq></word><word seq="6">to receive<GreekSeq>9</GreekSeq></word><word seq="7">something<GreekSeq>6</GreekSeq></word><word seq="8">from<GreekSeq>7</GreekSeq></word><word seq="9">them.<GreekSeq>8</GreekSeq></word></ASV></verse>
<verse number="6"><ASV><word seq="1">But<GreekSeq>2</GreekSeq></word><word seq="2">Peter<GreekSeq>3</GreekSeq></word><word seq="3">said,<GreekSeq>1</GreekSeq></word><word seq="4">Silver<GreekSeq>4</GreekSeq></word><word seq="5">and<GreekSeq>5</GreekSeq></word><word seq="6">gold<GreekSeq>6</GreekSeq></word><word seq="7">have<GreekSeq>8</GreekSeq></word><word seq="8">I<GreekSeq>9</GreekSeq></word><word seq="9">none;<GreekSeq>7</GreekSeq></word><word seq="10">but<GreekSeq>11</GreekSeq></word><word seq="11">what<GreekSeq>10</GreekSeq></word><word seq="12">I have,<GreekSeq>12</GreekSeq></word><word seq="13">that<GreekSeq>13</GreekSeq></word><word seq="14">give I<GreekSeq>15</GreekSeq></word><word seq="15">thee.<GreekSeq>14</GreekSeq></word><word seq="16">In<GreekSeq>16</GreekSeq></word><word seq="17">the<GreekSeq>17</GreekSeq></word><word seq="18">name<GreekSeq>18</GreekSeq></word><word seq="19">of Jesus<GreekSeq>19</GreekSeq></word><word seq="20">Christ<GreekSeq>20</GreekSeq></word><word seq="21">of Nazareth,<GreekSeq>22</GreekSeq></word><word seq="22">walk.<GreekSeq>25</GreekSeq></word></ASV></verse>
<verse number="7"><ASV><word seq="1">And<GreekSeq>1</GreekSeq></word><word seq="2">he took<GreekSeq>2</GreekSeq></word><word seq="3">him<GreekSeq>3</GreekSeq></word><word seq="4">by the<GreekSeq>4</GreekSeq></word><word seq="5">right<GreekSeq>5</GreekSeq></word><word seq="6">hand,<GreekSeq>6</GreekSeq></word><word seq="7">and</word><word seq="8">raised<GreekSeq>7</GreekSeq></word><word seq="9">him<GreekSeq>8</GreekSeq></word><word seq="10">up:<GreekSeq>7</GreekSeq></word><word seq="11">and<GreekSeq>10</GreekSeq></word><word seq="12">immediately<GreekSeq>9</GreekSeq></word><word seq="13">his<GreekSeq>14</GreekSeq></word><word seq="14">feet<GreekSeq>13</GreekSeq></word><word seq="15">and<GreekSeq>15</GreekSeq></word><word seq="16">his</word><word seq="17">ankle-bones<GreekSeq>17</GreekSeq></word><word seq="18">received strength.<GreekSeq>11</GreekSeq></word></ASV></verse>
<verse number="8"><ASV><word seq="1">And<GreekSeq>1</GreekSeq></word><word seq="2">leaping up,<GreekSeq>2</GreekSeq></word><word seq="3">he stood,<GreekSeq>3</GreekSeq></word><word seq="4">and<GreekSeq>4</GreekSeq></word><word seq="5">began to walk;<GreekSeq>5</GreekSeq></word><word seq="6">and<GreekSeq>6</GreekSeq></word><word seq="7">he entered<GreekSeq>7</GreekSeq></word><word seq="8">with<GreekSeq>8</GreekSeq></word><word seq="9">them<GreekSeq>9</GreekSeq></word><word seq="10">into<GreekSeq>10</GreekSeq></word><word seq="11">the<GreekSeq>11</GreekSeq></word><word seq="12">temple,<GreekSeq>12</GreekSeq></word><word seq="13">walking,<GreekSeq>13</GreekSeq></word><word seq="14">and<GreekSeq>14</GreekSeq></word><word seq="15">leaping,<GreekSeq>15</GreekSeq></word><word seq="16">and<GreekSeq>16</GreekSeq></word><word seq="17">praising<GreekSeq>17</GreekSeq></word><word seq="18">God.<GreekSeq>19</GreekSeq></word></ASV></verse>
<verse number="9"><ASV><word seq="1">And<GreekSeq>1</GreekSeq></word><word seq="2">all<GreekSeq>3</GreekSeq></word><word seq="3">the<GreekSeq>4</GreekSeq></word><word seq="4">people<GreekSeq>5</GreekSeq></word><word seq="5">saw<GreekSeq>2</GreekSeq></word><word seq="6">him<GreekSeq>6</GreekSeq></word><word seq="7">walking<GreekSeq>7</GreekSeq></word><word seq="8">and<GreekSeq>8</GreekSeq></word><word seq="9">praising<GreekSeq>9</GreekSeq></word><word seq="10">God:<GreekSeq>11</GreekSeq></word></ASV></verse>
<verse number="10"><ASV><word seq="1">and<GreekSeq>2</GreekSeq></word><word seq="2">they took knowledge<GreekSeq>1</GreekSeq></word><word seq="3">of him,<GreekSeq>3</GreekSeq></word><word seq="4">that<GreekSeq>4</GreekSeq></word><word seq="5">it was<GreekSeq>6</GreekSeq></word><word seq="6">he<GreekSeq>5</GreekSeq></word><word seq="7">that sat<GreekSeq>11</GreekSeq></word><word seq="8">for<GreekSeq>8</GreekSeq></word><word seq="9">alms<GreekSeq>10</GreekSeq></word><word seq="10">at<GreekSeq>12</GreekSeq></word><word seq="11">the<GreekSeq>13</GreekSeq></word><word seq="12">Beautiful<GreekSeq>14</GreekSeq></word><word seq="13">Gate<GreekSeq>15</GreekSeq></word><word seq="14">of the<GreekSeq>16</GreekSeq></word><word seq="15">temple;<GreekSeq>17</GreekSeq></word><word seq="16">and<GreekSeq>18</GreekSeq></word><word seq="17">they were filled<GreekSeq>19</GreekSeq></word><word seq="18">with wonder<GreekSeq>20</GreekSeq></word><word seq="19">and<GreekSeq>21</GreekSeq></word><word seq="20">amazement<GreekSeq>22</GreekSeq></word><word seq="21">at<GreekSeq>23</GreekSeq></word><word seq="22">that<GreekSeq>24</GreekSeq></word><word seq="23">which had happened<GreekSeq>25</GreekSeq></word><word seq="24">unto him.<GreekSeq>26</GreekSeq></word></ASV></verse>
<verse number="11"><ASV><word seq="1">And<GreekSeq>2</GreekSeq></word><word seq="2">as<GreekSeq>1</GreekSeq></word><word seq="3">he<GreekSeq>3</GreekSeq></word><word seq="4">held<GreekSeq>1</GreekSeq></word><word seq="5">Peter<GreekSeq>5</GreekSeq></word><word seq="6">and<GreekSeq>6</GreekSeq></word><word seq="7">John,<GreekSeq>8</GreekSeq></word><word seq="8">all<GreekSeq>10</GreekSeq></word><word seq="9">the<GreekSeq>11</GreekSeq></word><word seq="10">people<GreekSeq>12</GreekSeq></word><word seq="11">ran together<GreekSeq>9</GreekSeq></word><word seq="12">unto<GreekSeq>13</GreekSeq></word><word seq="13">them<GreekSeq>14</GreekSeq></word><word seq="14">in<GreekSeq>15</GreekSeq></word><word seq="15">the<GreekSeq>16</GreekSeq></word><word seq="16">porch<GreekSeq>17</GreekSeq></word><word seq="17">that is called<GreekSeq>19</GreekSeq></word><word seq="18">Solomon’s,<GreekSeq>20</GreekSeq></word><word seq="19">greatly wondering.<GreekSeq>21</GreekSeq></word></ASV></verse>
<verse number="12"><ASV><word seq="1">And<GreekSeq>2</GreekSeq></word><word seq="2">when<GreekSeq>1</GreekSeq></word><word seq="3">Peter<GreekSeq>4</GreekSeq></word><word seq="4">saw<GreekSeq>1</GreekSeq></word><word seq="5">it,</word><word seq="6">he answered<GreekSeq>5</GreekSeq></word><word seq="7">unto<GreekSeq>6</GreekSeq></word><word seq="8">the<GreekSeq>7</GreekSeq></word><word seq="9">people,<GreekSeq>8</GreekSeq></word><word seq="10">Ye men<GreekSeq>9</GreekSeq></word><word seq="11">of Israel,<GreekSeq>10</GreekSeq></word><word seq="12">why<GreekSeq>11</GreekSeq></word><word seq="13">marvel ye<GreekSeq>12</GreekSeq></word><word seq="14">at<GreekSeq>13</GreekSeq></word><word seq="15">this man?<GreekSeq>14</GreekSeq></word><word seq="16">or<GreekSeq>15</GreekSeq></word><word seq="17">why<GreekSeq>17</GreekSeq></word><word seq="18">fasten ye your eyes<GreekSeq>18</GreekSeq></word><word seq="19">on us,<GreekSeq>16</GreekSeq></word><word seq="20">as though<GreekSeq>19</GreekSeq></word><word seq="21">by our own<GreekSeq>20</GreekSeq></word><word seq="22">power<GreekSeq>21</GreekSeq></word><word seq="23">or<GreekSeq>22</GreekSeq></word><word seq="24">godliness<GreekSeq>23</GreekSeq></word><word seq="25">[we] had made<GreekSeq>24</GreekSeq></word><word seq="26">him<GreekSeq>27</GreekSeq></word><word seq="27">to walk?<GreekSeq>26</GreekSeq></word></ASV></verse>
<verse number="13"><ASV><word seq="1">The<GreekSeq>1</GreekSeq></word><word seq="2">God<GreekSeq>2</GreekSeq></word><word seq="3">of Abraham,<GreekSeq>3</GreekSeq></word><word seq="4">and<GreekSeq>4</GreekSeq></word><word seq="5">of Isaac,<GreekSeq>7</GreekSeq></word><word seq="6">and<GreekSeq>8</GreekSeq></word><word seq="7">of Jacob,<GreekSeq>11</GreekSeq></word><word seq="8">the<GreekSeq>12</GreekSeq></word><word seq="9">God<GreekSeq>13</GreekSeq></word><word seq="10">of<GreekSeq>15</GreekSeq></word><word seq="11">our<GreekSeq>16</GreekSeq></word><word seq="12">fathers,<GreekSeq>15</GreekSeq></word><word seq="13">hath glorified<GreekSeq>17</GreekSeq></word><word seq="14">his<GreekSeq>20</GreekSeq></word><word seq="15">Servant<GreekSeq>19</GreekSeq></word><word seq="16">Jesus;<GreekSeq>21</GreekSeq></word><word seq="17">whom<GreekSeq>22</GreekSeq></word><word seq="18">ye<GreekSeq>23</GreekSeq></word><word seq="19">delivered up,<GreekSeq>25</GreekSeq></word><word seq="20">and<GreekSeq>26</GreekSeq></word><word seq="21">denied<GreekSeq>27</GreekSeq></word><word seq="22">before<GreekSeq>28</GreekSeq></word><word seq="23">the face<GreekSeq>29</GreekSeq></word><word seq="24">of Pilate,<GreekSeq>30</GreekSeq></word><word seq="25">when<GreekSeq>31</GreekSeq></word><word seq="26">he<GreekSeq>32</GreekSeq></word><word seq="27">had determined<GreekSeq>31</GreekSeq></word><word seq="28">to release<GreekSeq>33</GreekSeq></word><word seq="29">him.</word></ASV></verse>
<verse number="14"><ASV><word seq="1">But<GreekSeq>2</GreekSeq></word><word seq="2">ye<GreekSeq>1</GreekSeq></word><word seq="3">denied<GreekSeq>7</GreekSeq></word><word seq="4">the<GreekSeq>3</GreekSeq></word><word seq="5">Holy<GreekSeq>4</GreekSeq></word><word seq="6">and<GreekSeq>5</GreekSeq></word><word seq="7">Righteous<GreekSeq>6</GreekSeq></word><word seq="8">One,</word><word seq="9">and<GreekSeq>8</GreekSeq></word><word seq="10">asked for<GreekSeq>9</GreekSeq></word><word seq="11">a murderer<GreekSeq>11</GreekSeq></word><word seq="12">to be granted<GreekSeq>12</GreekSeq></word><word seq="13">unto you,<GreekSeq>13</GreekSeq></word></ASV></verse>
<verse number="15"><ASV><word seq="1">and<GreekSeq>2</GreekSeq></word><word seq="2">killed<GreekSeq>6</GreekSeq></word><word seq="3">the<GreekSeq>1</GreekSeq></word><word seq="4">Prince<GreekSeq>3</GreekSeq></word><word seq="5">of life;<GreekSeq>5</GreekSeq></word><word seq="6">whom<GreekSeq>7</GreekSeq></word><word seq="7">God<GreekSeq>9</GreekSeq></word><word seq="8">raised<GreekSeq>10</GreekSeq></word><word seq="9">from<GreekSeq>11</GreekSeq></word><word seq="10">the dead;<GreekSeq>12</GreekSeq></word><word seq="11">whereof<GreekSeq>13</GreekSeq></word><word seq="12">we<GreekSeq>14</GreekSeq></word><word seq="13">are<GreekSeq>16</GreekSeq></word><word seq="14">witnesses.<GreekSeq>15</GreekSeq></word></ASV></verse>
<verse number="16"><ASV><word seq="1">And<GreekSeq>1</GreekSeq></word><word seq="2">by<GreekSeq>2</GreekSeq></word><word seq="3">faith<GreekSeq>4</GreekSeq></word><word seq="4">in<GreekSeq>6</GreekSeq></word><word seq="5">his<GreekSeq>7</GreekSeq></word><word seq="6">name<GreekSeq>6</GreekSeq></word><word seq="7">hath<GreekSeq>13</GreekSeq></word><word seq="8">his<GreekSeq>16</GreekSeq></word><word seq="9">name<GreekSeq>15</GreekSeq></word><word seq="10">made<GreekSeq>13</GreekSeq></word><word seq="11">this man<GreekSeq>8</GreekSeq></word><word seq="12">strong,<GreekSeq>13</GreekSeq></word><word seq="13">whom<GreekSeq>9</GreekSeq></word><word seq="14">ye behold<GreekSeq>10</GreekSeq></word><word seq="15">and<GreekSeq>11</GreekSeq></word><word seq="16">know:<GreekSeq>12</GreekSeq></word><word seq="17">yea,<GreekSeq>17</GreekSeq></word><word seq="18">the<GreekSeq>18</GreekSeq></word><word seq="19">faith<GreekSeq>19</GreekSeq></word><word seq="20">which<GreekSeq>20</GreekSeq></word><word seq="21">is</word><word seq="22">through<GreekSeq>21</GreekSeq></word><word seq="23">him<GreekSeq>22</GreekSeq></word><word seq="24">hath given<GreekSeq>23</GreekSeq></word><word seq="25">him<GreekSeq>24</GreekSeq></word><word seq="26">this<GreekSeq>27</GreekSeq></word><word seq="27">perfect soundness<GreekSeq>26</GreekSeq></word><word seq="28">in the presence of<GreekSeq>28</GreekSeq></word><word seq="29">you<GreekSeq>30</GreekSeq></word><word seq="30">all.<GreekSeq>29</GreekSeq></word></ASV></verse>
<verse number="17"><ASV><word seq="1">And<GreekSeq>1</GreekSeq></word><word seq="2">now,<GreekSeq>2</GreekSeq></word><word seq="3">brethren,<GreekSeq>3</GreekSeq></word><word seq="4">I know<GreekSeq>4</GreekSeq></word><word seq="5">that<GreekSeq>5</GreekSeq></word><word seq="6">in<GreekSeq>6</GreekSeq></word><word seq="7">ignorance<GreekSeq>7</GreekSeq></word><word seq="8">ye did<GreekSeq>8</GreekSeq></word><word seq="9">it,</word><word seq="10">as<GreekSeq>9</GreekSeq></word><word seq="11">did</word><word seq="12">also<GreekSeq>10</GreekSeq></word><word seq="13">your<GreekSeq>13</GreekSeq></word><word seq="14">rulers.<GreekSeq>12</GreekSeq></word></ASV></verse>
<verse number="18"><ASV><word seq="1">But<GreekSeq>2</GreekSeq></word><word seq="2">the things which<GreekSeq>4</GreekSeq></word><word seq="3">God<GreekSeq>3</GreekSeq></word><word seq="4">foreshowed<GreekSeq>5</GreekSeq></word><word seq="5">by<GreekSeq>6</GreekSeq></word><word seq="6">the mouth<GreekSeq>7</GreekSeq></word><word seq="7">of all<GreekSeq>8</GreekSeq></word><word seq="8">the<GreekSeq>9</GreekSeq></word><word seq="9">prophets,<GreekSeq>10</GreekSeq></word><word seq="10">that</word><word seq="11">his<GreekSeq>14</GreekSeq></word><word seq="12">Christ<GreekSeq>13</GreekSeq></word><word seq="13">should suffer,<GreekSeq>11</GreekSeq></word><word seq="14">he<GreekSeq>15</GreekSeq></word><word seq="15">thus<GreekSeq>16</GreekSeq></word><word seq="16">fulfilled.<GreekSeq>15</GreekSeq></word></ASV></verse>
<verse number="19"><ASV><word seq="1">Repent ye<GreekSeq>1</GreekSeq></word><word seq="2">therefore,<GreekSeq>2</GreekSeq></word><word seq="3">and<GreekSeq>3</GreekSeq></word><word seq="4">turn again,<GreekSeq>4</GreekSeq></word><word seq="5">that<GreekSeq>5</GreekSeq><GreekSeq>6</GreekSeq></word><word seq="6">your<GreekSeq>8</GreekSeq></word><word seq="7">sins<GreekSeq>10</GreekSeq></word><word seq="8">may be blotted out,<GreekSeq>7</GreekSeq></word><word seq="9" note="see next verse">that so there may come seasons of refreshing from the presence of the Lord;</word></ASV></verse>
<verse number="20"><ASV><word seq="1" note="from previous verse">that so<GreekSeq>1</GreekSeq></word><word seq="2" note="from previous verse">there may come<GreekSeq>3</GreekSeq></word><word seq="3" note="from previous verse">seasons<GreekSeq>4</GreekSeq></word><word seq="4" note="from previous verse">of refreshing<GreekSeq>5</GreekSeq></word><word seq="5" note="from previous verse">from<GreekSeq>6</GreekSeq></word><word seq="6" note="from previous verse">the presence<GreekSeq>7</GreekSeq></word><word seq="7" note="from previous verse">of the<GreekSeq>8</GreekSeq></word><word seq="8" note="from previous verse">Lord;<GreekSeq>9</GreekSeq></word><word seq="9">and<GreekSeq>10</GreekSeq></word><word seq="10">that</word><word seq="11">he may send<GreekSeq>11</GreekSeq></word><word seq="12">the</word><word seq="13">Christ<GreekSeq>15</GreekSeq></word><word seq="14">who hath been appointed<GreekSeq>13</GreekSeq></word><word seq="15">for you,<GreekSeq>14</GreekSeq></word><word seq="16">even</word><word seq="17">Jesus:<GreekSeq>16</GreekSeq></word></ASV></verse>
<verse number="21"><ASV><word seq="1">whom<GreekSeq>1</GreekSeq></word><word seq="2">the heaven<GreekSeq>3</GreekSeq></word><word seq="3">must<GreekSeq>2</GreekSeq></word><word seq="4">receive<GreekSeq>5</GreekSeq></word><word seq="5">until<GreekSeq>6</GreekSeq></word><word seq="6">the times<GreekSeq>7</GreekSeq></word><word seq="7">of restoration<GreekSeq>8</GreekSeq></word><word seq="8">of all things,<GreekSeq>9</GreekSeq></word><word seq="9">whereof<GreekSeq>10</GreekSeq></word><word seq="10">God<GreekSeq>13</GreekSeq></word><word seq="11">spake<GreekSeq>11</GreekSeq></word><word seq="12">by<GreekSeq>14</GreekSeq></word><word seq="13">the mouth<GreekSeq>15</GreekSeq></word><word seq="14">of<GreekSeq>21</GreekSeq></word><word seq="15">his<GreekSeq>20</GreekSeq></word><word seq="16">holy<GreekSeq>17</GreekSeq></word><word seq="17">prophets<GreekSeq>21</GreekSeq></word><word seq="18">that have been</word><word seq="19">from<GreekSeq>18</GreekSeq></word><word seq="20">of old.<GreekSeq>19</GreekSeq></word></ASV></verse>
<verse number="22"><ASV><word seq="1">Moses<GreekSeq>1</GreekSeq></word><word seq="2">indeed<GreekSeq>2</GreekSeq></word><word seq="3">said,<GreekSeq>3</GreekSeq></word><word seq="4">A prophet<GreekSeq>5</GreekSeq></word><word seq="5">shall<GreekSeq>7</GreekSeq></word><word seq="6">the Lord<GreekSeq>8</GreekSeq></word><word seq="7">God<GreekSeq>10</GreekSeq></word><word seq="8">raise up<GreekSeq>7</GreekSeq></word><word seq="9">unto you<GreekSeq>6</GreekSeq></word><word seq="10">from among<GreekSeq>12</GreekSeq></word><word seq="11">your<GreekSeq>15</GreekSeq></word><word seq="12">brethren,<GreekSeq>14</GreekSeq></word><word seq="13">like<GreekSeq>16</GreekSeq></word><word seq="14">unto me;<GreekSeq>17</GreekSeq></word><word seq="15">to him<GreekSeq>18</GreekSeq></word><word seq="16">shall ye hearken<GreekSeq>19</GreekSeq></word><word seq="17">in<GreekSeq>20</GreekSeq></word><word seq="18">all things<GreekSeq>21</GreekSeq></word><word seq="19">whatsoever<GreekSeq>22</GreekSeq><GreekSeq>23</GreekSeq></word><word seq="20">he shall speak<GreekSeq>24</GreekSeq></word><word seq="21">unto<GreekSeq>25</GreekSeq></word><word seq="22">you.<GreekSeq>26</GreekSeq></word></ASV></verse>
<verse number="23"><ASV><word seq="1">And<GreekSeq>2</GreekSeq></word><word seq="2">it shall be,<GreekSeq>1</GreekSeq></word><word seq="3">that</word><word seq="4">every<GreekSeq>3</GreekSeq></word><word seq="5">soul<GreekSeq>4</GreekSeq></word><word seq="6">that<GreekSeq>5</GreekSeq></word><word seq="7">shall<GreekSeq>8</GreekSeq></word><word seq="8">not<GreekSeq>7</GreekSeq></word><word seq="9">hearken<GreekSeq>8</GreekSeq></word><word seq="10">to that<GreekSeq>11</GreekSeq></word><word seq="11">prophet,<GreekSeq>10</GreekSeq></word><word seq="12">shall be utterly destroyed<GreekSeq>12</GreekSeq></word><word seq="13">from among<GreekSeq>13</GreekSeq></word><word seq="14">the<GreekSeq>14</GreekSeq></word><word seq="15">people.<GreekSeq>15</GreekSeq></word></ASV></verse>
<verse number="24"><ASV><word seq="1">Yea<GreekSeq>1</GreekSeq></word><word seq="2">and<GreekSeq>3</GreekSeq></word><word seq="3">all<GreekSeq>2</GreekSeq></word><word seq="4">the<GreekSeq>4</GreekSeq></word><word seq="5">prophets<GreekSeq>5</GreekSeq></word><word seq="6">from<GreekSeq>6</GreekSeq></word><word seq="7">Samuel<GreekSeq>7</GreekSeq></word><word seq="8">and<GreekSeq>8</GreekSeq></word><word seq="9">them<GreekSeq>9</GreekSeq></word><word seq="10">that followed after,<GreekSeq>10</GreekSeq></word><word seq="11">as many as<GreekSeq>11</GreekSeq></word><word seq="12">have spoken,<GreekSeq>12</GreekSeq></word><word seq="13">they<GreekSeq>14</GreekSeq></word><word seq="14">also<GreekSeq>13</GreekSeq></word><word seq="15">told<GreekSeq>14</GreekSeq></word><word seq="16">of these<GreekSeq>17</GreekSeq></word><word seq="17">days.<GreekSeq>16</GreekSeq></word></ASV></verse>
<verse number="25"><ASV><word seq="1">Ye<GreekSeq>1</GreekSeq></word><word seq="2">are<GreekSeq>2</GreekSeq></word><word seq="3">the<GreekSeq>3</GreekSeq></word><word seq="4">sons<GreekSeq>4</GreekSeq></word><word seq="5">of the<GreekSeq>5</GreekSeq></word><word seq="6">prophets,<GreekSeq>6</GreekSeq></word><word seq="7">and<GreekSeq>7</GreekSeq></word><word seq="8">of the<GreekSeq>8</GreekSeq></word><word seq="9">covenant<GreekSeq>9</GreekSeq></word><word seq="10">which<GreekSeq>10</GreekSeq></word><word seq="11">God<GreekSeq>13</GreekSeq></word><word seq="12">made<GreekSeq>11</GreekSeq></word><word seq="13">with<GreekSeq>14</GreekSeq></word><word seq="14">your<GreekSeq>17</GreekSeq></word><word seq="15">fathers,<GreekSeq>16</GreekSeq></word><word seq="16">saying<GreekSeq>18</GreekSeq></word><word seq="17">unto<GreekSeq>19</GreekSeq></word><word seq="18">Abraham,<GreekSeq>20</GreekSeq></word><word seq="19">And<GreekSeq>21</GreekSeq></word><word seq="20">in<GreekSeq>22</GreekSeq></word><word seq="21">thy<GreekSeq>25</GreekSeq></word><word seq="22">seed<GreekSeq>24</GreekSeq></word><word seq="23">shall<GreekSeq>26</GreekSeq></word><word seq="24">all<GreekSeq>27</GreekSeq></word><word seq="25">the<GreekSeq>28</GreekSeq></word><word seq="26">families<GreekSeq>29</GreekSeq></word><word seq="27">of the<GreekSeq>30</GreekSeq></word><word seq="28">earth<GreekSeq>31</GreekSeq></word><word seq="29">be blessed.<GreekSeq>26</GreekSeq></word></ASV></verse>
<verse number="26"><ASV><word seq="1">Unto you<GreekSeq>1</GreekSeq></word><word seq="2">first<GreekSeq>2</GreekSeq></word><word seq="3">God,<GreekSeq>5</GreekSeq></word><word seq="4">having raised up<GreekSeq>3</GreekSeq></word><word seq="5">his<GreekSeq>8</GreekSeq></word><word seq="6">Servant,<GreekSeq>7</GreekSeq></word><word seq="7">sent<GreekSeq>9</GreekSeq></word><word seq="8">him<GreekSeq>10</GreekSeq></word><word seq="9">to bless<GreekSeq>11</GreekSeq></word><word seq="10">you,<GreekSeq>12</GreekSeq></word><word seq="11">in<GreekSeq>13</GreekSeq></word><word seq="12">turning away<GreekSeq>15</GreekSeq></word><word seq="13">every one<GreekSeq>16</GreekSeq></word><word seq="14">of you</word><word seq="15">from<GreekSeq>17</GreekSeq></word><word seq="16">your<GreekSeq>20</GreekSeq></word><word seq="17">iniquities.<GreekSeq>19</GreekSeq></word></ASV></verse>
</chapter></book>