<?xml version="1.0" encoding="UTF-8" standalone="no"?><book><chapter number="26">
<verse number="1"><ASV><word seq="1">And<GreekSeq>2</GreekSeq></word><word seq="2">Agrippa<GreekSeq>1</GreekSeq></word><word seq="3">said<GreekSeq>6</GreekSeq></word><word seq="4">unto<GreekSeq>3</GreekSeq></word><word seq="5">Paul,<GreekSeq>5</GreekSeq></word><word seq="6">Thou<GreekSeq>8</GreekSeq></word><word seq="7">art permitted<GreekSeq>7</GreekSeq></word><word seq="8">to speak<GreekSeq>11</GreekSeq></word><word seq="9">for<GreekSeq>9</GreekSeq></word><word seq="10">thyself.<GreekSeq>10</GreekSeq></word><word seq="11">Then<GreekSeq>12</GreekSeq></word><word seq="12">Paul<GreekSeq>14</GreekSeq></word><word seq="13">stretched forth<GreekSeq>15</GreekSeq></word><word seq="14">his</word><word seq="15">hand,<GreekSeq>17</GreekSeq></word><word seq="16">and</word><word seq="17">made his defence:<GreekSeq>18</GreekSeq></word></ASV></verse>
<verse number="2"><ASV><word seq="1">I think<GreekSeq>9</GreekSeq></word><word seq="2">myself<GreekSeq>10</GreekSeq></word><word seq="3">happy,<GreekSeq>11</GreekSeq></word><word seq="4">king<GreekSeq>7</GreekSeq></word><word seq="5">Agrippa,<GreekSeq>8</GreekSeq></word><word seq="6">that I am<GreekSeq>14</GreekSeq></word><word seq="7">to make my defence<GreekSeq>16</GreekSeq></word><word seq="8">before<GreekSeq>12</GreekSeq></word><word seq="9">thee<GreekSeq>13</GreekSeq></word><word seq="10">this day<GreekSeq>15</GreekSeq></word><word seq="11">touching<GreekSeq>1</GreekSeq></word><word seq="12">all<GreekSeq>2</GreekSeq></word><word seq="13">the things whereof<GreekSeq>3</GreekSeq></word><word seq="14">I am accused<GreekSeq>4</GreekSeq></word><word seq="15">by<GreekSeq>5</GreekSeq></word><word seq="16">the Jews:<GreekSeq>6</GreekSeq></word></ASV></verse>
<verse number="3"><ASV><word seq="1">especially<GreekSeq>1</GreekSeq></word><word seq="2">because</word><word seq="3">thou<GreekSeq>4</GreekSeq></word><word seq="4">art<GreekSeq>3</GreekSeq></word><word seq="5">expert in<GreekSeq>2</GreekSeq></word><word seq="6">all<GreekSeq>5</GreekSeq></word><word seq="7">customs<GreekSeq>9</GreekSeq></word><word seq="8">and<GreekSeq>11</GreekSeq></word><word seq="9">questions<GreekSeq>12</GreekSeq></word><word seq="10">which are</word><word seq="11">among<GreekSeq>7</GreekSeq></word><word seq="12">the Jews:<GreekSeq>8</GreekSeq></word><word seq="13">wherefore<GreekSeq>13</GreekSeq></word><word seq="14">I beseech<GreekSeq>14</GreekSeq></word><word seq="15">thee</word><word seq="16">to hear<GreekSeq>16</GreekSeq></word><word seq="17">me<GreekSeq>17</GreekSeq></word><word seq="18">patiently.<GreekSeq>15</GreekSeq></word></ASV></verse>
<verse number="4"><ASV><word seq="1">My<GreekSeq>5</GreekSeq></word><word seq="2">manner of life<GreekSeq>4</GreekSeq></word><word seq="3">then<GreekSeq>3</GreekSeq></word><word seq="4">from<GreekSeq>7</GreekSeq></word><word seq="5">my</word><word seq="6">youth<GreekSeq>8</GreekSeq></word><word seq="7">up,</word><word seq="8">which was<GreekSeq>12</GreekSeq></word><word seq="9">from<GreekSeq>10</GreekSeq></word><word seq="10">the<GreekSeq>9</GreekSeq></word><word seq="11">beginning<GreekSeq>11</GreekSeq></word><word seq="12">among<GreekSeq>13</GreekSeq></word><word seq="13">mine own<GreekSeq>16</GreekSeq></word><word seq="14">nation<GreekSeq>15</GreekSeq></word><word seq="15">and<GreekSeq>18</GreekSeq></word><word seq="16">at<GreekSeq>17</GreekSeq></word><word seq="17">Jerusalem,<GreekSeq>19</GreekSeq></word><word seq="18">know<GreekSeq>20</GreekSeq></word><word seq="19">all<GreekSeq>21</GreekSeq></word><word seq="20">the<GreekSeq>22</GreekSeq></word><word seq="21">Jews;<GreekSeq>23</GreekSeq></word></ASV></verse>
<verse number="5"><ASV><word seq="1">having knowledge of<GreekSeq>1</GreekSeq></word><word seq="2">me<GreekSeq>2</GreekSeq></word><word seq="3">from the first,<GreekSeq>3</GreekSeq></word><word seq="4">if<GreekSeq>4</GreekSeq></word><word seq="5">they be willing<GreekSeq>5</GreekSeq></word><word seq="6">to testify,<GreekSeq>6</GreekSeq></word><word seq="7">that<GreekSeq>7</GreekSeq></word><word seq="8">after<GreekSeq>8</GreekSeq></word><word seq="9">the<GreekSeq>9</GreekSeq></word><word seq="10">straitest<GreekSeq>10</GreekSeq></word><word seq="11">sect<GreekSeq>11</GreekSeq></word><word seq="12">of<GreekSeq>14</GreekSeq></word><word seq="13">our<GreekSeq>13</GreekSeq></word><word seq="14">religion<GreekSeq>14</GreekSeq></word><word seq="15">I lived<GreekSeq>15</GreekSeq></word><word seq="16">a Pharisee.<GreekSeq>16</GreekSeq></word></ASV></verse>
<verse number="6"><ASV><word seq="1">And<GreekSeq>1</GreekSeq></word><word seq="2">now<GreekSeq>2</GreekSeq></word><word seq="3">I stand<GreekSeq>15</GreekSeq></word><word seq="4">to be judged<GreekSeq>16</GreekSeq></word><word seq="5">for<GreekSeq>3</GreekSeq></word><word seq="6">the hope<GreekSeq>4</GreekSeq></word><word seq="7">of the<GreekSeq>5</GreekSeq></word><word seq="8">promise<GreekSeq>10</GreekSeq></word><word seq="9">made<GreekSeq>11</GreekSeq></word><word seq="10">of<GreekSeq>12</GreekSeq></word><word seq="11">God<GreekSeq>14</GreekSeq></word><word seq="12">unto<GreekSeq>6</GreekSeq></word><word seq="13">our<GreekSeq>9</GreekSeq></word><word seq="14">fathers;<GreekSeq>8</GreekSeq></word></ASV></verse>
<verse number="7"><ASV><word seq="1">unto<GreekSeq>1</GreekSeq></word><word seq="2">which<GreekSeq>2</GreekSeq></word><word seq="3">our<GreekSeq>5</GreekSeq></word><word seq="4">twelve tribes,<GreekSeq>4</GreekSeq></word><word seq="5">earnestly<GreekSeq>6</GreekSeq><GreekSeq>7</GreekSeq></word><word seq="6">serving<GreekSeq>11</GreekSeq></word><word seq="7">night<GreekSeq>8</GreekSeq></word><word seq="8">and<GreekSeq>9</GreekSeq></word><word seq="9">day,<GreekSeq>10</GreekSeq></word><word seq="10">hope<GreekSeq>12</GreekSeq></word><word seq="11">to attain.<GreekSeq>13</GreekSeq></word><word seq="12">And</word><word seq="13">concerning<GreekSeq>14</GreekSeq></word><word seq="14">this<GreekSeq>15</GreekSeq></word><word seq="15">hope<GreekSeq>16</GreekSeq></word><word seq="16">I am accused<GreekSeq>17</GreekSeq></word><word seq="17">by<GreekSeq>18</GreekSeq></word><word seq="18">the Jews,<GreekSeq>19</GreekSeq></word><word seq="19">O king!<GreekSeq>20</GreekSeq></word></ASV></verse>
<verse number="8"><ASV><word seq="1">Why<GreekSeq>1</GreekSeq></word><word seq="2">is it judged<GreekSeq>3</GreekSeq></word><word seq="3">incredible<GreekSeq>2</GreekSeq></word><word seq="4">with<GreekSeq>4</GreekSeq></word><word seq="5">you,<GreekSeq>5</GreekSeq></word><word seq="6">if<GreekSeq>6</GreekSeq></word><word seq="7">God<GreekSeq>8</GreekSeq></word><word seq="8">doth raise<GreekSeq>10</GreekSeq></word><word seq="9">the dead?<GreekSeq>9</GreekSeq></word></ASV></verse>
<verse number="9"><ASV><word seq="1">I<GreekSeq>1</GreekSeq></word><word seq="2">verily<GreekSeq>2</GreekSeq></word><word seq="3">thought<GreekSeq>4</GreekSeq></word><word seq="4">with myself<GreekSeq>5</GreekSeq></word><word seq="5">that I</word><word seq="6">ought<GreekSeq>12</GreekSeq></word><word seq="7">to do<GreekSeq>15</GreekSeq></word><word seq="8">many things<GreekSeq>13</GreekSeq></word><word seq="9">contrary<GreekSeq>14</GreekSeq></word><word seq="10">to<GreekSeq>6</GreekSeq></word><word seq="11">the<GreekSeq>7</GreekSeq></word><word seq="12">name<GreekSeq>8</GreekSeq></word><word seq="13">of Jesus<GreekSeq>9</GreekSeq></word><word seq="14">of Nazareth.<GreekSeq>11</GreekSeq></word></ASV></verse>
<verse number="10"><ASV><word seq="1">And</word><word seq="2">this<GreekSeq>1</GreekSeq></word><word seq="3">I<GreekSeq>3</GreekSeq></word><word seq="4">also<GreekSeq>2</GreekSeq></word><word seq="5">did<GreekSeq>3</GreekSeq></word><word seq="6">in<GreekSeq>4</GreekSeq></word><word seq="7">Jerusalem:<GreekSeq>5</GreekSeq></word><word seq="8">and<GreekSeq>6</GreekSeq></word><word seq="9">I<GreekSeq>11</GreekSeq></word><word seq="10">both<GreekSeq>8</GreekSeq></word><word seq="11">shut up<GreekSeq>14</GreekSeq></word><word seq="12">many<GreekSeq>7</GreekSeq></word><word seq="13">of the<GreekSeq>9</GreekSeq></word><word seq="14">saints<GreekSeq>10</GreekSeq></word><word seq="15">in<GreekSeq>12</GreekSeq></word><word seq="16">prisons,<GreekSeq>13</GreekSeq></word><word seq="17">having received<GreekSeq>20</GreekSeq></word><word seq="18">authority<GreekSeq>19</GreekSeq></word><word seq="19">from<GreekSeq>16</GreekSeq></word><word seq="20">the<GreekSeq>17</GreekSeq></word><word seq="21">chief priests,<GreekSeq>18</GreekSeq></word><word seq="22">and<GreekSeq>22</GreekSeq></word><word seq="23">when<GreekSeq>21</GreekSeq></word><word seq="24">they<GreekSeq>23</GreekSeq></word><word seq="25">were put to death<GreekSeq>21</GreekSeq></word><word seq="26">I gave<GreekSeq>24</GreekSeq></word><word seq="27">[my] vote<GreekSeq>25</GreekSeq></word><word seq="28">against<GreekSeq>24</GreekSeq></word><word seq="29">them.</word></ASV></verse>
<verse number="11"><ASV><word seq="1">And<GreekSeq>1</GreekSeq></word><word seq="2">punishing<GreekSeq>7</GreekSeq></word><word seq="3">them<GreekSeq>8</GreekSeq></word><word seq="4">oftentimes<GreekSeq>6</GreekSeq></word><word seq="5">in<GreekSeq>2</GreekSeq></word><word seq="6">all<GreekSeq>3</GreekSeq></word><word seq="7">the<GreekSeq>4</GreekSeq></word><word seq="8">synagogues,<GreekSeq>5</GreekSeq></word><word seq="9">I strove<GreekSeq>9</GreekSeq></word><word seq="10">to make [them] blaspheme;<GreekSeq>10</GreekSeq></word><word seq="11">and<GreekSeq>12</GreekSeq></word><word seq="12">being</word><word seq="13">exceedingly<GreekSeq>11</GreekSeq></word><word seq="14">mad<GreekSeq>13</GreekSeq></word><word seq="15">against them,<GreekSeq>14</GreekSeq></word><word seq="16">I persecuted<GreekSeq>15</GreekSeq></word><word seq="17">them</word><word seq="18">even<GreekSeq>17</GreekSeq></word><word seq="19">unto<GreekSeq>16</GreekSeq></word><word seq="20">foreign<GreekSeq>20</GreekSeq></word><word seq="21">cities.<GreekSeq>21</GreekSeq></word></ASV></verse>
<verse number="12"><ASV><word seq="1">Whereupon<GreekSeq>1</GreekSeq><GreekSeq>2</GreekSeq></word><word seq="2">as I journeyed<GreekSeq>3</GreekSeq></word><word seq="3">to<GreekSeq>4</GreekSeq></word><word seq="4">Damascus<GreekSeq>6</GreekSeq></word><word seq="5">with<GreekSeq>7</GreekSeq></word><word seq="6">the authority<GreekSeq>8</GreekSeq></word><word seq="7">and<GreekSeq>9</GreekSeq></word><word seq="8">commission<GreekSeq>10</GreekSeq></word><word seq="9">of the<GreekSeq>12</GreekSeq></word><word seq="10">chief priests,<GreekSeq>13</GreekSeq></word></ASV></verse>
<verse number="13"><ASV><word seq="1">at midday,<GreekSeq>1</GreekSeq><GreekSeq>2</GreekSeq></word><word seq="2">O king,<GreekSeq>7</GreekSeq></word><word seq="3">I saw<GreekSeq>6</GreekSeq></word><word seq="4">on<GreekSeq>3</GreekSeq></word><word seq="5">the<GreekSeq>4</GreekSeq></word><word seq="6">way<GreekSeq>5</GreekSeq></word><word seq="7">a light<GreekSeq>16</GreekSeq></word><word seq="8">from heaven,<GreekSeq>8</GreekSeq></word><word seq="9">above<GreekSeq>9</GreekSeq></word><word seq="10">the<GreekSeq>10</GreekSeq></word><word seq="11">brightness<GreekSeq>11</GreekSeq></word><word seq="12">of the<GreekSeq>12</GreekSeq></word><word seq="13">sun,<GreekSeq>13</GreekSeq></word><word seq="14">shining round about<GreekSeq>14</GreekSeq></word><word seq="15">me<GreekSeq>15</GreekSeq></word><word seq="16">and<GreekSeq>17</GreekSeq></word><word seq="17">them<GreekSeq>18</GreekSeq></word><word seq="18">that journeyed<GreekSeq>21</GreekSeq></word><word seq="19">with<GreekSeq>19</GreekSeq></word><word seq="20">me.<GreekSeq>20</GreekSeq></word></ASV></verse>
<verse number="14"><ASV><word seq="1">And<GreekSeq>2</GreekSeq></word><word seq="2">when<GreekSeq>3</GreekSeq></word><word seq="3">we<GreekSeq>4</GreekSeq></word><word seq="4">were<GreekSeq>3</GreekSeq></word><word seq="5">all<GreekSeq>1</GreekSeq></word><word seq="6">fallen<GreekSeq>3</GreekSeq></word><word seq="7">to<GreekSeq>5</GreekSeq></word><word seq="8">the<GreekSeq>6</GreekSeq></word><word seq="9">earth,<GreekSeq>7</GreekSeq></word><word seq="10">I heard<GreekSeq>8</GreekSeq></word><word seq="11">a voice<GreekSeq>9</GreekSeq></word><word seq="12">saying<GreekSeq>10</GreekSeq></word><word seq="13">unto<GreekSeq>11</GreekSeq></word><word seq="14">me<GreekSeq>12</GreekSeq></word><word seq="15">in the<GreekSeq>13</GreekSeq></word><word seq="16">Hebrew<GreekSeq>14</GreekSeq></word><word seq="17">language,<GreekSeq>15</GreekSeq></word><word seq="18">Saul,<GreekSeq>16</GreekSeq></word><word seq="19">Saul,<GreekSeq>17</GreekSeq></word><word seq="20">why<GreekSeq>18</GreekSeq></word><word seq="21">persecutest thou<GreekSeq>20</GreekSeq></word><word seq="22">me?<GreekSeq>19</GreekSeq></word><word seq="23">it is</word><word seq="24">hard<GreekSeq>21</GreekSeq></word><word seq="25">for thee<GreekSeq>22</GreekSeq></word><word seq="26">to kick<GreekSeq>25</GreekSeq></word><word seq="27">against<GreekSeq>23</GreekSeq></word><word seq="28">the goad.<GreekSeq>24</GreekSeq></word></ASV></verse>
<verse number="15"><ASV><word seq="1">And<GreekSeq>2</GreekSeq></word><word seq="2">I<GreekSeq>1</GreekSeq></word><word seq="3">said,<GreekSeq>3</GreekSeq></word><word seq="4">Who<GreekSeq>4</GreekSeq></word><word seq="5">art thou,<GreekSeq>5</GreekSeq></word><word seq="6">Lord?<GreekSeq>6</GreekSeq></word><word seq="7">And<GreekSeq>8</GreekSeq></word><word seq="8">the<GreekSeq>7</GreekSeq></word><word seq="9">Lord<GreekSeq>9</GreekSeq></word><word seq="10">said,<GreekSeq>10</GreekSeq></word><word seq="11">I<GreekSeq>11</GreekSeq></word><word seq="12">am<GreekSeq>12</GreekSeq></word><word seq="13">Jesus<GreekSeq>13</GreekSeq></word><word seq="14">whom<GreekSeq>14</GreekSeq></word><word seq="15">thou<GreekSeq>15</GreekSeq></word><word seq="16">persecutest.<GreekSeq>16</GreekSeq></word></ASV></verse>
<verse number="16"><ASV><word seq="1">But<GreekSeq>1</GreekSeq></word><word seq="2">arise,<GreekSeq>2</GreekSeq></word><word seq="3">and<GreekSeq>3</GreekSeq></word><word seq="4">stand<GreekSeq>4</GreekSeq></word><word seq="5">upon<GreekSeq>5</GreekSeq></word><word seq="6">thy<GreekSeq>8</GreekSeq></word><word seq="7">feet:<GreekSeq>7</GreekSeq></word><word seq="8">for<GreekSeq>11</GreekSeq></word><word seq="9">to<GreekSeq>9</GreekSeq></word><word seq="10">this [end]<GreekSeq>10</GreekSeq></word><word seq="11">have I appeared<GreekSeq>12</GreekSeq></word><word seq="12">unto thee,<GreekSeq>13</GreekSeq></word><word seq="13">to appoint<GreekSeq>14</GreekSeq></word><word seq="14">thee<GreekSeq>15</GreekSeq></word><word seq="15">a minister<GreekSeq>16</GreekSeq></word><word seq="16">and<GreekSeq>17</GreekSeq></word><word seq="17">a witness<GreekSeq>18</GreekSeq></word><word seq="18">both<GreekSeq>20</GreekSeq></word><word seq="19">of the things wherein<GreekSeq>19</GreekSeq></word><word seq="20">thou hast seen<GreekSeq>21</GreekSeq></word><word seq="21">me,<GreekSeq>22</GreekSeq></word><word seq="22">and<GreekSeq>24</GreekSeq></word><word seq="23">of the things wherein<GreekSeq>23</GreekSeq></word><word seq="24">I will appear<GreekSeq>25</GreekSeq></word><word seq="25">unto thee;<GreekSeq>26</GreekSeq></word></ASV></verse>
<verse number="17"><ASV><word seq="1">delivering<GreekSeq>1</GreekSeq></word><word seq="2">thee<GreekSeq>2</GreekSeq></word><word seq="3">from<GreekSeq>3</GreekSeq></word><word seq="4">the<GreekSeq>4</GreekSeq></word><word seq="5">people,<GreekSeq>5</GreekSeq></word><word seq="6">and<GreekSeq>6</GreekSeq></word><word seq="7">from<GreekSeq>7</GreekSeq></word><word seq="8">the<GreekSeq>8</GreekSeq></word><word seq="9">Gentiles,<GreekSeq>9</GreekSeq></word><word seq="10">unto<GreekSeq>10</GreekSeq></word><word seq="11">whom<GreekSeq>11</GreekSeq></word><word seq="12">I<GreekSeq>12</GreekSeq></word><word seq="13">send<GreekSeq>13</GreekSeq></word><word seq="14">thee,<GreekSeq>14</GreekSeq></word></ASV></verse>
<verse number="18"><ASV><word seq="1">to open<GreekSeq>1</GreekSeq></word><word seq="2">their<GreekSeq>3</GreekSeq></word><word seq="3">eyes,<GreekSeq>2</GreekSeq></word><word seq="4">that<GreekSeq>4</GreekSeq></word><word seq="5">they</word><word seq="6">may turn<GreekSeq>5</GreekSeq></word><word seq="7">from<GreekSeq>6</GreekSeq></word><word seq="8">darkness<GreekSeq>7</GreekSeq></word><word seq="9">to<GreekSeq>8</GreekSeq></word><word seq="10">light<GreekSeq>9</GreekSeq></word><word seq="11">and<GreekSeq>10</GreekSeq></word><word seq="12">from</word><word seq="13">the<GreekSeq>11</GreekSeq></word><word seq="14">power<GreekSeq>12</GreekSeq></word><word seq="15">of Satan<GreekSeq>14</GreekSeq></word><word seq="16">unto<GreekSeq>15</GreekSeq></word><word seq="17">God,<GreekSeq>17</GreekSeq></word><word seq="18">that<GreekSeq>18</GreekSeq></word><word seq="19">they<GreekSeq>20</GreekSeq></word><word seq="20">may receive<GreekSeq>19</GreekSeq></word><word seq="21">remission<GreekSeq>21</GreekSeq></word><word seq="22">of sins<GreekSeq>22</GreekSeq></word><word seq="23">and<GreekSeq>23</GreekSeq></word><word seq="24">an inheritance<GreekSeq>24</GreekSeq></word><word seq="25">among<GreekSeq>25</GreekSeq></word><word seq="26">them<GreekSeq>26</GreekSeq></word><word seq="27">that are sanctified<GreekSeq>27</GreekSeq></word><word seq="28">by faith<GreekSeq>28</GreekSeq></word><word seq="29">in<GreekSeq>30</GreekSeq></word><word seq="30">me.<GreekSeq>31</GreekSeq></word></ASV></verse>
<verse number="19"><ASV><word seq="1">Wherefore,<GreekSeq>1</GreekSeq></word><word seq="2">O king<GreekSeq>2</GreekSeq></word><word seq="3">Agrippa,<GreekSeq>3</GreekSeq></word><word seq="4">I was<GreekSeq>5</GreekSeq></word><word seq="5">not<GreekSeq>4</GreekSeq></word><word seq="6">disobedient<GreekSeq>6</GreekSeq></word><word seq="7">unto the<GreekSeq>7</GreekSeq></word><word seq="8">heavenly<GreekSeq>8</GreekSeq></word><word seq="9">vision:<GreekSeq>9</GreekSeq></word></ASV></verse>
<verse number="20"><ASV><word seq="1">but<GreekSeq>1</GreekSeq></word><word seq="2">declared<GreekSeq>18</GreekSeq></word><word seq="3">both<GreekSeq>6</GreekSeq></word><word seq="4">to them<GreekSeq>2</GreekSeq></word><word seq="5">of<GreekSeq>3</GreekSeq></word><word seq="6">Damascus<GreekSeq>4</GreekSeq></word><word seq="7">first,<GreekSeq>5</GreekSeq></word><word seq="8">and<GreekSeq>7</GreekSeq></word><word seq="9">at Jerusalem,<GreekSeq>8</GreekSeq></word><word seq="10">and<GreekSeq>10</GreekSeq></word><word seq="11">throughout</word><word seq="12">all<GreekSeq>9</GreekSeq></word><word seq="13">the<GreekSeq>11</GreekSeq></word><word seq="14">country<GreekSeq>12</GreekSeq></word><word seq="15">of Judaea,<GreekSeq>14</GreekSeq></word><word seq="16">and also<GreekSeq>15</GreekSeq></word><word seq="17">to the<GreekSeq>16</GreekSeq></word><word seq="18">Gentiles,<GreekSeq>17</GreekSeq></word><word seq="19">that they should repent<GreekSeq>19</GreekSeq></word><word seq="20">and<GreekSeq>20</GreekSeq></word><word seq="21">turn<GreekSeq>21</GreekSeq></word><word seq="22">to<GreekSeq>22</GreekSeq></word><word seq="23">God,<GreekSeq>24</GreekSeq></word><word seq="24">doing<GreekSeq>29</GreekSeq></word><word seq="25">works<GreekSeq>28</GreekSeq></word><word seq="26">worthy<GreekSeq>25</GreekSeq></word><word seq="27">of repentance.<GreekSeq>27</GreekSeq></word></ASV></verse>
<verse number="21"><ASV><word seq="1">For<GreekSeq>1</GreekSeq></word><word seq="2">this<GreekSeq>2</GreekSeq></word><word seq="3">cause<GreekSeq>1</GreekSeq></word><word seq="4">the Jews<GreekSeq>4</GreekSeq></word><word seq="5">seized<GreekSeq>5</GreekSeq></word><word seq="6">me<GreekSeq>3</GreekSeq></word><word seq="7">in<GreekSeq>7</GreekSeq></word><word seq="8">the<GreekSeq>8</GreekSeq></word><word seq="9">temple,<GreekSeq>9</GreekSeq></word><word seq="10">and</word><word seq="11">assayed<GreekSeq>10</GreekSeq></word><word seq="12">to kill<GreekSeq>11</GreekSeq></word><word seq="13">me.</word></ASV></verse>
<verse number="22"><ASV><word seq="1">Having<GreekSeq>3</GreekSeq></word><word seq="2">therefore<GreekSeq>2</GreekSeq></word><word seq="3">obtained<GreekSeq>3</GreekSeq></word><word seq="4">the help<GreekSeq>1</GreekSeq></word><word seq="5">that is</word><word seq="6">from<GreekSeq>5</GreekSeq></word><word seq="7">God,<GreekSeq>7</GreekSeq></word><word seq="8">I stand<GreekSeq>12</GreekSeq></word><word seq="9">unto<GreekSeq>8</GreekSeq></word><word seq="10">this<GreekSeq>11</GreekSeq></word><word seq="11">day<GreekSeq>10</GreekSeq></word><word seq="12">testifying<GreekSeq>13</GreekSeq></word><word seq="13">both<GreekSeq>15</GreekSeq></word><word seq="14">to small<GreekSeq>14</GreekSeq></word><word seq="15">and<GreekSeq>16</GreekSeq></word><word seq="16">great,<GreekSeq>17</GreekSeq></word><word seq="17">saying<GreekSeq>20</GreekSeq></word><word seq="18">nothing<GreekSeq>18</GreekSeq></word><word seq="19">but<GreekSeq>19</GreekSeq></word><word seq="20">what<GreekSeq>21</GreekSeq></word><word seq="21">the<GreekSeq>23</GreekSeq></word><word seq="22">prophets<GreekSeq>24</GreekSeq></word><word seq="23">and<GreekSeq>28</GreekSeq></word><word seq="24">Moses<GreekSeq>29</GreekSeq></word><word seq="25">did say<GreekSeq>25</GreekSeq></word><word seq="26">should<GreekSeq>26</GreekSeq></word><word seq="27">come;<GreekSeq>27</GreekSeq></word></ASV></verse>
<verse number="23"><ASV><word seq="1">how that<GreekSeq>1</GreekSeq></word><word seq="2">the<GreekSeq>3</GreekSeq></word><word seq="3">Christ<GreekSeq>4</GreekSeq></word><word seq="4">must</word><word seq="5">suffer,<GreekSeq>2</GreekSeq></word><word seq="6">how that<GreekSeq>5</GreekSeq></word><word seq="7">he first<GreekSeq>6</GreekSeq></word><word seq="8">by the resurrection<GreekSeq>8</GreekSeq></word><word seq="9">of<GreekSeq>7</GreekSeq></word><word seq="10">the dead<GreekSeq>9</GreekSeq></word><word seq="11">should<GreekSeq>11</GreekSeq></word><word seq="12">proclaim<GreekSeq>12</GreekSeq></word><word seq="13">light<GreekSeq>10</GreekSeq></word><word seq="14">both<GreekSeq>14</GreekSeq></word><word seq="15">to the<GreekSeq>13</GreekSeq></word><word seq="16">people<GreekSeq>15</GreekSeq></word><word seq="17">and<GreekSeq>16</GreekSeq></word><word seq="18">to the<GreekSeq>17</GreekSeq></word><word seq="19">Gentiles.<GreekSeq>18</GreekSeq></word></ASV></verse>
<verse number="24"><ASV><word seq="1">And<GreekSeq>2</GreekSeq></word><word seq="2">as<GreekSeq>4</GreekSeq></word><word seq="3">he<GreekSeq>3</GreekSeq></word><word seq="4">thus<GreekSeq>1</GreekSeq></word><word seq="5">made his defence,<GreekSeq>4</GreekSeq></word><word seq="6">Festus<GreekSeq>6</GreekSeq></word><word seq="7">saith<GreekSeq>10</GreekSeq></word><word seq="8">with a<GreekSeq>8</GreekSeq></word><word seq="9">loud<GreekSeq>7</GreekSeq></word><word seq="10">voice,<GreekSeq>9</GreekSeq></word><word seq="11">Paul,<GreekSeq>12</GreekSeq></word><word seq="12">thou art mad;<GreekSeq>11</GreekSeq></word><word seq="13">thy<GreekSeq>15</GreekSeq></word><word seq="14">much<GreekSeq>14</GreekSeq></word><word seq="15">learning<GreekSeq>16</GreekSeq></word><word seq="16">is turning<GreekSeq>19</GreekSeq></word><word seq="17">thee</word><word seq="18">mad.<GreekSeq>18</GreekSeq></word></ASV></verse>
<verse number="25"><ASV><word seq="1">But<GreekSeq>2</GreekSeq></word><word seq="2">Paul<GreekSeq>3</GreekSeq></word><word seq="3">saith,<GreekSeq>6</GreekSeq></word><word seq="4">I am<GreekSeq>5</GreekSeq></word><word seq="5">not<GreekSeq>4</GreekSeq></word><word seq="6">mad,<GreekSeq>5</GreekSeq></word><word seq="7">most excellent<GreekSeq>7</GreekSeq></word><word seq="8">Festus;<GreekSeq>8</GreekSeq></word><word seq="9">but<GreekSeq>9</GreekSeq></word><word seq="10">speak forth<GreekSeq>14</GreekSeq></word><word seq="11">words<GreekSeq>13</GreekSeq></word><word seq="12">of truth<GreekSeq>10</GreekSeq></word><word seq="13">and<GreekSeq>11</GreekSeq></word><word seq="14">soberness.<GreekSeq>12</GreekSeq></word></ASV></verse>
<verse number="26"><ASV><word seq="1">For<GreekSeq>2</GreekSeq></word><word seq="2">the<GreekSeq>5</GreekSeq></word><word seq="3">king<GreekSeq>6</GreekSeq></word><word seq="4">knoweth<GreekSeq>1</GreekSeq></word><word seq="5">of<GreekSeq>3</GreekSeq></word><word seq="6">these things,<GreekSeq>4</GreekSeq></word><word seq="7">unto<GreekSeq>7</GreekSeq></word><word seq="8">whom<GreekSeq>8</GreekSeq></word><word seq="9">also<GreekSeq>9</GreekSeq></word><word seq="10">I speak<GreekSeq>11</GreekSeq></word><word seq="11">freely:<GreekSeq>10</GreekSeq></word><word seq="12">for<GreekSeq>13</GreekSeq></word><word seq="13">I am persuaded<GreekSeq>18</GreekSeq></word><word seq="14">that</word><word seq="15">none<GreekSeq>15</GreekSeq><GreekSeq>19</GreekSeq></word><word seq="16">of these things<GreekSeq>16</GreekSeq></word><word seq="17">is</word><word seq="18">hidden from<GreekSeq>12</GreekSeq></word><word seq="19">him;<GreekSeq>14</GreekSeq></word><word seq="20">for<GreekSeq>21</GreekSeq></word><word seq="21">this<GreekSeq>26</GreekSeq></word><word seq="22">hath<GreekSeq>25</GreekSeq></word><word seq="23">not<GreekSeq>20</GreekSeq></word><word seq="24">been<GreekSeq>22</GreekSeq></word><word seq="25">done<GreekSeq>25</GreekSeq></word><word seq="26">in<GreekSeq>23</GreekSeq></word><word seq="27">a corner.<GreekSeq>24</GreekSeq></word></ASV></verse>
<verse number="27"><ASV><word seq="1">King<GreekSeq>2</GreekSeq></word><word seq="2">Agrippa,<GreekSeq>3</GreekSeq></word><word seq="3">believest thou<GreekSeq>1</GreekSeq></word><word seq="4">the<GreekSeq>4</GreekSeq></word><word seq="5">prophets?<GreekSeq>5</GreekSeq></word><word seq="6">I know<GreekSeq>6</GreekSeq></word><word seq="7">that<GreekSeq>7</GreekSeq></word><word seq="8">thou believest.<GreekSeq>8</GreekSeq></word></ASV></verse>
<verse number="28"><ASV><word seq="1">And<GreekSeq>2</GreekSeq></word><word seq="2">Agrippa<GreekSeq>3</GreekSeq></word><word seq="3">unto<GreekSeq>4</GreekSeq></word><word seq="4">Paul,<GreekSeq>6</GreekSeq></word><word seq="5">With<GreekSeq>7</GreekSeq></word><word seq="6">but</word><word seq="7">little<GreekSeq>8</GreekSeq></word><word seq="8">persuasion thou<GreekSeq>10</GreekSeq></word><word seq="9">wouldest [fain] make<GreekSeq>12</GreekSeq></word><word seq="10">me<GreekSeq>9</GreekSeq></word><word seq="11">a Christian.<GreekSeq>11</GreekSeq></word></ASV></verse>
<verse number="29"><ASV><word seq="1">And<GreekSeq>2</GreekSeq></word><word seq="2">Paul ,<GreekSeq>3</GreekSeq></word><word seq="3">I would<GreekSeq>4</GreekSeq></word><word seq="4">to God,<GreekSeq>7</GreekSeq></word><word seq="5">that</word><word seq="6">[whether]<GreekSeq>8</GreekSeq></word><word seq="7">with<GreekSeq>9</GreekSeq></word><word seq="8">little<GreekSeq>10</GreekSeq></word><word seq="9">or<GreekSeq>11</GreekSeq></word><word seq="10">with<GreekSeq>12</GreekSeq></word><word seq="11">much,<GreekSeq>13</GreekSeq></word><word seq="12">not<GreekSeq>14</GreekSeq></word><word seq="13">thou<GreekSeq>16</GreekSeq></word><word seq="14">only,<GreekSeq>15</GreekSeq></word><word seq="15">but<GreekSeq>17</GreekSeq></word><word seq="16">also<GreekSeq>18</GreekSeq></word><word seq="17">all<GreekSeq>19</GreekSeq></word><word seq="18">that hear<GreekSeq>21</GreekSeq></word><word seq="19">me<GreekSeq>22</GreekSeq></word><word seq="20">this day,<GreekSeq>23</GreekSeq></word><word seq="21">might become<GreekSeq>24</GreekSeq></word><word seq="22">such<GreekSeq>25</GreekSeq></word><word seq="23">as<GreekSeq>26</GreekSeq></word><word seq="24">I<GreekSeq>28</GreekSeq></word><word seq="25">am,<GreekSeq>29</GreekSeq></word><word seq="26">except<GreekSeq>30</GreekSeq></word><word seq="27">these<GreekSeq>33</GreekSeq></word><word seq="28">bonds.<GreekSeq>32</GreekSeq></word></ASV></verse>
<verse number="30"><ASV><word seq="1">And<GreekSeq>2</GreekSeq></word><word seq="2">the<GreekSeq>3</GreekSeq></word><word seq="3">king<GreekSeq>4</GreekSeq></word><word seq="4">rose up,<GreekSeq>1</GreekSeq></word><word seq="5">and<GreekSeq>5</GreekSeq></word><word seq="6">the<GreekSeq>6</GreekSeq></word><word seq="7">governor,<GreekSeq>7</GreekSeq></word><word seq="8">and<GreekSeq>9</GreekSeq></word><word seq="9">Bernice,<GreekSeq>10</GreekSeq></word><word seq="10">and<GreekSeq>11</GreekSeq></word><word seq="11">they<GreekSeq>12</GreekSeq></word><word seq="12">that sat with<GreekSeq>13</GreekSeq></word><word seq="13">them:<GreekSeq>14</GreekSeq></word></ASV></verse>
<verse number="31"><ASV><word seq="1">and<GreekSeq>1</GreekSeq></word><word seq="2">when they had withdrawn,<GreekSeq>2</GreekSeq></word><word seq="3">they spake<GreekSeq>3</GreekSeq></word><word seq="4">one<GreekSeq>5</GreekSeq></word><word seq="5">to<GreekSeq>4</GreekSeq></word><word seq="6">another,<GreekSeq>5</GreekSeq></word><word seq="7">saying,<GreekSeq>6</GreekSeq></word><word seq="8">This<GreekSeq>17</GreekSeq></word><word seq="9">man<GreekSeq>16</GreekSeq></word><word seq="10">doeth<GreekSeq>14</GreekSeq></word><word seq="11">nothing<GreekSeq>8</GreekSeq></word><word seq="12">worthy<GreekSeq>12</GreekSeq></word><word seq="13">of death<GreekSeq>9</GreekSeq></word><word seq="14">or<GreekSeq>10</GreekSeq></word><word seq="15">of bonds.<GreekSeq>11</GreekSeq></word></ASV></verse>
<verse number="32"><ASV><word seq="1">And<GreekSeq>2</GreekSeq></word><word seq="2">Agrippa<GreekSeq>1</GreekSeq></word><word seq="3">said<GreekSeq>5</GreekSeq></word><word seq="4">unto Festus,<GreekSeq>4</GreekSeq></word><word seq="5">This<GreekSeq>10</GreekSeq></word><word seq="6">man<GreekSeq>9</GreekSeq></word><word seq="7">might<GreekSeq>7</GreekSeq></word><word seq="8">have been set at liberty,<GreekSeq>6</GreekSeq></word><word seq="9">if<GreekSeq>11</GreekSeq></word><word seq="10">he had<GreekSeq>13</GreekSeq></word><word seq="11">not<GreekSeq>12</GreekSeq></word><word seq="12">appealed<GreekSeq>13</GreekSeq></word><word seq="13">unto Caesar.<GreekSeq>14</GreekSeq></word></ASV></verse>
</chapter></book>