<?xml version="1.0" encoding="UTF-8" standalone="no"?><book><chapter number="19">
<verse number="1"><ASV><word seq="1">And<GreekSeq>2</GreekSeq></word><word seq="2">it came to pass,<GreekSeq>1</GreekSeq></word><word seq="3">that,<GreekSeq>11</GreekSeq></word><word seq="4">while<GreekSeq>3</GreekSeq><GreekSeq>4</GreekSeq></word><word seq="5">Apollos<GreekSeq>6</GreekSeq></word><word seq="6">was<GreekSeq>7</GreekSeq></word><word seq="7">at<GreekSeq>8</GreekSeq></word><word seq="8">Corinth,<GreekSeq>9</GreekSeq></word><word seq="9">Paul<GreekSeq>10</GreekSeq></word><word seq="10">having passed through<GreekSeq>11</GreekSeq></word><word seq="11">the<GreekSeq>12</GreekSeq></word><word seq="12">upper<GreekSeq>13</GreekSeq></word><word seq="13">country<GreekSeq>14</GreekSeq></word><word seq="14">came<GreekSeq>15</GreekSeq></word><word seq="15">to<GreekSeq>16</GreekSeq></word><word seq="16">Ephesus,<GreekSeq>17</GreekSeq></word><word seq="17">and<GreekSeq>18</GreekSeq></word><word seq="18">found<GreekSeq>19</GreekSeq></word><word seq="19">certain<GreekSeq>20</GreekSeq></word><word seq="20">disciples:<GreekSeq>21</GreekSeq></word></ASV></verse>
<verse number="2"><ASV><word seq="1">and<GreekSeq>2</GreekSeq></word><word seq="2">he said<GreekSeq>1</GreekSeq></word><word seq="3">unto<GreekSeq>3</GreekSeq></word><word seq="4">them,<GreekSeq>4</GreekSeq></word><word seq="5">Did ye receive<GreekSeq>5</GreekSeq><GreekSeq>8</GreekSeq></word><word seq="6">the</word><word seq="7">Holy<GreekSeq>7</GreekSeq></word><word seq="8">Spirit<GreekSeq>6</GreekSeq></word><word seq="9">when ye believed?<GreekSeq>9</GreekSeq></word><word seq="10">And<GreekSeq>11</GreekSeq></word><word seq="11">they<GreekSeq>10</GreekSeq></word><word seq="12">said</word><word seq="13">unto<GreekSeq>12</GreekSeq></word><word seq="14">him,<GreekSeq>13</GreekSeq></word><word seq="15">Nay,<GreekSeq>14</GreekSeq></word><word seq="16">we did<GreekSeq>20</GreekSeq></word><word seq="17">not so much as<GreekSeq>15</GreekSeq></word><word seq="18">hear<GreekSeq>20</GreekSeq></word><word seq="19">whether<GreekSeq>16</GreekSeq></word><word seq="20">the</word><word seq="21">Holy<GreekSeq>18</GreekSeq></word><word seq="22">Spirit<GreekSeq>17</GreekSeq></word><word seq="23">was<GreekSeq>19</GreekSeq></word><word seq="24">given.</word></ASV></verse>
<verse number="3"><ASV><word seq="1">And<GreekSeq>2</GreekSeq></word><word seq="2">he said,<GreekSeq>1</GreekSeq></word><word seq="3">Into<GreekSeq>3</GreekSeq></word><word seq="4">what<GreekSeq>4</GreekSeq></word><word seq="5">then<GreekSeq>5</GreekSeq></word><word seq="6">were ye baptized?<GreekSeq>6</GreekSeq></word><word seq="7">And<GreekSeq>8</GreekSeq></word><word seq="8">they<GreekSeq>7</GreekSeq></word><word seq="9">said,<GreekSeq>9</GreekSeq></word><word seq="10">Into<GreekSeq>10</GreekSeq></word><word seq="11">John’s<GreekSeq>12</GreekSeq></word><word seq="12">baptism.<GreekSeq>13</GreekSeq></word></ASV></verse>
<verse number="4"><ASV><word seq="1">And<GreekSeq>2</GreekSeq></word><word seq="2">Paul<GreekSeq>3</GreekSeq></word><word seq="3">said,<GreekSeq>1</GreekSeq></word><word seq="4">John<GreekSeq>4</GreekSeq></word><word seq="5">baptized<GreekSeq>5</GreekSeq></word><word seq="6">with the baptism<GreekSeq>6</GreekSeq></word><word seq="7">of repentance,<GreekSeq>7</GreekSeq></word><word seq="8">saying<GreekSeq>10</GreekSeq></word><word seq="9">unto the<GreekSeq>8</GreekSeq></word><word seq="10">people<GreekSeq>9</GreekSeq></word><word seq="11">that<GreekSeq>16</GreekSeq></word><word seq="12">they should believe<GreekSeq>17</GreekSeq></word><word seq="13">on<GreekSeq>11</GreekSeq></word><word seq="14">him<GreekSeq>12</GreekSeq></word><word seq="15">that should come<GreekSeq>13</GreekSeq></word><word seq="16">after<GreekSeq>14</GreekSeq></word><word seq="17">him,<GreekSeq>15</GreekSeq></word><word seq="18">that<GreekSeq>18</GreekSeq></word><word seq="19">is,<GreekSeq>19</GreekSeq></word><word seq="20">on<GreekSeq>20</GreekSeq></word><word seq="21">Jesus.<GreekSeq>22</GreekSeq></word></ASV></verse>
<verse number="5"><ASV><word seq="1">And<GreekSeq>2</GreekSeq></word><word seq="2">when they heard<GreekSeq>1</GreekSeq></word><word seq="3">this,</word><word seq="4">they were baptized<GreekSeq>3</GreekSeq></word><word seq="5">into<GreekSeq>4</GreekSeq></word><word seq="6">the<GreekSeq>5</GreekSeq></word><word seq="7">name<GreekSeq>6</GreekSeq></word><word seq="8">of the<GreekSeq>7</GreekSeq></word><word seq="9">Lord<GreekSeq>8</GreekSeq></word><word seq="10">Jesus.<GreekSeq>9</GreekSeq></word></ASV></verse>
<verse number="6"><ASV><word seq="1">And<GreekSeq>1</GreekSeq></word><word seq="2">when<GreekSeq>2</GreekSeq></word><word seq="3">Paul<GreekSeq>5</GreekSeq></word><word seq="4">had laid<GreekSeq>2</GreekSeq></word><word seq="5">[his]<GreekSeq>6</GreekSeq></word><word seq="6">hands<GreekSeq>7</GreekSeq></word><word seq="7">upon them,<GreekSeq>3</GreekSeq></word><word seq="8">the<GreekSeq>9</GreekSeq></word><word seq="9">Holy<GreekSeq>12</GreekSeq></word><word seq="10">Spirit<GreekSeq>10</GreekSeq></word><word seq="11">came<GreekSeq>8</GreekSeq></word><word seq="12">on<GreekSeq>13</GreekSeq></word><word seq="13">them;<GreekSeq>14</GreekSeq></word><word seq="14">and<GreekSeq>16</GreekSeq></word><word seq="15">they spake<GreekSeq>15</GreekSeq></word><word seq="16">with tongues,<GreekSeq>17</GreekSeq></word><word seq="17">and<GreekSeq>18</GreekSeq></word><word seq="18">prophesied.<GreekSeq>19</GreekSeq></word></ASV></verse>
<verse number="7"><ASV><word seq="1">And<GreekSeq>2</GreekSeq></word><word seq="2">they were<GreekSeq>1</GreekSeq></word><word seq="3">in</word><word seq="4">all<GreekSeq>4</GreekSeq></word><word seq="5">about<GreekSeq>6</GreekSeq></word><word seq="6">twelve<GreekSeq>7</GreekSeq></word><word seq="7">men.<GreekSeq>5</GreekSeq></word></ASV></verse>
<verse number="8"><ASV><word seq="1">And<GreekSeq>2</GreekSeq></word><word seq="2">he entered<GreekSeq>1</GreekSeq></word><word seq="3">into<GreekSeq>3</GreekSeq></word><word seq="4">the<GreekSeq>4</GreekSeq></word><word seq="5">synagogue,<GreekSeq>5</GreekSeq></word><word seq="6">and</word><word seq="7">spake boldly<GreekSeq>6</GreekSeq></word><word seq="8">for<GreekSeq>7</GreekSeq></word><word seq="9">the space of</word><word seq="10">three<GreekSeq>9</GreekSeq></word><word seq="11">months,<GreekSeq>8</GreekSeq></word><word seq="12">reasoning<GreekSeq>10</GreekSeq></word><word seq="13">and<GreekSeq>11</GreekSeq></word><word seq="14">persuading <GreekSeq>12</GreekSeq></word><word seq="15">as</word><word seq="16">to the things<GreekSeq>13</GreekSeq></word><word seq="17">concerning<GreekSeq>14</GreekSeq></word><word seq="18">the<GreekSeq>15</GreekSeq></word><word seq="19">kingdom<GreekSeq>16</GreekSeq></word><word seq="20">of God.<GreekSeq>18</GreekSeq></word></ASV></verse>
<verse number="9"><ASV><word seq="1">But<GreekSeq>2</GreekSeq></word><word seq="2">when<GreekSeq>1</GreekSeq></word><word seq="3">some<GreekSeq>3</GreekSeq></word><word seq="4">were hardened<GreekSeq>4</GreekSeq></word><word seq="5">and<GreekSeq>5</GreekSeq></word><word seq="6">disobedient,<GreekSeq>6</GreekSeq></word><word seq="7">speaking evil of<GreekSeq>7</GreekSeq></word><word seq="8">the<GreekSeq>8</GreekSeq></word><word seq="9">Way<GreekSeq>9</GreekSeq></word><word seq="10">before<GreekSeq>10</GreekSeq></word><word seq="11">the<GreekSeq>11</GreekSeq></word><word seq="12">multitude,<GreekSeq>12</GreekSeq></word><word seq="13">he departed<GreekSeq>13</GreekSeq></word><word seq="14">from<GreekSeq>14</GreekSeq></word><word seq="15">them,<GreekSeq>15</GreekSeq></word><word seq="16">and</word><word seq="17">separated<GreekSeq>16</GreekSeq></word><word seq="18">the<GreekSeq>17</GreekSeq></word><word seq="19">disciples,<GreekSeq>18</GreekSeq></word><word seq="20">reasoning<GreekSeq>21</GreekSeq></word><word seq="21">daily<GreekSeq>19</GreekSeq><GreekSeq>20</GreekSeq></word><word seq="22">in<GreekSeq>22</GreekSeq></word><word seq="23">the<GreekSeq>23</GreekSeq></word><word seq="24">school<GreekSeq>24</GreekSeq></word><word seq="25">of Tyrannus.<GreekSeq>25</GreekSeq></word></ASV></verse>
<verse number="10"><ASV><word seq="1">And<GreekSeq>2</GreekSeq></word><word seq="2">this<GreekSeq>1</GreekSeq></word><word seq="3">continued<GreekSeq>3</GreekSeq></word><word seq="4">for<GreekSeq>4</GreekSeq></word><word seq="5">the space of</word><word seq="6">two<GreekSeq>6</GreekSeq></word><word seq="7">years;<GreekSeq>5</GreekSeq></word><word seq="8">so that<GreekSeq>7</GreekSeq></word><word seq="9">all<GreekSeq>8</GreekSeq></word><word seq="10">they<GreekSeq>9</GreekSeq></word><word seq="11">that dwelt in<GreekSeq>10</GreekSeq></word><word seq="12">Asia<GreekSeq>12</GreekSeq></word><word seq="13">heard<GreekSeq>13</GreekSeq></word><word seq="14">the<GreekSeq>14</GreekSeq></word><word seq="15">word<GreekSeq>15</GreekSeq></word><word seq="16">of the<GreekSeq>16</GreekSeq></word><word seq="17">Lord,<GreekSeq>17</GreekSeq></word><word seq="18">both<GreekSeq>19</GreekSeq></word><word seq="19">Jews<GreekSeq>18</GreekSeq></word><word seq="20">and<GreekSeq>20</GreekSeq></word><word seq="21">Greeks.<GreekSeq>21</GreekSeq></word></ASV></verse>
<verse number="11"><ASV><word seq="1">And<GreekSeq>2</GreekSeq></word><word seq="2">God<GreekSeq>7</GreekSeq></word><word seq="3">wrought<GreekSeq>8</GreekSeq></word><word seq="4">special<GreekSeq>3</GreekSeq><GreekSeq>5</GreekSeq></word><word seq="5">miracles<GreekSeq>1</GreekSeq></word><word seq="6">by<GreekSeq>9</GreekSeq></word><word seq="7">the<GreekSeq>10</GreekSeq></word><word seq="8">hands<GreekSeq>11</GreekSeq></word><word seq="9">of Paul:<GreekSeq>12</GreekSeq></word></ASV></verse>
<verse number="12"><ASV><word seq="1">insomuch that<GreekSeq>1</GreekSeq></word><word seq="2">unto<GreekSeq>3</GreekSeq></word><word seq="3">the<GreekSeq>4</GreekSeq></word><word seq="4">sick<GreekSeq>5</GreekSeq></word><word seq="5">were carried away<GreekSeq>6</GreekSeq></word><word seq="6">from<GreekSeq>7</GreekSeq></word><word seq="7">his<GreekSeq>10</GreekSeq></word><word seq="8">body<GreekSeq>9</GreekSeq></word><word seq="9">handkerchiefs<GreekSeq>11</GreekSeq></word><word seq="10">or<GreekSeq>12</GreekSeq></word><word seq="11">aprons,<GreekSeq>13</GreekSeq></word><word seq="12">and<GreekSeq>14</GreekSeq></word><word seq="13">the<GreekSeq>18</GreekSeq></word><word seq="14">diseases<GreekSeq>19</GreekSeq></word><word seq="15">departed<GreekSeq>15</GreekSeq></word><word seq="16">from<GreekSeq>16</GreekSeq></word><word seq="17">them,<GreekSeq>17</GreekSeq></word><word seq="18">and<GreekSeq>21</GreekSeq></word><word seq="19">the<GreekSeq>20</GreekSeq></word><word seq="20">evil<GreekSeq>24</GreekSeq></word><word seq="21">spirits<GreekSeq>22</GreekSeq></word><word seq="22">went out.<GreekSeq>25</GreekSeq></word></ASV></verse>
<verse number="13"><ASV><word seq="1">But<GreekSeq>2</GreekSeq></word><word seq="2">certain<GreekSeq>3</GreekSeq></word><word seq="3">also<GreekSeq>4</GreekSeq></word><word seq="4">of the<GreekSeq>5</GreekSeq></word><word seq="5">strolling<GreekSeq>6</GreekSeq></word><word seq="6">Jews,<GreekSeq>7</GreekSeq></word><word seq="7">exorcists,<GreekSeq>8</GreekSeq></word><word seq="8">took upon them<GreekSeq>1</GreekSeq></word><word seq="9">to name<GreekSeq>9</GreekSeq></word><word seq="10">over<GreekSeq>10</GreekSeq></word><word seq="11">them<GreekSeq>11</GreekSeq></word><word seq="12">that had<GreekSeq>12</GreekSeq></word><word seq="13">the<GreekSeq>13</GreekSeq></word><word seq="14">evil<GreekSeq>16</GreekSeq></word><word seq="15">spirits<GreekSeq>14</GreekSeq></word><word seq="16">the<GreekSeq>17</GreekSeq></word><word seq="17">name<GreekSeq>18</GreekSeq></word><word seq="18">of the<GreekSeq>19</GreekSeq></word><word seq="19">Lord<GreekSeq>20</GreekSeq></word><word seq="20">Jesus,<GreekSeq>21</GreekSeq></word><word seq="21">saying,<GreekSeq>22</GreekSeq></word><word seq="22">I adjure<GreekSeq>23</GreekSeq></word><word seq="23">you<GreekSeq>24</GreekSeq></word><word seq="24">by Jesus<GreekSeq>26</GreekSeq></word><word seq="25">whom<GreekSeq>27</GreekSeq></word><word seq="26">Paul<GreekSeq>28</GreekSeq></word><word seq="27">preacheth.<GreekSeq>29</GreekSeq></word></ASV></verse>
<verse number="14"><ASV><word seq="1">And<GreekSeq>2</GreekSeq></word><word seq="2">there were<GreekSeq>1</GreekSeq></word><word seq="3">seven<GreekSeq>7</GreekSeq></word><word seq="4">sons<GreekSeq>8</GreekSeq></word><word seq="5">of one<GreekSeq>3</GreekSeq></word><word seq="6">Sceva,<GreekSeq>4</GreekSeq></word><word seq="7">a Jew,<GreekSeq>5</GreekSeq></word><word seq="8">a chief priest,<GreekSeq>6</GreekSeq></word><word seq="9">who did<GreekSeq>10</GreekSeq></word><word seq="10">this.<GreekSeq>9</GreekSeq></word></ASV></verse>
<verse number="15"><ASV><word seq="1">And<GreekSeq>2</GreekSeq></word><word seq="2">the<GreekSeq>3</GreekSeq></word><word seq="3">evil<GreekSeq>6</GreekSeq></word><word seq="4">spirit<GreekSeq>4</GreekSeq></word><word seq="5">answered<GreekSeq>1</GreekSeq></word><word seq="6">and</word><word seq="7">said<GreekSeq>7</GreekSeq></word><word seq="8">unto them,<GreekSeq>8</GreekSeq></word><word seq="9">Jesus<GreekSeq>11</GreekSeq></word><word seq="10">I know,<GreekSeq>12</GreekSeq></word><word seq="11">and<GreekSeq>13</GreekSeq></word><word seq="12">Paul<GreekSeq>15</GreekSeq></word><word seq="13">I know;<GreekSeq>16</GreekSeq></word><word seq="14">but<GreekSeq>18</GreekSeq></word><word seq="15">who<GreekSeq>19</GreekSeq></word><word seq="16">are<GreekSeq>20</GreekSeq></word><word seq="17">ye?<GreekSeq>17</GreekSeq></word></ASV></verse>
<verse number="16"><ASV><word seq="1">And<GreekSeq>1</GreekSeq></word><word seq="2">the<GreekSeq>3</GreekSeq></word><word seq="3">man<GreekSeq>4</GreekSeq></word><word seq="4">in<GreekSeq>7</GreekSeq></word><word seq="5">whom<GreekSeq>8</GreekSeq></word><word seq="6">the<GreekSeq>10</GreekSeq></word><word seq="7">evil<GreekSeq>13</GreekSeq></word><word seq="8">spirit<GreekSeq>11</GreekSeq></word><word seq="9">was<GreekSeq>9</GreekSeq></word><word seq="10">leaped<GreekSeq>2</GreekSeq></word><word seq="11">on<GreekSeq>5</GreekSeq></word><word seq="12">them,<GreekSeq>6</GreekSeq></word><word seq="13">and</word><word seq="14">mastered<GreekSeq>14</GreekSeq></word><word seq="15">both of them,<GreekSeq>15</GreekSeq></word><word seq="16">and</word><word seq="17">prevailed<GreekSeq>16</GreekSeq></word><word seq="18">against<GreekSeq>17</GreekSeq></word><word seq="19">them,<GreekSeq>18</GreekSeq></word><word seq="20">so that<GreekSeq>19</GreekSeq></word><word seq="21">they</word><word seq="22">fled<GreekSeq>23</GreekSeq></word><word seq="23">out of<GreekSeq>24</GreekSeq></word><word seq="24">that<GreekSeq>27</GreekSeq></word><word seq="25">house<GreekSeq>26</GreekSeq></word><word seq="26">naked<GreekSeq>20</GreekSeq></word><word seq="27">and<GreekSeq>21</GreekSeq></word><word seq="28">wounded.<GreekSeq>22</GreekSeq></word></ASV></verse>
<verse number="17"><ASV><word seq="1">And<GreekSeq>2</GreekSeq></word><word seq="2">this<GreekSeq>1</GreekSeq></word><word seq="3">became<GreekSeq>3</GreekSeq></word><word seq="4">known<GreekSeq>4</GreekSeq></word><word seq="5">to all,<GreekSeq>5</GreekSeq></word><word seq="6">both<GreekSeq>7</GreekSeq></word><word seq="7">Jews<GreekSeq>6</GreekSeq></word><word seq="8">and<GreekSeq>8</GreekSeq></word><word seq="9">Greeks,<GreekSeq>9</GreekSeq></word><word seq="10">that dwelt<GreekSeq>11</GreekSeq></word><word seq="11">at Ephesus;<GreekSeq>13</GreekSeq></word><word seq="12">and<GreekSeq>14</GreekSeq></word><word seq="13">fear<GreekSeq>16</GreekSeq></word><word seq="14">fell<GreekSeq>15</GreekSeq></word><word seq="15">upon<GreekSeq>17</GreekSeq></word><word seq="16">them<GreekSeq>19</GreekSeq></word><word seq="17">all,<GreekSeq>18</GreekSeq></word><word seq="18">and<GreekSeq>20</GreekSeq></word><word seq="19">the<GreekSeq>22</GreekSeq></word><word seq="20">name<GreekSeq>23</GreekSeq></word><word seq="21">of the<GreekSeq>24</GreekSeq></word><word seq="22">Lord<GreekSeq>25</GreekSeq></word><word seq="23">Jesus<GreekSeq>26</GreekSeq></word><word seq="24">was magnified.<GreekSeq>21</GreekSeq></word></ASV></verse>
<verse number="18"><ASV><word seq="1">Many<GreekSeq>1</GreekSeq></word><word seq="2">also<GreekSeq>2</GreekSeq></word><word seq="3">of them<GreekSeq>3</GreekSeq></word><word seq="4">that had believed<GreekSeq>4</GreekSeq></word><word seq="5">came,<GreekSeq>5</GreekSeq></word><word seq="6">confessing,<GreekSeq>6</GreekSeq></word><word seq="7">and<GreekSeq>7</GreekSeq></word><word seq="8">declaring<GreekSeq>8</GreekSeq></word><word seq="9">their<GreekSeq>11</GreekSeq></word><word seq="10">deeds.<GreekSeq>10</GreekSeq></word></ASV></verse>
<verse number="19"><ASV><word seq="1">And<GreekSeq>2</GreekSeq></word><word seq="2">not a few<GreekSeq>1</GreekSeq></word><word seq="3">of them<GreekSeq>3</GreekSeq></word><word seq="4">that practised<GreekSeq>6</GreekSeq></word><word seq="5">magical arts<GreekSeq>5</GreekSeq></word><word seq="6">brought<GreekSeq>7</GreekSeq></word><word seq="7">their</word><word seq="8">books<GreekSeq>9</GreekSeq></word><word seq="9">together<GreekSeq>7</GreekSeq></word><word seq="10">and</word><word seq="11">burned<GreekSeq>10</GreekSeq></word><word seq="12">them</word><word seq="13">in the sight of<GreekSeq>11</GreekSeq></word><word seq="14">all;<GreekSeq>12</GreekSeq></word><word seq="15">and<GreekSeq>13</GreekSeq></word><word seq="16">they counted<GreekSeq>14</GreekSeq></word><word seq="17">the<GreekSeq>15</GreekSeq></word><word seq="18">price<GreekSeq>16</GreekSeq></word><word seq="19">of them,<GreekSeq>17</GreekSeq></word><word seq="20">and<GreekSeq>18</GreekSeq></word><word seq="21">found<GreekSeq>19</GreekSeq></word><word seq="22">it</word><word seq="23">fifty thousand<GreekSeq>21</GreekSeq><GreekSeq>22</GreekSeq></word><word seq="24">pieces</word><word seq="25">of silver.<GreekSeq>20</GreekSeq></word></ASV></verse>
<verse number="20"><ASV><word seq="1">So<GreekSeq>1</GreekSeq></word><word seq="2">mightily<GreekSeq>2</GreekSeq><GreekSeq>3</GreekSeq></word><word seq="3">grew<GreekSeq>8</GreekSeq></word><word seq="4">the<GreekSeq>6</GreekSeq></word><word seq="5">word<GreekSeq>7</GreekSeq></word><word seq="6">of the<GreekSeq>4</GreekSeq></word><word seq="7">Lord<GreekSeq>5</GreekSeq></word><word seq="8">and<GreekSeq>9</GreekSeq></word><word seq="9">prevailed.<GreekSeq>10</GreekSeq></word></ASV></verse>
<verse number="21"><ASV><word seq="1">Now<GreekSeq>2</GreekSeq></word><word seq="2">after<GreekSeq>1</GreekSeq></word><word seq="3">these things<GreekSeq>4</GreekSeq></word><word seq="4">were ended,<GreekSeq>3</GreekSeq></word><word seq="5">Paul<GreekSeq>7</GreekSeq></word><word seq="6">purposed<GreekSeq>5</GreekSeq></word><word seq="7">in<GreekSeq>8</GreekSeq></word><word seq="8">the<GreekSeq>9</GreekSeq></word><word seq="9">spirit,<GreekSeq>10</GreekSeq></word><word seq="10">when he had passed through<GreekSeq>11</GreekSeq></word><word seq="11">Macedonia<GreekSeq>13</GreekSeq></word><word seq="12">and<GreekSeq>14</GreekSeq></word><word seq="13">Achaia,<GreekSeq>15</GreekSeq></word><word seq="14">to go<GreekSeq>16</GreekSeq></word><word seq="15">to<GreekSeq>17</GreekSeq></word><word seq="16">Jerusalem,<GreekSeq>18</GreekSeq></word><word seq="17">saying,<GreekSeq>19</GreekSeq></word><word seq="18">After<GreekSeq>21</GreekSeq></word><word seq="19">I<GreekSeq>24</GreekSeq></word><word seq="20">have been<GreekSeq>23</GreekSeq></word><word seq="21">there,<GreekSeq>25</GreekSeq></word><word seq="22">I<GreekSeq>27</GreekSeq></word><word seq="23">must<GreekSeq>26</GreekSeq></word><word seq="24">also<GreekSeq>28</GreekSeq></word><word seq="25">see<GreekSeq>30</GreekSeq></word><word seq="26">Rome.<GreekSeq>29</GreekSeq></word></ASV></verse>
<verse number="22"><ASV><word seq="1">And<GreekSeq>2</GreekSeq></word><word seq="2">having sent<GreekSeq>1</GreekSeq></word><word seq="3">into<GreekSeq>3</GreekSeq></word><word seq="4">Macedonia<GreekSeq>5</GreekSeq></word><word seq="5">two<GreekSeq>6</GreekSeq></word><word seq="6">of them<GreekSeq>7</GreekSeq></word><word seq="7">that ministered<GreekSeq>8</GreekSeq></word><word seq="8">unto him,<GreekSeq>9</GreekSeq></word><word seq="9">Timothy<GreekSeq>10</GreekSeq></word><word seq="10">and<GreekSeq>11</GreekSeq></word><word seq="11">Erastus,<GreekSeq>12</GreekSeq></word><word seq="12">he himself<GreekSeq>13</GreekSeq></word><word seq="13">stayed<GreekSeq>14</GreekSeq></word><word seq="14">in<GreekSeq>16</GreekSeq></word><word seq="15">Asia<GreekSeq>18</GreekSeq></word><word seq="16">for a while.<GreekSeq>15</GreekSeq></word></ASV></verse>
<verse number="23"><ASV><word seq="1">And<GreekSeq>2</GreekSeq></word><word seq="2">about<GreekSeq>3</GreekSeq></word><word seq="3">that<GreekSeq>6</GreekSeq></word><word seq="4">time<GreekSeq>5</GreekSeq></word><word seq="5">there arose<GreekSeq>1</GreekSeq></word><word seq="6">no<GreekSeq>8</GreekSeq></word><word seq="7">small<GreekSeq>9</GreekSeq></word><word seq="8">stir<GreekSeq>7</GreekSeq></word><word seq="9">concerning<GreekSeq>10</GreekSeq></word><word seq="10">the<GreekSeq>11</GreekSeq></word><word seq="11">Way.<GreekSeq>12</GreekSeq></word></ASV></verse>
<verse number="24"><ASV><word seq="1">For<GreekSeq>2</GreekSeq></word><word seq="2">a certain man<GreekSeq>3</GreekSeq></word><word seq="3">named<GreekSeq>4</GreekSeq></word><word seq="4">Demetrius,<GreekSeq>1</GreekSeq></word><word seq="5">a silversmith,<GreekSeq>5</GreekSeq></word><word seq="6">who made<GreekSeq>6</GreekSeq></word><word seq="7">silver<GreekSeq>8</GreekSeq></word><word seq="8">shrines<GreekSeq>7</GreekSeq></word><word seq="9">of Diana,<GreekSeq>9</GreekSeq></word><word seq="10">brought<GreekSeq>10</GreekSeq></word><word seq="11">no<GreekSeq>13</GreekSeq></word><word seq="12">little<GreekSeq>14</GreekSeq></word><word seq="13">business<GreekSeq>15</GreekSeq></word><word seq="14">unto the<GreekSeq>11</GreekSeq></word><word seq="15">craftsmen;<GreekSeq>12</GreekSeq></word></ASV></verse>
<verse number="25"><ASV><word seq="1">whom<GreekSeq>1</GreekSeq></word><word seq="2">he gathered together,<GreekSeq>2</GreekSeq></word><word seq="3">with<GreekSeq>3</GreekSeq></word><word seq="4">the [workmen]<GreekSeq>4</GreekSeq></word><word seq="5">of<GreekSeq>5</GreekSeq></word><word seq="6">like occupation,<GreekSeq>7</GreekSeq><GreekSeq>8</GreekSeq></word><word seq="7">and</word><word seq="8">said,<GreekSeq>9</GreekSeq></word><word seq="9">Sirs,<GreekSeq>10</GreekSeq></word><word seq="10">ye know<GreekSeq>11</GreekSeq></word><word seq="11">that<GreekSeq>12</GreekSeq></word><word seq="12">by<GreekSeq>13</GreekSeq></word><word seq="13">this<GreekSeq>14</GreekSeq></word><word seq="14">business<GreekSeq>16</GreekSeq></word><word seq="15">we<GreekSeq>19</GreekSeq></word><word seq="16">have<GreekSeq>20</GreekSeq></word><word seq="17">our</word><word seq="18">wealth.<GreekSeq>18</GreekSeq></word></ASV></verse>
<verse number="26"><ASV><word seq="1">And<GreekSeq>1</GreekSeq></word><word seq="2">ye see<GreekSeq>2</GreekSeq></word><word seq="3">and<GreekSeq>3</GreekSeq></word><word seq="4">hear,<GreekSeq>4</GreekSeq></word><word seq="5">that<GreekSeq>5</GreekSeq></word><word seq="6">not<GreekSeq>6</GreekSeq></word><word seq="7">alone<GreekSeq>7</GreekSeq></word><word seq="8">at Ephesus,<GreekSeq>8</GreekSeq></word><word seq="9">but<GreekSeq>9</GreekSeq></word><word seq="10">almost<GreekSeq>10</GreekSeq></word><word seq="11">throughout</word><word seq="12">all<GreekSeq>11</GreekSeq></word><word seq="13">Asia,<GreekSeq>13</GreekSeq></word><word seq="14">this<GreekSeq>16</GreekSeq></word><word seq="15">Paul<GreekSeq>15</GreekSeq></word><word seq="16">hath persuaded<GreekSeq>17</GreekSeq></word><word seq="17">and</word><word seq="18">turned away<GreekSeq>18</GreekSeq></word><word seq="19">much<GreekSeq>19</GreekSeq></word><word seq="20">people,<GreekSeq>20</GreekSeq></word><word seq="21">saying<GreekSeq>21</GreekSeq></word><word seq="22">that<GreekSeq>22</GreekSeq></word><word seq="23">they are<GreekSeq>24</GreekSeq></word><word seq="24">no<GreekSeq>23</GreekSeq></word><word seq="25">gods,<GreekSeq>25</GreekSeq></word><word seq="26">that are made<GreekSeq>29</GreekSeq></word><word seq="27">with<GreekSeq>27</GreekSeq></word><word seq="28">hands:<GreekSeq>28</GreekSeq></word></ASV></verse>
<verse number="27"><ASV><word seq="1">and<GreekSeq>3</GreekSeq></word><word seq="2">not<GreekSeq>1</GreekSeq></word><word seq="3">only<GreekSeq>2</GreekSeq></word><word seq="4">is there danger<GreekSeq>5</GreekSeq></word><word seq="5">that</word><word seq="6">this<GreekSeq>4</GreekSeq></word><word seq="7">our<GreekSeq>6</GreekSeq></word><word seq="8">trade<GreekSeq>8</GreekSeq></word><word seq="9">come<GreekSeq>11</GreekSeq></word><word seq="10">into<GreekSeq>9</GreekSeq></word><word seq="11">disrepute;<GreekSeq>10</GreekSeq></word><word seq="12">but<GreekSeq>12</GreekSeq></word><word seq="13">also<GreekSeq>13</GreekSeq></word><word seq="14">that</word><word seq="15">the<GreekSeq>14</GreekSeq></word><word seq="16">temple<GreekSeq>19</GreekSeq></word><word seq="17">of the<GreekSeq>15</GreekSeq></word><word seq="18">great<GreekSeq>16</GreekSeq></word><word seq="19">goddess<GreekSeq>17</GreekSeq></word><word seq="20">Diana<GreekSeq>18</GreekSeq></word><word seq="21">be made of<GreekSeq>22</GreekSeq></word><word seq="22">no<GreekSeq>21</GreekSeq></word><word seq="23">account,<GreekSeq>22</GreekSeq></word><word seq="24">and<GreekSeq>24</GreekSeq></word><word seq="25">that she</word><word seq="26">should<GreekSeq>23</GreekSeq></word><word seq="27">even<GreekSeq>25</GreekSeq></word><word seq="28">be deposed from<GreekSeq>26</GreekSeq></word><word seq="29">her<GreekSeq>29</GreekSeq></word><word seq="30">magnificence<GreekSeq>28</GreekSeq></word><word seq="31">whom<GreekSeq>30</GreekSeq></word><word seq="32">all<GreekSeq>31</GreekSeq></word><word seq="33">Asia<GreekSeq>33</GreekSeq></word><word seq="34">and<GreekSeq>34</GreekSeq></word><word seq="35">the<GreekSeq>35</GreekSeq></word><word seq="36">world<GreekSeq>36</GreekSeq></word><word seq="37">worshippeth.<GreekSeq>37</GreekSeq></word></ASV></verse>
<verse number="28"><ASV><word seq="1">And<GreekSeq>2</GreekSeq></word><word seq="2">when they heard<GreekSeq>1</GreekSeq></word><word seq="3">this they were<GreekSeq>4</GreekSeq></word><word seq="4">filled<GreekSeq>5</GreekSeq></word><word seq="5">with wrath,<GreekSeq>6</GreekSeq></word><word seq="6">and</word><word seq="7">cried out,<GreekSeq>7</GreekSeq></word><word seq="8">saying,<GreekSeq>8</GreekSeq></word><word seq="9">Great<GreekSeq>9</GreekSeq></word><word seq="10">is</word><word seq="11">Diana<GreekSeq>11</GreekSeq></word><word seq="12">of the Ephesians.<GreekSeq>12</GreekSeq></word></ASV></verse>
<verse number="29"><ASV><word seq="1">And<GreekSeq>1</GreekSeq></word><word seq="2">the<GreekSeq>3</GreekSeq></word><word seq="3">city<GreekSeq>4</GreekSeq></word><word seq="4">was filled with<GreekSeq>2</GreekSeq></word><word seq="5">the<GreekSeq>5</GreekSeq></word><word seq="6">confusion:<GreekSeq>6</GreekSeq></word><word seq="7">and</word><word seq="8">they rushed<GreekSeq>7</GreekSeq></word><word seq="9">with one accord<GreekSeq>9</GreekSeq></word><word seq="10">into<GreekSeq>10</GreekSeq></word><word seq="11">the<GreekSeq>11</GreekSeq></word><word seq="12">theatre,<GreekSeq>12</GreekSeq></word><word seq="13">having seized<GreekSeq>13</GreekSeq></word><word seq="14">Gaius<GreekSeq>14</GreekSeq></word><word seq="15">and<GreekSeq>15</GreekSeq></word><word seq="16">Aristarchus,<GreekSeq>16</GreekSeq></word><word seq="17">men of Macedonia,<GreekSeq>17</GreekSeq></word><word seq="18">Paul’s<GreekSeq>19</GreekSeq></word><word seq="19">companions in travel.<GreekSeq>18</GreekSeq></word></ASV></verse>
<verse number="30"><ASV><word seq="1">And<GreekSeq>2</GreekSeq></word><word seq="2">when<GreekSeq>3</GreekSeq></word><word seq="3">Paul<GreekSeq>1</GreekSeq></word><word seq="4">was minded<GreekSeq>3</GreekSeq></word><word seq="5">to enter in<GreekSeq>4</GreekSeq></word><word seq="6">unto<GreekSeq>5</GreekSeq></word><word seq="7">the<GreekSeq>6</GreekSeq></word><word seq="8">people,<GreekSeq>7</GreekSeq></word><word seq="9">the<GreekSeq>11</GreekSeq></word><word seq="10">disciples<GreekSeq>12</GreekSeq></word><word seq="11">suffered<GreekSeq>9</GreekSeq></word><word seq="12">him<GreekSeq>10</GreekSeq></word><word seq="13">not.<GreekSeq>8</GreekSeq></word></ASV></verse>
<verse number="31"><ASV><word seq="1">And<GreekSeq>2</GreekSeq></word><word seq="2">certain<GreekSeq>1</GreekSeq></word><word seq="3">also<GreekSeq>3</GreekSeq></word><word seq="4">of the<GreekSeq>4</GreekSeq></word><word seq="5">Asiarchs,<GreekSeq>5</GreekSeq></word><word seq="6">being<GreekSeq>6</GreekSeq></word><word seq="7">his<GreekSeq>7</GreekSeq></word><word seq="8">friends,<GreekSeq>8</GreekSeq></word><word seq="9">sent<GreekSeq>9</GreekSeq></word><word seq="10">unto<GreekSeq>10</GreekSeq></word><word seq="11">him<GreekSeq>11</GreekSeq></word><word seq="12">and</word><word seq="13">besought<GreekSeq>12</GreekSeq></word><word seq="14">him</word><word seq="15">not<GreekSeq>13</GreekSeq></word><word seq="16">to adventure<GreekSeq>14</GreekSeq></word><word seq="17">himself<GreekSeq>15</GreekSeq></word><word seq="18">into<GreekSeq>16</GreekSeq></word><word seq="19">the<GreekSeq>17</GreekSeq></word><word seq="20">theatre.<GreekSeq>18</GreekSeq></word></ASV></verse>
<verse number="32"><ASV><word seq="1">Some<GreekSeq>1</GreekSeq></word><word seq="2">therefore<GreekSeq>3</GreekSeq></word><word seq="3">cried<GreekSeq>6</GreekSeq></word><word seq="4">one thing,<GreekSeq>5</GreekSeq></word><word seq="5">and</word><word seq="6">some another:<GreekSeq>4</GreekSeq></word><word seq="7">for<GreekSeq>8</GreekSeq></word><word seq="8">the<GreekSeq>9</GreekSeq></word><word seq="9">assembly<GreekSeq>10</GreekSeq></word><word seq="10">was<GreekSeq>7</GreekSeq></word><word seq="11">in confusion;<GreekSeq>11</GreekSeq></word><word seq="12">and<GreekSeq>12</GreekSeq></word><word seq="13">the<GreekSeq>13</GreekSeq></word><word seq="14">more<GreekSeq>14</GreekSeq></word><word seq="15">part</word><word seq="16">knew<GreekSeq>16</GreekSeq></word><word seq="17">not<GreekSeq>15</GreekSeq></word><word seq="18">wherefore<GreekSeq>17</GreekSeq><GreekSeq>18</GreekSeq></word><word seq="19">they were come together.<GreekSeq>19</GreekSeq></word></ASV></verse>
<verse number="33"><ASV><word seq="1">And<GreekSeq>2</GreekSeq></word><word seq="2">they brought<GreekSeq>5</GreekSeq></word><word seq="3">Alexander<GreekSeq>6</GreekSeq></word><word seq="4">out of<GreekSeq>1</GreekSeq></word><word seq="5">the<GreekSeq>3</GreekSeq></word><word seq="6">multitude,<GreekSeq>4</GreekSeq></word><word seq="7">the<GreekSeq>9</GreekSeq></word><word seq="8">Jews<GreekSeq>10</GreekSeq></word><word seq="9">putting<GreekSeq>7</GreekSeq></word><word seq="10">him<GreekSeq>8</GreekSeq></word><word seq="11">forward.<GreekSeq>7</GreekSeq></word><word seq="12">And<GreekSeq>12</GreekSeq></word><word seq="13">Alexander<GreekSeq>13</GreekSeq></word><word seq="14">beckoned with<GreekSeq>14</GreekSeq></word><word seq="15">the<GreekSeq>15</GreekSeq></word><word seq="16">hand,<GreekSeq>16</GreekSeq></word><word seq="17">and</word><word seq="18">would<GreekSeq>17</GreekSeq></word><word seq="19">have made a defence<GreekSeq>18</GreekSeq></word><word seq="20">unto the<GreekSeq>19</GreekSeq></word><word seq="21">people.<GreekSeq>20</GreekSeq></word></ASV></verse>
<verse number="34"><ASV><word seq="1">But<GreekSeq>2</GreekSeq></word><word seq="2">when they perceived<GreekSeq>1</GreekSeq></word><word seq="3">that<GreekSeq>3</GreekSeq></word><word seq="4">he was<GreekSeq>5</GreekSeq></word><word seq="5">a Jew,<GreekSeq>4</GreekSeq></word><word seq="6">all<GreekSeq>10</GreekSeq></word><word seq="7">with</word><word seq="8">one<GreekSeq>8</GreekSeq></word><word seq="9">voice<GreekSeq>6</GreekSeq></word><word seq="10">about<GreekSeq>11</GreekSeq></word><word seq="11">[the space] of<GreekSeq>12</GreekSeq></word><word seq="12">two<GreekSeq>14</GreekSeq></word><word seq="13">hours<GreekSeq>13</GreekSeq></word><word seq="14">cried out,<GreekSeq>15</GreekSeq></word><word seq="15">Great<GreekSeq>16</GreekSeq></word><word seq="16">is</word><word seq="17">Diana<GreekSeq>18</GreekSeq></word><word seq="18">of the Ephesians.<GreekSeq>19</GreekSeq></word></ASV></verse>
<verse number="35"><ASV><word seq="1">And<GreekSeq>2</GreekSeq></word><word seq="2">when<GreekSeq>1</GreekSeq></word><word seq="3">the<GreekSeq>3</GreekSeq></word><word seq="4">townclerk<GreekSeq>4</GreekSeq></word><word seq="5">had quieted<GreekSeq>1</GreekSeq></word><word seq="6">the<GreekSeq>5</GreekSeq></word><word seq="7">multitude,<GreekSeq>6</GreekSeq></word><word seq="8">he saith,<GreekSeq>7</GreekSeq></word><word seq="9">Ye men<GreekSeq>8</GreekSeq></word><word seq="10">of Ephesus,<GreekSeq>9</GreekSeq></word><word seq="11">what<GreekSeq>10</GreekSeq></word><word seq="12">man<GreekSeq>13</GreekSeq></word><word seq="13">is there<GreekSeq>12</GreekSeq></word><word seq="14">who<GreekSeq>14</GreekSeq></word><word seq="15">knoweth<GreekSeq>16</GreekSeq></word><word seq="16">not<GreekSeq>15</GreekSeq></word><word seq="17">that</word><word seq="18">the<GreekSeq>17</GreekSeq></word><word seq="19">city<GreekSeq>19</GreekSeq></word><word seq="20">of the Ephesians<GreekSeq>18</GreekSeq></word><word seq="21">is<GreekSeq>21</GreekSeq></word><word seq="22">temple-keeper<GreekSeq>20</GreekSeq></word><word seq="23">of the<GreekSeq>22</GreekSeq></word><word seq="24">great<GreekSeq>23</GreekSeq></word><word seq="25">Diana,<GreekSeq>24</GreekSeq></word><word seq="26">and<GreekSeq>25</GreekSeq></word><word seq="27">of the <GreekSeq>26</GreekSeq></word><word seq="28">[image]which fell down from Jupiter?<GreekSeq>27</GreekSeq></word></ASV></verse>
<verse number="36"><ASV><word seq="1">Seeing then<GreekSeq>2</GreekSeq></word><word seq="2">that</word><word seq="3">these things<GreekSeq>4</GreekSeq></word><word seq="4">cannot be gainsaid,<GreekSeq>1</GreekSeq><GreekSeq>3</GreekSeq></word><word seq="5">ye<GreekSeq>7</GreekSeq></word><word seq="6">ought<GreekSeq>5</GreekSeq></word><word seq="7">to be<GreekSeq>9</GreekSeq></word><word seq="8">quiet,<GreekSeq>8</GreekSeq></word><word seq="9">and<GreekSeq>10</GreekSeq></word><word seq="10">to do<GreekSeq>13</GreekSeq></word><word seq="11">nothing<GreekSeq>11</GreekSeq></word><word seq="12">rash.<GreekSeq>12</GreekSeq></word></ASV></verse>
<verse number="37"><ASV><word seq="1">For<GreekSeq>2</GreekSeq></word><word seq="2">ye have brought<GreekSeq>1</GreekSeq></word><word seq="3">hither</word><word seq="4">these<GreekSeq>5</GreekSeq></word><word seq="5">men,<GreekSeq>4</GreekSeq></word><word seq="6">who are</word><word seq="7">neither<GreekSeq>6</GreekSeq></word><word seq="8">robbers of temples<GreekSeq>7</GreekSeq></word><word seq="9">nor<GreekSeq>8</GreekSeq></word><word seq="10">blasphemers<GreekSeq>9</GreekSeq></word><word seq="11">of</word><word seq="12">our<GreekSeq>12</GreekSeq></word><word seq="13">goddess.<GreekSeq>11</GreekSeq></word></ASV></verse>
<verse number="38"><ASV><word seq="1">If<GreekSeq>1</GreekSeq></word><word seq="2">therefore<GreekSeq>3</GreekSeq></word><word seq="3">Demetrius,<GreekSeq>4</GreekSeq></word><word seq="4">and<GreekSeq>5</GreekSeq></word><word seq="5">the<GreekSeq>6</GreekSeq></word><word seq="6">craftsmen<GreekSeq>9</GreekSeq></word><word seq="7">that are</word><word seq="8">with<GreekSeq>7</GreekSeq></word><word seq="9">him,<GreekSeq>8</GreekSeq></word><word seq="10">have<GreekSeq>10</GreekSeq></word><word seq="11">a matter<GreekSeq>13</GreekSeq></word><word seq="12">against<GreekSeq>11</GreekSeq></word><word seq="13">any man,<GreekSeq>12</GreekSeq></word><word seq="14">the courts<GreekSeq>14</GreekSeq></word><word seq="15">are open,<GreekSeq>15</GreekSeq></word><word seq="16">and<GreekSeq>16</GreekSeq></word><word seq="17">there are<GreekSeq>18</GreekSeq></word><word seq="18">proconsuls:<GreekSeq>17</GreekSeq></word><word seq="19">let them accuse<GreekSeq>19</GreekSeq></word><word seq="20">one another.<GreekSeq>20</GreekSeq></word></ASV></verse>
<verse number="39"><ASV><word seq="1">But<GreekSeq>2</GreekSeq></word><word seq="2">if<GreekSeq>1</GreekSeq></word><word seq="3">ye seek<GreekSeq>5</GreekSeq></word><word seq="4">anything<GreekSeq>3</GreekSeq></word><word seq="5">about other matters,<GreekSeq>4</GreekSeq></word><word seq="6">it shall be settled<GreekSeq>10</GreekSeq></word><word seq="7">in<GreekSeq>6</GreekSeq></word><word seq="8">the<GreekSeq>7</GreekSeq></word><word seq="9">regular<GreekSeq>8</GreekSeq></word><word seq="10">assembly.<GreekSeq>9</GreekSeq></word></ASV></verse>
<verse number="40"><ASV><word seq="1">For<GreekSeq>2</GreekSeq></word><word seq="2">indeed<GreekSeq>1</GreekSeq></word><word seq="3">we are in danger<GreekSeq>3</GreekSeq></word><word seq="4">to be accused<GreekSeq>4</GreekSeq></word><word seq="5">concerning<GreekSeq>6</GreekSeq></word><word seq="6">this day’s<GreekSeq>8</GreekSeq></word><word seq="7">riot,<GreekSeq>5</GreekSeq></word><word seq="8">there being<GreekSeq>11</GreekSeq></word><word seq="9">no<GreekSeq>9</GreekSeq></word><word seq="10">cause <GreekSeq>10</GreekSeq></word><word seq="11">for it: and as</word><word seq="12">touching<GreekSeq>12</GreekSeq></word><word seq="13">it<GreekSeq>13</GreekSeq></word><word seq="14">we shall<GreekSeq>15</GreekSeq></word><word seq="15">not<GreekSeq>14</GreekSeq></word><word seq="16">be able<GreekSeq>15</GreekSeq></word><word seq="17">to give<GreekSeq>16</GreekSeq></word><word seq="18">account<GreekSeq>17</GreekSeq></word><word seq="19">of<GreekSeq>18</GreekSeq></word><word seq="20">this<GreekSeq>21</GreekSeq></word><word seq="21">concourse.<GreekSeq>20</GreekSeq></word></ASV></verse>
<verse number="41"><ASV><word seq="1">And<GreekSeq>1</GreekSeq></word><word seq="2">when he had<GreekSeq>3</GreekSeq></word><word seq="3">thus<GreekSeq>2</GreekSeq></word><word seq="4">spoken,<GreekSeq>3</GreekSeq></word><word seq="5">he dismissed<GreekSeq>4</GreekSeq></word><word seq="6">the<GreekSeq>5</GreekSeq></word><word seq="7">assembly.<GreekSeq>6</GreekSeq></word></ASV></verse>
</chapter></book>