<?xml version="1.0" encoding="UTF-8" standalone="no"?><book><chapter number="7">
<verse number="1"><ASV><word seq="1">And<GreekSeq>2</GreekSeq></word><word seq="2">the<GreekSeq>3</GreekSeq></word><word seq="3">high priest<GreekSeq>4</GreekSeq></word><word seq="4">said,<GreekSeq>1</GreekSeq></word><word seq="5">Are<GreekSeq>8</GreekSeq></word><word seq="6">these things<GreekSeq>6</GreekSeq></word><word seq="7">so?<GreekSeq>7</GreekSeq></word></ASV></verse>
<verse number="2"><ASV><word seq="1">And<GreekSeq>2</GreekSeq></word><word seq="2">he<GreekSeq>1</GreekSeq></word><word seq="3">said,<GreekSeq>3</GreekSeq></word><word seq="4">Brethren<GreekSeq>5</GreekSeq></word><word seq="5">and<GreekSeq>6</GreekSeq></word><word seq="6">fathers,<GreekSeq>7</GreekSeq></word><word seq="7">hearken:<GreekSeq>8</GreekSeq></word><word seq="8">The<GreekSeq>9</GreekSeq></word><word seq="9">God<GreekSeq>10</GreekSeq></word><word seq="10">of glory<GreekSeq>12</GreekSeq></word><word seq="11">appeared<GreekSeq>13</GreekSeq></word><word seq="12">unto<GreekSeq>15</GreekSeq></word><word seq="13">our<GreekSeq>16</GreekSeq></word><word seq="14">father<GreekSeq>15</GreekSeq></word><word seq="15">Abraham,<GreekSeq>17</GreekSeq></word><word seq="16">when he was<GreekSeq>18</GreekSeq></word><word seq="17">in<GreekSeq>19</GreekSeq></word><word seq="18">Mesopotamia,<GreekSeq>21</GreekSeq></word><word seq="19">before<GreekSeq>22</GreekSeq></word><word seq="20">he<GreekSeq>25</GreekSeq></word><word seq="21">dwelt<GreekSeq>24</GreekSeq></word><word seq="22">in<GreekSeq>26</GreekSeq></word><word seq="23">Haran,<GreekSeq>27</GreekSeq></word></ASV></verse>
<verse number="3"><ASV><word seq="1">and<GreekSeq>1</GreekSeq></word><word seq="2">said<GreekSeq>2</GreekSeq></word><word seq="3">unto<GreekSeq>3</GreekSeq></word><word seq="4">him,<GreekSeq>4</GreekSeq></word><word seq="5">Get thee out<GreekSeq>5</GreekSeq></word><word seq="6">of<GreekSeq>6</GreekSeq></word><word seq="7">thy<GreekSeq>9</GreekSeq></word><word seq="8">land,<GreekSeq>8</GreekSeq></word><word seq="9">and<GreekSeq>10</GreekSeq></word><word seq="10">from<GreekSeq>11</GreekSeq></word><word seq="11">thy<GreekSeq>14</GreekSeq></word><word seq="12">kindred,<GreekSeq>13</GreekSeq></word><word seq="13">and<GreekSeq>15</GreekSeq></word><word seq="14">come<GreekSeq>16</GreekSeq></word><word seq="15">into<GreekSeq>17</GreekSeq></word><word seq="16">the<GreekSeq>18</GreekSeq></word><word seq="17">land<GreekSeq>19</GreekSeq></word><word seq="18">which<GreekSeq>20</GreekSeq></word><word seq="19">I shall show<GreekSeq>23</GreekSeq></word><word seq="20">thee.<GreekSeq>22</GreekSeq></word></ASV></verse>
<verse number="4"><ASV><word seq="1">Then<GreekSeq>1</GreekSeq></word><word seq="2">came he out<GreekSeq>2</GreekSeq></word><word seq="3">of<GreekSeq>3</GreekSeq></word><word seq="4">the land<GreekSeq>4</GreekSeq></word><word seq="5">of the Chaldaeans,<GreekSeq>5</GreekSeq></word><word seq="6">and</word><word seq="7">dwelt<GreekSeq>6</GreekSeq></word><word seq="8">in<GreekSeq>7</GreekSeq></word><word seq="9">Haran:<GreekSeq>8</GreekSeq></word><word seq="10">and from thence,<GreekSeq>9</GreekSeq></word><word seq="11">[when]<GreekSeq>10</GreekSeq></word><word seq="12">his<GreekSeq>15</GreekSeq></word><word seq="13">father<GreekSeq>14</GreekSeq></word><word seq="14">was dead, <GreekSeq>12</GreekSeq></word><word seq="15">[God] removed<GreekSeq>16</GreekSeq></word><word seq="16">him<GreekSeq>17</GreekSeq></word><word seq="17">into<GreekSeq>18</GreekSeq></word><word seq="18">this<GreekSeq>21</GreekSeq></word><word seq="19">land,<GreekSeq>20</GreekSeq></word><word seq="20">wherein<GreekSeq>22</GreekSeq><GreekSeq>23</GreekSeq></word><word seq="21">ye<GreekSeq>24</GreekSeq></word><word seq="22">now<GreekSeq>25</GreekSeq></word><word seq="23">dwell:<GreekSeq>26</GreekSeq></word></ASV></verse>
<verse number="5"><ASV><word seq="1">and<GreekSeq>1</GreekSeq></word><word seq="2">he gave<GreekSeq>3</GreekSeq></word><word seq="3">him<GreekSeq>4</GreekSeq></word><word seq="4">none<GreekSeq>2</GreekSeq></word><word seq="5">inheritance<GreekSeq>5</GreekSeq></word><word seq="6">in<GreekSeq>6</GreekSeq></word><word seq="7">it,<GreekSeq>7</GreekSeq></word><word seq="8">no,</word><word seq="9">not so much as<GreekSeq>8</GreekSeq></word><word seq="10">to set his foot on:<GreekSeq>9</GreekSeq><GreekSeq>10</GreekSeq></word><word seq="11">and<GreekSeq>11</GreekSeq></word><word seq="12">he promised<GreekSeq>12</GreekSeq></word><word seq="13">that he</word><word seq="14">would give<GreekSeq>13</GreekSeq></word><word seq="15">it<GreekSeq>17</GreekSeq></word><word seq="16">to him<GreekSeq>14</GreekSeq></word><word seq="17">in<GreekSeq>15</GreekSeq></word><word seq="18">possession,<GreekSeq>16</GreekSeq></word><word seq="19">and<GreekSeq>18</GreekSeq></word><word seq="20">to<GreekSeq>20</GreekSeq></word><word seq="21">his<GreekSeq>21</GreekSeq></word><word seq="22">seed<GreekSeq>20</GreekSeq></word><word seq="23">after<GreekSeq>22</GreekSeq></word><word seq="24">him,<GreekSeq>23</GreekSeq></word><word seq="25">when [as yet] he had<GreekSeq>25</GreekSeq><GreekSeq>26</GreekSeq></word><word seq="26">no<GreekSeq>24</GreekSeq></word><word seq="27">child.<GreekSeq>27</GreekSeq></word></ASV></verse>
<verse number="6"><ASV><word seq="1">And<GreekSeq>2</GreekSeq></word><word seq="2">God<GreekSeq>5</GreekSeq></word><word seq="3">spake<GreekSeq>1</GreekSeq></word><word seq="4">on this wise,<GreekSeq>3</GreekSeq></word><word seq="5">that<GreekSeq>6</GreekSeq></word><word seq="6">his<GreekSeq>10</GreekSeq></word><word seq="7">seed<GreekSeq>9</GreekSeq></word><word seq="8">should<GreekSeq>7</GreekSeq></word><word seq="9">sojourn<GreekSeq>11</GreekSeq></word><word seq="10">in<GreekSeq>12</GreekSeq></word><word seq="11">a strange<GreekSeq>14</GreekSeq></word><word seq="12">land,<GreekSeq>13</GreekSeq></word><word seq="13">and<GreekSeq>15</GreekSeq></word><word seq="14">that</word><word seq="15">they should bring<GreekSeq>16</GreekSeq></word><word seq="16">them<GreekSeq>17</GreekSeq></word><word seq="17">into bondage,<GreekSeq>16</GreekSeq></word><word seq="18">and<GreekSeq>18</GreekSeq></word><word seq="19">treat [them] ill,<GreekSeq>19</GreekSeq></word><word seq="20">four hundred<GreekSeq>21</GreekSeq></word><word seq="21">years.<GreekSeq>20</GreekSeq></word></ASV></verse>
<verse number="7"><ASV><word seq="1">And<GreekSeq>1</GreekSeq></word><word seq="2">the<GreekSeq>2</GreekSeq></word><word seq="3">nation<GreekSeq>3</GreekSeq></word><word seq="4">to which<GreekSeq>4</GreekSeq></word><word seq="5">they shall be in bondage<GreekSeq>6</GreekSeq></word><word seq="6">will<GreekSeq>7</GreekSeq></word><word seq="7">I<GreekSeq>8</GreekSeq></word><word seq="8">judge,<GreekSeq>7</GreekSeq></word><word seq="9">said<GreekSeq>11</GreekSeq></word><word seq="10">God:<GreekSeq>10</GreekSeq></word><word seq="11">and<GreekSeq>12</GreekSeq></word><word seq="12">after<GreekSeq>13</GreekSeq></word><word seq="13">that<GreekSeq>14</GreekSeq></word><word seq="14">shall they come forth,<GreekSeq>15</GreekSeq></word><word seq="15">and<GreekSeq>16</GreekSeq></word><word seq="16">serve<GreekSeq>17</GreekSeq></word><word seq="17">me<GreekSeq>18</GreekSeq></word><word seq="18">in<GreekSeq>19</GreekSeq></word><word seq="19">this<GreekSeq>22</GreekSeq></word><word seq="20">place.<GreekSeq>21</GreekSeq></word></ASV></verse>
<verse number="8"><ASV><word seq="1">And<GreekSeq>1</GreekSeq></word><word seq="2">he gave<GreekSeq>2</GreekSeq></word><word seq="3">him<GreekSeq>3</GreekSeq></word><word seq="4">the covenant<GreekSeq>4</GreekSeq></word><word seq="5">of circumcision:<GreekSeq>5</GreekSeq></word><word seq="6">and<GreekSeq>6</GreekSeq></word><word seq="7">so<GreekSeq>7</GreekSeq></word><word seq="8">[Abraham] begat<GreekSeq>8</GreekSeq></word><word seq="9">Isaac,<GreekSeq>10</GreekSeq></word><word seq="10">and<GreekSeq>11</GreekSeq></word><word seq="11">circumcised<GreekSeq>12</GreekSeq></word><word seq="12">him<GreekSeq>13</GreekSeq></word><word seq="13">the<GreekSeq>14</GreekSeq></word><word seq="14">eighth<GreekSeq>17</GreekSeq></word><word seq="15">day;<GreekSeq>15</GreekSeq></word><word seq="16">and<GreekSeq>18</GreekSeq></word><word seq="17">Isaac<GreekSeq>19</GreekSeq></word><word seq="18">begat</word><word seq="19">Jacob,<GreekSeq>21</GreekSeq></word><word seq="20">and<GreekSeq>22</GreekSeq></word><word seq="21">Jacob<GreekSeq>23</GreekSeq></word><word seq="22">the<GreekSeq>24</GreekSeq></word><word seq="23">twelve<GreekSeq>25</GreekSeq></word><word seq="24">patriarchs.<GreekSeq>26</GreekSeq></word></ASV></verse>
<verse number="9"><ASV><word seq="1">And<GreekSeq>1</GreekSeq></word><word seq="2">the<GreekSeq>2</GreekSeq></word><word seq="3">patriarchs,<GreekSeq>3</GreekSeq></word><word seq="4">moved with jealousy against<GreekSeq>4</GreekSeq></word><word seq="5">Joseph,<GreekSeq>6</GreekSeq></word><word seq="6">sold<GreekSeq>7</GreekSeq></word><word seq="7">him</word><word seq="8">into<GreekSeq>8</GreekSeq></word><word seq="9">Egypt:<GreekSeq>9</GreekSeq></word><word seq="10">and<GreekSeq>10</GreekSeq></word><word seq="11">God<GreekSeq>13</GreekSeq></word><word seq="12">was<GreekSeq>11</GreekSeq></word><word seq="13">with<GreekSeq>14</GreekSeq></word><word seq="14">him,<GreekSeq>15</GreekSeq></word></ASV></verse>
<verse number="10"><ASV><word seq="1">and<GreekSeq>1</GreekSeq></word><word seq="2">delivered<GreekSeq>2</GreekSeq></word><word seq="3">him<GreekSeq>3</GreekSeq></word><word seq="4">out of<GreekSeq>4</GreekSeq></word><word seq="5">all<GreekSeq>5</GreekSeq></word><word seq="6">his<GreekSeq>8</GreekSeq></word><word seq="7">afflictions,<GreekSeq>7</GreekSeq></word><word seq="8">and<GreekSeq>9</GreekSeq></word><word seq="9">gave<GreekSeq>10</GreekSeq></word><word seq="10">him<GreekSeq>11</GreekSeq></word><word seq="11">favor<GreekSeq>12</GreekSeq></word><word seq="12">and<GreekSeq>13</GreekSeq></word><word seq="13">wisdom<GreekSeq>14</GreekSeq></word><word seq="14">before<GreekSeq>15</GreekSeq></word><word seq="15">Pharaoh<GreekSeq>16</GreekSeq></word><word seq="16">king<GreekSeq>17</GreekSeq></word><word seq="17">of Egypt;<GreekSeq>18</GreekSeq></word><word seq="18">and<GreekSeq>19</GreekSeq></word><word seq="19">he made<GreekSeq>20</GreekSeq></word><word seq="20">him<GreekSeq>21</GreekSeq></word><word seq="21">governor<GreekSeq>22</GreekSeq></word><word seq="22">over<GreekSeq>23</GreekSeq></word><word seq="23">Egypt<GreekSeq>24</GreekSeq></word><word seq="24">and<GreekSeq>25</GreekSeq></word><word seq="25">all<GreekSeq>27</GreekSeq></word><word seq="26">his<GreekSeq>30</GreekSeq></word><word seq="27">house.<GreekSeq>29</GreekSeq></word></ASV></verse>
<verse number="11"><ASV><word seq="1">Now<GreekSeq>2</GreekSeq></word><word seq="2">there came<GreekSeq>1</GreekSeq></word><word seq="3">a famine<GreekSeq>3</GreekSeq></word><word seq="4">over<GreekSeq>4</GreekSeq></word><word seq="5">all<GreekSeq>5</GreekSeq></word><word seq="6">Egypt<GreekSeq>7</GreekSeq></word><word seq="7">and<GreekSeq>8</GreekSeq></word><word seq="8">Canaan,<GreekSeq>9</GreekSeq></word><word seq="9">and<GreekSeq>10</GreekSeq></word><word seq="10">great<GreekSeq>12</GreekSeq></word><word seq="11">affliction:<GreekSeq>11</GreekSeq></word><word seq="12">and<GreekSeq>13</GreekSeq></word><word seq="13">our<GreekSeq>19</GreekSeq></word><word seq="14">fathers<GreekSeq>18</GreekSeq></word><word seq="15">found<GreekSeq>15</GreekSeq></word><word seq="16">no<GreekSeq>14</GreekSeq></word><word seq="17">sustenance.<GreekSeq>16</GreekSeq></word></ASV></verse>
<verse number="12"><ASV><word seq="1">But<GreekSeq>2</GreekSeq></word><word seq="2">when<GreekSeq>1</GreekSeq></word><word seq="3">Jacob<GreekSeq>3</GreekSeq></word><word seq="4">heard<GreekSeq>1</GreekSeq></word><word seq="5">that there was<GreekSeq>4</GreekSeq></word><word seq="6">grain<GreekSeq>5</GreekSeq></word><word seq="7">in<GreekSeq>6</GreekSeq></word><word seq="8">Egypt,<GreekSeq>7</GreekSeq></word><word seq="9">he sent forth<GreekSeq>8</GreekSeq></word><word seq="10">our<GreekSeq>11</GreekSeq></word><word seq="11">fathers<GreekSeq>10</GreekSeq></word><word seq="12">the first time.<GreekSeq>12</GreekSeq></word></ASV></verse>
<verse number="13"><ASV><word seq="1">And<GreekSeq>1</GreekSeq></word><word seq="2">at<GreekSeq>2</GreekSeq></word><word seq="3">the<GreekSeq>3</GreekSeq></word><word seq="4">second time<GreekSeq>4</GreekSeq></word><word seq="5">Joseph<GreekSeq>6</GreekSeq></word><word seq="6">was made known<GreekSeq>5</GreekSeq></word><word seq="7">to<GreekSeq>8</GreekSeq></word><word seq="8">his<GreekSeq>9</GreekSeq></word><word seq="9">brethren;<GreekSeq>8</GreekSeq></word><word seq="10">and<GreekSeq>10</GreekSeq></word><word seq="11">Joseph’s<GreekSeq>17</GreekSeq><GreekSeq>18</GreekSeq></word><word seq="12">race<GreekSeq>16</GreekSeq></word><word seq="13">became<GreekSeq>12</GreekSeq></word><word seq="14">manifest<GreekSeq>11</GreekSeq></word><word seq="15">unto Pharaoh.<GreekSeq>14</GreekSeq></word></ASV></verse>
<verse number="14"><ASV><word seq="1">And<GreekSeq>2</GreekSeq></word><word seq="2">Joseph<GreekSeq>3</GreekSeq></word><word seq="3">sent,<GreekSeq>1</GreekSeq></word><word seq="4">and</word><word seq="5">called to him<GreekSeq>4</GreekSeq></word><word seq="6">Jacob<GreekSeq>5</GreekSeq></word><word seq="7">his<GreekSeq>8</GreekSeq></word><word seq="8">father,<GreekSeq>7</GreekSeq></word><word seq="9">and<GreekSeq>9</GreekSeq></word><word seq="10">all<GreekSeq>10</GreekSeq></word><word seq="11">his</word><word seq="12">kindred,<GreekSeq>12</GreekSeq></word><word seq="13">threescore and fifteen<GreekSeq>15</GreekSeq><GreekSeq>16</GreekSeq></word><word seq="14">souls.<GreekSeq>14</GreekSeq></word></ASV></verse>
<verse number="15"><ASV><word seq="1">And<GreekSeq>1</GreekSeq></word><word seq="2">Jacob<GreekSeq>3</GreekSeq></word><word seq="3">went down<GreekSeq>2</GreekSeq></word><word seq="4">into<GreekSeq>4</GreekSeq></word><word seq="5">Egypt;<GreekSeq>5</GreekSeq></word><word seq="6">and<GreekSeq>6</GreekSeq></word><word seq="7">he died,<GreekSeq>7</GreekSeq></word><word seq="8">himself<GreekSeq>8</GreekSeq></word><word seq="9">and<GreekSeq>9</GreekSeq></word><word seq="10">our<GreekSeq>12</GreekSeq></word><word seq="11">fathers;<GreekSeq>11</GreekSeq></word></ASV></verse>
<verse number="16"><ASV><word seq="1">and<GreekSeq>1</GreekSeq></word><word seq="2">they were carried over<GreekSeq>2</GreekSeq></word><word seq="3">unto<GreekSeq>3</GreekSeq></word><word seq="4">Shechem,<GreekSeq>4</GreekSeq></word><word seq="5">and<GreekSeq>5</GreekSeq></word><word seq="6">laid<GreekSeq>6</GreekSeq></word><word seq="7">in<GreekSeq>7</GreekSeq></word><word seq="8">the<GreekSeq>8</GreekSeq></word><word seq="9">tomb<GreekSeq>9</GreekSeq></word><word seq="10">that<GreekSeq>10</GreekSeq></word><word seq="11">Abraham<GreekSeq>12</GreekSeq></word><word seq="12">bought<GreekSeq>11</GreekSeq></word><word seq="13">for a price<GreekSeq>13</GreekSeq></word><word seq="14">in silver<GreekSeq>14</GreekSeq></word><word seq="15">of<GreekSeq>15</GreekSeq></word><word seq="16">the<GreekSeq>16</GreekSeq></word><word seq="17">sons<GreekSeq>17</GreekSeq></word><word seq="18">of Hamor<GreekSeq>18</GreekSeq></word><word seq="19">in<GreekSeq>19</GreekSeq></word><word seq="20">Shechem.<GreekSeq>20</GreekSeq></word></ASV></verse>
<verse number="17"><ASV><word seq="1">But<GreekSeq>2</GreekSeq></word><word seq="2">as<GreekSeq>1</GreekSeq></word><word seq="3">the<GreekSeq>4</GreekSeq></word><word seq="4">time<GreekSeq>5</GreekSeq></word><word seq="5">of the<GreekSeq>6</GreekSeq></word><word seq="6">promise<GreekSeq>7</GreekSeq></word><word seq="7">drew nigh<GreekSeq>3</GreekSeq></word><word seq="8">which<GreekSeq>8</GreekSeq></word><word seq="9">God<GreekSeq>11</GreekSeq></word><word seq="10">vouchsafed<GreekSeq>9</GreekSeq></word><word seq="11">unto Abraham,<GreekSeq>12</GreekSeq><GreekSeq>13</GreekSeq></word><word seq="12">the<GreekSeq>15</GreekSeq></word><word seq="13">people<GreekSeq>16</GreekSeq></word><word seq="14">grew<GreekSeq>14</GreekSeq></word><word seq="15">and<GreekSeq>17</GreekSeq></word><word seq="16">multiplied<GreekSeq>18</GreekSeq></word><word seq="17">in<GreekSeq>19</GreekSeq></word><word seq="18">Egypt,<GreekSeq>20</GreekSeq></word></ASV></verse>
<verse number="18"><ASV><word seq="1">till<GreekSeq>1</GreekSeq></word><word seq="2">there arose<GreekSeq>3</GreekSeq></word><word seq="3">another<GreekSeq>5</GreekSeq></word><word seq="4">king<GreekSeq>4</GreekSeq></word><word seq="5">over<GreekSeq>6</GreekSeq></word><word seq="6">Egypt,<GreekSeq>7</GreekSeq></word><word seq="7">who<GreekSeq>8</GreekSeq></word><word seq="8">knew<GreekSeq>10</GreekSeq></word><word seq="9">not<GreekSeq>9</GreekSeq></word><word seq="10">Joseph.<GreekSeq>12</GreekSeq></word></ASV></verse>
<verse number="19"><ASV><word seq="1">The same<GreekSeq>1</GreekSeq></word><word seq="2">dealt craftily with<GreekSeq>2</GreekSeq></word><word seq="3">our<GreekSeq>5</GreekSeq></word><word seq="4">race,<GreekSeq>4</GreekSeq></word><word seq="5">and</word><word seq="6">ill-treated<GreekSeq>6</GreekSeq></word><word seq="7">our<GreekSeq>9</GreekSeq></word><word seq="8">fathers,<GreekSeq>8</GreekSeq></word><word seq="9">that<GreekSeq>10</GreekSeq></word><word seq="10">they</word><word seq="11">should cast<GreekSeq>11</GreekSeq></word><word seq="12">out<GreekSeq>14</GreekSeq></word><word seq="13">their<GreekSeq>15</GreekSeq></word><word seq="14">babes<GreekSeq>13</GreekSeq></word><word seq="15">to the end<GreekSeq>16</GreekSeq><GreekSeq>17</GreekSeq></word><word seq="16">they might<GreekSeq>19</GreekSeq></word><word seq="17">not<GreekSeq>18</GreekSeq></word><word seq="18">live.<GreekSeq>19</GreekSeq></word></ASV></verse>
<verse number="20"><ASV><word seq="1">At<GreekSeq>1</GreekSeq></word><word seq="2">which<GreekSeq>2</GreekSeq></word><word seq="3">season<GreekSeq>3</GreekSeq></word><word seq="4">Moses<GreekSeq>5</GreekSeq></word><word seq="5">was born,<GreekSeq>4</GreekSeq></word><word seq="6">and<GreekSeq>6</GreekSeq></word><word seq="7">was<GreekSeq>7</GreekSeq></word><word seq="8">exceeding fair;<GreekSeq>8</GreekSeq></word><word seq="9">and</word><word seq="10">he<GreekSeq>11</GreekSeq></word><word seq="11">was nourished<GreekSeq>12</GreekSeq></word><word seq="12">three<GreekSeq>14</GreekSeq></word><word seq="13">months<GreekSeq>13</GreekSeq></word><word seq="14">in<GreekSeq>15</GreekSeq></word><word seq="15">his</word><word seq="16">father’s<GreekSeq>19</GreekSeq></word><word seq="17">house:<GreekSeq>17</GreekSeq></word></ASV></verse>
<verse number="21"><ASV><word seq="1">and<GreekSeq>2</GreekSeq></word><word seq="2">when<GreekSeq>1</GreekSeq></word><word seq="3">he<GreekSeq>3</GreekSeq></word><word seq="4">was cast out,<GreekSeq>1</GreekSeq></word><word seq="5">Pharaoh’s<GreekSeq>8</GreekSeq></word><word seq="6">daughter<GreekSeq>7</GreekSeq></word><word seq="7">took<GreekSeq>4</GreekSeq></word><word seq="8">him<GreekSeq>5</GreekSeq></word><word seq="9">up,<GreekSeq>4</GreekSeq></word><word seq="10">and<GreekSeq>9</GreekSeq></word><word seq="11">nourished<GreekSeq>10</GreekSeq></word><word seq="12">him<GreekSeq>11</GreekSeq></word><word seq="13">for<GreekSeq>13</GreekSeq></word><word seq="14">her own<GreekSeq>12</GreekSeq></word><word seq="15">son.<GreekSeq>14</GreekSeq></word></ASV></verse>
<verse number="22"><ASV><word seq="1">And<GreekSeq>1</GreekSeq></word><word seq="2">Moses<GreekSeq>3</GreekSeq></word><word seq="3">was instructed<GreekSeq>2</GreekSeq></word><word seq="4">in<GreekSeq>4</GreekSeq></word><word seq="5">all<GreekSeq>5</GreekSeq></word><word seq="6">the wisdom<GreekSeq>6</GreekSeq></word><word seq="7">of the Egyptians;<GreekSeq>7</GreekSeq></word><word seq="8">and<GreekSeq>9</GreekSeq></word><word seq="9">he was<GreekSeq>8</GreekSeq></word><word seq="10">mighty<GreekSeq>10</GreekSeq></word><word seq="11">in<GreekSeq>11</GreekSeq></word><word seq="12">his<GreekSeq>15</GreekSeq></word><word seq="13">words<GreekSeq>12</GreekSeq></word><word seq="14">and<GreekSeq>13</GreekSeq></word><word seq="15">works.<GreekSeq>14</GreekSeq></word></ASV></verse>
<verse number="23"><ASV><word seq="1">But<GreekSeq>2</GreekSeq></word><word seq="2">when<GreekSeq>1</GreekSeq></word><word seq="3">he<GreekSeq>4</GreekSeq></word><word seq="4">was well-nigh<GreekSeq>3</GreekSeq></word><word seq="5">forty<GreekSeq>5</GreekSeq></word><word seq="6">years old,<GreekSeq>6</GreekSeq></word><word seq="7">it came<GreekSeq>7</GreekSeq></word><word seq="8">into<GreekSeq>8</GreekSeq></word><word seq="9">his<GreekSeq>11</GreekSeq></word><word seq="10">heart<GreekSeq>10</GreekSeq></word><word seq="11">to visit<GreekSeq>12</GreekSeq></word><word seq="12">his<GreekSeq>15</GreekSeq></word><word seq="13">brethren<GreekSeq>14</GreekSeq></word><word seq="14">the<GreekSeq>16</GreekSeq></word><word seq="15">children<GreekSeq>17</GreekSeq></word><word seq="16">of Israel.<GreekSeq>18</GreekSeq></word></ASV></verse>
<verse number="24"><ASV><word seq="1">And<GreekSeq>1</GreekSeq></word><word seq="2">seeing<GreekSeq>2</GreekSeq></word><word seq="3">one [of them]<GreekSeq>3</GreekSeq></word><word seq="4">suffer wrong,<GreekSeq>4</GreekSeq></word><word seq="5">he defended<GreekSeq>5</GreekSeq></word><word seq="6">him,</word><word seq="7">and<GreekSeq>6</GreekSeq></word><word seq="8">avenged<GreekSeq>7</GreekSeq><GreekSeq>8</GreekSeq></word><word seq="9">him<GreekSeq>9</GreekSeq></word><word seq="10">that was oppressed,<GreekSeq>10</GreekSeq></word><word seq="11">smiting<GreekSeq>11</GreekSeq></word><word seq="12">the<GreekSeq>12</GreekSeq></word><word seq="13">Egyptian:<GreekSeq>13</GreekSeq></word></ASV></verse>
<verse number="25"><ASV><word seq="1">and<GreekSeq>2</GreekSeq></word><word seq="2">he supposed<GreekSeq>1</GreekSeq></word><word seq="3">that</word><word seq="4">his<GreekSeq>6</GreekSeq></word><word seq="5">brethren<GreekSeq>5</GreekSeq></word><word seq="6">understood<GreekSeq>3</GreekSeq></word><word seq="7">that<GreekSeq>7</GreekSeq></word><word seq="8">God<GreekSeq>9</GreekSeq></word><word seq="9">by<GreekSeq>10</GreekSeq></word><word seq="10">his<GreekSeq>12</GreekSeq></word><word seq="11">hand<GreekSeq>11</GreekSeq></word><word seq="12">was giving<GreekSeq>13</GreekSeq></word><word seq="13">them<GreekSeq>15</GreekSeq></word><word seq="14">deliverance;<GreekSeq>14</GreekSeq></word><word seq="15">but<GreekSeq>17</GreekSeq></word><word seq="16">they<GreekSeq>16</GreekSeq></word><word seq="17">understood<GreekSeq>19</GreekSeq></word><word seq="18">not.<GreekSeq>18</GreekSeq></word></ASV></verse>
<verse number="26"><ASV><word seq="1">And<GreekSeq>2</GreekSeq></word><word seq="2">the<GreekSeq>1</GreekSeq></word><word seq="3">day<GreekSeq>4</GreekSeq></word><word seq="4">following<GreekSeq>3</GreekSeq></word><word seq="5">he appeared<GreekSeq>5</GreekSeq></word><word seq="6">unto them<GreekSeq>6</GreekSeq></word><word seq="7">as they strove,<GreekSeq>7</GreekSeq></word><word seq="8">and<GreekSeq>8</GreekSeq></word><word seq="9">would have set<GreekSeq>9</GreekSeq></word><word seq="10">them<GreekSeq>10</GreekSeq></word><word seq="11">at one again,<GreekSeq>9</GreekSeq></word><word seq="12">saying,<GreekSeq>13</GreekSeq></word><word seq="13">Sirs,<GreekSeq>14</GreekSeq></word><word seq="14">ye are<GreekSeq>16</GreekSeq></word><word seq="15">brethren;<GreekSeq>15</GreekSeq></word><word seq="16">why<GreekSeq>17</GreekSeq></word><word seq="17">do</word><word seq="18">ye wrong<GreekSeq>18</GreekSeq></word><word seq="19">one to another?<GreekSeq>19</GreekSeq></word></ASV></verse>
<verse number="27"><ASV><word seq="1">But<GreekSeq>2</GreekSeq></word><word seq="2">he<GreekSeq>1</GreekSeq></word><word seq="3">that did<GreekSeq>3</GreekSeq></word><word seq="4">his neighbor<GreekSeq>5</GreekSeq></word><word seq="5">wrong<GreekSeq>3</GreekSeq></word><word seq="6">thrust<GreekSeq>6</GreekSeq></word><word seq="7">him<GreekSeq>7</GreekSeq></word><word seq="8">away,<GreekSeq>6</GreekSeq></word><word seq="9">saying,<GreekSeq>8</GreekSeq></word><word seq="10">Who<GreekSeq>9</GreekSeq></word><word seq="11">made<GreekSeq>11</GreekSeq></word><word seq="12">thee<GreekSeq>10</GreekSeq></word><word seq="13">a ruler<GreekSeq>12</GreekSeq></word><word seq="14">and<GreekSeq>13</GreekSeq></word><word seq="15">a judge<GreekSeq>14</GreekSeq></word><word seq="16">over<GreekSeq>15</GreekSeq></word><word seq="17">us?<GreekSeq>16</GreekSeq></word></ASV></verse>
<verse number="28"><ASV><word seq="1">Wouldest<GreekSeq>5</GreekSeq></word><word seq="2">thou<GreekSeq>4</GreekSeq></word><word seq="3">kill<GreekSeq>2</GreekSeq></word><word seq="4">me,<GreekSeq>3</GreekSeq></word><word seq="5">as<GreekSeq>6</GreekSeq><GreekSeq>7</GreekSeq></word><word seq="6">thou killedst<GreekSeq>8</GreekSeq></word><word seq="7">the<GreekSeq>10</GreekSeq></word><word seq="8">Egyptian<GreekSeq>11</GreekSeq></word><word seq="9">yesterday?<GreekSeq>9</GreekSeq></word></ASV></verse>
<verse number="29"><ASV><word seq="1">And<GreekSeq>2</GreekSeq></word><word seq="2">Moses<GreekSeq>3</GreekSeq></word><word seq="3">fled<GreekSeq>1</GreekSeq></word><word seq="4">at<GreekSeq>4</GreekSeq></word><word seq="5">this<GreekSeq>7</GreekSeq></word><word seq="6">saying,<GreekSeq>6</GreekSeq></word><word seq="7">and<GreekSeq>8</GreekSeq></word><word seq="8">became<GreekSeq>9</GreekSeq></word><word seq="9">a sojourner<GreekSeq>10</GreekSeq></word><word seq="10">in<GreekSeq>11</GreekSeq></word><word seq="11">the land<GreekSeq>12</GreekSeq></word><word seq="12">of Midian,<GreekSeq>13</GreekSeq></word><word seq="13">where<GreekSeq>14</GreekSeq></word><word seq="14">he begat<GreekSeq>15</GreekSeq></word><word seq="15">two<GreekSeq>17</GreekSeq></word><word seq="16">sons.<GreekSeq>16</GreekSeq></word></ASV></verse>
<verse number="30"><ASV><word seq="1">And<GreekSeq>1</GreekSeq></word><word seq="2">when<GreekSeq>2</GreekSeq></word><word seq="3">forty<GreekSeq>4</GreekSeq></word><word seq="4">years<GreekSeq>3</GreekSeq></word><word seq="5">were fulfilled,<GreekSeq>2</GreekSeq></word><word seq="6">an angel<GreekSeq>13</GreekSeq></word><word seq="7">appeared<GreekSeq>5</GreekSeq></word><word seq="8">to him<GreekSeq>6</GreekSeq></word><word seq="9">in<GreekSeq>7</GreekSeq></word><word seq="10">the<GreekSeq>8</GreekSeq></word><word seq="11">wilderness<GreekSeq>9</GreekSeq></word><word seq="12">of mount<GreekSeq>11</GreekSeq></word><word seq="13">Sinai,<GreekSeq>12</GreekSeq></word><word seq="14">in<GreekSeq>14</GreekSeq></word><word seq="15">a flame<GreekSeq>15</GreekSeq></word><word seq="16">of fire<GreekSeq>16</GreekSeq></word><word seq="17">in a bush.<GreekSeq>17</GreekSeq></word></ASV></verse>
<verse number="31"><ASV><word seq="1">And<GreekSeq>2</GreekSeq></word><word seq="2">when<GreekSeq>4</GreekSeq></word><word seq="3">Moses<GreekSeq>3</GreekSeq></word><word seq="4">saw<GreekSeq>4</GreekSeq></word><word seq="5">it,</word><word seq="6">he wondered at<GreekSeq>5</GreekSeq></word><word seq="7">the<GreekSeq>6</GreekSeq></word><word seq="8">sight:<GreekSeq>7</GreekSeq></word><word seq="9">and<GreekSeq>9</GreekSeq></word><word seq="10">as<GreekSeq>8</GreekSeq></word><word seq="11">he<GreekSeq>10</GreekSeq></word><word seq="12">drew near<GreekSeq>8</GreekSeq></word><word seq="13">to behold,<GreekSeq>11</GreekSeq></word><word seq="14">there came<GreekSeq>12</GreekSeq></word><word seq="15">a voice<GreekSeq>13</GreekSeq></word><word seq="16">of the Lord,<GreekSeq>14</GreekSeq></word></ASV></verse>
<verse number="32"><ASV><word seq="1">I<GreekSeq>1</GreekSeq></word><word seq="2">am</word><word seq="3">the<GreekSeq>2</GreekSeq></word><word seq="4">God<GreekSeq>3</GreekSeq></word><word seq="5">of<GreekSeq>5</GreekSeq></word><word seq="6">thy<GreekSeq>6</GreekSeq></word><word seq="7">fathers,<GreekSeq>5</GreekSeq></word><word seq="8">the<GreekSeq>7</GreekSeq></word><word seq="9">God<GreekSeq>8</GreekSeq></word><word seq="10">of Abraham,<GreekSeq>9</GreekSeq></word><word seq="11">and<GreekSeq>10</GreekSeq></word><word seq="12">of Isaac,<GreekSeq>11</GreekSeq></word><word seq="13">and<GreekSeq>12</GreekSeq></word><word seq="14">of Jacob.<GreekSeq>13</GreekSeq></word><word seq="15">And<GreekSeq>15</GreekSeq></word><word seq="16">Moses<GreekSeq>17</GreekSeq></word><word seq="17">trembled,<GreekSeq>14</GreekSeq><GreekSeq>16</GreekSeq></word><word seq="18">and</word><word seq="19">durst<GreekSeq>19</GreekSeq></word><word seq="20">not<GreekSeq>18</GreekSeq></word><word seq="21">behold.<GreekSeq>20</GreekSeq></word></ASV></verse>
<verse number="33"><ASV><word seq="1">And<GreekSeq>2</GreekSeq></word><word seq="2">the<GreekSeq>4</GreekSeq></word><word seq="3">Lord<GreekSeq>5</GreekSeq></word><word seq="4">said<GreekSeq>1</GreekSeq></word><word seq="5">unto him,<GreekSeq>3</GreekSeq></word><word seq="6">Loose<GreekSeq>6</GreekSeq></word><word seq="7">the<GreekSeq>7</GreekSeq></word><word seq="8">shoes<GreekSeq>8</GreekSeq></word><word seq="9">from</word><word seq="10">thy<GreekSeq>11</GreekSeq></word><word seq="11">feet:<GreekSeq>10</GreekSeq></word><word seq="12">for<GreekSeq>13</GreekSeq></word><word seq="13">the<GreekSeq>12</GreekSeq></word><word seq="14">place<GreekSeq>14</GreekSeq></word><word seq="15">whereon<GreekSeq>15</GreekSeq><GreekSeq>16</GreekSeq></word><word seq="16">thou standest<GreekSeq>17</GreekSeq></word><word seq="17">is<GreekSeq>20</GreekSeq></word><word seq="18">holy<GreekSeq>19</GreekSeq></word><word seq="19">ground.<GreekSeq>18</GreekSeq></word></ASV></verse>
<verse number="34"><ASV><word seq="1">I have surely seen<GreekSeq>1</GreekSeq><GreekSeq>2</GreekSeq></word><word seq="2">the<GreekSeq>3</GreekSeq></word><word seq="3">affliction<GreekSeq>4</GreekSeq></word><word seq="4">of<GreekSeq>6</GreekSeq></word><word seq="5">my<GreekSeq>7</GreekSeq></word><word seq="6">people<GreekSeq>6</GreekSeq></word><word seq="7">that<GreekSeq>8</GreekSeq></word><word seq="8">is</word><word seq="9">in<GreekSeq>9</GreekSeq></word><word seq="10">Egypt,<GreekSeq>10</GreekSeq></word><word seq="11">and<GreekSeq>11</GreekSeq></word><word seq="12">have heard<GreekSeq>15</GreekSeq></word><word seq="13">their<GreekSeq>14</GreekSeq></word><word seq="14">groaning,<GreekSeq>13</GreekSeq></word><word seq="15">and<GreekSeq>16</GreekSeq></word><word seq="16">I am come down<GreekSeq>17</GreekSeq></word><word seq="17">to deliver<GreekSeq>18</GreekSeq></word><word seq="18">them:<GreekSeq>19</GreekSeq></word><word seq="19">and<GreekSeq>20</GreekSeq></word><word seq="20">now<GreekSeq>21</GreekSeq></word><word seq="21">come,<GreekSeq>22</GreekSeq></word><word seq="22">I will send<GreekSeq>23</GreekSeq></word><word seq="23">thee<GreekSeq>24</GreekSeq></word><word seq="24">into<GreekSeq>25</GreekSeq></word><word seq="25">Egypt.<GreekSeq>26</GreekSeq></word></ASV></verse>
<verse number="35"><ASV><word seq="1">This<GreekSeq>1</GreekSeq></word><word seq="2">Moses<GreekSeq>3</GreekSeq></word><word seq="3">whom<GreekSeq>4</GreekSeq></word><word seq="4">they refused,<GreekSeq>5</GreekSeq></word><word seq="5">saying,<GreekSeq>6</GreekSeq></word><word seq="6">Who<GreekSeq>7</GreekSeq></word><word seq="7">made<GreekSeq>9</GreekSeq></word><word seq="8">thee<GreekSeq>8</GreekSeq></word><word seq="9">a ruler<GreekSeq>10</GreekSeq></word><word seq="10">and<GreekSeq>11</GreekSeq></word><word seq="11">a judge?<GreekSeq>12</GreekSeq></word><word seq="12">him<GreekSeq>13</GreekSeq></word><word seq="13">hath<GreekSeq>20</GreekSeq></word><word seq="14">God<GreekSeq>15</GreekSeq></word><word seq="15">sent<GreekSeq>20</GreekSeq></word><word seq="16">to be</word><word seq="17">both<GreekSeq>16</GreekSeq></word><word seq="18">a ruler<GreekSeq>17</GreekSeq></word><word seq="19">and<GreekSeq>18</GreekSeq></word><word seq="20">a deliverer<GreekSeq>19</GreekSeq></word><word seq="21">with<GreekSeq>21</GreekSeq></word><word seq="22">the hand<GreekSeq>22</GreekSeq></word><word seq="23">of the angel<GreekSeq>23</GreekSeq></word><word seq="24">that appeared<GreekSeq>25</GreekSeq></word><word seq="25">to him<GreekSeq>26</GreekSeq></word><word seq="26">in<GreekSeq>27</GreekSeq></word><word seq="27">the<GreekSeq>28</GreekSeq></word><word seq="28">bush.<GreekSeq>29</GreekSeq></word></ASV></verse>
<verse number="36"><ASV><word seq="1">This man<GreekSeq>1</GreekSeq></word><word seq="2">led<GreekSeq>2</GreekSeq></word><word seq="3">them<GreekSeq>3</GreekSeq></word><word seq="4">forth,<GreekSeq>2</GreekSeq></word><word seq="5">having wrought<GreekSeq>4</GreekSeq></word><word seq="6">wonders<GreekSeq>5</GreekSeq></word><word seq="7">and<GreekSeq>6</GreekSeq></word><word seq="8">signs<GreekSeq>7</GreekSeq></word><word seq="9">in<GreekSeq>8</GreekSeq></word><word seq="10">Egypt,<GreekSeq>10</GreekSeq></word><word seq="11">and<GreekSeq>11</GreekSeq></word><word seq="12">in<GreekSeq>12</GreekSeq></word><word seq="13">the</word><word seq="14">Red<GreekSeq>13</GreekSeq></word><word seq="15">sea,<GreekSeq>14</GreekSeq></word><word seq="16">and<GreekSeq>15</GreekSeq></word><word seq="17">in<GreekSeq>16</GreekSeq></word><word seq="18">the<GreekSeq>17</GreekSeq></word><word seq="19">wilderness<GreekSeq>18</GreekSeq></word><word seq="20">forty<GreekSeq>20</GreekSeq></word><word seq="21">years.<GreekSeq>19</GreekSeq></word></ASV></verse>
<verse number="37"><ASV><word seq="1">This<GreekSeq>1</GreekSeq></word><word seq="2">is<GreekSeq>2</GreekSeq></word><word seq="3">that<GreekSeq>3</GreekSeq></word><word seq="4">Moses,<GreekSeq>4</GreekSeq></word><word seq="5">who said<GreekSeq>6</GreekSeq></word><word seq="6">unto the<GreekSeq>7</GreekSeq></word><word seq="7">children<GreekSeq>8</GreekSeq></word><word seq="8">of Israel,<GreekSeq>9</GreekSeq></word><word seq="9">A prophet<GreekSeq>10</GreekSeq></word><word seq="10">shall<GreekSeq>12</GreekSeq></word><word seq="11">God<GreekSeq>14</GreekSeq></word><word seq="12">raise up<GreekSeq>12</GreekSeq></word><word seq="13">unto you<GreekSeq>11</GreekSeq></word><word seq="14">from among<GreekSeq>15</GreekSeq></word><word seq="15">your<GreekSeq>18</GreekSeq></word><word seq="16">brethren,<GreekSeq>17</GreekSeq></word><word seq="17">like unto<GreekSeq>19</GreekSeq></word><word seq="18">me.<GreekSeq>20</GreekSeq></word></ASV></verse>
<verse number="38"><ASV><word seq="1">This<GreekSeq>1</GreekSeq></word><word seq="2">is<GreekSeq>2</GreekSeq></word><word seq="3">he<GreekSeq>3</GreekSeq></word><word seq="4">that was<GreekSeq>4</GreekSeq></word><word seq="5">in<GreekSeq>5</GreekSeq></word><word seq="6">the<GreekSeq>6</GreekSeq></word><word seq="7">church<GreekSeq>7</GreekSeq></word><word seq="8">in<GreekSeq>8</GreekSeq></word><word seq="9">the<GreekSeq>9</GreekSeq></word><word seq="10">wilderness<GreekSeq>10</GreekSeq></word><word seq="11">with<GreekSeq>11</GreekSeq></word><word seq="12">the<GreekSeq>12</GreekSeq></word><word seq="13">angel<GreekSeq>13</GreekSeq></word><word seq="14">that spake<GreekSeq>15</GreekSeq></word><word seq="15">to him<GreekSeq>16</GreekSeq></word><word seq="16">in<GreekSeq>17</GreekSeq></word><word seq="17">the<GreekSeq>18</GreekSeq></word><word seq="18">mount<GreekSeq>19</GreekSeq></word><word seq="19">Sinai,<GreekSeq>20</GreekSeq></word><word seq="20">and<GreekSeq>21</GreekSeq></word><word seq="21">with<GreekSeq>23</GreekSeq></word><word seq="22">our<GreekSeq>24</GreekSeq></word><word seq="23">fathers:<GreekSeq>23</GreekSeq></word><word seq="24">who<GreekSeq>25</GreekSeq></word><word seq="25">received<GreekSeq>26</GreekSeq></word><word seq="26">living<GreekSeq>28</GreekSeq></word><word seq="27">oracles<GreekSeq>27</GreekSeq></word><word seq="28">to give<GreekSeq>29</GreekSeq></word><word seq="29">unto us:<GreekSeq>30</GreekSeq></word></ASV></verse>
<verse number="39"><ASV><word seq="1">to whom<GreekSeq>1</GreekSeq></word><word seq="2">our<GreekSeq>8</GreekSeq></word><word seq="3">fathers<GreekSeq>7</GreekSeq></word><word seq="4">would<GreekSeq>3</GreekSeq></word><word seq="5">not<GreekSeq>2</GreekSeq></word><word seq="6">be<GreekSeq>5</GreekSeq></word><word seq="7">obedient,<GreekSeq>4</GreekSeq></word><word seq="8">but<GreekSeq>9</GreekSeq></word><word seq="9">thrust [him] from them,<GreekSeq>10</GreekSeq></word><word seq="10">and<GreekSeq>11</GreekSeq></word><word seq="11">turned back<GreekSeq>12</GreekSeq></word><word seq="12">in<GreekSeq>13</GreekSeq></word><word seq="13">their<GreekSeq>16</GreekSeq></word><word seq="14">hearts<GreekSeq>15</GreekSeq></word><word seq="15">unto<GreekSeq>17</GreekSeq></word><word seq="16">Egypt,<GreekSeq>18</GreekSeq></word></ASV></verse>
<verse number="40"><ASV><word seq="1">saying<GreekSeq>1</GreekSeq></word><word seq="2">unto Aaron,<GreekSeq>3</GreekSeq></word><word seq="3">Make<GreekSeq>4</GreekSeq></word><word seq="4">us<GreekSeq>5</GreekSeq></word><word seq="5">gods<GreekSeq>6</GreekSeq></word><word seq="6">that<GreekSeq>7</GreekSeq></word><word seq="7">shall go before<GreekSeq>8</GreekSeq></word><word seq="8">us:<GreekSeq>9</GreekSeq></word><word seq="9">for<GreekSeq>11</GreekSeq></word><word seq="10">as for</word><word seq="11">this<GreekSeq>13</GreekSeq></word><word seq="12">Moses,<GreekSeq>12</GreekSeq></word><word seq="13">who<GreekSeq>14</GreekSeq></word><word seq="14">led<GreekSeq>15</GreekSeq></word><word seq="15">us<GreekSeq>16</GreekSeq></word><word seq="16">forth<GreekSeq>15</GreekSeq></word><word seq="17">out of<GreekSeq>17</GreekSeq></word><word seq="18">the land<GreekSeq>18</GreekSeq></word><word seq="19">of Egypt,<GreekSeq>19</GreekSeq></word><word seq="20">we know<GreekSeq>21</GreekSeq></word><word seq="21">not<GreekSeq>20</GreekSeq></word><word seq="22">what<GreekSeq>22</GreekSeq></word><word seq="23">is become<GreekSeq>23</GreekSeq></word><word seq="24">of him.<GreekSeq>24</GreekSeq></word></ASV></verse>
<verse number="41"><ASV><word seq="1">And<GreekSeq>1</GreekSeq></word><word seq="2">they made a calf<GreekSeq>2</GreekSeq></word><word seq="3">in<GreekSeq>3</GreekSeq></word><word seq="4">those<GreekSeq>6</GreekSeq></word><word seq="5">days,<GreekSeq>5</GreekSeq></word><word seq="6">and<GreekSeq>7</GreekSeq></word><word seq="7">brought<GreekSeq>8</GreekSeq></word><word seq="8">a sacrifice<GreekSeq>9</GreekSeq></word><word seq="9">unto the<GreekSeq>10</GreekSeq></word><word seq="10">idol,<GreekSeq>11</GreekSeq></word><word seq="11">and<GreekSeq>12</GreekSeq></word><word seq="12">rejoiced<GreekSeq>13</GreekSeq></word><word seq="13">in<GreekSeq>14</GreekSeq></word><word seq="14">the<GreekSeq>15</GreekSeq></word><word seq="15">works<GreekSeq>16</GreekSeq></word><word seq="16">of<GreekSeq>18</GreekSeq></word><word seq="17">their<GreekSeq>19</GreekSeq></word><word seq="18">hands.<GreekSeq>18</GreekSeq></word></ASV></verse>
<verse number="42"><ASV><word seq="1">But<GreekSeq>2</GreekSeq></word><word seq="2">God<GreekSeq>4</GreekSeq></word><word seq="3">turned,<GreekSeq>1</GreekSeq></word><word seq="4">and<GreekSeq>5</GreekSeq></word><word seq="5">gave<GreekSeq>6</GreekSeq></word><word seq="6">them<GreekSeq>7</GreekSeq></word><word seq="7">up<GreekSeq>6</GreekSeq></word><word seq="8">to serve<GreekSeq>8</GreekSeq></word><word seq="9">the<GreekSeq>9</GreekSeq></word><word seq="10">host<GreekSeq>10</GreekSeq></word><word seq="11">of heaven;<GreekSeq>12</GreekSeq></word><word seq="12">as<GreekSeq>13</GreekSeq></word><word seq="13">it is written<GreekSeq>14</GreekSeq></word><word seq="14">in<GreekSeq>15</GreekSeq></word><word seq="15">the book<GreekSeq>16</GreekSeq></word><word seq="16">of the<GreekSeq>17</GreekSeq></word><word seq="17">prophets,<GreekSeq>18</GreekSeq></word><word seq="18">Did ye offer<GreekSeq>19</GreekSeq><GreekSeq>23</GreekSeq></word><word seq="19">unto me<GreekSeq>24</GreekSeq></word><word seq="20">slain beasts<GreekSeq>20</GreekSeq></word><word seq="21">and<GreekSeq>21</GreekSeq></word><word seq="22">sacrifices<GreekSeq>22</GreekSeq></word><word seq="23">Forty<GreekSeq>26</GreekSeq></word><word seq="24">years<GreekSeq>25</GreekSeq></word><word seq="25">in<GreekSeq>27</GreekSeq></word><word seq="26">the<GreekSeq>28</GreekSeq></word><word seq="27">wilderness,<GreekSeq>29</GreekSeq></word><word seq="28">O house<GreekSeq>30</GreekSeq></word><word seq="29">of Israel?<GreekSeq>31</GreekSeq></word></ASV></verse>
<verse number="43"><ASV><word seq="1">And<GreekSeq>1</GreekSeq></word><word seq="2">ye took up<GreekSeq>2</GreekSeq></word><word seq="3">the<GreekSeq>3</GreekSeq></word><word seq="4">tabernacle<GreekSeq>4</GreekSeq></word><word seq="5">of Moloch,<GreekSeq>5</GreekSeq><GreekSeq>6</GreekSeq></word><word seq="6">And<GreekSeq>7</GreekSeq></word><word seq="7">the<GreekSeq>8</GreekSeq></word><word seq="8">star<GreekSeq>9</GreekSeq></word><word seq="9">of the<GreekSeq>10</GreekSeq></word><word seq="10">god<GreekSeq>11</GreekSeq></word><word seq="11">Rephan,<GreekSeq>13</GreekSeq></word><word seq="12">The<GreekSeq>14</GreekSeq></word><word seq="13">figures<GreekSeq>15</GreekSeq></word><word seq="14">which<GreekSeq>16</GreekSeq></word><word seq="15">ye made<GreekSeq>17</GreekSeq></word><word seq="16">to worship<GreekSeq>18</GreekSeq></word><word seq="17">them:<GreekSeq>19</GreekSeq></word><word seq="18">And<GreekSeq>20</GreekSeq></word><word seq="19">I will carry<GreekSeq>21</GreekSeq></word><word seq="20">you<GreekSeq>22</GreekSeq></word><word seq="21">away<GreekSeq>21</GreekSeq></word><word seq="22">beyond<GreekSeq>23</GreekSeq></word><word seq="23">Babylon.<GreekSeq>24</GreekSeq></word></ASV></verse>
<verse number="44"><ASV><word seq="1">Our<GreekSeq>8</GreekSeq></word><word seq="2">fathers<GreekSeq>7</GreekSeq></word><word seq="3">had<GreekSeq>5</GreekSeq></word><word seq="4">the<GreekSeq>1</GreekSeq></word><word seq="5">tabernacle<GreekSeq>2</GreekSeq></word><word seq="6">of the<GreekSeq>3</GreekSeq></word><word seq="7">testimony<GreekSeq>4</GreekSeq></word><word seq="8">in<GreekSeq>9</GreekSeq></word><word seq="9">the<GreekSeq>10</GreekSeq></word><word seq="10">wilderness,<GreekSeq>11</GreekSeq></word><word seq="11">even as<GreekSeq>12</GreekSeq></word><word seq="12">he<GreekSeq>14</GreekSeq></word><word seq="13">appointed<GreekSeq>13</GreekSeq></word><word seq="14">who spake<GreekSeq>15</GreekSeq></word><word seq="15">unto Moses,<GreekSeq>17</GreekSeq></word><word seq="16">that he</word><word seq="17">should make<GreekSeq>18</GreekSeq></word><word seq="18">it<GreekSeq>19</GreekSeq></word><word seq="19">according to<GreekSeq>20</GreekSeq></word><word seq="20">the<GreekSeq>21</GreekSeq></word><word seq="21">figure<GreekSeq>22</GreekSeq></word><word seq="22">that<GreekSeq>23</GreekSeq></word><word seq="23">he had seen.<GreekSeq>24</GreekSeq></word></ASV></verse>
<verse number="45"><ASV><word seq="1">Which<GreekSeq>1</GreekSeq></word><word seq="2">also<GreekSeq>2</GreekSeq></word><word seq="3">our<GreekSeq>7</GreekSeq></word><word seq="4">fathers,<GreekSeq>6</GreekSeq></word><word seq="5">in their turn,<GreekSeq>4</GreekSeq></word><word seq="6">brought in<GreekSeq>3</GreekSeq></word><word seq="7">with<GreekSeq>8</GreekSeq></word><word seq="8">Joshua<GreekSeq>9</GreekSeq></word><word seq="9">when they entered on the possession<GreekSeq>10</GreekSeq><GreekSeq>11</GreekSeq><GreekSeq>12</GreekSeq></word><word seq="10">of the<GreekSeq>13</GreekSeq></word><word seq="11">nations,<GreekSeq>14</GreekSeq></word><word seq="12">that<GreekSeq>15</GreekSeq></word><word seq="13">God<GreekSeq>18</GreekSeq></word><word seq="14">thrust out<GreekSeq>16</GreekSeq></word><word seq="15">before<GreekSeq>19</GreekSeq></word><word seq="16">the face of<GreekSeq>20</GreekSeq></word><word seq="17">our<GreekSeq>23</GreekSeq></word><word seq="18">fathers,<GreekSeq>22</GreekSeq></word><word seq="19">unto<GreekSeq>24</GreekSeq></word><word seq="20">the<GreekSeq>25</GreekSeq></word><word seq="21">days<GreekSeq>26</GreekSeq></word><word seq="22">of David;<GreekSeq>27</GreekSeq></word></ASV></verse>
<verse number="46"><ASV><word seq="1">who<GreekSeq>1</GreekSeq></word><word seq="2">found<GreekSeq>2</GreekSeq></word><word seq="3">favor<GreekSeq>3</GreekSeq></word><word seq="4">in the sight of<GreekSeq>4</GreekSeq></word><word seq="5">God,<GreekSeq>6</GreekSeq></word><word seq="6">and<GreekSeq>7</GreekSeq></word><word seq="7">asked<GreekSeq>8</GreekSeq></word><word seq="8">to find<GreekSeq>9</GreekSeq></word><word seq="9">a habitation<GreekSeq>10</GreekSeq></word><word seq="10">for the<GreekSeq>11</GreekSeq></word><word seq="11">God<GreekSeq>12</GreekSeq></word><word seq="12">of Jacob.<GreekSeq>13</GreekSeq></word></ASV></verse>
<verse number="47"><ASV><word seq="1">But<GreekSeq>2</GreekSeq></word><word seq="2">Solomon<GreekSeq>1</GreekSeq></word><word seq="3">built<GreekSeq>3</GreekSeq></word><word seq="4">him<GreekSeq>4</GreekSeq></word><word seq="5">a house.<GreekSeq>5</GreekSeq></word></ASV></verse>
<verse number="48"><ASV><word seq="1">Howbeit<GreekSeq>1</GreekSeq></word><word seq="2">the<GreekSeq>3</GreekSeq></word><word seq="3">Most High<GreekSeq>4</GreekSeq></word><word seq="4">dwelleth<GreekSeq>7</GreekSeq></word><word seq="5">not<GreekSeq>2</GreekSeq></word><word seq="6">in<GreekSeq>5</GreekSeq></word><word seq="7">houses</word><word seq="8">made with hands;<GreekSeq>6</GreekSeq></word><word seq="9">as<GreekSeq>8</GreekSeq></word><word seq="10">saith<GreekSeq>11</GreekSeq></word><word seq="11">the<GreekSeq>9</GreekSeq></word><word seq="12">prophet,<GreekSeq>10</GreekSeq></word></ASV></verse>
<verse number="49"><ASV><word seq="1">The<GreekSeq>1</GreekSeq></word><word seq="2">heaven<GreekSeq>2</GreekSeq></word><word seq="3">is</word><word seq="4">my<GreekSeq>3</GreekSeq></word><word seq="5">throne,<GreekSeq>4</GreekSeq></word><word seq="6">And<GreekSeq>6</GreekSeq></word><word seq="7">the<GreekSeq>5</GreekSeq></word><word seq="8">earth<GreekSeq>7</GreekSeq></word><word seq="9">the footstool<GreekSeq>8</GreekSeq></word><word seq="10">of<GreekSeq>10</GreekSeq></word><word seq="11">my<GreekSeq>11</GreekSeq></word><word seq="12">feet:<GreekSeq>10</GreekSeq></word><word seq="13">What manner of<GreekSeq>12</GreekSeq></word><word seq="14">house<GreekSeq>13</GreekSeq></word><word seq="15">will ye build<GreekSeq>14</GreekSeq></word><word seq="16">me?<GreekSeq>15</GreekSeq></word><word seq="17">saith<GreekSeq>16</GreekSeq></word><word seq="18">the Lord:<GreekSeq>17</GreekSeq></word><word seq="19">Or<GreekSeq>18</GreekSeq></word><word seq="20">what<GreekSeq>19</GreekSeq></word><word seq="21">is</word><word seq="22">the place<GreekSeq>20</GreekSeq></word><word seq="23">of<GreekSeq>22</GreekSeq></word><word seq="24">my<GreekSeq>23</GreekSeq></word><word seq="25">rest?<GreekSeq>22</GreekSeq></word></ASV></verse>
<verse number="50"><ASV><word seq="1">Did</word><word seq="2">not<GreekSeq>1</GreekSeq></word><word seq="3">my<GreekSeq>4</GreekSeq></word><word seq="4">hand<GreekSeq>3</GreekSeq></word><word seq="5">make<GreekSeq>5</GreekSeq></word><word seq="6">all<GreekSeq>7</GreekSeq></word><word seq="7">these things?<GreekSeq>6</GreekSeq></word></ASV></verse>
<verse number="51"><ASV><word seq="1">Ye stiffnecked<GreekSeq>1</GreekSeq></word><word seq="2">and<GreekSeq>2</GreekSeq></word><word seq="3">uncircumcised<GreekSeq>3</GreekSeq></word><word seq="4">in heart<GreekSeq>4</GreekSeq></word><word seq="5">and<GreekSeq>5</GreekSeq></word><word seq="6">ears,<GreekSeq>7</GreekSeq></word><word seq="7">ye<GreekSeq>8</GreekSeq></word><word seq="8">do</word><word seq="9">always<GreekSeq>9</GreekSeq></word><word seq="10">resist<GreekSeq>14</GreekSeq></word><word seq="11">the<GreekSeq>10</GreekSeq></word><word seq="12">Holy<GreekSeq>13</GreekSeq></word><word seq="13">Spirit:<GreekSeq>11</GreekSeq></word><word seq="14">as<GreekSeq>15</GreekSeq></word><word seq="15">your<GreekSeq>18</GreekSeq></word><word seq="16">fathers<GreekSeq>17</GreekSeq></word><word seq="17">did,</word><word seq="18">so<GreekSeq>19</GreekSeq></word><word seq="19">do</word><word seq="20">ye.<GreekSeq>20</GreekSeq></word></ASV></verse>
<verse number="52"><ASV><word seq="1">Which<GreekSeq>1</GreekSeq></word><word seq="2">of the<GreekSeq>2</GreekSeq></word><word seq="3">prophets<GreekSeq>3</GreekSeq></word><word seq="4">did<GreekSeq>5</GreekSeq></word><word seq="5">not<GreekSeq>4</GreekSeq></word><word seq="6">your<GreekSeq>8</GreekSeq></word><word seq="7">fathers<GreekSeq>7</GreekSeq></word><word seq="8">persecute?<GreekSeq>5</GreekSeq></word><word seq="9">and<GreekSeq>9</GreekSeq></word><word seq="10">they killed<GreekSeq>10</GreekSeq></word><word seq="11">them<GreekSeq>11</GreekSeq></word><word seq="12">that showed before<GreekSeq>12</GreekSeq></word><word seq="13">of<GreekSeq>13</GreekSeq></word><word seq="14">the<GreekSeq>14</GreekSeq></word><word seq="15">coming<GreekSeq>15</GreekSeq></word><word seq="16">of the<GreekSeq>16</GreekSeq></word><word seq="17">Righteous One;<GreekSeq>17</GreekSeq></word><word seq="18">of whom<GreekSeq>18</GreekSeq></word><word seq="19">ye<GreekSeq>20</GreekSeq></word><word seq="20">have<GreekSeq>24</GreekSeq></word><word seq="21">now<GreekSeq>19</GreekSeq></word><word seq="22">become<GreekSeq>24</GreekSeq></word><word seq="23">betrayers<GreekSeq>21</GreekSeq></word><word seq="24">and<GreekSeq>22</GreekSeq></word><word seq="25">murderers;<GreekSeq>23</GreekSeq></word></ASV></verse>
<verse number="53"><ASV><word seq="1">ye<GreekSeq>2</GreekSeq></word><word seq="2">who<GreekSeq>1</GreekSeq></word><word seq="3">received<GreekSeq>2</GreekSeq></word><word seq="4">the<GreekSeq>3</GreekSeq></word><word seq="5">law<GreekSeq>4</GreekSeq></word><word seq="6">as<GreekSeq>5</GreekSeq></word><word seq="7">it was ordained<GreekSeq>6</GreekSeq></word><word seq="8">by angels,<GreekSeq>7</GreekSeq></word><word seq="9">and<GreekSeq>8</GreekSeq></word><word seq="10">kept<GreekSeq>10</GreekSeq></word><word seq="11">it</word><word seq="12">not.<GreekSeq>9</GreekSeq></word></ASV></verse>
<verse number="54"><ASV><word seq="1">Now<GreekSeq>2</GreekSeq></word><word seq="2">when they heard<GreekSeq>1</GreekSeq></word><word seq="3">these things,<GreekSeq>3</GreekSeq></word><word seq="4">they were cut<GreekSeq>4</GreekSeq></word><word seq="5">to the<GreekSeq>5</GreekSeq></word><word seq="6">heart,<GreekSeq>6</GreekSeq></word><word seq="7">and<GreekSeq>8</GreekSeq></word><word seq="8">they gnashed<GreekSeq>9</GreekSeq></word><word seq="9">on<GreekSeq>12</GreekSeq></word><word seq="10">him<GreekSeq>13</GreekSeq></word><word seq="11">with [their] teeth.<GreekSeq>11</GreekSeq></word></ASV></verse>
<verse number="55"><ASV><word seq="1">But<GreekSeq>2</GreekSeq></word><word seq="2">he,<GreekSeq>10</GreekSeq></word><word seq="3">being<GreekSeq>1</GreekSeq></word><word seq="4">full<GreekSeq>3</GreekSeq></word><word seq="5">of the<GreekSeq>4</GreekSeq></word><word seq="6">Holy<GreekSeq>5</GreekSeq></word><word seq="7">Spirit,<GreekSeq>4</GreekSeq></word><word seq="8">looked up stedfastly<GreekSeq>6</GreekSeq></word><word seq="9">into<GreekSeq>7</GreekSeq></word><word seq="10">heaven,<GreekSeq>9</GreekSeq></word><word seq="11">and</word><word seq="12">saw<GreekSeq>10</GreekSeq></word><word seq="13">the glory<GreekSeq>11</GreekSeq></word><word seq="14">of God,<GreekSeq>12</GreekSeq></word><word seq="15">and<GreekSeq>13</GreekSeq></word><word seq="16">Jesus<GreekSeq>14</GreekSeq></word><word seq="17">standing<GreekSeq>15</GreekSeq></word><word seq="18">on<GreekSeq>16</GreekSeq></word><word seq="19">the right hand<GreekSeq>17</GreekSeq></word><word seq="20">of God,<GreekSeq>19</GreekSeq></word></ASV></verse>
<verse number="56"><ASV><word seq="1">and<GreekSeq>1</GreekSeq></word><word seq="2">said,<GreekSeq>2</GreekSeq></word><word seq="3">Behold,<GreekSeq>3</GreekSeq></word><word seq="4">I see<GreekSeq>4</GreekSeq></word><word seq="5">the<GreekSeq>5</GreekSeq></word><word seq="6">heavens<GreekSeq>6</GreekSeq></word><word seq="7">opened,<GreekSeq>7</GreekSeq></word><word seq="8">and<GreekSeq>8</GreekSeq></word><word seq="9">the<GreekSeq>9</GreekSeq></word><word seq="10">Son<GreekSeq>10</GreekSeq></word><word seq="11">of man<GreekSeq>12</GreekSeq></word><word seq="12">standing<GreekSeq>15</GreekSeq></word><word seq="13">on<GreekSeq>13</GreekSeq></word><word seq="14">the right hand<GreekSeq>14</GreekSeq></word><word seq="15">of God.<GreekSeq>17</GreekSeq></word></ASV></verse>
<verse number="57"><ASV><word seq="1">But<GreekSeq>2</GreekSeq></word><word seq="2">they cried out<GreekSeq>1</GreekSeq></word><word seq="3">with a loud<GreekSeq>4</GreekSeq></word><word seq="4">voice,<GreekSeq>3</GreekSeq></word><word seq="5">and</word><word seq="6">stopped<GreekSeq>5</GreekSeq></word><word seq="7">their<GreekSeq>8</GreekSeq></word><word seq="8">ears,<GreekSeq>7</GreekSeq></word><word seq="9">and<GreekSeq>9</GreekSeq></word><word seq="10">rushed<GreekSeq>10</GreekSeq></word><word seq="11">upon<GreekSeq>12</GreekSeq></word><word seq="12">him<GreekSeq>13</GreekSeq></word><word seq="13">with one accord;<GreekSeq>11</GreekSeq></word></ASV></verse>
<verse number="58"><ASV><word seq="1">and<GreekSeq>1</GreekSeq></word><word seq="2">they cast<GreekSeq>2</GreekSeq></word><word seq="3">him</word><word seq="4">out of<GreekSeq>3</GreekSeq></word><word seq="5">the<GreekSeq>4</GreekSeq></word><word seq="6">city,<GreekSeq>5</GreekSeq></word><word seq="7">and</word><word seq="8">stoned<GreekSeq>6</GreekSeq></word><word seq="9">him:</word><word seq="10">and<GreekSeq>7</GreekSeq></word><word seq="11">the<GreekSeq>8</GreekSeq></word><word seq="12">witnesses<GreekSeq>9</GreekSeq></word><word seq="13">laid down<GreekSeq>10</GreekSeq></word><word seq="14">their<GreekSeq>13</GreekSeq></word><word seq="15">garments<GreekSeq>12</GreekSeq></word><word seq="16">at<GreekSeq>14</GreekSeq></word><word seq="17">the<GreekSeq>15</GreekSeq></word><word seq="18">feet<GreekSeq>16</GreekSeq></word><word seq="19">of a young man<GreekSeq>17</GreekSeq></word><word seq="20">named<GreekSeq>18</GreekSeq></word><word seq="21">Saul.<GreekSeq>19</GreekSeq></word></ASV></verse>
<verse number="59"><ASV><word seq="1">And<GreekSeq>1</GreekSeq></word><word seq="2">they stoned<GreekSeq>2</GreekSeq></word><word seq="3">Stephen,<GreekSeq>4</GreekSeq></word><word seq="4">calling upon<GreekSeq>5</GreekSeq></word><word seq="5">the Lord,</word><word seq="6">and<GreekSeq>6</GreekSeq></word><word seq="7">saying,<GreekSeq>7</GreekSeq></word><word seq="8">Lord<GreekSeq>8</GreekSeq></word><word seq="9">Jesus,<GreekSeq>9</GreekSeq></word><word seq="10">receive<GreekSeq>10</GreekSeq></word><word seq="11">my<GreekSeq>13</GreekSeq></word><word seq="12">spirit.<GreekSeq>12</GreekSeq></word></ASV></verse>
<verse number="60"><ASV><word seq="1">And<GreekSeq>2</GreekSeq></word><word seq="2">he kneeled down,<GreekSeq>1</GreekSeq><GreekSeq>4</GreekSeq></word><word seq="3">and</word><word seq="4">cried<GreekSeq>5</GreekSeq></word><word seq="5">with a loud<GreekSeq>7</GreekSeq></word><word seq="6">voice,<GreekSeq>6</GreekSeq></word><word seq="7">Lord,<GreekSeq>8</GreekSeq></word><word seq="8">lay<GreekSeq>10</GreekSeq></word><word seq="9">not<GreekSeq>9</GreekSeq></word><word seq="10">this<GreekSeq>12</GreekSeq></word><word seq="11">sin<GreekSeq>14</GreekSeq></word><word seq="12">to their [charge].<GreekSeq>11</GreekSeq></word><word seq="13">And<GreekSeq>15</GreekSeq></word><word seq="14">when he had said<GreekSeq>17</GreekSeq></word><word seq="15">this,<GreekSeq>16</GreekSeq></word><word seq="16">he fell asleep.<GreekSeq>18</GreekSeq></word></ASV></verse>
</chapter></book>