<?xml version="1.0" encoding="UTF-8" standalone="no"?><book><chapter number="4">
<verse number="1"><ASV><word seq="1">Masters,<GreekSeq>2</GreekSeq></word><word seq="2">render<GreekSeq>10</GreekSeq></word><word seq="3">unto [your] servants<GreekSeq>9</GreekSeq></word><word seq="4">that<GreekSeq>3</GreekSeq></word><word seq="5">which is</word><word seq="6">just<GreekSeq>4</GreekSeq></word><word seq="7">and<GreekSeq>5</GreekSeq></word><word seq="8">equal;<GreekSeq>7</GreekSeq></word><word seq="9">knowing<GreekSeq>11</GreekSeq></word><word seq="10">that<GreekSeq>12</GreekSeq></word><word seq="11">ye<GreekSeq>14</GreekSeq></word><word seq="12">also<GreekSeq>13</GreekSeq></word><word seq="13">have<GreekSeq>15</GreekSeq></word><word seq="14">a Master<GreekSeq>16</GreekSeq></word><word seq="15">in<GreekSeq>17</GreekSeq></word><word seq="16">heaven.<GreekSeq>18</GreekSeq></word></ASV></verse>
<verse number="2"><ASV><word seq="1">Continue stedfastly<GreekSeq>3</GreekSeq></word><word seq="2">in prayer,<GreekSeq>2</GreekSeq></word><word seq="3">watching<GreekSeq>4</GreekSeq></word><word seq="4">therein<GreekSeq>5</GreekSeq><GreekSeq>6</GreekSeq></word><word seq="5">with<GreekSeq>7</GreekSeq></word><word seq="6">thanksgiving;<GreekSeq>8</GreekSeq></word></ASV></verse>
<verse number="3"><ASV><word seq="1">withal<GreekSeq>2</GreekSeq></word><word seq="2">praying<GreekSeq>1</GreekSeq></word><word seq="3">for<GreekSeq>4</GreekSeq></word><word seq="4">us<GreekSeq>5</GreekSeq></word><word seq="5">also,<GreekSeq>3</GreekSeq></word><word seq="6">that<GreekSeq>6</GreekSeq></word><word seq="7">God<GreekSeq>8</GreekSeq></word><word seq="8">may open<GreekSeq>9</GreekSeq></word><word seq="9">unto us<GreekSeq>10</GreekSeq></word><word seq="10">a door<GreekSeq>11</GreekSeq></word><word seq="11">for the<GreekSeq>12</GreekSeq></word><word seq="12">word,<GreekSeq>13</GreekSeq></word><word seq="13">to speak<GreekSeq>14</GreekSeq></word><word seq="14">the<GreekSeq>15</GreekSeq></word><word seq="15">mystery<GreekSeq>16</GreekSeq></word><word seq="16">of Christ,<GreekSeq>18</GreekSeq></word><word seq="17">for<GreekSeq>19</GreekSeq></word><word seq="18">which<GreekSeq>20</GreekSeq></word><word seq="19">I am<GreekSeq>22</GreekSeq></word><word seq="20">also<GreekSeq>21</GreekSeq></word><word seq="21">in bonds;<GreekSeq>22</GreekSeq></word></ASV></verse>
<verse number="4"><ASV><word seq="1">that<GreekSeq>1</GreekSeq></word><word seq="2">I may make<GreekSeq>2</GreekSeq></word><word seq="3">it<GreekSeq>3</GreekSeq></word><word seq="4">manifest,<GreekSeq>2</GreekSeq></word><word seq="5">as<GreekSeq>4</GreekSeq></word><word seq="6">I<GreekSeq>6</GreekSeq></word><word seq="7">ought<GreekSeq>5</GreekSeq></word><word seq="8">to speak.<GreekSeq>7</GreekSeq></word></ASV></verse>
<verse number="5"><ASV><word seq="1">Walk<GreekSeq>3</GreekSeq></word><word seq="2">in<GreekSeq>1</GreekSeq></word><word seq="3">wisdom<GreekSeq>2</GreekSeq></word><word seq="4">toward<GreekSeq>4</GreekSeq></word><word seq="5">them<GreekSeq>5</GreekSeq></word><word seq="6">that are</word><word seq="7">without,<GreekSeq>6</GreekSeq></word><word seq="8">redeeming<GreekSeq>9</GreekSeq></word><word seq="9">the<GreekSeq>7</GreekSeq></word><word seq="10">time.<GreekSeq>8</GreekSeq></word></ASV></verse>
<verse number="6"><ASV><word seq="1">Let</word><word seq="2">your<GreekSeq>3</GreekSeq></word><word seq="3">speech<GreekSeq>2</GreekSeq></word><word seq="4">be</word><word seq="5">always<GreekSeq>4</GreekSeq></word><word seq="6">with<GreekSeq>5</GreekSeq></word><word seq="7">grace,<GreekSeq>6</GreekSeq></word><word seq="8">seasoned<GreekSeq>8</GreekSeq></word><word seq="9">with salt,<GreekSeq>7</GreekSeq></word><word seq="10">that ye may know<GreekSeq>9</GreekSeq></word><word seq="11">how<GreekSeq>10</GreekSeq></word><word seq="12">ye<GreekSeq>12</GreekSeq></word><word seq="13">ought<GreekSeq>11</GreekSeq></word><word seq="14">to answer<GreekSeq>15</GreekSeq></word><word seq="15">each<GreekSeq>14</GreekSeq></word><word seq="16">one.<GreekSeq>13</GreekSeq></word></ASV></verse>
<verse number="7"><ASV><word seq="1">All<GreekSeq>4</GreekSeq></word><word seq="2">my affairs<GreekSeq>1</GreekSeq><GreekSeq>2</GreekSeq><GreekSeq>3</GreekSeq></word><word seq="3">shall<GreekSeq>5</GreekSeq></word><word seq="4">Tychicus<GreekSeq>7</GreekSeq></word><word seq="5">make known<GreekSeq>5</GreekSeq></word><word seq="6">unto you,<GreekSeq>6</GreekSeq></word><word seq="7">the<GreekSeq>8</GreekSeq></word><word seq="8">beloved<GreekSeq>9</GreekSeq></word><word seq="9">brother<GreekSeq>10</GreekSeq></word><word seq="10">and<GreekSeq>11</GreekSeq></word><word seq="11">faithful<GreekSeq>12</GreekSeq></word><word seq="12">minister<GreekSeq>13</GreekSeq></word><word seq="13">and<GreekSeq>14</GreekSeq></word><word seq="14">fellow-servant<GreekSeq>15</GreekSeq></word><word seq="15">in<GreekSeq>16</GreekSeq></word><word seq="16">the Lord:<GreekSeq>17</GreekSeq></word></ASV></verse>
<verse number="8"><ASV><word seq="1">whom<GreekSeq>1</GreekSeq></word><word seq="2">I have sent<GreekSeq>2</GreekSeq></word><word seq="3">unto<GreekSeq>3</GreekSeq></word><word seq="4">you<GreekSeq>4</GreekSeq></word><word seq="5">for<GreekSeq>5</GreekSeq></word><word seq="6">this<GreekSeq>7</GreekSeq></word><word seq="7">very [purpose],<GreekSeq>6</GreekSeq></word><word seq="8">that<GreekSeq>8</GreekSeq></word><word seq="9">ye may know<GreekSeq>9</GreekSeq></word><word seq="10">our state,<GreekSeq>10</GreekSeq><GreekSeq>11</GreekSeq><GreekSeq>12</GreekSeq></word><word seq="11">and<GreekSeq>13</GreekSeq></word><word seq="12">that</word><word seq="13">he may comfort<GreekSeq>14</GreekSeq></word><word seq="14">your<GreekSeq>17</GreekSeq></word><word seq="15">hearts;<GreekSeq>16</GreekSeq></word></ASV></verse>
<verse number="9"><ASV><word seq="1">together with<GreekSeq>1</GreekSeq></word><word seq="2">Onesimus,<GreekSeq>2</GreekSeq></word><word seq="3">the<GreekSeq>3</GreekSeq></word><word seq="4">faithful<GreekSeq>4</GreekSeq></word><word seq="5">and<GreekSeq>5</GreekSeq></word><word seq="6">beloved<GreekSeq>6</GreekSeq></word><word seq="7">brother,<GreekSeq>7</GreekSeq></word><word seq="8">who<GreekSeq>8</GreekSeq></word><word seq="9">is<GreekSeq>9</GreekSeq></word><word seq="10">[one] of<GreekSeq>10</GreekSeq></word><word seq="11">you.<GreekSeq>11</GreekSeq></word><word seq="12">They shall make known<GreekSeq>14</GreekSeq></word><word seq="13">unto you<GreekSeq>13</GreekSeq></word><word seq="14">all<GreekSeq>12</GreekSeq></word><word seq="15">things<GreekSeq>15</GreekSeq></word><word seq="16">that are done</word><word seq="17">here.<GreekSeq>16</GreekSeq></word></ASV></verse>
<verse number="10"><ASV><word seq="1">Aristarchus<GreekSeq>3</GreekSeq></word><word seq="2">my<GreekSeq>6</GreekSeq></word><word seq="3">fellow-prisoner<GreekSeq>5</GreekSeq></word><word seq="4">saluteth<GreekSeq>1</GreekSeq></word><word seq="5">you,<GreekSeq>2</GreekSeq></word><word seq="6">and<GreekSeq>7</GreekSeq></word><word seq="7">Mark,<GreekSeq>8</GreekSeq></word><word seq="8">the<GreekSeq>9</GreekSeq></word><word seq="9">cousin<GreekSeq>10</GreekSeq></word><word seq="10">of Barnabas<GreekSeq>11</GreekSeq></word><word seq="11">(touching<GreekSeq>12</GreekSeq></word><word seq="12">whom<GreekSeq>13</GreekSeq></word><word seq="13">ye received<GreekSeq>14</GreekSeq></word><word seq="14">commandments;<GreekSeq>15</GreekSeq></word><word seq="15">if<GreekSeq>16</GreekSeq></word><word seq="16">he come<GreekSeq>17</GreekSeq></word><word seq="17">unto<GreekSeq>18</GreekSeq></word><word seq="18">you,<GreekSeq>19</GreekSeq></word><word seq="19">receive<GreekSeq>20</GreekSeq></word><word seq="20">him),<GreekSeq>21</GreekSeq></word></ASV></verse>
<verse number="11"><ASV><word seq="1">and<GreekSeq>1</GreekSeq></word><word seq="2">Jesus<GreekSeq>2</GreekSeq></word><word seq="3">that is called<GreekSeq>4</GreekSeq></word><word seq="4">Justus,<GreekSeq>5</GreekSeq></word><word seq="5">who are<GreekSeq>7</GreekSeq></word><word seq="6">of<GreekSeq>8</GreekSeq></word><word seq="7">the circumcision:<GreekSeq>9</GreekSeq></word><word seq="8">these<GreekSeq>10</GreekSeq></word><word seq="9">only<GreekSeq>11</GreekSeq></word><word seq="10">are my</word><word seq="11">fellow-workers<GreekSeq>12</GreekSeq></word><word seq="12">unto<GreekSeq>13</GreekSeq></word><word seq="13">the<GreekSeq>14</GreekSeq></word><word seq="14">kingdom<GreekSeq>15</GreekSeq></word><word seq="15">of God,<GreekSeq>17</GreekSeq></word><word seq="16">men that<GreekSeq>18</GreekSeq></word><word seq="17">have been<GreekSeq>19</GreekSeq></word><word seq="18">a comfort<GreekSeq>21</GreekSeq></word><word seq="19">unto me.<GreekSeq>20</GreekSeq></word></ASV></verse>
<verse number="12"><ASV><word seq="1">Epaphras,<GreekSeq>3</GreekSeq></word><word seq="2">who is</word><word seq="3">one<GreekSeq>4</GreekSeq></word><word seq="4">of<GreekSeq>5</GreekSeq></word><word seq="5">you,<GreekSeq>6</GreekSeq></word><word seq="6">a servant<GreekSeq>7</GreekSeq></word><word seq="7">of Christ<GreekSeq>8</GreekSeq></word><word seq="8">Jesus,<GreekSeq>9</GreekSeq></word><word seq="9">saluteth<GreekSeq>1</GreekSeq></word><word seq="10">you,<GreekSeq>2</GreekSeq></word><word seq="11">always<GreekSeq>10</GreekSeq></word><word seq="12">striving<GreekSeq>11</GreekSeq></word><word seq="13">for<GreekSeq>12</GreekSeq></word><word seq="14">you<GreekSeq>13</GreekSeq></word><word seq="15">in<GreekSeq>14</GreekSeq></word><word seq="16">his</word><word seq="17">prayers,<GreekSeq>16</GreekSeq></word><word seq="18">that<GreekSeq>17</GreekSeq></word><word seq="19">ye may stand<GreekSeq>18</GreekSeq></word><word seq="20">perfect<GreekSeq>19</GreekSeq></word><word seq="21">and<GreekSeq>20</GreekSeq></word><word seq="22">fully assured<GreekSeq>21</GreekSeq></word><word seq="23">in<GreekSeq>22</GreekSeq></word><word seq="24">all<GreekSeq>23</GreekSeq></word><word seq="25">the will<GreekSeq>24</GreekSeq></word><word seq="26">of God.<GreekSeq>26</GreekSeq></word></ASV></verse>
<verse number="13"><ASV><word seq="1">For<GreekSeq>2</GreekSeq></word><word seq="2">I bear<GreekSeq>1</GreekSeq></word><word seq="3">him<GreekSeq>3</GreekSeq></word><word seq="4">witness,<GreekSeq>1</GreekSeq></word><word seq="5">that<GreekSeq>4</GreekSeq></word><word seq="6">he hath<GreekSeq>5</GreekSeq></word><word seq="7">much<GreekSeq>6</GreekSeq></word><word seq="8">labor<GreekSeq>7</GreekSeq></word><word seq="9">for<GreekSeq>8</GreekSeq></word><word seq="10">you,<GreekSeq>9</GreekSeq></word><word seq="11">and<GreekSeq>10</GreekSeq></word><word seq="12">for them<GreekSeq>11</GreekSeq></word><word seq="13">in<GreekSeq>12</GreekSeq></word><word seq="14">Laodicea,<GreekSeq>13</GreekSeq></word><word seq="15">and<GreekSeq>14</GreekSeq></word><word seq="16">for them<GreekSeq>15</GreekSeq></word><word seq="17">in<GreekSeq>16</GreekSeq></word><word seq="18">Hierapolis.<GreekSeq>17</GreekSeq></word></ASV></verse>
<verse number="14"><ASV><word seq="1">Luke,<GreekSeq>3</GreekSeq></word><word seq="2">the<GreekSeq>4</GreekSeq></word><word seq="3">beloved<GreekSeq>7</GreekSeq></word><word seq="4">physician,<GreekSeq>5</GreekSeq></word><word seq="5">and<GreekSeq>8</GreekSeq></word><word seq="6">Demas<GreekSeq>9</GreekSeq></word><word seq="7">salute<GreekSeq>1</GreekSeq></word><word seq="8">you.<GreekSeq>2</GreekSeq></word></ASV></verse>
<verse number="15"><ASV><word seq="1">Salute<GreekSeq>1</GreekSeq></word><word seq="2">the<GreekSeq>2</GreekSeq></word><word seq="3">brethren<GreekSeq>5</GreekSeq></word><word seq="4">that are</word><word seq="5">in<GreekSeq>3</GreekSeq></word><word seq="6">Laodicea,<GreekSeq>4</GreekSeq></word><word seq="7">and<GreekSeq>6</GreekSeq></word><word seq="8">Nymphas,<GreekSeq>7</GreekSeq></word><word seq="9">and<GreekSeq>8</GreekSeq></word><word seq="10">the<GreekSeq>9</GreekSeq></word><word seq="11">church<GreekSeq>13</GreekSeq></word><word seq="12">that is</word><word seq="13">in<GreekSeq>10</GreekSeq></word><word seq="14">their<GreekSeq>12</GreekSeq></word><word seq="15">house.<GreekSeq>11</GreekSeq></word></ASV></verse>
<verse number="16"><ASV><word seq="1">And<GreekSeq>1</GreekSeq></word><word seq="2">when<GreekSeq>2</GreekSeq></word><word seq="3">this<GreekSeq>6</GreekSeq></word><word seq="4">epistle<GreekSeq>7</GreekSeq></word><word seq="5">hath been read<GreekSeq>3</GreekSeq></word><word seq="6">among<GreekSeq>4</GreekSeq></word><word seq="7">you,<GreekSeq>5</GreekSeq></word><word seq="8">cause<GreekSeq>8</GreekSeq></word><word seq="9">that<GreekSeq>9</GreekSeq></word><word seq="10">it be read<GreekSeq>15</GreekSeq></word><word seq="11">also<GreekSeq>10</GreekSeq></word><word seq="12">in<GreekSeq>11</GreekSeq></word><word seq="13">the<GreekSeq>12</GreekSeq></word><word seq="14">church<GreekSeq>14</GreekSeq></word><word seq="15">of the Laodiceans;<GreekSeq>13</GreekSeq></word><word seq="16">and<GreekSeq>16</GreekSeq></word><word seq="17">that<GreekSeq>20</GreekSeq></word><word seq="18">ye<GreekSeq>22</GreekSeq></word><word seq="19">also<GreekSeq>21</GreekSeq></word><word seq="20">read<GreekSeq>23</GreekSeq></word><word seq="21">the [epistle]<GreekSeq>17</GreekSeq></word><word seq="22">from<GreekSeq>18</GreekSeq></word><word seq="23">Laodicea.<GreekSeq>19</GreekSeq></word></ASV></verse>
<verse number="17"><ASV><word seq="1">And<GreekSeq>1</GreekSeq></word><word seq="2">say<GreekSeq>2</GreekSeq></word><word seq="3">to Archippus,<GreekSeq>3</GreekSeq></word><word seq="4">Take heed<GreekSeq>4</GreekSeq></word><word seq="5">to the<GreekSeq>5</GreekSeq></word><word seq="6">ministry<GreekSeq>6</GreekSeq></word><word seq="7">which<GreekSeq>7</GreekSeq></word><word seq="8">thou hast received<GreekSeq>8</GreekSeq></word><word seq="9">in<GreekSeq>9</GreekSeq></word><word seq="10">the Lord,<GreekSeq>10</GreekSeq></word><word seq="11">that<GreekSeq>11</GreekSeq></word><word seq="12">thou fulfil<GreekSeq>13</GreekSeq></word><word seq="13">it.<GreekSeq>12</GreekSeq></word></ASV></verse>
<verse number="18"><ASV><word seq="1">The<GreekSeq>1</GreekSeq></word><word seq="2">salutation<GreekSeq>2</GreekSeq></word><word seq="3">of me</word><word seq="4">Paul<GreekSeq>6</GreekSeq></word><word seq="5">with<GreekSeq>5</GreekSeq></word><word seq="6">mine own<GreekSeq>4</GreekSeq></word><word seq="7">hand.<GreekSeq>5</GreekSeq></word><word seq="8">Remember<GreekSeq>7</GreekSeq></word><word seq="9">my<GreekSeq>8</GreekSeq></word><word seq="10">bonds.<GreekSeq>10</GreekSeq></word><word seq="11">Grace<GreekSeq>12</GreekSeq></word><word seq="12">be</word><word seq="13">with<GreekSeq>13</GreekSeq></word><word seq="14">you.<GreekSeq>14</GreekSeq></word></ASV></verse>
</chapter></book>