<?xml version="1.0" encoding="UTF-8" standalone="no"?><book><chapter number="6">
<verse number="1"><ASV><word seq="1">Children,<GreekSeq>2</GreekSeq></word><word seq="2">obey<GreekSeq>3</GreekSeq></word><word seq="3">your<GreekSeq>6</GreekSeq></word><word seq="4">parents<GreekSeq>5</GreekSeq></word><word seq="5">in<GreekSeq>7</GreekSeq></word><word seq="6">the Lord:<GreekSeq>8</GreekSeq></word><word seq="7">for<GreekSeq>10</GreekSeq></word><word seq="8">this<GreekSeq>9</GreekSeq></word><word seq="9">is<GreekSeq>11</GreekSeq></word><word seq="10">right.<GreekSeq>12</GreekSeq></word></ASV></verse>
<verse number="2"><ASV><word seq="1">Honor<GreekSeq>1</GreekSeq></word><word seq="2">thy<GreekSeq>4</GreekSeq></word><word seq="3">father<GreekSeq>3</GreekSeq></word><word seq="4">and<GreekSeq>5</GreekSeq></word><word seq="5">mother<GreekSeq>7</GreekSeq></word><word seq="6">(which<GreekSeq>8</GreekSeq></word><word seq="7">is<GreekSeq>9</GreekSeq></word><word seq="8">the</word><word seq="9">first<GreekSeq>11</GreekSeq></word><word seq="10">commandment<GreekSeq>10</GreekSeq></word><word seq="11">with<GreekSeq>12</GreekSeq></word><word seq="12">promise),<GreekSeq>13</GreekSeq></word></ASV></verse>
<verse number="3"><ASV><word seq="1">that<GreekSeq>1</GreekSeq></word><word seq="2">it may be<GreekSeq>4</GreekSeq></word><word seq="3">well<GreekSeq>2</GreekSeq></word><word seq="4">with thee,<GreekSeq>3</GreekSeq></word><word seq="5">and<GreekSeq>5</GreekSeq></word><word seq="6">thou mayest<GreekSeq>6</GreekSeq></word><word seq="7">live long<GreekSeq>7</GreekSeq></word><word seq="8">on<GreekSeq>8</GreekSeq></word><word seq="9">the<GreekSeq>9</GreekSeq></word><word seq="10">earth.<GreekSeq>10</GreekSeq></word></ASV></verse>
<verse number="4"><ASV><word seq="1">And,<GreekSeq>1</GreekSeq></word><word seq="2">ye<GreekSeq>5</GreekSeq></word><word seq="3">fathers,<GreekSeq>3</GreekSeq></word><word seq="4">provoke<GreekSeq>5</GreekSeq></word><word seq="5">not<GreekSeq>4</GreekSeq></word><word seq="6">your<GreekSeq>8</GreekSeq></word><word seq="7">children<GreekSeq>7</GreekSeq></word><word seq="8">to wrath:<GreekSeq>5</GreekSeq></word><word seq="9">but<GreekSeq>9</GreekSeq></word><word seq="10">nurture<GreekSeq>10</GreekSeq></word><word seq="11">them<GreekSeq>11</GreekSeq></word><word seq="12">in<GreekSeq>12</GreekSeq></word><word seq="13">the chastening<GreekSeq>13</GreekSeq></word><word seq="14">and<GreekSeq>14</GreekSeq></word><word seq="15">admonition<GreekSeq>15</GreekSeq></word><word seq="16">of the Lord.<GreekSeq>16</GreekSeq></word></ASV></verse>
<verse number="5"><ASV><word seq="1">Servants,<GreekSeq>2</GreekSeq></word><word seq="2">be obedient<GreekSeq>3</GreekSeq></word><word seq="3">unto them<GreekSeq>4</GreekSeq></word><word seq="4">that</word><word seq="5">according to<GreekSeq>5</GreekSeq></word><word seq="6">the flesh<GreekSeq>6</GreekSeq></word><word seq="7">are your</word><word seq="8">masters,<GreekSeq>7</GreekSeq></word><word seq="9">with<GreekSeq>8</GreekSeq></word><word seq="10">fear<GreekSeq>9</GreekSeq></word><word seq="11">and<GreekSeq>10</GreekSeq></word><word seq="12">trembling,<GreekSeq>11</GreekSeq></word><word seq="13">in<GreekSeq>12</GreekSeq></word><word seq="14">singleness<GreekSeq>13</GreekSeq></word><word seq="15">of<GreekSeq>15</GreekSeq></word><word seq="16">your<GreekSeq>16</GreekSeq></word><word seq="17">heart,<GreekSeq>15</GreekSeq></word><word seq="18">as<GreekSeq>17</GreekSeq></word><word seq="19">unto Christ;<GreekSeq>19</GreekSeq></word></ASV></verse>
<verse number="6"><ASV><word seq="1">not<GreekSeq>1</GreekSeq></word><word seq="2">in the way of<GreekSeq>2</GreekSeq></word><word seq="3">eyeservice,<GreekSeq>3</GreekSeq></word><word seq="4">as<GreekSeq>4</GreekSeq></word><word seq="5">men-pleasers;<GreekSeq>5</GreekSeq></word><word seq="6">but<GreekSeq>6</GreekSeq></word><word seq="7">as<GreekSeq>7</GreekSeq></word><word seq="8">servants<GreekSeq>8</GreekSeq></word><word seq="9">of Christ,<GreekSeq>9</GreekSeq></word><word seq="10">doing<GreekSeq>10</GreekSeq></word><word seq="11">the<GreekSeq>11</GreekSeq></word><word seq="12">will<GreekSeq>12</GreekSeq></word><word seq="13">of God<GreekSeq>14</GreekSeq></word><word seq="14">from<GreekSeq>15</GreekSeq></word><word seq="15">[the heart];<GreekSeq>16</GreekSeq></word></ASV></verse>
<verse number="7"><ASV><word seq="1">with<GreekSeq>1</GreekSeq></word><word seq="2">good will<GreekSeq>2</GreekSeq></word><word seq="3">doing service,<GreekSeq>3</GreekSeq></word><word seq="4">as<GreekSeq>4</GreekSeq></word><word seq="5">unto the<GreekSeq>5</GreekSeq></word><word seq="6">Lord,<GreekSeq>6</GreekSeq></word><word seq="7">and<GreekSeq>7</GreekSeq></word><word seq="8">not<GreekSeq>8</GreekSeq></word><word seq="9">unto men:<GreekSeq>9</GreekSeq></word></ASV></verse>
<verse number="8"><ASV><word seq="1">knowing<GreekSeq>1</GreekSeq></word><word seq="2">that<GreekSeq>2</GreekSeq></word><word seq="3">whatsoever<GreekSeq>4</GreekSeq><GreekSeq>5</GreekSeq></word><word seq="4">good thing<GreekSeq>7</GreekSeq></word><word seq="5">each one<GreekSeq>3</GreekSeq></word><word seq="6">doeth,<GreekSeq>6</GreekSeq></word><word seq="7">the same<GreekSeq>8</GreekSeq></word><word seq="8">shall he receive again<GreekSeq>9</GreekSeq></word><word seq="9">from<GreekSeq>10</GreekSeq></word><word seq="10">the Lord,<GreekSeq>11</GreekSeq></word><word seq="11">whether<GreekSeq>12</GreekSeq></word><word seq="12">he be</word><word seq="13">bond<GreekSeq>13</GreekSeq></word><word seq="14">or<GreekSeq>14</GreekSeq></word><word seq="15">free.<GreekSeq>15</GreekSeq></word></ASV></verse>
<verse number="9"><ASV><word seq="1">And,<GreekSeq>1</GreekSeq></word><word seq="2">ye<GreekSeq>6</GreekSeq></word><word seq="3">masters,<GreekSeq>3</GreekSeq></word><word seq="4">do<GreekSeq>6</GreekSeq></word><word seq="5">the<GreekSeq>4</GreekSeq></word><word seq="6">same things<GreekSeq>5</GreekSeq></word><word seq="7">unto<GreekSeq>7</GreekSeq></word><word seq="8">them,<GreekSeq>8</GreekSeq></word><word seq="9">and</word><word seq="10">forbear<GreekSeq>9</GreekSeq></word><word seq="11">threatening:<GreekSeq>11</GreekSeq></word><word seq="12">knowing<GreekSeq>12</GreekSeq></word><word seq="13">that<GreekSeq>13</GreekSeq></word><word seq="14">he who is</word><word seq="15">both<GreekSeq>14</GreekSeq></word><word seq="16">their<GreekSeq>15</GreekSeq></word><word seq="17">Master<GreekSeq>19</GreekSeq></word><word seq="18">and<GreekSeq>16</GreekSeq></word><word seq="19">yours<GreekSeq>17</GreekSeq></word><word seq="20">is<GreekSeq>20</GreekSeq></word><word seq="21">in<GreekSeq>21</GreekSeq></word><word seq="22">heaven,<GreekSeq>22</GreekSeq></word><word seq="23">and<GreekSeq>23</GreekSeq></word><word seq="24">there is<GreekSeq>26</GreekSeq></word><word seq="25">no<GreekSeq>25</GreekSeq></word><word seq="26">respect of persons<GreekSeq>24</GreekSeq></word><word seq="27">with<GreekSeq>27</GreekSeq></word><word seq="28">him.<GreekSeq>28</GreekSeq></word></ASV></verse>
<verse number="10"><ASV><word seq="1">Finally,<GreekSeq>1</GreekSeq><GreekSeq>2</GreekSeq></word><word seq="2">be strong<GreekSeq>3</GreekSeq></word><word seq="3">in<GreekSeq>4</GreekSeq></word><word seq="4">the Lord,<GreekSeq>5</GreekSeq></word><word seq="5">and<GreekSeq>6</GreekSeq></word><word seq="6">in<GreekSeq>7</GreekSeq></word><word seq="7">the<GreekSeq>8</GreekSeq></word><word seq="8">strength<GreekSeq>9</GreekSeq></word><word seq="9">of<GreekSeq>11</GreekSeq></word><word seq="10">his<GreekSeq>12</GreekSeq></word><word seq="11">might.<GreekSeq>11</GreekSeq></word></ASV></verse>
<verse number="11"><ASV><word seq="1">Put on<GreekSeq>1</GreekSeq></word><word seq="2">the<GreekSeq>2</GreekSeq></word><word seq="3">whole armor<GreekSeq>3</GreekSeq></word><word seq="4">of God,<GreekSeq>5</GreekSeq></word><word seq="5">that<GreekSeq>6</GreekSeq><GreekSeq>7</GreekSeq></word><word seq="6">ye<GreekSeq>9</GreekSeq></word><word seq="7">may be able<GreekSeq>8</GreekSeq></word><word seq="8">to stand<GreekSeq>10</GreekSeq></word><word seq="9">against<GreekSeq>11</GreekSeq></word><word seq="10">the<GreekSeq>12</GreekSeq></word><word seq="11">wiles<GreekSeq>13</GreekSeq></word><word seq="12">of the<GreekSeq>14</GreekSeq></word><word seq="13">devil.<GreekSeq>15</GreekSeq></word></ASV></verse>
<verse number="12"><ASV><word seq="1">For<GreekSeq>1</GreekSeq></word><word seq="2">our<GreekSeq>4</GreekSeq></word><word seq="3">wrestling<GreekSeq>6</GreekSeq></word><word seq="4">is<GreekSeq>3</GreekSeq></word><word seq="5">not<GreekSeq>2</GreekSeq></word><word seq="6">against<GreekSeq>7</GreekSeq></word><word seq="7">flesh<GreekSeq>10</GreekSeq></word><word seq="8">and<GreekSeq>9</GreekSeq></word><word seq="9">blood,<GreekSeq>8</GreekSeq></word><word seq="10">but<GreekSeq>11</GreekSeq></word><word seq="11">against<GreekSeq>12</GreekSeq></word><word seq="12">the<GreekSeq>13</GreekSeq></word><word seq="13">principalities,<GreekSeq>14</GreekSeq></word><word seq="14">against<GreekSeq>15</GreekSeq></word><word seq="15">the<GreekSeq>16</GreekSeq></word><word seq="16">powers,<GreekSeq>17</GreekSeq></word><word seq="17">against<GreekSeq>18</GreekSeq></word><word seq="18">the<GreekSeq>19</GreekSeq></word><word seq="19">world-rulers<GreekSeq>20</GreekSeq></word><word seq="20">of this<GreekSeq>23</GreekSeq></word><word seq="21">darkness,<GreekSeq>22</GreekSeq></word><word seq="22">against<GreekSeq>24</GreekSeq></word><word seq="23">the<GreekSeq>25</GreekSeq></word><word seq="24">spiritual<GreekSeq>26</GreekSeq></word><word seq="25">hosts</word><word seq="26">of wickedness<GreekSeq>28</GreekSeq></word><word seq="27">in<GreekSeq>29</GreekSeq></word><word seq="28">the<GreekSeq>30</GreekSeq></word><word seq="29">heavenly [places].<GreekSeq>31</GreekSeq></word></ASV></verse>
<verse number="13"><ASV><word seq="1">Wherefore<GreekSeq>1</GreekSeq><GreekSeq>2</GreekSeq></word><word seq="2">take up<GreekSeq>3</GreekSeq></word><word seq="3">the<GreekSeq>4</GreekSeq></word><word seq="4">whole armor<GreekSeq>5</GreekSeq></word><word seq="5">of God,<GreekSeq>7</GreekSeq></word><word seq="6">that<GreekSeq>8</GreekSeq></word><word seq="7">ye may be able<GreekSeq>9</GreekSeq></word><word seq="8">to withstand<GreekSeq>10</GreekSeq></word><word seq="9">in<GreekSeq>11</GreekSeq></word><word seq="10">the<GreekSeq>12</GreekSeq></word><word seq="11">evil<GreekSeq>15</GreekSeq></word><word seq="12">day,<GreekSeq>13</GreekSeq></word><word seq="13">and,<GreekSeq>16</GreekSeq></word><word seq="14">having done<GreekSeq>18</GreekSeq></word><word seq="15">all,<GreekSeq>17</GreekSeq></word><word seq="16">to stand.<GreekSeq>19</GreekSeq></word></ASV></verse>
<verse number="14"><ASV><word seq="1">Stand<GreekSeq>1</GreekSeq></word><word seq="2">therefore,<GreekSeq>2</GreekSeq></word><word seq="3">having girded<GreekSeq>3</GreekSeq></word><word seq="4">your<GreekSeq>6</GreekSeq></word><word seq="5">loins<GreekSeq>5</GreekSeq></word><word seq="6">with<GreekSeq>7</GreekSeq></word><word seq="7">truth,<GreekSeq>8</GreekSeq></word><word seq="8">and<GreekSeq>9</GreekSeq></word><word seq="9">having put on<GreekSeq>10</GreekSeq></word><word seq="10">the<GreekSeq>11</GreekSeq></word><word seq="11">breastplate<GreekSeq>12</GreekSeq></word><word seq="12">of righteousness,<GreekSeq>14</GreekSeq></word></ASV></verse>
<verse number="15"><ASV><word seq="1">and<GreekSeq>1</GreekSeq></word><word seq="2">having shod<GreekSeq>2</GreekSeq></word><word seq="3">[your] feet<GreekSeq>4</GreekSeq></word><word seq="4">with<GreekSeq>5</GreekSeq></word><word seq="5">the preparation<GreekSeq>6</GreekSeq></word><word seq="6">of the<GreekSeq>7</GreekSeq></word><word seq="7">gospel<GreekSeq>8</GreekSeq></word><word seq="8">of peace;<GreekSeq>10</GreekSeq></word></ASV></verse>
<verse number="16"><ASV><word seq="1">withal<GreekSeq>1</GreekSeq><GreekSeq>2</GreekSeq></word><word seq="2">taking up<GreekSeq>3</GreekSeq></word><word seq="3">the<GreekSeq>4</GreekSeq></word><word seq="4">shield<GreekSeq>5</GreekSeq></word><word seq="5">of faith,<GreekSeq>7</GreekSeq></word><word seq="6">wherewith<GreekSeq>8</GreekSeq><GreekSeq>9</GreekSeq></word><word seq="7">ye shall be able<GreekSeq>10</GreekSeq></word><word seq="8">to quench<GreekSeq>18</GreekSeq></word><word seq="9">all<GreekSeq>11</GreekSeq></word><word seq="10">the<GreekSeq>12</GreekSeq></word><word seq="11">fiery<GreekSeq>17</GreekSeq></word><word seq="12">darts<GreekSeq>13</GreekSeq></word><word seq="13">of the<GreekSeq>14</GreekSeq></word><word seq="14">evil [one].<GreekSeq>15</GreekSeq></word></ASV></verse>
<verse number="17"><ASV><word seq="1">And<GreekSeq>1</GreekSeq></word><word seq="2">take<GreekSeq>6</GreekSeq></word><word seq="3">the<GreekSeq>2</GreekSeq></word><word seq="4">helmet<GreekSeq>3</GreekSeq></word><word seq="5">of salvation,<GreekSeq>5</GreekSeq></word><word seq="6">and<GreekSeq>7</GreekSeq></word><word seq="7">the<GreekSeq>8</GreekSeq></word><word seq="8">sword<GreekSeq>9</GreekSeq></word><word seq="9">of the<GreekSeq>10</GreekSeq></word><word seq="10">Spirit,<GreekSeq>11</GreekSeq></word><word seq="11">which<GreekSeq>12</GreekSeq></word><word seq="12">is<GreekSeq>13</GreekSeq></word><word seq="13">the word<GreekSeq>14</GreekSeq></word><word seq="14">of God:<GreekSeq>15</GreekSeq></word></ASV></verse>
<verse number="18"><ASV><word seq="1">with<GreekSeq>1</GreekSeq></word><word seq="2">all<GreekSeq>2</GreekSeq></word><word seq="3">prayer<GreekSeq>3</GreekSeq></word><word seq="4">and<GreekSeq>4</GreekSeq></word><word seq="5">supplication<GreekSeq>5</GreekSeq></word><word seq="6">praying<GreekSeq>6</GreekSeq></word><word seq="7">at<GreekSeq>7</GreekSeq></word><word seq="8">all<GreekSeq>8</GreekSeq></word><word seq="9">seasons<GreekSeq>9</GreekSeq></word><word seq="10">in<GreekSeq>10</GreekSeq></word><word seq="11">the Spirit,<GreekSeq>11</GreekSeq></word><word seq="12">and<GreekSeq>12</GreekSeq></word><word seq="13">watching<GreekSeq>15</GreekSeq></word><word seq="14">thereunto<GreekSeq>13</GreekSeq><GreekSeq>14</GreekSeq></word><word seq="15">in<GreekSeq>16</GreekSeq></word><word seq="16">all<GreekSeq>17</GreekSeq></word><word seq="17">perseverance<GreekSeq>18</GreekSeq></word><word seq="18">and<GreekSeq>19</GreekSeq></word><word seq="19">supplication<GreekSeq>20</GreekSeq></word><word seq="20">for<GreekSeq>21</GreekSeq></word><word seq="21">all<GreekSeq>22</GreekSeq></word><word seq="22">the<GreekSeq>23</GreekSeq></word><word seq="23">saints,<GreekSeq>24</GreekSeq></word></ASV></verse>
<verse number="19"><ASV><word seq="1">and<GreekSeq>1</GreekSeq></word><word seq="2">on<GreekSeq>2</GreekSeq></word><word seq="3">my<GreekSeq>3</GreekSeq></word><word seq="4">behalf,<GreekSeq>2</GreekSeq></word><word seq="5">that<GreekSeq>4</GreekSeq></word><word seq="6">utterance<GreekSeq>7</GreekSeq></word><word seq="7">may be given<GreekSeq>6</GreekSeq></word><word seq="8">unto me<GreekSeq>5</GreekSeq></word><word seq="9">in<GreekSeq>8</GreekSeq></word><word seq="10">opening<GreekSeq>9</GreekSeq></word><word seq="11">my<GreekSeq>12</GreekSeq></word><word seq="12">mouth,<GreekSeq>11</GreekSeq></word><word seq="13">to make known<GreekSeq>15</GreekSeq></word><word seq="14">with<GreekSeq>13</GreekSeq></word><word seq="15">boldness<GreekSeq>14</GreekSeq></word><word seq="16">the<GreekSeq>16</GreekSeq></word><word seq="17">mystery<GreekSeq>17</GreekSeq></word><word seq="18">of the<GreekSeq>18</GreekSeq></word><word seq="19">gospel,<GreekSeq>19</GreekSeq></word></ASV></verse>
<verse number="20"><ASV><word seq="1">for<GreekSeq>1</GreekSeq></word><word seq="2">which<GreekSeq>2</GreekSeq></word><word seq="3">I am an ambassador<GreekSeq>3</GreekSeq></word><word seq="4">in<GreekSeq>4</GreekSeq></word><word seq="5">chains;<GreekSeq>5</GreekSeq></word><word seq="6">that<GreekSeq>6</GreekSeq></word><word seq="7">in<GreekSeq>7</GreekSeq></word><word seq="8">it<GreekSeq>8</GreekSeq></word><word seq="9">I may [speak] boldly,<GreekSeq>9</GreekSeq></word><word seq="10">as<GreekSeq>10</GreekSeq></word><word seq="11">I<GreekSeq>12</GreekSeq></word><word seq="12">ought<GreekSeq>11</GreekSeq></word><word seq="13">to speak.<GreekSeq>13</GreekSeq></word></ASV></verse>
<verse number="21"><ASV><word seq="1">But<GreekSeq>2</GreekSeq></word><word seq="2">that<GreekSeq>1</GreekSeq></word><word seq="3">ye<GreekSeq>5</GreekSeq></word><word seq="4">also<GreekSeq>4</GreekSeq></word><word seq="5">may know<GreekSeq>3</GreekSeq></word><word seq="6">my affairs,<GreekSeq>6</GreekSeq><GreekSeq>7</GreekSeq><GreekSeq>8</GreekSeq></word><word seq="7">how<GreekSeq>9</GreekSeq></word><word seq="8">I do,<GreekSeq>10</GreekSeq></word><word seq="9">Tychicus,<GreekSeq>14</GreekSeq></word><word seq="10">the<GreekSeq>15</GreekSeq></word><word seq="11">beloved<GreekSeq>16</GreekSeq></word><word seq="12">brother<GreekSeq>17</GreekSeq></word><word seq="13">and<GreekSeq>18</GreekSeq></word><word seq="14">faithful<GreekSeq>19</GreekSeq></word><word seq="15">minister<GreekSeq>20</GreekSeq></word><word seq="16">in<GreekSeq>21</GreekSeq></word><word seq="17">the Lord,<GreekSeq>22</GreekSeq></word><word seq="18">shall make known<GreekSeq>12</GreekSeq></word><word seq="19">to you<GreekSeq>13</GreekSeq></word><word seq="20">all things:<GreekSeq>11</GreekSeq></word></ASV></verse>
<verse number="22"><ASV><word seq="1">whom<GreekSeq>1</GreekSeq></word><word seq="2">I have sent<GreekSeq>2</GreekSeq></word><word seq="3">unto<GreekSeq>3</GreekSeq></word><word seq="4">you<GreekSeq>4</GreekSeq></word><word seq="5">for<GreekSeq>5</GreekSeq></word><word seq="6">this<GreekSeq>7</GreekSeq></word><word seq="7">[very purpose],<GreekSeq>6</GreekSeq></word><word seq="8">that<GreekSeq>8</GreekSeq></word><word seq="9">ye may know<GreekSeq>9</GreekSeq></word><word seq="10">our state,<GreekSeq>10</GreekSeq><GreekSeq>11</GreekSeq><GreekSeq>12</GreekSeq></word><word seq="11">and<GreekSeq>13</GreekSeq></word><word seq="12">that</word><word seq="13">he may comfort<GreekSeq>14</GreekSeq></word><word seq="14">your<GreekSeq>17</GreekSeq></word><word seq="15">hearts.<GreekSeq>16</GreekSeq></word></ASV></verse>
<verse number="23"><ASV><word seq="1">Peace<GreekSeq>1</GreekSeq></word><word seq="2">be</word><word seq="3">to the<GreekSeq>2</GreekSeq></word><word seq="4">brethren,<GreekSeq>3</GreekSeq></word><word seq="5">and<GreekSeq>4</GreekSeq></word><word seq="6">love<GreekSeq>5</GreekSeq></word><word seq="7">with<GreekSeq>6</GreekSeq></word><word seq="8">faith,<GreekSeq>7</GreekSeq></word><word seq="9">from<GreekSeq>8</GreekSeq></word><word seq="10">God<GreekSeq>9</GreekSeq></word><word seq="11">the Father<GreekSeq>10</GreekSeq></word><word seq="12">and<GreekSeq>11</GreekSeq></word><word seq="13">the Lord<GreekSeq>12</GreekSeq></word><word seq="14">Jesus<GreekSeq>13</GreekSeq></word><word seq="15">Christ.<GreekSeq>14</GreekSeq></word></ASV></verse>
<verse number="24"><ASV><word seq="1">Grace<GreekSeq>2</GreekSeq></word><word seq="2">be</word><word seq="3">with<GreekSeq>3</GreekSeq></word><word seq="4">all<GreekSeq>4</GreekSeq></word><word seq="5">them<GreekSeq>5</GreekSeq></word><word seq="6">that love<GreekSeq>6</GreekSeq></word><word seq="7">our<GreekSeq>9</GreekSeq></word><word seq="8">Lord<GreekSeq>8</GreekSeq></word><word seq="9">Jesus<GreekSeq>10</GreekSeq></word><word seq="10">Christ<GreekSeq>11</GreekSeq></word><word seq="11">with<GreekSeq>12</GreekSeq></word><word seq="12">a love</word><word seq="13">incorruptible.<GreekSeq>13</GreekSeq></word></ASV></verse>
</chapter></book>