<?xml version="1.0" encoding="UTF-8" standalone="no"?><book><chapter number="5">
<verse number="1"><ASV><word seq="1">Be ye<GreekSeq>1</GreekSeq></word><word seq="2">therefore<GreekSeq>2</GreekSeq></word><word seq="3">imitators<GreekSeq>3</GreekSeq></word><word seq="4">of God,<GreekSeq>5</GreekSeq></word><word seq="5">as<GreekSeq>6</GreekSeq></word><word seq="6">beloved<GreekSeq>8</GreekSeq></word><word seq="7">children;<GreekSeq>7</GreekSeq></word></ASV></verse>
<verse number="2"><ASV><word seq="1">and<GreekSeq>1</GreekSeq></word><word seq="2">walk<GreekSeq>2</GreekSeq></word><word seq="3">in<GreekSeq>3</GreekSeq></word><word seq="4">love,<GreekSeq>4</GreekSeq></word><word seq="5">even as<GreekSeq>5</GreekSeq></word><word seq="6">Christ<GreekSeq>8</GreekSeq></word><word seq="7">also<GreekSeq>6</GreekSeq></word><word seq="8">loved<GreekSeq>9</GreekSeq></word><word seq="9">you,<GreekSeq>10</GreekSeq></word><word seq="10">and<GreekSeq>11</GreekSeq></word><word seq="11">gave<GreekSeq>12</GreekSeq></word><word seq="12">himself<GreekSeq>13</GreekSeq></word><word seq="13">up<GreekSeq>12</GreekSeq></word><word seq="14">for<GreekSeq>14</GreekSeq></word><word seq="15">us,<GreekSeq>15</GreekSeq></word><word seq="16">an offering<GreekSeq>16</GreekSeq></word><word seq="17">and<GreekSeq>17</GreekSeq></word><word seq="18">a sacrifice<GreekSeq>18</GreekSeq></word><word seq="19">to God<GreekSeq>20</GreekSeq></word><word seq="20">for<GreekSeq>21</GreekSeq></word><word seq="21">an odor<GreekSeq>22</GreekSeq></word><word seq="22">of a sweet<GreekSeq>23</GreekSeq></word><word seq="23">smell.<GreekSeq>22</GreekSeq></word></ASV></verse>
<verse number="3"><ASV><word seq="1">But<GreekSeq>2</GreekSeq></word><word seq="2">fornication,<GreekSeq>1</GreekSeq></word><word seq="3">and<GreekSeq>3</GreekSeq></word><word seq="4">all<GreekSeq>5</GreekSeq></word><word seq="5">uncleanness,<GreekSeq>4</GreekSeq></word><word seq="6">or<GreekSeq>6</GreekSeq></word><word seq="7">covetousness,<GreekSeq>7</GreekSeq></word><word seq="8">let it<GreekSeq>9</GreekSeq></word><word seq="9">not even<GreekSeq>8</GreekSeq></word><word seq="10">be named<GreekSeq>9</GreekSeq></word><word seq="11">among<GreekSeq>10</GreekSeq></word><word seq="12">you,<GreekSeq>11</GreekSeq></word><word seq="13">as<GreekSeq>12</GreekSeq></word><word seq="14">becometh<GreekSeq>13</GreekSeq></word><word seq="15">saints;<GreekSeq>14</GreekSeq></word></ASV></verse>
<verse number="4"><ASV><word seq="1">nor<GreekSeq>1</GreekSeq></word><word seq="2">filthiness,<GreekSeq>2</GreekSeq></word><word seq="3">nor<GreekSeq>3</GreekSeq></word><word seq="4">foolish talking,<GreekSeq>4</GreekSeq></word><word seq="5">or<GreekSeq>5</GreekSeq></word><word seq="6">jesting,<GreekSeq>6</GreekSeq></word><word seq="7">which<GreekSeq>7</GreekSeq></word><word seq="8">are<GreekSeq>9</GreekSeq></word><word seq="9">not<GreekSeq>8</GreekSeq></word><word seq="10">befitting:<GreekSeq>9</GreekSeq></word><word seq="11">but<GreekSeq>10</GreekSeq></word><word seq="12">rather<GreekSeq>11</GreekSeq></word><word seq="13">giving of thanks.<GreekSeq>12</GreekSeq></word></ASV></verse>
<verse number="5"><ASV><word seq="1">For<GreekSeq>2</GreekSeq></word><word seq="2">this<GreekSeq>1</GreekSeq></word><word seq="3">ye know<GreekSeq>3</GreekSeq></word><word seq="4">of a surety,<GreekSeq>4</GreekSeq></word><word seq="5">that<GreekSeq>5</GreekSeq></word><word seq="6">no<GreekSeq>6</GreekSeq><GreekSeq>15</GreekSeq></word><word seq="7">fornicator,<GreekSeq>7</GreekSeq></word><word seq="8">nor<GreekSeq>8</GreekSeq></word><word seq="9">unclean person,<GreekSeq>9</GreekSeq></word><word seq="10">nor<GreekSeq>10</GreekSeq></word><word seq="11">covetous man,<GreekSeq>11</GreekSeq></word><word seq="12">who<GreekSeq>12</GreekSeq></word><word seq="13">is<GreekSeq>13</GreekSeq></word><word seq="14">an idolater,<GreekSeq>14</GreekSeq></word><word seq="15">hath<GreekSeq>16</GreekSeq></word><word seq="16">any inheritance<GreekSeq>17</GreekSeq></word><word seq="17">in<GreekSeq>18</GreekSeq></word><word seq="18">the<GreekSeq>19</GreekSeq></word><word seq="19">kingdom<GreekSeq>20</GreekSeq></word><word seq="20">of Christ<GreekSeq>22</GreekSeq></word><word seq="21">and<GreekSeq>23</GreekSeq></word><word seq="22">God.<GreekSeq>24</GreekSeq></word></ASV></verse>
<verse number="6"><ASV><word seq="1">Let<GreekSeq>3</GreekSeq></word><word seq="2">no man<GreekSeq>1</GreekSeq></word><word seq="3">deceive<GreekSeq>3</GreekSeq></word><word seq="4">you<GreekSeq>2</GreekSeq></word><word seq="5">with empty<GreekSeq>4</GreekSeq></word><word seq="6">words:<GreekSeq>5</GreekSeq></word><word seq="7">for<GreekSeq>8</GreekSeq></word><word seq="8">because of<GreekSeq>6</GreekSeq></word><word seq="9">these things<GreekSeq>7</GreekSeq></word><word seq="10">cometh<GreekSeq>9</GreekSeq></word><word seq="11">the<GreekSeq>10</GreekSeq></word><word seq="12">wrath<GreekSeq>11</GreekSeq></word><word seq="13">of God<GreekSeq>13</GreekSeq></word><word seq="14">upon<GreekSeq>14</GreekSeq></word><word seq="15">the<GreekSeq>15</GreekSeq></word><word seq="16">sons<GreekSeq>16</GreekSeq></word><word seq="17">of disobedience.<GreekSeq>18</GreekSeq></word></ASV></verse>
<verse number="7"><ASV><word seq="1">Be<GreekSeq>3</GreekSeq></word><word seq="2">not<GreekSeq>1</GreekSeq></word><word seq="3">ye<GreekSeq>3</GreekSeq></word><word seq="4">therefore<GreekSeq>2</GreekSeq></word><word seq="5">partakers with<GreekSeq>4</GreekSeq></word><word seq="6">them;<GreekSeq>5</GreekSeq></word></ASV></verse>
<verse number="8"><ASV><word seq="1">For<GreekSeq>2</GreekSeq></word><word seq="2">ye were<GreekSeq>1</GreekSeq></word><word seq="3">once<GreekSeq>3</GreekSeq></word><word seq="4">darkness,<GreekSeq>4</GreekSeq></word><word seq="5">but<GreekSeq>6</GreekSeq></word><word seq="6">are</word><word seq="7">now<GreekSeq>5</GreekSeq></word><word seq="8">light<GreekSeq>7</GreekSeq></word><word seq="9">in<GreekSeq>8</GreekSeq></word><word seq="10">the Lord:<GreekSeq>9</GreekSeq></word><word seq="11">walk<GreekSeq>13</GreekSeq></word><word seq="12">as<GreekSeq>10</GreekSeq></word><word seq="13">children<GreekSeq>11</GreekSeq></word><word seq="14">of light<GreekSeq>12</GreekSeq></word></ASV></verse>
<verse number="9"><ASV><word seq="1">(for<GreekSeq>2</GreekSeq></word><word seq="2">the<GreekSeq>1</GreekSeq></word><word seq="3">fruit<GreekSeq>3</GreekSeq></word><word seq="4">of the<GreekSeq>4</GreekSeq></word><word seq="5">light<GreekSeq>5</GreekSeq></word><word seq="6">is</word><word seq="7">in<GreekSeq>6</GreekSeq></word><word seq="8">all<GreekSeq>7</GreekSeq></word><word seq="9">goodness<GreekSeq>8</GreekSeq></word><word seq="10">and<GreekSeq>9</GreekSeq></word><word seq="11">righteousness<GreekSeq>10</GreekSeq></word><word seq="12">and<GreekSeq>11</GreekSeq></word><word seq="13">truth),<GreekSeq>12</GreekSeq></word></ASV></verse>
<verse number="10"><ASV><word seq="1">proving<GreekSeq>1</GreekSeq></word><word seq="2">what<GreekSeq>2</GreekSeq></word><word seq="3">is<GreekSeq>3</GreekSeq></word><word seq="4">well-pleasing<GreekSeq>4</GreekSeq></word><word seq="5">unto the<GreekSeq>5</GreekSeq></word><word seq="6">Lord;<GreekSeq>6</GreekSeq></word></ASV></verse>
<verse number="11"><ASV><word seq="1">and<GreekSeq>1</GreekSeq></word><word seq="2">have<GreekSeq>3</GreekSeq></word><word seq="3">no<GreekSeq>2</GreekSeq></word><word seq="4">fellowship<GreekSeq>3</GreekSeq></word><word seq="5">with the<GreekSeq>4</GreekSeq></word><word seq="6">unfruitful<GreekSeq>7</GreekSeq></word><word seq="7">works<GreekSeq>5</GreekSeq></word><word seq="8">of darkness,<GreekSeq>9</GreekSeq></word><word seq="9">but<GreekSeq>11</GreekSeq></word><word seq="10">rather<GreekSeq>10</GreekSeq></word><word seq="11">even<GreekSeq>12</GreekSeq></word><word seq="12">reprove<GreekSeq>13</GreekSeq></word><word seq="13">them;</word></ASV></verse>
<verse number="12"><ASV><word seq="1">for<GreekSeq>2</GreekSeq></word><word seq="2">the things<GreekSeq>1</GreekSeq></word><word seq="3">which are done<GreekSeq>4</GreekSeq></word><word seq="4">by<GreekSeq>5</GreekSeq></word><word seq="5">them<GreekSeq>6</GreekSeq></word><word seq="6">in secret<GreekSeq>3</GreekSeq></word><word seq="7">it is<GreekSeq>8</GreekSeq></word><word seq="8">a shame<GreekSeq>7</GreekSeq></word><word seq="9">even<GreekSeq>9</GreekSeq></word><word seq="10">to speak of.<GreekSeq>10</GreekSeq></word></ASV></verse>
<verse number="13"><ASV><word seq="1">But<GreekSeq>2</GreekSeq></word><word seq="2">all<GreekSeq>3</GreekSeq></word><word seq="3">things<GreekSeq>1</GreekSeq></word><word seq="4">when they are reproved<GreekSeq>4</GreekSeq></word><word seq="5">are made manifest<GreekSeq>8</GreekSeq></word><word seq="6">by<GreekSeq>5</GreekSeq></word><word seq="7">the<GreekSeq>6</GreekSeq></word><word seq="8">light:<GreekSeq>7</GreekSeq></word><word seq="9" note="see next verse">for everything that is made manifest is light.</word></ASV></verse>
<verse number="14"><ASV><word seq="1" note="from previous verse">for<GreekSeq>2</GreekSeq></word><word seq="2" note="from previous verse">everything<GreekSeq>1</GreekSeq><GreekSeq>3</GreekSeq></word><word seq="3" note="from previous verse">that is made manifest<GreekSeq>4</GreekSeq></word><word seq="4" note="from previous verse">is<GreekSeq>6</GreekSeq></word><word seq="5" note="from previous verse">light.<GreekSeq>5</GreekSeq></word><word seq="6">Wherefore<GreekSeq>7</GreekSeq></word><word seq="7">he saith,<GreekSeq>8</GreekSeq></word><word seq="8">Awake,<GreekSeq>9</GreekSeq></word><word seq="9">thou<GreekSeq>10</GreekSeq></word><word seq="10">that sleepest,<GreekSeq>11</GreekSeq></word><word seq="11">and<GreekSeq>12</GreekSeq></word><word seq="12">arise<GreekSeq>13</GreekSeq></word><word seq="13">from<GreekSeq>14</GreekSeq></word><word seq="14">the<GreekSeq>15</GreekSeq></word><word seq="15">dead,<GreekSeq>16</GreekSeq></word><word seq="16">and<GreekSeq>17</GreekSeq></word><word seq="17">Christ<GreekSeq>21</GreekSeq></word><word seq="18">shall shine<GreekSeq>18</GreekSeq></word><word seq="19">upon thee.<GreekSeq>19</GreekSeq></word></ASV></verse>
<verse number="15"><ASV><word seq="1">Look<GreekSeq>1</GreekSeq></word><word seq="2">therefore<GreekSeq>2</GreekSeq></word><word seq="3">carefully<GreekSeq>3</GreekSeq></word><word seq="4">how<GreekSeq>4</GreekSeq></word><word seq="5">ye walk,<GreekSeq>5</GreekSeq></word><word seq="6">not<GreekSeq>6</GreekSeq></word><word seq="7">as<GreekSeq>7</GreekSeq></word><word seq="8">unwise,<GreekSeq>8</GreekSeq></word><word seq="9">but<GreekSeq>9</GreekSeq></word><word seq="10">as<GreekSeq>10</GreekSeq></word><word seq="11">wise;<GreekSeq>11</GreekSeq></word></ASV></verse>
<verse number="16"><ASV><word seq="1">redeeming<GreekSeq>1</GreekSeq></word><word seq="2">the<GreekSeq>2</GreekSeq></word><word seq="3">time,<GreekSeq>3</GreekSeq></word><word seq="4">because<GreekSeq>4</GreekSeq></word><word seq="5">the<GreekSeq>5</GreekSeq></word><word seq="6">days<GreekSeq>6</GreekSeq></word><word seq="7">are<GreekSeq>8</GreekSeq></word><word seq="8">evil.<GreekSeq>7</GreekSeq></word></ASV></verse>
<verse number="17"><ASV><word seq="1">Wherefore<GreekSeq>1</GreekSeq><GreekSeq>2</GreekSeq></word><word seq="2">be ye<GreekSeq>4</GreekSeq></word><word seq="3">not<GreekSeq>3</GreekSeq></word><word seq="4">foolish,<GreekSeq>5</GreekSeq></word><word seq="5">but<GreekSeq>6</GreekSeq></word><word seq="6">understand<GreekSeq>7</GreekSeq></word><word seq="7">what<GreekSeq>8</GreekSeq></word><word seq="8">the<GreekSeq>9</GreekSeq></word><word seq="9">will<GreekSeq>10</GreekSeq></word><word seq="10">of the<GreekSeq>11</GreekSeq></word><word seq="11">Lord<GreekSeq>12</GreekSeq></word><word seq="12">is.</word></ASV></verse>
<verse number="18"><ASV><word seq="1">And<GreekSeq>1</GreekSeq></word><word seq="2">be<GreekSeq>3</GreekSeq></word><word seq="3">not<GreekSeq>2</GreekSeq></word><word seq="4">drunken<GreekSeq>3</GreekSeq></word><word seq="5">with wine,<GreekSeq>4</GreekSeq></word><word seq="6">wherein<GreekSeq>5</GreekSeq><GreekSeq>6</GreekSeq></word><word seq="7">is<GreekSeq>7</GreekSeq></word><word seq="8">riot,<GreekSeq>8</GreekSeq></word><word seq="9">but<GreekSeq>9</GreekSeq></word><word seq="10">be filled<GreekSeq>10</GreekSeq></word><word seq="11">with<GreekSeq>11</GreekSeq></word><word seq="12">the Spirit;<GreekSeq>12</GreekSeq></word></ASV></verse>
<verse number="19"><ASV><word seq="1">speaking<GreekSeq>1</GreekSeq></word><word seq="2">one to another<GreekSeq>2</GreekSeq></word><word seq="3">in<GreekSeq>3</GreekSeq></word><word seq="4">psalms<GreekSeq>4</GreekSeq></word><word seq="5">and<GreekSeq>5</GreekSeq></word><word seq="6">hymns<GreekSeq>6</GreekSeq></word><word seq="7">and<GreekSeq>7</GreekSeq></word><word seq="8">spiritual<GreekSeq>9</GreekSeq></word><word seq="9">songs,<GreekSeq>8</GreekSeq></word><word seq="10">singing<GreekSeq>10</GreekSeq></word><word seq="11">and<GreekSeq>11</GreekSeq></word><word seq="12">making melody<GreekSeq>12</GreekSeq></word><word seq="13">with<GreekSeq>14</GreekSeq></word><word seq="14">your<GreekSeq>15</GreekSeq></word><word seq="15">heart<GreekSeq>14</GreekSeq></word><word seq="16">to the<GreekSeq>16</GreekSeq></word><word seq="17">Lord;<GreekSeq>17</GreekSeq></word></ASV></verse>
<verse number="20"><ASV><word seq="1">giving thanks<GreekSeq>1</GreekSeq></word><word seq="2">always<GreekSeq>2</GreekSeq></word><word seq="3">for<GreekSeq>3</GreekSeq></word><word seq="4">all things<GreekSeq>4</GreekSeq></word><word seq="5">in<GreekSeq>5</GreekSeq></word><word seq="6">the name<GreekSeq>6</GreekSeq></word><word seq="7">of<GreekSeq>8</GreekSeq></word><word seq="8">our<GreekSeq>9</GreekSeq></word><word seq="9">Lord<GreekSeq>8</GreekSeq></word><word seq="10">Jesus<GreekSeq>10</GreekSeq></word><word seq="11">Christ<GreekSeq>11</GreekSeq></word><word seq="12">to God,<GreekSeq>13</GreekSeq></word><word seq="13">even<GreekSeq>14</GreekSeq></word><word seq="14">the Father;<GreekSeq>15</GreekSeq></word></ASV></verse>
<verse number="21"><ASV><word seq="1">subjecting yourselves<GreekSeq>1</GreekSeq></word><word seq="2">one to another<GreekSeq>2</GreekSeq></word><word seq="3">in<GreekSeq>3</GreekSeq></word><word seq="4">the fear<GreekSeq>4</GreekSeq></word><word seq="5">of Christ.<GreekSeq>5</GreekSeq></word></ASV></verse>
<verse number="22"><ASV><word seq="1">Wives,<GreekSeq>2</GreekSeq></word><word seq="2">be in subjection</word><word seq="3">unto [your] own<GreekSeq>4</GreekSeq></word><word seq="4">husbands,<GreekSeq>5</GreekSeq></word><word seq="5">as<GreekSeq>6</GreekSeq></word><word seq="6">unto the<GreekSeq>7</GreekSeq></word><word seq="7">Lord.<GreekSeq>8</GreekSeq></word></ASV></verse>
<verse number="23"><ASV><word seq="1">For<GreekSeq>1</GreekSeq></word><word seq="2">the husband<GreekSeq>2</GreekSeq></word><word seq="3">is<GreekSeq>3</GreekSeq></word><word seq="4">the head<GreekSeq>4</GreekSeq></word><word seq="5">of the<GreekSeq>5</GreekSeq></word><word seq="6">wife,<GreekSeq>6</GreekSeq></word><word seq="7">as<GreekSeq>7</GreekSeq></word><word seq="8">Christ<GreekSeq>10</GreekSeq></word><word seq="9">also<GreekSeq>8</GreekSeq></word><word seq="10">is</word><word seq="11">the head<GreekSeq>11</GreekSeq></word><word seq="12">of the<GreekSeq>12</GreekSeq></word><word seq="13">church,<GreekSeq>13</GreekSeq></word><word seq="14">being</word><word seq="15">himself<GreekSeq>14</GreekSeq></word><word seq="16">the saviour<GreekSeq>15</GreekSeq></word><word seq="17">of the<GreekSeq>16</GreekSeq></word><word seq="18">body.<GreekSeq>17</GreekSeq></word></ASV></verse>
<verse number="24"><ASV><word seq="1">But<GreekSeq>1</GreekSeq></word><word seq="2">as<GreekSeq>2</GreekSeq></word><word seq="3">the<GreekSeq>3</GreekSeq></word><word seq="4">church<GreekSeq>4</GreekSeq></word><word seq="5">is subject<GreekSeq>5</GreekSeq></word><word seq="6">to Christ,<GreekSeq>7</GreekSeq></word><word seq="7">so<GreekSeq>8</GreekSeq></word><word seq="8">let</word><word seq="9">the<GreekSeq>10</GreekSeq></word><word seq="10">wives<GreekSeq>11</GreekSeq></word><word seq="11">also<GreekSeq>9</GreekSeq></word><word seq="12">be</word><word seq="13">to [their] husbands<GreekSeq>13</GreekSeq></word><word seq="14">in<GreekSeq>14</GreekSeq></word><word seq="15">everything.<GreekSeq>15</GreekSeq></word></ASV></verse>
<verse number="25"><ASV><word seq="1">Husbands,<GreekSeq>2</GreekSeq></word><word seq="2">love<GreekSeq>3</GreekSeq></word><word seq="3">your</word><word seq="4">wives,<GreekSeq>5</GreekSeq></word><word seq="5">even as<GreekSeq>6</GreekSeq></word><word seq="6">Christ<GreekSeq>9</GreekSeq></word><word seq="7">also<GreekSeq>7</GreekSeq></word><word seq="8">loved<GreekSeq>10</GreekSeq></word><word seq="9">the<GreekSeq>11</GreekSeq></word><word seq="10">church,<GreekSeq>12</GreekSeq></word><word seq="11">and<GreekSeq>13</GreekSeq></word><word seq="12">gave<GreekSeq>15</GreekSeq></word><word seq="13">himself<GreekSeq>14</GreekSeq></word><word seq="14">up<GreekSeq>15</GreekSeq></word><word seq="15">for<GreekSeq>16</GreekSeq></word><word seq="16">it;<GreekSeq>17</GreekSeq></word></ASV></verse>
<verse number="26"><ASV><word seq="1">that<GreekSeq>1</GreekSeq></word><word seq="2">he might sanctify<GreekSeq>3</GreekSeq></word><word seq="3">it,<GreekSeq>2</GreekSeq></word><word seq="4">having cleansed<GreekSeq>4</GreekSeq></word><word seq="5">it</word><word seq="6">by the<GreekSeq>5</GreekSeq></word><word seq="7">washing<GreekSeq>6</GreekSeq></word><word seq="8">of water<GreekSeq>8</GreekSeq></word><word seq="9">with<GreekSeq>9</GreekSeq></word><word seq="10">the word,<GreekSeq>10</GreekSeq></word></ASV></verse>
<verse number="27"><ASV><word seq="1">that<GreekSeq>1</GreekSeq></word><word seq="2">he<GreekSeq>3</GreekSeq></word><word seq="3">might present<GreekSeq>2</GreekSeq></word><word seq="4">the<GreekSeq>6</GreekSeq></word><word seq="5">church<GreekSeq>7</GreekSeq></word><word seq="6">to himself<GreekSeq>4</GreekSeq></word><word seq="7">a glorious<GreekSeq>5</GreekSeq></word><word seq="8">church,</word><word seq="9">not<GreekSeq>8</GreekSeq></word><word seq="10">having<GreekSeq>9</GreekSeq></word><word seq="11">spot<GreekSeq>10</GreekSeq></word><word seq="12">or<GreekSeq>11</GreekSeq></word><word seq="13">wrinkle<GreekSeq>12</GreekSeq></word><word seq="14">or<GreekSeq>13</GreekSeq></word><word seq="15">any<GreekSeq>14</GreekSeq></word><word seq="16">such thing;<GreekSeq>16</GreekSeq></word><word seq="17">but<GreekSeq>17</GreekSeq></word><word seq="18">that<GreekSeq>18</GreekSeq></word><word seq="19">it should be<GreekSeq>19</GreekSeq></word><word seq="20">holy<GreekSeq>20</GreekSeq></word><word seq="21">and<GreekSeq>21</GreekSeq></word><word seq="22">without blemish.<GreekSeq>22</GreekSeq></word></ASV></verse>
<verse number="28"><ASV><word seq="1">Even so<GreekSeq>1</GreekSeq></word><word seq="2">ought<GreekSeq>2</GreekSeq></word><word seq="3">husbands<GreekSeq>5</GreekSeq></word><word seq="4">also<GreekSeq>3</GreekSeq></word><word seq="5">to love<GreekSeq>6</GreekSeq></word><word seq="6">their own<GreekSeq>8</GreekSeq></word><word seq="7">wives<GreekSeq>9</GreekSeq></word><word seq="8">as<GreekSeq>10</GreekSeq></word><word seq="9">their own<GreekSeq>12</GreekSeq></word><word seq="10">bodies.<GreekSeq>13</GreekSeq></word><word seq="11">He<GreekSeq>14</GreekSeq></word><word seq="12">that loveth<GreekSeq>15</GreekSeq></word><word seq="13">his own<GreekSeq>17</GreekSeq></word><word seq="14">wife<GreekSeq>18</GreekSeq></word><word seq="15">loveth<GreekSeq>20</GreekSeq></word><word seq="16">himself:<GreekSeq>19</GreekSeq></word></ASV></verse>
<verse number="29"><ASV><word seq="1">for<GreekSeq>2</GreekSeq></word><word seq="2">no man<GreekSeq>1</GreekSeq></word><word seq="3">ever<GreekSeq>3</GreekSeq></word><word seq="4">hated<GreekSeq>7</GreekSeq></word><word seq="5">his own<GreekSeq>5</GreekSeq></word><word seq="6">flesh;<GreekSeq>6</GreekSeq></word><word seq="7">but<GreekSeq>8</GreekSeq></word><word seq="8">nourisheth<GreekSeq>9</GreekSeq></word><word seq="9">and<GreekSeq>10</GreekSeq></word><word seq="10">cherisheth<GreekSeq>11</GreekSeq></word><word seq="11">it,<GreekSeq>12</GreekSeq></word><word seq="12">even as<GreekSeq>13</GreekSeq></word><word seq="13">Christ<GreekSeq>16</GreekSeq></word><word seq="14">also<GreekSeq>14</GreekSeq></word><word seq="15">the<GreekSeq>17</GreekSeq></word><word seq="16">church;<GreekSeq>18</GreekSeq></word></ASV></verse>
<verse number="30"><ASV><word seq="1">because<GreekSeq>1</GreekSeq></word><word seq="2">we are<GreekSeq>3</GreekSeq></word><word seq="3">members<GreekSeq>2</GreekSeq></word><word seq="4">of<GreekSeq>5</GreekSeq></word><word seq="5">his<GreekSeq>6</GreekSeq></word><word seq="6">body.<GreekSeq>5</GreekSeq></word></ASV></verse>
<verse number="31"><ASV><word seq="1">For<GreekSeq>1</GreekSeq></word><word seq="2">this<GreekSeq>2</GreekSeq></word><word seq="3">cause<GreekSeq>1</GreekSeq></word><word seq="4">shall<GreekSeq>3</GreekSeq></word><word seq="5">a man<GreekSeq>4</GreekSeq></word><word seq="6">leave<GreekSeq>3</GreekSeq></word><word seq="7">his</word><word seq="8">father<GreekSeq>6</GreekSeq></word><word seq="9">and<GreekSeq>7</GreekSeq></word><word seq="10">mother,<GreekSeq>9</GreekSeq></word><word seq="11">and<GreekSeq>10</GreekSeq></word><word seq="12">shall cleave<GreekSeq>11</GreekSeq></word><word seq="13">to<GreekSeq>12</GreekSeq></word><word seq="14">his<GreekSeq>15</GreekSeq></word><word seq="15">wife;<GreekSeq>14</GreekSeq></word><word seq="16">and<GreekSeq>16</GreekSeq></word><word seq="17">the<GreekSeq>18</GreekSeq></word><word seq="18">two<GreekSeq>19</GreekSeq></word><word seq="19">shall become<GreekSeq>17</GreekSeq><GreekSeq>20</GreekSeq></word><word seq="20">one<GreekSeq>22</GreekSeq></word><word seq="21">flesh.<GreekSeq>21</GreekSeq></word></ASV></verse>
<verse number="32"><ASV><word seq="1">This<GreekSeq>3</GreekSeq></word><word seq="2">mystery<GreekSeq>2</GreekSeq></word><word seq="3">is<GreekSeq>5</GreekSeq></word><word seq="4">great:<GreekSeq>4</GreekSeq></word><word seq="5">but<GreekSeq>7</GreekSeq></word><word seq="6">I<GreekSeq>6</GreekSeq></word><word seq="7">speak<GreekSeq>8</GreekSeq></word><word seq="8">[in regard] of<GreekSeq>9</GreekSeq></word><word seq="9">Christ<GreekSeq>10</GreekSeq></word><word seq="10">and<GreekSeq>11</GreekSeq></word><word seq="11">of<GreekSeq>12</GreekSeq></word><word seq="12">the<GreekSeq>13</GreekSeq></word><word seq="13">church.<GreekSeq>14</GreekSeq></word></ASV></verse>
<verse number="33"><ASV><word seq="1">Nevertheless<GreekSeq>1</GreekSeq></word><word seq="2">do</word><word seq="3">ye<GreekSeq>3</GreekSeq></word><word seq="4">also<GreekSeq>2</GreekSeq></word><word seq="5">severally<GreekSeq>5</GreekSeq><GreekSeq>6</GreekSeq></word><word seq="6">love<GreekSeq>12</GreekSeq></word><word seq="7">each one<GreekSeq>7</GreekSeq></word><word seq="8">his own<GreekSeq>9</GreekSeq></word><word seq="9">wife<GreekSeq>10</GreekSeq></word><word seq="10">even as<GreekSeq>13</GreekSeq></word><word seq="11">himself;<GreekSeq>14</GreekSeq></word><word seq="12">and<GreekSeq>16</GreekSeq></word><word seq="13">let</word><word seq="14">the<GreekSeq>15</GreekSeq></word><word seq="15">wife<GreekSeq>17</GreekSeq></word><word seq="16">see</word><word seq="17">that<GreekSeq>18</GreekSeq></word><word seq="18">she fear<GreekSeq>19</GreekSeq></word><word seq="19">her</word><word seq="20">husband.<GreekSeq>21</GreekSeq></word></ASV></verse>
</chapter></book>