<?xml version="1.0" encoding="UTF-8" standalone="no"?><book><chapter number="1">
<verse number="1"><ASV><word seq="1">Paul,<GreekSeq>1</GreekSeq></word><word seq="2">an apostle<GreekSeq>2</GreekSeq></word><word seq="3">(not<GreekSeq>3</GreekSeq></word><word seq="4">from<GreekSeq>4</GreekSeq></word><word seq="5">men,<GreekSeq>5</GreekSeq></word><word seq="6">neither<GreekSeq>6</GreekSeq></word><word seq="7">through<GreekSeq>7</GreekSeq></word><word seq="8">man,<GreekSeq>8</GreekSeq></word><word seq="9">but<GreekSeq>9</GreekSeq></word><word seq="10">through<GreekSeq>10</GreekSeq></word><word seq="11">Jesus<GreekSeq>11</GreekSeq></word><word seq="12">Christ,<GreekSeq>12</GreekSeq></word><word seq="13">and<GreekSeq>13</GreekSeq></word><word seq="14">God<GreekSeq>14</GreekSeq></word><word seq="15">the Father,<GreekSeq>15</GreekSeq></word><word seq="16">who raised<GreekSeq>17</GreekSeq></word><word seq="17">him<GreekSeq>18</GreekSeq></word><word seq="18">from<GreekSeq>19</GreekSeq></word><word seq="19">the dead),<GreekSeq>20</GreekSeq></word></ASV></verse>
<verse number="2"><ASV><word seq="1">and<GreekSeq>1</GreekSeq></word><word seq="2">all<GreekSeq>5</GreekSeq></word><word seq="3">the brethren<GreekSeq>6</GreekSeq></word><word seq="4">that<GreekSeq>2</GreekSeq></word><word seq="5">are</word><word seq="6">with<GreekSeq>3</GreekSeq></word><word seq="7">me,<GreekSeq>4</GreekSeq></word><word seq="8">unto the<GreekSeq>7</GreekSeq></word><word seq="9">churches<GreekSeq>8</GreekSeq></word><word seq="10">of Galatia:<GreekSeq>10</GreekSeq></word></ASV></verse>
<verse number="3"><ASV><word seq="1">Grace<GreekSeq>1</GreekSeq></word><word seq="2">to you<GreekSeq>2</GreekSeq></word><word seq="3">and<GreekSeq>3</GreekSeq></word><word seq="4">peace<GreekSeq>4</GreekSeq></word><word seq="5">from<GreekSeq>5</GreekSeq></word><word seq="6">God<GreekSeq>6</GreekSeq></word><word seq="7">the Father,<GreekSeq>7</GreekSeq></word><word seq="8">and<GreekSeq>9</GreekSeq></word><word seq="9">our<GreekSeq>8</GreekSeq></word><word seq="10">Lord<GreekSeq>10</GreekSeq></word><word seq="11">Jesus<GreekSeq>11</GreekSeq></word><word seq="12">Christ,<GreekSeq>12</GreekSeq></word></ASV></verse>
<verse number="4"><ASV><word seq="1">who gave<GreekSeq>2</GreekSeq></word><word seq="2">himself<GreekSeq>3</GreekSeq></word><word seq="3">for<GreekSeq>4</GreekSeq></word><word seq="4">our<GreekSeq>7</GreekSeq></word><word seq="5">sins,<GreekSeq>6</GreekSeq></word><word seq="6">that<GreekSeq>8</GreekSeq></word><word seq="7">he might deliver<GreekSeq>9</GreekSeq></word><word seq="8">us<GreekSeq>10</GreekSeq></word><word seq="9">out of<GreekSeq>11</GreekSeq></word><word seq="10">this<GreekSeq>12</GreekSeq></word><word seq="11">present<GreekSeq>15</GreekSeq></word><word seq="12">evil<GreekSeq>16</GreekSeq></word><word seq="13">world,<GreekSeq>13</GreekSeq></word><word seq="14">according to<GreekSeq>17</GreekSeq></word><word seq="15">the<GreekSeq>18</GreekSeq></word><word seq="16">will<GreekSeq>19</GreekSeq></word><word seq="17">of<GreekSeq>21</GreekSeq></word><word seq="18">our<GreekSeq>24</GreekSeq></word><word seq="19">God<GreekSeq>21</GreekSeq></word><word seq="20">and<GreekSeq>22</GreekSeq></word><word seq="21">Father:<GreekSeq>23</GreekSeq></word></ASV></verse>
<verse number="5"><ASV><word seq="1">to whom<GreekSeq>1</GreekSeq></word><word seq="2">the<GreekSeq>2</GreekSeq></word><word seq="3">glory<GreekSeq>3</GreekSeq></word><word seq="4">for<GreekSeq>4</GreekSeq></word><word seq="5">ever<GreekSeq>6</GreekSeq></word><word seq="6">and</word><word seq="7">ever.<GreekSeq>8</GreekSeq></word><word seq="8">Amen.<GreekSeq>9</GreekSeq></word></ASV></verse>
<verse number="6"><ASV><word seq="1">I marvel<GreekSeq>1</GreekSeq></word><word seq="2">that<GreekSeq>2</GreekSeq></word><word seq="3">ye are<GreekSeq>5</GreekSeq></word><word seq="4">so<GreekSeq>3</GreekSeq></word><word seq="5">quickly<GreekSeq>4</GreekSeq></word><word seq="6">removing<GreekSeq>5</GreekSeq></word><word seq="7">from<GreekSeq>6</GreekSeq></word><word seq="8">him<GreekSeq>7</GreekSeq></word><word seq="9">that called<GreekSeq>8</GreekSeq></word><word seq="10">you<GreekSeq>9</GreekSeq></word><word seq="11">in<GreekSeq>10</GreekSeq></word><word seq="12">the grace<GreekSeq>11</GreekSeq></word><word seq="13">of Christ<GreekSeq>12</GreekSeq></word><word seq="14">unto<GreekSeq>13</GreekSeq></word><word seq="15">a different<GreekSeq>14</GreekSeq></word><word seq="16">gospel;<GreekSeq>15</GreekSeq></word></ASV></verse>
<verse number="7"><ASV><word seq="1">which<GreekSeq>1</GreekSeq></word><word seq="2">is<GreekSeq>3</GreekSeq></word><word seq="3">not<GreekSeq>2</GreekSeq></word><word seq="4">another :<GreekSeq>4</GreekSeq></word><word seq="5" note="εἰ μή Strong Code (1508)">only<GreekSeq>5</GreekSeq><GreekSeq>6</GreekSeq></word><word seq="6">there are<GreekSeq>8</GreekSeq></word><word seq="7">some<GreekSeq>7</GreekSeq></word><word seq="8">that trouble<GreekSeq>10</GreekSeq></word><word seq="9">you,<GreekSeq>11</GreekSeq></word><word seq="10">and<GreekSeq>12</GreekSeq></word><word seq="11">would<GreekSeq>13</GreekSeq></word><word seq="12">pervert<GreekSeq>14</GreekSeq></word><word seq="13">the<GreekSeq>15</GreekSeq></word><word seq="14">gospel<GreekSeq>16</GreekSeq></word><word seq="15">of Christ.<GreekSeq>18</GreekSeq></word></ASV></verse>
<verse number="8"><ASV><word seq="1">But<GreekSeq>1</GreekSeq></word><word seq="2">though<GreekSeq>2</GreekSeq><GreekSeq>3</GreekSeq></word><word seq="3">we,<GreekSeq>4</GreekSeq></word><word seq="4">or<GreekSeq>5</GreekSeq></word><word seq="5">an angel<GreekSeq>6</GreekSeq></word><word seq="6">from<GreekSeq>7</GreekSeq></word><word seq="7">heaven,<GreekSeq>8</GreekSeq></word><word seq="8">should preach<GreekSeq>9</GreekSeq></word><word seq="9">unto you<GreekSeq>10</GreekSeq></word><word seq="10">[any] gospel<GreekSeq>9</GreekSeq></word><word seq="11">other than<GreekSeq>11</GreekSeq></word><word seq="12">that which<GreekSeq>12</GreekSeq></word><word seq="13">we preached<GreekSeq>13</GreekSeq></word><word seq="14">unto you,<GreekSeq>14</GreekSeq></word><word seq="15">let him be<GreekSeq>16</GreekSeq></word><word seq="16">anathema.<GreekSeq>15</GreekSeq></word></ASV></verse>
<verse number="9"><ASV><word seq="1">As<GreekSeq>1</GreekSeq></word><word seq="2">we have said before,<GreekSeq>2</GreekSeq></word><word seq="3">so<GreekSeq>3</GreekSeq></word><word seq="4">say I<GreekSeq>6</GreekSeq></word><word seq="5">now<GreekSeq>4</GreekSeq></word><word seq="6">again,<GreekSeq>5</GreekSeq></word><word seq="7">If<GreekSeq>7</GreekSeq></word><word seq="8">any man<GreekSeq>8</GreekSeq></word><word seq="9">preacheth<GreekSeq>10</GreekSeq></word><word seq="10">unto you<GreekSeq>9</GreekSeq></word><word seq="11">[any] gospel<GreekSeq>10</GreekSeq></word><word seq="12">other than<GreekSeq>11</GreekSeq></word><word seq="13">that which<GreekSeq>12</GreekSeq></word><word seq="14">ye received,<GreekSeq>13</GreekSeq></word><word seq="15">let him be<GreekSeq>15</GreekSeq></word><word seq="16">anathema.<GreekSeq>14</GreekSeq></word></ASV></verse>
<verse number="10"><ASV><word seq="1">For<GreekSeq>2</GreekSeq></word><word seq="2">am I<GreekSeq>4</GreekSeq></word><word seq="3">now<GreekSeq>1</GreekSeq></word><word seq="4">seeking the favor of<GreekSeq>4</GreekSeq></word><word seq="5">men,<GreekSeq>3</GreekSeq></word><word seq="6">or<GreekSeq>5</GreekSeq></word><word seq="7">of God?<GreekSeq>7</GreekSeq></word><word seq="8">or<GreekSeq>8</GreekSeq></word><word seq="9">am I striving<GreekSeq>9</GreekSeq></word><word seq="10">to please<GreekSeq>11</GreekSeq></word><word seq="11">men?<GreekSeq>10</GreekSeq></word><word seq="12">if<GreekSeq>12</GreekSeq></word><word seq="13">I were<GreekSeq>15</GreekSeq></word><word seq="14">still<GreekSeq>13</GreekSeq></word><word seq="15">pleasing<GreekSeq>15</GreekSeq></word><word seq="16">men,<GreekSeq>14</GreekSeq></word><word seq="17">I should<GreekSeq>19</GreekSeq><GreekSeq>20</GreekSeq></word><word seq="18">not<GreekSeq>18</GreekSeq></word><word seq="19">be<GreekSeq>20</GreekSeq></word><word seq="20">a servant<GreekSeq>17</GreekSeq></word><word seq="21">of Christ.<GreekSeq>16</GreekSeq></word></ASV></verse>
<verse number="11"><ASV><word seq="1">For<GreekSeq>2</GreekSeq></word><word seq="2">I make known<GreekSeq>1</GreekSeq></word><word seq="3">to you,<GreekSeq>3</GreekSeq></word><word seq="4">brethren,<GreekSeq>4</GreekSeq></word><word seq="5">[as touching] the<GreekSeq>5</GreekSeq></word><word seq="6">gospel<GreekSeq>6</GreekSeq></word><word seq="7">which was preached<GreekSeq>8</GreekSeq></word><word seq="8">by<GreekSeq>9</GreekSeq></word><word seq="9">me,<GreekSeq>10</GreekSeq></word><word seq="10">that<GreekSeq>11</GreekSeq></word><word seq="11">it is<GreekSeq>13</GreekSeq></word><word seq="12">not<GreekSeq>12</GreekSeq></word><word seq="13">after<GreekSeq>14</GreekSeq></word><word seq="14">man.<GreekSeq>15</GreekSeq></word></ASV></verse>
<verse number="12"><ASV><word seq="1">For<GreekSeq>2</GreekSeq></word><word seq="2">neither<GreekSeq>1</GreekSeq></word><word seq="3">did<GreekSeq>6</GreekSeq></word><word seq="4">I<GreekSeq>3</GreekSeq></word><word seq="5">receive<GreekSeq>6</GreekSeq></word><word seq="6">it<GreekSeq>7</GreekSeq></word><word seq="7">from<GreekSeq>4</GreekSeq></word><word seq="8">man,<GreekSeq>5</GreekSeq></word><word seq="9">nor<GreekSeq>8</GreekSeq></word><word seq="10">was I taught<GreekSeq>9</GreekSeq></word><word seq="11">it,</word><word seq="12">but<GreekSeq>10</GreekSeq></word><word seq="13">through<GreekSeq>11</GreekSeq></word><word seq="14">revelation<GreekSeq>12</GreekSeq></word><word seq="15">of Jesus<GreekSeq>13</GreekSeq></word><word seq="16">Christ.<GreekSeq>14</GreekSeq></word></ASV></verse>
<verse number="13"><ASV><word seq="1">For<GreekSeq>2</GreekSeq></word><word seq="2">ye have heard of<GreekSeq>1</GreekSeq></word><word seq="3">my<GreekSeq>4</GreekSeq></word><word seq="4">manner of life<GreekSeq>5</GreekSeq></word><word seq="5">in time past<GreekSeq>6</GreekSeq></word><word seq="6">in<GreekSeq>7</GreekSeq></word><word seq="7">the<GreekSeq>8</GreekSeq></word><word seq="8">Jews’ religion,<GreekSeq>9</GreekSeq></word><word seq="9">how that<GreekSeq>10</GreekSeq></word><word seq="10">beyond measure<GreekSeq>11</GreekSeq><GreekSeq>12</GreekSeq></word><word seq="11">I persecuted<GreekSeq>13</GreekSeq></word><word seq="12">the<GreekSeq>14</GreekSeq></word><word seq="13">church<GreekSeq>15</GreekSeq></word><word seq="14">of God,<GreekSeq>17</GreekSeq></word><word seq="15">and<GreekSeq>18</GreekSeq></word><word seq="16">made havoc of<GreekSeq>19</GreekSeq></word><word seq="17">it:<GreekSeq>20</GreekSeq></word></ASV></verse>
<verse number="14"><ASV><word seq="1">and<GreekSeq>1</GreekSeq></word><word seq="2">I advanced<GreekSeq>2</GreekSeq></word><word seq="3">in<GreekSeq>3</GreekSeq></word><word seq="4">the<GreekSeq>4</GreekSeq></word><word seq="5">Jews’ religion<GreekSeq>5</GreekSeq></word><word seq="6">beyond<GreekSeq>6</GreekSeq></word><word seq="7">many<GreekSeq>7</GreekSeq></word><word seq="8">of mine own age<GreekSeq>8</GreekSeq></word><word seq="9">among<GreekSeq>9</GreekSeq></word><word seq="10">my<GreekSeq>12</GreekSeq></word><word seq="11">countrymen,<GreekSeq>11</GreekSeq></word><word seq="12">being<GreekSeq>15</GreekSeq></word><word seq="13">more exceedingly<GreekSeq>13</GreekSeq></word><word seq="14">zealous<GreekSeq>14</GreekSeq></word><word seq="15">for the<GreekSeq>16</GreekSeq></word><word seq="16">traditions<GreekSeq>19</GreekSeq></word><word seq="17">of<GreekSeq>17</GreekSeq></word><word seq="18">my<GreekSeq>18</GreekSeq></word><word seq="19">fathers.<GreekSeq>17</GreekSeq></word></ASV></verse>
<verse number="15"><ASV><word seq="1">But<GreekSeq>2</GreekSeq></word><word seq="2">when<GreekSeq>1</GreekSeq></word><word seq="3">it was the good pleasure of<GreekSeq>3</GreekSeq></word><word seq="4">God,<GreekSeq>5</GreekSeq></word><word seq="5">who separated<GreekSeq>7</GreekSeq></word><word seq="6">me,<GreekSeq>8</GreekSeq></word><word seq="7">from<GreekSeq>9</GreekSeq></word><word seq="8">my<GreekSeq>12</GreekSeq></word><word seq="9">mother’s<GreekSeq>11</GreekSeq></word><word seq="10">womb,<GreekSeq>10</GreekSeq></word><word seq="11">and<GreekSeq>13</GreekSeq></word><word seq="12">called<GreekSeq>14</GreekSeq></word><word seq="13">me</word><word seq="14">through<GreekSeq>15</GreekSeq></word><word seq="15">his<GreekSeq>18</GreekSeq></word><word seq="16">grace,<GreekSeq>17</GreekSeq></word></ASV></verse>
<verse number="16"><ASV><word seq="1">to reveal<GreekSeq>1</GreekSeq></word><word seq="2">his<GreekSeq>4</GreekSeq></word><word seq="3">Son<GreekSeq>3</GreekSeq></word><word seq="4">in<GreekSeq>5</GreekSeq></word><word seq="5">me,<GreekSeq>6</GreekSeq></word><word seq="6">that<GreekSeq>7</GreekSeq></word><word seq="7">I might preach<GreekSeq>8</GreekSeq></word><word seq="8">him<GreekSeq>9</GreekSeq></word><word seq="9">among<GreekSeq>10</GreekSeq></word><word seq="10">the<GreekSeq>11</GreekSeq></word><word seq="11">Gentiles;<GreekSeq>12</GreekSeq></word><word seq="12">straightway<GreekSeq>13</GreekSeq></word><word seq="13">I conferred<GreekSeq>15</GreekSeq></word><word seq="14">not<GreekSeq>14</GreekSeq></word><word seq="15">with flesh<GreekSeq>16</GreekSeq></word><word seq="16">and<GreekSeq>17</GreekSeq></word><word seq="17">blood:<GreekSeq>18</GreekSeq></word></ASV></verse>
<verse number="17"><ASV><word seq="1">neither<GreekSeq>1</GreekSeq></word><word seq="2">went I up<GreekSeq>2</GreekSeq></word><word seq="3">to<GreekSeq>3</GreekSeq></word><word seq="4">Jerusalem<GreekSeq>4</GreekSeq></word><word seq="5">to<GreekSeq>5</GreekSeq></word><word seq="6">them<GreekSeq>6</GreekSeq></word><word seq="7">that were</word><word seq="8">apostles<GreekSeq>9</GreekSeq></word><word seq="9">before<GreekSeq>7</GreekSeq></word><word seq="10">me:<GreekSeq>8</GreekSeq></word><word seq="11">but<GreekSeq>10</GreekSeq></word><word seq="12">I went away<GreekSeq>11</GreekSeq></word><word seq="13">into<GreekSeq>12</GreekSeq></word><word seq="14">Arabia;<GreekSeq>13</GreekSeq></word><word seq="15">and<GreekSeq>14</GreekSeq></word><word seq="16">again<GreekSeq>15</GreekSeq></word><word seq="17">I returned<GreekSeq>16</GreekSeq></word><word seq="18">unto<GreekSeq>17</GreekSeq></word><word seq="19">Damascus.<GreekSeq>18</GreekSeq></word></ASV></verse>
<verse number="18"><ASV><word seq="1">Then<GreekSeq>1</GreekSeq></word><word seq="2">after<GreekSeq>2</GreekSeq></word><word seq="3">three<GreekSeq>4</GreekSeq></word><word seq="4">years<GreekSeq>3</GreekSeq></word><word seq="5">I went up<GreekSeq>5</GreekSeq></word><word seq="6">to<GreekSeq>6</GreekSeq></word><word seq="7">Jerusalem<GreekSeq>7</GreekSeq></word><word seq="8">to visit<GreekSeq>8</GreekSeq></word><word seq="9">Cephas,<GreekSeq>9</GreekSeq></word><word seq="10">and<GreekSeq>10</GreekSeq></word><word seq="11">tarried<GreekSeq>11</GreekSeq></word><word seq="12">with<GreekSeq>12</GreekSeq></word><word seq="13">him<GreekSeq>13</GreekSeq></word><word seq="14">fifteen<GreekSeq>15</GreekSeq></word><word seq="15">days.<GreekSeq>14</GreekSeq></word></ASV></verse>
<verse number="19"><ASV><word seq="1">But<GreekSeq>2</GreekSeq></word><word seq="2">other<GreekSeq>1</GreekSeq></word><word seq="3">of the<GreekSeq>3</GreekSeq></word><word seq="4">apostles<GreekSeq>4</GreekSeq></word><word seq="5">saw I<GreekSeq>6</GreekSeq></word><word seq="6">none,<GreekSeq>5</GreekSeq></word><word seq="7" note="εἰ μή Strong Code (1508)">save<GreekSeq>7</GreekSeq><GreekSeq>8</GreekSeq></word><word seq="8">James<GreekSeq>9</GreekSeq></word><word seq="9">the<GreekSeq>10</GreekSeq></word><word seq="10">Lord’s<GreekSeq>13</GreekSeq></word><word seq="11">brother.<GreekSeq>11</GreekSeq></word></ASV></verse>
<verse number="20"><ASV><word seq="1">Now<GreekSeq>2</GreekSeq></word><word seq="2">touching the things which<GreekSeq>1</GreekSeq></word><word seq="3">I write<GreekSeq>3</GreekSeq></word><word seq="4">unto you,<GreekSeq>4</GreekSeq></word><word seq="5">behold,<GreekSeq>5</GreekSeq></word><word seq="6">before<GreekSeq>6</GreekSeq></word><word seq="7">God,<GreekSeq>8</GreekSeq></word><word seq="8">I lie<GreekSeq>11</GreekSeq></word><word seq="9">not.<GreekSeq>10</GreekSeq></word></ASV></verse>
<verse number="21"><ASV><word seq="1">Then<GreekSeq>1</GreekSeq></word><word seq="2">I came<GreekSeq>2</GreekSeq></word><word seq="3">into<GreekSeq>3</GreekSeq></word><word seq="4">the<GreekSeq>4</GreekSeq></word><word seq="5">regions<GreekSeq>5</GreekSeq></word><word seq="6">of Syria<GreekSeq>7</GreekSeq></word><word seq="7">and<GreekSeq>8</GreekSeq></word><word seq="8">Cilicia.<GreekSeq>10</GreekSeq></word></ASV></verse>
<verse number="22"><ASV><word seq="1">And<GreekSeq>2</GreekSeq></word><word seq="2">I was<GreekSeq>1</GreekSeq></word><word seq="3">still</word><word seq="4">unknown<GreekSeq>3</GreekSeq></word><word seq="5">by face<GreekSeq>5</GreekSeq></word><word seq="6">unto the<GreekSeq>6</GreekSeq></word><word seq="7">churches<GreekSeq>7</GreekSeq></word><word seq="8">of Judaea<GreekSeq>9</GreekSeq></word><word seq="9">which<GreekSeq>10</GreekSeq></word><word seq="10">were</word><word seq="11">in<GreekSeq>11</GreekSeq></word><word seq="12">Christ:<GreekSeq>12</GreekSeq></word></ASV></verse>
<verse number="23"><ASV><word seq="1">but<GreekSeq>2</GreekSeq></word><word seq="2">they<GreekSeq>4</GreekSeq></word><word seq="3">only<GreekSeq>1</GreekSeq></word><word seq="4">heard<GreekSeq>3</GreekSeq></word><word seq="5">[say],<GreekSeq>5</GreekSeq></word><word seq="6">He<GreekSeq>6</GreekSeq></word><word seq="7">that<GreekSeq>7</GreekSeq></word><word seq="8">once<GreekSeq>9</GreekSeq></word><word seq="9">persecuted<GreekSeq>7</GreekSeq></word><word seq="10">us<GreekSeq>8</GreekSeq></word><word seq="11">now<GreekSeq>10</GreekSeq></word><word seq="12">preacheth<GreekSeq>11</GreekSeq></word><word seq="13">the<GreekSeq>12</GreekSeq></word><word seq="14">faith<GreekSeq>13</GreekSeq></word><word seq="15">of which<GreekSeq>14</GreekSeq></word><word seq="16">he<GreekSeq>16</GreekSeq></word><word seq="17">once<GreekSeq>15</GreekSeq></word><word seq="18">made havoc;<GreekSeq>16</GreekSeq></word></ASV></verse>
<verse number="24"><ASV><word seq="1">and<GreekSeq>1</GreekSeq></word><word seq="2">they glorified<GreekSeq>2</GreekSeq></word><word seq="3">God<GreekSeq>6</GreekSeq></word><word seq="4">in<GreekSeq>3</GreekSeq></word><word seq="5">me.<GreekSeq>4</GreekSeq></word></ASV></verse>
</chapter></book>