<?xml version="1.0" encoding="UTF-8" standalone="no"?><book><chapter number="10">
<verse number="1"><ASV><word seq="1">For<GreekSeq>2</GreekSeq></word><word seq="2">the<GreekSeq>4</GreekSeq></word><word seq="3">law<GreekSeq>5</GreekSeq></word><word seq="4">having<GreekSeq>3</GreekSeq></word><word seq="5">a shadow<GreekSeq>1</GreekSeq></word><word seq="6">of the<GreekSeq>6</GreekSeq></word><word seq="7">good [things]<GreekSeq>8</GreekSeq></word><word seq="8">to come,<GreekSeq>7</GreekSeq></word><word seq="9">not<GreekSeq>9</GreekSeq></word><word seq="10">the<GreekSeq>11</GreekSeq></word><word seq="11">very<GreekSeq>10</GreekSeq></word><word seq="12">image<GreekSeq>12</GreekSeq></word><word seq="13">of the<GreekSeq>13</GreekSeq></word><word seq="14">things,<GreekSeq>14</GreekSeq></word><word seq="15">can<GreekSeq>26</GreekSeq></word><word seq="16">never<GreekSeq>25</GreekSeq></word><word seq="17">with the<GreekSeq>17</GreekSeq></word><word seq="18">same<GreekSeq>18</GreekSeq></word><word seq="19">sacrifices<GreekSeq>19</GreekSeq></word><word seq="20">year by year,<GreekSeq>15</GreekSeq><GreekSeq>16</GreekSeq></word><word seq="21">which<GreekSeq>20</GreekSeq></word><word seq="22">they offer<GreekSeq>21</GreekSeq></word><word seq="23">continually,<GreekSeq>22</GreekSeq><GreekSeq>23</GreekSeq><GreekSeq>24</GreekSeq></word><word seq="24">make perfect<GreekSeq>29</GreekSeq></word><word seq="25">them<GreekSeq>27</GreekSeq></word><word seq="26">that draw nigh.<GreekSeq>28</GreekSeq></word></ASV></verse>
<verse number="2"><ASV><word seq="1">Else<GreekSeq>1</GreekSeq></word><word seq="2">would<GreekSeq>3</GreekSeq></word><word seq="3">they<GreekSeq>4</GreekSeq></word><word seq="4">not<GreekSeq>2</GreekSeq></word><word seq="5">have ceased<GreekSeq>4</GreekSeq></word><word seq="6">to be offered?<GreekSeq>5</GreekSeq></word><word seq="7">because<GreekSeq>6</GreekSeq><GreekSeq>7</GreekSeq></word><word seq="8">the<GreekSeq>13</GreekSeq></word><word seq="9">worshippers,<GreekSeq>14</GreekSeq></word><word seq="10">having been<GreekSeq>16</GreekSeq></word><word seq="11">once<GreekSeq>15</GreekSeq></word><word seq="12">cleansed,<GreekSeq>16</GreekSeq></word><word seq="13">would have had<GreekSeq>9</GreekSeq></word><word seq="14">no<GreekSeq>8</GreekSeq></word><word seq="15">more<GreekSeq>10</GreekSeq></word><word seq="16">consciousness<GreekSeq>11</GreekSeq></word><word seq="17">of sins.<GreekSeq>12</GreekSeq></word></ASV></verse>
<verse number="3"><ASV><word seq="1">But<GreekSeq>1</GreekSeq></word><word seq="2">in<GreekSeq>2</GreekSeq></word><word seq="3">those [sacrifices]<GreekSeq>3</GreekSeq></word><word seq="4">there is</word><word seq="5">a remembrance<GreekSeq>4</GreekSeq></word><word seq="6">made</word><word seq="7">of sins<GreekSeq>5</GreekSeq></word><word seq="8">year by year.<GreekSeq>6</GreekSeq><GreekSeq>7</GreekSeq></word></ASV></verse>
<verse number="4"><ASV><word seq="1">For<GreekSeq>2</GreekSeq></word><word seq="2">it is</word><word seq="3">impossible<GreekSeq>1</GreekSeq></word><word seq="4">that</word><word seq="5">the blood<GreekSeq>3</GreekSeq></word><word seq="6">of bulls<GreekSeq>4</GreekSeq></word><word seq="7">and<GreekSeq>5</GreekSeq></word><word seq="8">goats<GreekSeq>6</GreekSeq></word><word seq="9">should take away<GreekSeq>7</GreekSeq></word><word seq="10">sins.<GreekSeq>8</GreekSeq></word></ASV></verse>
<verse number="5"><ASV><word seq="1">Wherefore<GreekSeq>1</GreekSeq></word><word seq="2">when he cometh<GreekSeq>2</GreekSeq></word><word seq="3">into<GreekSeq>3</GreekSeq></word><word seq="4">the<GreekSeq>4</GreekSeq></word><word seq="5">world,<GreekSeq>5</GreekSeq></word><word seq="6">he saith,<GreekSeq>6</GreekSeq></word><word seq="7">Sacrifice<GreekSeq>7</GreekSeq></word><word seq="8">and<GreekSeq>8</GreekSeq></word><word seq="9">offering<GreekSeq>9</GreekSeq></word><word seq="10">thou wouldest<GreekSeq>11</GreekSeq></word><word seq="11">not,<GreekSeq>10</GreekSeq></word><word seq="12">But<GreekSeq>13</GreekSeq></word><word seq="13">a body<GreekSeq>12</GreekSeq></word><word seq="14">didst thou prepare<GreekSeq>14</GreekSeq></word><word seq="15">for me;<GreekSeq>15</GreekSeq></word></ASV></verse>
<verse number="6"><ASV><word seq="1">In whole burnt offerings<GreekSeq>1</GreekSeq></word><word seq="2">and<GreekSeq>2</GreekSeq></word><word seq="3">sacrifices</word><word seq="4">for<GreekSeq>3</GreekSeq></word><word seq="5">sin<GreekSeq>4</GreekSeq></word><word seq="6">thou hadst<GreekSeq>6</GreekSeq></word><word seq="7">no<GreekSeq>5</GreekSeq></word><word seq="8">pleasure:<GreekSeq>6</GreekSeq></word></ASV></verse>
<verse number="7"><ASV><word seq="1">Then<GreekSeq>1</GreekSeq></word><word seq="2">said I,<GreekSeq>2</GreekSeq></word><word seq="3">Lo,<GreekSeq>3</GreekSeq></word><word seq="4">I am come<GreekSeq>4</GreekSeq></word><word seq="5">(In<GreekSeq>5</GreekSeq></word><word seq="6">the roll<GreekSeq>6</GreekSeq></word><word seq="7">of the book<GreekSeq>7</GreekSeq></word><word seq="8">it is written<GreekSeq>8</GreekSeq></word><word seq="9">of<GreekSeq>9</GreekSeq></word><word seq="10">me)<GreekSeq>10</GreekSeq></word><word seq="11">To do<GreekSeq>12</GreekSeq></word><word seq="12">thy<GreekSeq>17</GreekSeq></word><word seq="13">will,<GreekSeq>16</GreekSeq></word><word seq="14">O God.<GreekSeq>14</GreekSeq></word></ASV></verse>
<verse number="8"><ASV><word seq="1">Saying<GreekSeq>2</GreekSeq></word><word seq="2">above,<GreekSeq>1</GreekSeq></word><word seq="3">Sacrifices<GreekSeq>4</GreekSeq></word><word seq="4">and<GreekSeq>5</GreekSeq></word><word seq="5">offerings<GreekSeq>6</GreekSeq></word><word seq="6">and<GreekSeq>7</GreekSeq></word><word seq="7">whole burnt offerings<GreekSeq>8</GreekSeq></word><word seq="8">and<GreekSeq>9</GreekSeq></word><word seq="9">sacrifices</word><word seq="10">for<GreekSeq>10</GreekSeq></word><word seq="11">sin<GreekSeq>11</GreekSeq></word><word seq="12">thou wouldest<GreekSeq>13</GreekSeq></word><word seq="13">not,<GreekSeq>12</GreekSeq></word><word seq="14">neither<GreekSeq>14</GreekSeq></word><word seq="15">hadst pleasure<GreekSeq>15</GreekSeq></word><word seq="16">therein</word><word seq="17">(the which<GreekSeq>16</GreekSeq></word><word seq="18">are offered<GreekSeq>19</GreekSeq></word><word seq="19">according to<GreekSeq>17</GreekSeq></word><word seq="20">the law),<GreekSeq>18</GreekSeq></word></ASV></verse>
<verse number="9"><ASV><word seq="1">then<GreekSeq>1</GreekSeq></word><word seq="2">hath he said,<GreekSeq>2</GreekSeq></word><word seq="3">Lo,<GreekSeq>3</GreekSeq></word><word seq="4">I am come<GreekSeq>4</GreekSeq></word><word seq="5">to do<GreekSeq>6</GreekSeq></word><word seq="6">thy<GreekSeq>9</GreekSeq></word><word seq="7">will.<GreekSeq>8</GreekSeq></word><word seq="8">He taketh away<GreekSeq>10</GreekSeq></word><word seq="9">the<GreekSeq>11</GreekSeq></word><word seq="10">first,<GreekSeq>12</GreekSeq></word><word seq="11">that<GreekSeq>13</GreekSeq></word><word seq="12">he may establish<GreekSeq>16</GreekSeq></word><word seq="13">the<GreekSeq>14</GreekSeq></word><word seq="14">second.<GreekSeq>15</GreekSeq></word></ASV></verse>
<verse number="10"><ASV><word seq="1">By<GreekSeq>1</GreekSeq></word><word seq="2">which<GreekSeq>2</GreekSeq></word><word seq="3">will<GreekSeq>3</GreekSeq></word><word seq="4">we have been<GreekSeq>5</GreekSeq></word><word seq="5">sanctified<GreekSeq>4</GreekSeq></word><word seq="6">through<GreekSeq>6</GreekSeq></word><word seq="7">the<GreekSeq>7</GreekSeq></word><word seq="8">offering<GreekSeq>8</GreekSeq></word><word seq="9">of the<GreekSeq>9</GreekSeq></word><word seq="10">body<GreekSeq>10</GreekSeq></word><word seq="11">of Jesus<GreekSeq>11</GreekSeq></word><word seq="12">Christ<GreekSeq>12</GreekSeq></word><word seq="13">once for all.<GreekSeq>13</GreekSeq></word></ASV></verse>
<verse number="11"><ASV><word seq="1">And<GreekSeq>1</GreekSeq></word><word seq="2">every<GreekSeq>2</GreekSeq></word><word seq="3">priest<GreekSeq>4</GreekSeq></word><word seq="4">indeed<GreekSeq>3</GreekSeq></word><word seq="5">standeth<GreekSeq>5</GreekSeq></word><word seq="6">day by day<GreekSeq>6</GreekSeq><GreekSeq>7</GreekSeq></word><word seq="7">ministering<GreekSeq>8</GreekSeq></word><word seq="8">and<GreekSeq>9</GreekSeq></word><word seq="9">offering<GreekSeq>13</GreekSeq></word><word seq="10">oftentimes<GreekSeq>12</GreekSeq></word><word seq="11">the<GreekSeq>10</GreekSeq></word><word seq="12">same<GreekSeq>11</GreekSeq></word><word seq="13">sacrifices,<GreekSeq>14</GreekSeq></word><word seq="14">the which<GreekSeq>15</GreekSeq></word><word seq="15">can<GreekSeq>17</GreekSeq></word><word seq="16">never<GreekSeq>16</GreekSeq></word><word seq="17">take away<GreekSeq>18</GreekSeq></word><word seq="18">sins:<GreekSeq>19</GreekSeq></word></ASV></verse>
<verse number="12"><ASV><word seq="1">but<GreekSeq>2</GreekSeq></word><word seq="2">he,<GreekSeq>1</GreekSeq></word><word seq="3">when he had offered<GreekSeq>6</GreekSeq></word><word seq="4">one<GreekSeq>3</GreekSeq></word><word seq="5">sacrifice<GreekSeq>7</GreekSeq></word><word seq="6">for<GreekSeq>4</GreekSeq></word><word seq="7">sins<GreekSeq>5</GreekSeq></word><word seq="8">for ever,<GreekSeq>8</GreekSeq><GreekSeq>10</GreekSeq></word><word seq="9">sat down<GreekSeq>11</GreekSeq></word><word seq="10">on<GreekSeq>12</GreekSeq></word><word seq="11">the right hand<GreekSeq>13</GreekSeq></word><word seq="12">of God;<GreekSeq>15</GreekSeq></word></ASV></verse>
<verse number="13"><ASV><word seq="1">henceforth<GreekSeq>1</GreekSeq><GreekSeq>2</GreekSeq></word><word seq="2">expecting<GreekSeq>3</GreekSeq></word><word seq="3">till<GreekSeq>4</GreekSeq></word><word seq="4">his<GreekSeq>8</GreekSeq></word><word seq="5">enemies<GreekSeq>7</GreekSeq></word><word seq="6">be made<GreekSeq>5</GreekSeq></word><word seq="7">the footstool<GreekSeq>9</GreekSeq></word><word seq="8">of<GreekSeq>11</GreekSeq></word><word seq="9">his<GreekSeq>12</GreekSeq></word><word seq="10">feet.<GreekSeq>11</GreekSeq></word></ASV></verse>
<verse number="14"><ASV><word seq="1">For<GreekSeq>2</GreekSeq></word><word seq="2">by one<GreekSeq>1</GreekSeq></word><word seq="3">offering<GreekSeq>3</GreekSeq></word><word seq="4">he hath perfected<GreekSeq>4</GreekSeq></word><word seq="5">for ever<GreekSeq>5</GreekSeq><GreekSeq>7</GreekSeq></word><word seq="6">them<GreekSeq>8</GreekSeq></word><word seq="7">that are sanctified.<GreekSeq>9</GreekSeq></word></ASV></verse>
<verse number="15"><ASV><word seq="1">And<GreekSeq>2</GreekSeq></word><word seq="2">the<GreekSeq>5</GreekSeq></word><word seq="3">Holy<GreekSeq>8</GreekSeq></word><word seq="4">Spirit<GreekSeq>6</GreekSeq></word><word seq="5">also<GreekSeq>4</GreekSeq></word><word seq="6">beareth witness<GreekSeq>1</GreekSeq></word><word seq="7">to us;<GreekSeq>3</GreekSeq></word><word seq="8">for<GreekSeq>10</GreekSeq></word><word seq="9">after<GreekSeq>9</GreekSeq></word><word seq="10">he<GreekSeq>11</GreekSeq></word><word seq="11">hath said,<GreekSeq>12</GreekSeq></word></ASV></verse>
<verse number="16"><ASV><word seq="1">This<GreekSeq>1</GreekSeq></word><word seq="2">is</word><word seq="3">the<GreekSeq>2</GreekSeq></word><word seq="4">covenant<GreekSeq>3</GreekSeq></word><word seq="5">that<GreekSeq>4</GreekSeq></word><word seq="6">I will make<GreekSeq>5</GreekSeq></word><word seq="7">with<GreekSeq>6</GreekSeq></word><word seq="8">them<GreekSeq>7</GreekSeq></word><word seq="9">After<GreekSeq>8</GreekSeq></word><word seq="10">those<GreekSeq>11</GreekSeq></word><word seq="11">days,<GreekSeq>10</GreekSeq></word><word seq="12">saith<GreekSeq>12</GreekSeq></word><word seq="13">the Lord:<GreekSeq>13</GreekSeq></word><word seq="14">I will put<GreekSeq>14</GreekSeq></word><word seq="15">my<GreekSeq>16</GreekSeq></word><word seq="16">laws<GreekSeq>15</GreekSeq></word><word seq="17">on<GreekSeq>17</GreekSeq></word><word seq="18">their<GreekSeq>19</GreekSeq></word><word seq="19">heart,<GreekSeq>18</GreekSeq></word><word seq="20">And<GreekSeq>20</GreekSeq></word><word seq="21">upon<GreekSeq>21</GreekSeq></word><word seq="22">their<GreekSeq>24</GreekSeq></word><word seq="23">mind<GreekSeq>23</GreekSeq></word><word seq="24">also</word><word seq="25">will I write<GreekSeq>25</GreekSeq></word><word seq="26">them;<GreekSeq>26</GreekSeq></word><word seq="27">then saith he,</word></ASV></verse>
<verse number="17"><ASV><word seq="1">And<GreekSeq>1</GreekSeq></word><word seq="2">their<GreekSeq>4</GreekSeq></word><word seq="3">sins<GreekSeq>3</GreekSeq></word><word seq="4">and<GreekSeq>5</GreekSeq></word><word seq="5">their<GreekSeq>8</GreekSeq></word><word seq="6">iniquities<GreekSeq>7</GreekSeq></word><word seq="7">will I remember<GreekSeq>11</GreekSeq></word><word seq="8" note="οὐ μή Strong Code (3364)">no<GreekSeq>9</GreekSeq><GreekSeq>10</GreekSeq></word><word seq="9">more.<GreekSeq>12</GreekSeq></word></ASV></verse>
<verse number="18"><ASV><word seq="1">Now<GreekSeq>2</GreekSeq></word><word seq="2">where<GreekSeq>1</GreekSeq></word><word seq="3">remission<GreekSeq>3</GreekSeq></word><word seq="4">of these<GreekSeq>4</GreekSeq></word><word seq="5">is, there is</word><word seq="6">no more<GreekSeq>5</GreekSeq></word><word seq="7">offering<GreekSeq>6</GreekSeq></word><word seq="8">for<GreekSeq>7</GreekSeq></word><word seq="9">sin.<GreekSeq>8</GreekSeq></word></ASV></verse>
<verse number="19"><ASV><word seq="1">Having<GreekSeq>1</GreekSeq></word><word seq="2">therefore,<GreekSeq>2</GreekSeq></word><word seq="3">brethren,<GreekSeq>3</GreekSeq></word><word seq="4">boldness<GreekSeq>4</GreekSeq></word><word seq="5">to enter<GreekSeq>7</GreekSeq></word><word seq="6">into<GreekSeq>5</GreekSeq></word><word seq="7">the<GreekSeq>8</GreekSeq></word><word seq="8">holy place<GreekSeq>9</GreekSeq></word><word seq="9">by<GreekSeq>10</GreekSeq></word><word seq="10">the<GreekSeq>11</GreekSeq></word><word seq="11">blood<GreekSeq>12</GreekSeq></word><word seq="12">of Jesus,<GreekSeq>13</GreekSeq></word></ASV></verse>
<verse number="20"><ASV><word seq="1">by the way</word><word seq="2">which<GreekSeq>1</GreekSeq></word><word seq="3">he dedicated<GreekSeq>2</GreekSeq></word><word seq="4">for us,<GreekSeq>3</GreekSeq></word><word seq="5">a new<GreekSeq>5</GreekSeq></word><word seq="6">and<GreekSeq>6</GreekSeq></word><word seq="7">living<GreekSeq>7</GreekSeq></word><word seq="8">way,<GreekSeq>4</GreekSeq></word><word seq="9">through<GreekSeq>8</GreekSeq></word><word seq="10">the<GreekSeq>9</GreekSeq></word><word seq="11">veil,<GreekSeq>10</GreekSeq></word><word seq="12">that<GreekSeq>11</GreekSeq></word><word seq="13">is<GreekSeq>12</GreekSeq></word><word seq="14">to say,</word><word seq="15">his<GreekSeq>15</GreekSeq></word><word seq="16">flesh;<GreekSeq>14</GreekSeq></word></ASV></verse>
<verse number="21"><ASV><word seq="1">and<GreekSeq>1</GreekSeq></word><word seq="2">having</word><word seq="3">a great<GreekSeq>3</GreekSeq></word><word seq="4">priest<GreekSeq>2</GreekSeq></word><word seq="5">over<GreekSeq>4</GreekSeq></word><word seq="6">the<GreekSeq>5</GreekSeq></word><word seq="7">house<GreekSeq>6</GreekSeq></word><word seq="8">of God;<GreekSeq>8</GreekSeq></word></ASV></verse>
<verse number="22"><ASV><word seq="1">let us draw near<GreekSeq>1</GreekSeq></word><word seq="2">with<GreekSeq>2</GreekSeq></word><word seq="3">a true<GreekSeq>3</GreekSeq></word><word seq="4">heart<GreekSeq>4</GreekSeq></word><word seq="5">in<GreekSeq>5</GreekSeq></word><word seq="6">fulness<GreekSeq>6</GreekSeq></word><word seq="7">of faith,<GreekSeq>7</GreekSeq></word><word seq="8">having<GreekSeq>8</GreekSeq></word><word seq="9">our</word><word seq="10">hearts<GreekSeq>10</GreekSeq></word><word seq="11">sprinkled<GreekSeq>8</GreekSeq></word><word seq="12">from<GreekSeq>11</GreekSeq></word><word seq="13">an evil<GreekSeq>13</GreekSeq></word><word seq="14">conscience:<GreekSeq>12</GreekSeq></word><word seq="15">and<GreekSeq>14</GreekSeq></word><word seq="16">having<GreekSeq>15</GreekSeq></word><word seq="17">our</word><word seq="18">body<GreekSeq>17</GreekSeq></word><word seq="19">washed<GreekSeq>15</GreekSeq></word><word seq="20">with pure<GreekSeq>19</GreekSeq></word><word seq="21">water,<GreekSeq>18</GreekSeq></word></ASV></verse>
<verse number="23"><ASV><word seq="1">let us hold fast<GreekSeq>1</GreekSeq></word><word seq="2">the<GreekSeq>2</GreekSeq></word><word seq="3">confession<GreekSeq>3</GreekSeq></word><word seq="4">of [our] hope<GreekSeq>5</GreekSeq></word><word seq="5">that it</word><word seq="6">waver not;<GreekSeq>6</GreekSeq></word><word seq="7">for<GreekSeq>8</GreekSeq></word><word seq="8">he<GreekSeq>9</GreekSeq></word><word seq="9">is</word><word seq="10">faithful<GreekSeq>7</GreekSeq></word><word seq="11">that promised:<GreekSeq>10</GreekSeq></word></ASV></verse>
<verse number="24"><ASV><word seq="1">and<GreekSeq>1</GreekSeq></word><word seq="2">let us consider<GreekSeq>2</GreekSeq></word><word seq="3">one another<GreekSeq>3</GreekSeq></word><word seq="4">to<GreekSeq>4</GreekSeq></word><word seq="5">provoke<GreekSeq>5</GreekSeq></word><word seq="6">unto love<GreekSeq>6</GreekSeq></word><word seq="7">and<GreekSeq>7</GreekSeq></word><word seq="8">good<GreekSeq>8</GreekSeq></word><word seq="9">works;<GreekSeq>9</GreekSeq></word></ASV></verse>
<verse number="25"><ASV><word seq="1">not<GreekSeq>1</GreekSeq></word><word seq="2">forsaking<GreekSeq>2</GreekSeq></word><word seq="3">our own<GreekSeq>5</GreekSeq></word><word seq="4">assembling together,<GreekSeq>4</GreekSeq></word><word seq="5">as<GreekSeq>6</GreekSeq></word><word seq="6">the custom<GreekSeq>7</GreekSeq></word><word seq="7">of some<GreekSeq>8</GreekSeq></word><word seq="8">is,</word><word seq="9">but<GreekSeq>9</GreekSeq></word><word seq="10">exhorting<GreekSeq>10</GreekSeq></word><word seq="11">one another;</word><word seq="12">and<GreekSeq>11</GreekSeq></word><word seq="13">so much<GreekSeq>12</GreekSeq></word><word seq="14">the more,<GreekSeq>13</GreekSeq></word><word seq="15">as<GreekSeq>14</GreekSeq></word><word seq="16">ye see<GreekSeq>15</GreekSeq></word><word seq="17">the<GreekSeq>17</GreekSeq></word><word seq="18">day<GreekSeq>18</GreekSeq></word><word seq="19">drawing nigh.<GreekSeq>16</GreekSeq></word></ASV></verse>
<verse number="26"><ASV><word seq="1">For<GreekSeq>2</GreekSeq></word><word seq="2">if</word><word seq="3">we<GreekSeq>4</GreekSeq></word><word seq="4">sin<GreekSeq>3</GreekSeq></word><word seq="5">wilfully<GreekSeq>1</GreekSeq></word><word seq="6">after<GreekSeq>5</GreekSeq></word><word seq="7">that<GreekSeq>6</GreekSeq></word><word seq="8">we</word><word seq="9">have received<GreekSeq>7</GreekSeq></word><word seq="10">the<GreekSeq>8</GreekSeq></word><word seq="11">knowledge<GreekSeq>9</GreekSeq></word><word seq="12">of the<GreekSeq>10</GreekSeq></word><word seq="13">truth,<GreekSeq>11</GreekSeq></word><word seq="14">there remaineth<GreekSeq>15</GreekSeq></word><word seq="15">no more<GreekSeq>12</GreekSeq></word><word seq="16">a sacrifice<GreekSeq>16</GreekSeq></word><word seq="17">for<GreekSeq>13</GreekSeq></word><word seq="18">sins,<GreekSeq>14</GreekSeq></word></ASV></verse>
<verse number="27"><ASV><word seq="1">but<GreekSeq>2</GreekSeq></word><word seq="2">a certain<GreekSeq>3</GreekSeq></word><word seq="3">fearful<GreekSeq>1</GreekSeq></word><word seq="4">expectation<GreekSeq>4</GreekSeq></word><word seq="5">of judgment,<GreekSeq>5</GreekSeq></word><word seq="6">and<GreekSeq>6</GreekSeq></word><word seq="7">a fierceness<GreekSeq>8</GreekSeq></word><word seq="8">of fire<GreekSeq>7</GreekSeq></word><word seq="9">which shall<GreekSeq>10</GreekSeq></word><word seq="10">devour<GreekSeq>9</GreekSeq></word><word seq="11">the<GreekSeq>11</GreekSeq></word><word seq="12">adversaries.<GreekSeq>12</GreekSeq></word></ASV></verse>
<verse number="28"><ASV><word seq="1">A man<GreekSeq>2</GreekSeq></word><word seq="2">that hath set at nought<GreekSeq>1</GreekSeq></word><word seq="3">Moses’<GreekSeq>4</GreekSeq></word><word seq="4">law<GreekSeq>3</GreekSeq></word><word seq="5">dieth<GreekSeq>12</GreekSeq></word><word seq="6">without<GreekSeq>5</GreekSeq></word><word seq="7">compassion<GreekSeq>6</GreekSeq></word><word seq="8">on<GreekSeq>7</GreekSeq></word><word seq="9">the word of</word><word seq="10">two<GreekSeq>8</GreekSeq></word><word seq="11">or<GreekSeq>9</GreekSeq></word><word seq="12">three<GreekSeq>10</GreekSeq></word><word seq="13">witnesses:<GreekSeq>11</GreekSeq></word></ASV></verse>
<verse number="29"><ASV><word seq="1">of how much<GreekSeq>1</GreekSeq></word><word seq="2">sorer<GreekSeq>3</GreekSeq></word><word seq="3">punishment,<GreekSeq>5</GreekSeq></word><word seq="4">think ye,<GreekSeq>2</GreekSeq></word><word seq="5">shall he be judged worthy,<GreekSeq>4</GreekSeq></word><word seq="6">who hath trodden under foot<GreekSeq>11</GreekSeq></word><word seq="7">the<GreekSeq>7</GreekSeq></word><word seq="8">Son<GreekSeq>8</GreekSeq></word><word seq="9">of God,<GreekSeq>10</GreekSeq></word><word seq="10">and<GreekSeq>12</GreekSeq></word><word seq="11">hath counted<GreekSeq>18</GreekSeq></word><word seq="12">the<GreekSeq>13</GreekSeq></word><word seq="13">blood<GreekSeq>14</GreekSeq></word><word seq="14">of the<GreekSeq>15</GreekSeq></word><word seq="15">covenant<GreekSeq>16</GreekSeq></word><word seq="16">wherewith<GreekSeq>19</GreekSeq><GreekSeq>20</GreekSeq></word><word seq="17">he was sanctified<GreekSeq>21</GreekSeq></word><word seq="18">an unholy thing,<GreekSeq>17</GreekSeq></word><word seq="19">and<GreekSeq>22</GreekSeq></word><word seq="20">hath done despite<GreekSeq>27</GreekSeq></word><word seq="21">unto the<GreekSeq>23</GreekSeq></word><word seq="22">Spirit<GreekSeq>24</GreekSeq></word><word seq="23">of grace?<GreekSeq>26</GreekSeq></word></ASV></verse>
<verse number="30"><ASV><word seq="1">For<GreekSeq>2</GreekSeq></word><word seq="2">we know<GreekSeq>1</GreekSeq></word><word seq="3">him<GreekSeq>3</GreekSeq></word><word seq="4">that said,<GreekSeq>4</GreekSeq></word><word seq="5">Vengeance<GreekSeq>6</GreekSeq></word><word seq="6">belongeth</word><word seq="7">unto me,<GreekSeq>5</GreekSeq></word><word seq="8">I<GreekSeq>7</GreekSeq></word><word seq="9">will recompense.<GreekSeq>8</GreekSeq></word><word seq="10">And<GreekSeq>9</GreekSeq></word><word seq="11">again,<GreekSeq>10</GreekSeq></word><word seq="12">The Lord<GreekSeq>12</GreekSeq></word><word seq="13">shall judge<GreekSeq>11</GreekSeq></word><word seq="14">his<GreekSeq>15</GreekSeq></word><word seq="15">people.<GreekSeq>14</GreekSeq></word></ASV></verse>
<verse number="31"><ASV><word seq="1">It is</word><word seq="2">a fearful<GreekSeq>1</GreekSeq></word><word seq="3">thing<GreekSeq>2</GreekSeq></word><word seq="4">to fall<GreekSeq>3</GreekSeq></word><word seq="5">into<GreekSeq>4</GreekSeq></word><word seq="6">the hands<GreekSeq>5</GreekSeq></word><word seq="7">of the<GreekSeq>6</GreekSeq></word><word seq="8">living<GreekSeq>7</GreekSeq></word><word seq="9">God.<GreekSeq>6</GreekSeq></word></ASV></verse>
<verse number="32"><ASV><word seq="1">But<GreekSeq>2</GreekSeq></word><word seq="2">call to remembrance<GreekSeq>1</GreekSeq></word><word seq="3">the<GreekSeq>3</GreekSeq></word><word seq="4">former<GreekSeq>4</GreekSeq></word><word seq="5">days,<GreekSeq>5</GreekSeq></word><word seq="6">in<GreekSeq>6</GreekSeq></word><word seq="7">which,<GreekSeq>7</GreekSeq></word><word seq="8">after ye were enlightened,<GreekSeq>8</GreekSeq></word><word seq="9">ye endured<GreekSeq>11</GreekSeq></word><word seq="10">a great<GreekSeq>9</GreekSeq></word><word seq="11">conflict<GreekSeq>10</GreekSeq></word><word seq="12">of sufferings;<GreekSeq>12</GreekSeq></word></ASV></verse>
<verse number="33"><ASV><word seq="1">partly,<GreekSeq>1</GreekSeq></word><word seq="2">being made a gazingstock<GreekSeq>7</GreekSeq></word><word seq="3">both<GreekSeq>4</GreekSeq></word><word seq="4">by reproaches<GreekSeq>3</GreekSeq></word><word seq="5">and<GreekSeq>5</GreekSeq></word><word seq="6">afflictions;<GreekSeq>6</GreekSeq></word><word seq="7">and<GreekSeq>9</GreekSeq></word><word seq="8">partly,<GreekSeq>8</GreekSeq></word><word seq="9">becoming<GreekSeq>14</GreekSeq></word><word seq="10">partakers<GreekSeq>10</GreekSeq></word><word seq="11">with them<GreekSeq>11</GreekSeq></word><word seq="12">that were<GreekSeq>13</GreekSeq></word><word seq="13">so<GreekSeq>12</GreekSeq></word><word seq="14">used.<GreekSeq>13</GreekSeq></word></ASV></verse>
<verse number="34"><ASV><word seq="1">For<GreekSeq>2</GreekSeq></word><word seq="2">ye<GreekSeq>5</GreekSeq></word><word seq="3">both<GreekSeq>1</GreekSeq></word><word seq="4">had compassion<GreekSeq>5</GreekSeq></word><word seq="5">on them<GreekSeq>3</GreekSeq></word><word seq="6">that were in bonds,<GreekSeq>4</GreekSeq></word><word seq="7">and<GreekSeq>6</GreekSeq></word><word seq="8">took<GreekSeq>14</GreekSeq></word><word seq="9">joyfully<GreekSeq>12</GreekSeq><GreekSeq>13</GreekSeq></word><word seq="10">the<GreekSeq>9</GreekSeq></word><word seq="11">spoiling<GreekSeq>8</GreekSeq></word><word seq="12">of<GreekSeq>10</GreekSeq></word><word seq="13">your<GreekSeq>11</GreekSeq></word><word seq="14">possessions,<GreekSeq>10</GreekSeq></word><word seq="15">knowing<GreekSeq>15</GreekSeq></word><word seq="16">that ye</word><word seq="17">have<GreekSeq>16</GreekSeq></word><word seq="18">for yourselves<GreekSeq>17</GreekSeq></word><word seq="19">a better<GreekSeq>18</GreekSeq></word><word seq="20">possession<GreekSeq>19</GreekSeq></word><word seq="21">and<GreekSeq>20</GreekSeq></word><word seq="22">an abiding one.<GreekSeq>21</GreekSeq></word></ASV></verse>
<verse number="35"><ASV><word seq="1">Cast<GreekSeq>2</GreekSeq></word><word seq="2">not<GreekSeq>1</GreekSeq></word><word seq="3">away<GreekSeq>2</GreekSeq></word><word seq="4">therefore<GreekSeq>3</GreekSeq></word><word seq="5">your<GreekSeq>6</GreekSeq></word><word seq="6">boldness,<GreekSeq>5</GreekSeq></word><word seq="7">which<GreekSeq>7</GreekSeq></word><word seq="8">hath<GreekSeq>8</GreekSeq></word><word seq="9">great<GreekSeq>9</GreekSeq></word><word seq="10">recompense of reward.<GreekSeq>10</GreekSeq></word></ASV></verse>
<verse number="36"><ASV><word seq="1">For<GreekSeq>2</GreekSeq></word><word seq="2">ye have<GreekSeq>3</GreekSeq></word><word seq="3">need<GreekSeq>4</GreekSeq></word><word seq="4">of patience,<GreekSeq>1</GreekSeq></word><word seq="5">that,<GreekSeq>5</GreekSeq></word><word seq="6">having done<GreekSeq>10</GreekSeq></word><word seq="7">the<GreekSeq>6</GreekSeq></word><word seq="8">will<GreekSeq>7</GreekSeq></word><word seq="9">of God,<GreekSeq>9</GreekSeq></word><word seq="10">ye may receive<GreekSeq>11</GreekSeq></word><word seq="11">the<GreekSeq>12</GreekSeq></word><word seq="12">promise.<GreekSeq>13</GreekSeq></word></ASV></verse>
<verse number="37"><ASV><word seq="1">For<GreekSeq>2</GreekSeq></word><word seq="2">yet<GreekSeq>1</GreekSeq></word><word seq="3">a very little<GreekSeq>3</GreekSeq></word><word seq="4">while,<GreekSeq>4</GreekSeq></word><word seq="5">He<GreekSeq>6</GreekSeq></word><word seq="6">that cometh<GreekSeq>7</GreekSeq></word><word seq="7">shall come,<GreekSeq>8</GreekSeq></word><word seq="8">and<GreekSeq>9</GreekSeq></word><word seq="9">shall<GreekSeq>11</GreekSeq></word><word seq="10">not<GreekSeq>10</GreekSeq></word><word seq="11">tarry.<GreekSeq>11</GreekSeq></word></ASV></verse>
<verse number="38"><ASV><word seq="1">But<GreekSeq>2</GreekSeq></word><word seq="2">my<GreekSeq>4</GreekSeq></word><word seq="3">righteous one<GreekSeq>1</GreekSeq><GreekSeq>3</GreekSeq></word><word seq="4">shall live<GreekSeq>7</GreekSeq></word><word seq="5">by<GreekSeq>5</GreekSeq></word><word seq="6">faith:<GreekSeq>6</GreekSeq></word><word seq="7">And<GreekSeq>8</GreekSeq></word><word seq="8">if<GreekSeq>9</GreekSeq></word><word seq="9">he shrink back,<GreekSeq>10</GreekSeq></word><word seq="10">my<GreekSeq>15</GreekSeq></word><word seq="11">soul<GreekSeq>14</GreekSeq></word><word seq="12">hath<GreekSeq>12</GreekSeq></word><word seq="13">no<GreekSeq>11</GreekSeq></word><word seq="14">pleasure<GreekSeq>12</GreekSeq></word><word seq="15">in<GreekSeq>16</GreekSeq></word><word seq="16">him.<GreekSeq>17</GreekSeq></word></ASV></verse>
<verse number="39"><ASV><word seq="1">But<GreekSeq>2</GreekSeq></word><word seq="2">we<GreekSeq>1</GreekSeq></word><word seq="3">are<GreekSeq>4</GreekSeq></word><word seq="4">not<GreekSeq>3</GreekSeq></word><word seq="5">of [them that] shrink back<GreekSeq>5</GreekSeq></word><word seq="6">unto<GreekSeq>6</GreekSeq></word><word seq="7">perdition;<GreekSeq>7</GreekSeq></word><word seq="8">but<GreekSeq>8</GreekSeq></word><word seq="9">of [them that have] faith<GreekSeq>9</GreekSeq></word><word seq="10">unto<GreekSeq>10</GreekSeq></word><word seq="11">the saving<GreekSeq>11</GreekSeq></word><word seq="12">of the soul.<GreekSeq>12</GreekSeq></word></ASV></verse>
</chapter></book>