<?xml version="1.0" encoding="UTF-8" standalone="no"?><book><chapter number="4">
<verse number="1"><ASV><word seq="1">Whence<GreekSeq>1</GreekSeq></word><word seq="2">come</word><word seq="3">wars<GreekSeq>2</GreekSeq></word><word seq="4">and<GreekSeq>3</GreekSeq></word><word seq="5">whence<GreekSeq>4</GreekSeq></word><word seq="6">come</word><word seq="7">fightings<GreekSeq>5</GreekSeq></word><word seq="8">among<GreekSeq>6</GreekSeq></word><word seq="9">you?<GreekSeq>7</GreekSeq></word><word seq="10">come they</word><word seq="11">not<GreekSeq>8</GreekSeq></word><word seq="12">hence,<GreekSeq>9</GreekSeq></word><word seq="13">even</word><word seq="14">of<GreekSeq>10</GreekSeq></word><word seq="15">your<GreekSeq>13</GreekSeq></word><word seq="16">pleasures<GreekSeq>12</GreekSeq></word><word seq="17">that war<GreekSeq>15</GreekSeq></word><word seq="18">in<GreekSeq>16</GreekSeq></word><word seq="19">your<GreekSeq>19</GreekSeq></word><word seq="20">members?<GreekSeq>18</GreekSeq></word></ASV></verse>
<verse number="2"><ASV><word seq="1">Ye lust,<GreekSeq>1</GreekSeq></word><word seq="2">and<GreekSeq>2</GreekSeq></word><word seq="3">have<GreekSeq>4</GreekSeq></word><word seq="4">not:<GreekSeq>3</GreekSeq></word><word seq="5">ye</word><word seq="6">kill,<GreekSeq>5</GreekSeq></word><word seq="7">and<GreekSeq>6</GreekSeq></word><word seq="8">covet,<GreekSeq>7</GreekSeq></word><word seq="9">and<GreekSeq>8</GreekSeq></word><word seq="10">cannot<GreekSeq>9</GreekSeq><GreekSeq>10</GreekSeq></word><word seq="11">obtain:<GreekSeq>11</GreekSeq></word><word seq="12">ye fight<GreekSeq>12</GreekSeq></word><word seq="13">and<GreekSeq>13</GreekSeq></word><word seq="14">war;<GreekSeq>14</GreekSeq></word><word seq="15">ye have<GreekSeq>16</GreekSeq></word><word seq="16">not,<GreekSeq>15</GreekSeq></word><word seq="17">because<GreekSeq>17</GreekSeq><GreekSeq>18</GreekSeq></word><word seq="18">ye<GreekSeq>21</GreekSeq></word><word seq="19">ask<GreekSeq>20</GreekSeq></word><word seq="20">not.<GreekSeq>19</GreekSeq></word></ASV></verse>
<verse number="3"><ASV><word seq="1">Ye ask,<GreekSeq>1</GreekSeq></word><word seq="2">and<GreekSeq>2</GreekSeq></word><word seq="3">receive<GreekSeq>4</GreekSeq></word><word seq="4">not,<GreekSeq>3</GreekSeq></word><word seq="5">because<GreekSeq>5</GreekSeq></word><word seq="6">ye ask<GreekSeq>7</GreekSeq></word><word seq="7">amiss,<GreekSeq>6</GreekSeq></word><word seq="8">that<GreekSeq>8</GreekSeq></word><word seq="9">ye may spend<GreekSeq>13</GreekSeq></word><word seq="10">it</word><word seq="11">in<GreekSeq>9</GreekSeq></word><word seq="12">your<GreekSeq>12</GreekSeq></word><word seq="13">pleasures.<GreekSeq>11</GreekSeq></word></ASV></verse>
<verse number="4"><ASV><word seq="1">Ye adulteresses,<GreekSeq>1</GreekSeq></word><word seq="2">know ye<GreekSeq>3</GreekSeq></word><word seq="3">not<GreekSeq>2</GreekSeq></word><word seq="4">that<GreekSeq>4</GreekSeq></word><word seq="5">the<GreekSeq>5</GreekSeq></word><word seq="6">friendship<GreekSeq>6</GreekSeq></word><word seq="7">of the<GreekSeq>7</GreekSeq></word><word seq="8">world<GreekSeq>8</GreekSeq></word><word seq="9">is<GreekSeq>12</GreekSeq></word><word seq="10">enmity<GreekSeq>9</GreekSeq></word><word seq="11">with God?<GreekSeq>11</GreekSeq></word><word seq="12">Whosoever<GreekSeq>13</GreekSeq><GreekSeq>14</GreekSeq></word><word seq="13">therefore<GreekSeq>15</GreekSeq></word><word seq="14">would<GreekSeq>16</GreekSeq></word><word seq="15">be<GreekSeq>18</GreekSeq></word><word seq="16">a friend<GreekSeq>17</GreekSeq></word><word seq="17">of the<GreekSeq>19</GreekSeq></word><word seq="18">world<GreekSeq>20</GreekSeq></word><word seq="19">maketh himself<GreekSeq>24</GreekSeq></word><word seq="20">an enemy<GreekSeq>21</GreekSeq></word><word seq="21">of God.<GreekSeq>23</GreekSeq></word></ASV></verse>
<verse number="5"><ASV><word seq="1">Or<GreekSeq>1</GreekSeq></word><word seq="2">think ye<GreekSeq>2</GreekSeq></word><word seq="3">that<GreekSeq>3</GreekSeq></word><word seq="4">the<GreekSeq>5</GreekSeq></word><word seq="5">scripture<GreekSeq>6</GreekSeq></word><word seq="6">speaketh<GreekSeq>7</GreekSeq></word><word seq="7">in vain?<GreekSeq>4</GreekSeq></word><word seq="8">Doth</word><word seq="9">the<GreekSeq>11</GreekSeq></word><word seq="10">spirit<GreekSeq>12</GreekSeq></word><word seq="11">which<GreekSeq>13</GreekSeq></word><word seq="12">he made to dwell<GreekSeq>14</GreekSeq></word><word seq="13">in<GreekSeq>15</GreekSeq></word><word seq="14">us<GreekSeq>16</GreekSeq></word><word seq="15">long<GreekSeq>10</GreekSeq></word><word seq="16">unto<GreekSeq>8</GreekSeq></word><word seq="17">envying?<GreekSeq>9</GreekSeq></word></ASV></verse>
<verse number="6"><ASV><word seq="1">But<GreekSeq>2</GreekSeq></word><word seq="2">he giveth<GreekSeq>3</GreekSeq></word><word seq="3">more<GreekSeq>1</GreekSeq></word><word seq="4">grace.<GreekSeq>4</GreekSeq></word><word seq="5">Wherefore<GreekSeq>5</GreekSeq></word><word seq="6">[the scripture] saith,<GreekSeq>6</GreekSeq></word><word seq="7">God<GreekSeq>8</GreekSeq></word><word seq="8">resisteth<GreekSeq>10</GreekSeq></word><word seq="9">the</word><word seq="10">proud,<GreekSeq>9</GreekSeq></word><word seq="11">but<GreekSeq>12</GreekSeq></word><word seq="12">giveth<GreekSeq>13</GreekSeq></word><word seq="13">grace<GreekSeq>14</GreekSeq></word><word seq="14">to [the] humble.<GreekSeq>11</GreekSeq></word></ASV></verse>
<verse number="7"><ASV><word seq="1">Be subject<GreekSeq>1</GreekSeq></word><word seq="2">therefore<GreekSeq>2</GreekSeq></word><word seq="3">unto God;<GreekSeq>4</GreekSeq></word><word seq="4">but<GreekSeq>6</GreekSeq></word><word seq="5">resist<GreekSeq>5</GreekSeq></word><word seq="6">the<GreekSeq>7</GreekSeq></word><word seq="7">devil,<GreekSeq>8</GreekSeq></word><word seq="8">and<GreekSeq>9</GreekSeq></word><word seq="9">he will flee<GreekSeq>10</GreekSeq></word><word seq="10">from<GreekSeq>11</GreekSeq></word><word seq="11">you.<GreekSeq>12</GreekSeq></word></ASV></verse>
<verse number="8"><ASV><word seq="1">Draw nigh<GreekSeq>1</GreekSeq></word><word seq="2">to God,<GreekSeq>3</GreekSeq></word><word seq="3">and<GreekSeq>4</GreekSeq></word><word seq="4">he will draw nigh<GreekSeq>5</GreekSeq></word><word seq="5">to you.<GreekSeq>6</GreekSeq></word><word seq="6">Cleanse<GreekSeq>7</GreekSeq></word><word seq="7">your</word><word seq="8">hands,<GreekSeq>8</GreekSeq></word><word seq="9">ye</word><word seq="10">sinners;<GreekSeq>9</GreekSeq></word><word seq="11">and<GreekSeq>10</GreekSeq></word><word seq="12">purify<GreekSeq>11</GreekSeq></word><word seq="13">your</word><word seq="14">hearts,<GreekSeq>12</GreekSeq></word><word seq="15">ye</word><word seq="16">doubleminded.<GreekSeq>13</GreekSeq></word></ASV></verse>
<verse number="9"><ASV><word seq="1">Be afflicted,<GreekSeq>1</GreekSeq></word><word seq="2">and<GreekSeq>2</GreekSeq></word><word seq="3">mourn,<GreekSeq>3</GreekSeq></word><word seq="4">and<GreekSeq>4</GreekSeq></word><word seq="5">weep:<GreekSeq>5</GreekSeq></word><word seq="6">let<GreekSeq>11</GreekSeq></word><word seq="7">your<GreekSeq>8</GreekSeq></word><word seq="8">laughter<GreekSeq>7</GreekSeq></word><word seq="9">be turned<GreekSeq>11</GreekSeq></word><word seq="10">to<GreekSeq>9</GreekSeq></word><word seq="11">mourning,<GreekSeq>10</GreekSeq></word><word seq="12">and<GreekSeq>12</GreekSeq></word><word seq="13">your</word><word seq="14">joy<GreekSeq>14</GreekSeq></word><word seq="15">to<GreekSeq>15</GreekSeq></word><word seq="16">heaviness.<GreekSeq>16</GreekSeq></word></ASV></verse>
<verse number="10"><ASV><word seq="1">Humble yourselves<GreekSeq>1</GreekSeq></word><word seq="2">in the sight of<GreekSeq>2</GreekSeq></word><word seq="3">the Lord,<GreekSeq>3</GreekSeq></word><word seq="4">and<GreekSeq>4</GreekSeq></word><word seq="5">he shall exalt<GreekSeq>5</GreekSeq></word><word seq="6">you.<GreekSeq>6</GreekSeq></word></ASV></verse>
<verse number="11"><ASV><word seq="1">Speak<GreekSeq>2</GreekSeq></word><word seq="2">not<GreekSeq>1</GreekSeq></word><word seq="3">one against another,<GreekSeq>3</GreekSeq></word><word seq="4">brethren.<GreekSeq>4</GreekSeq></word><word seq="5">He<GreekSeq>5</GreekSeq></word><word seq="6">that speaketh against<GreekSeq>6</GreekSeq></word><word seq="7">a brother,<GreekSeq>7</GreekSeq></word><word seq="8">or<GreekSeq>8</GreekSeq></word><word seq="9">judgeth<GreekSeq>9</GreekSeq></word><word seq="10">his<GreekSeq>12</GreekSeq></word><word seq="11">brother,<GreekSeq>11</GreekSeq></word><word seq="12">speaketh against<GreekSeq>13</GreekSeq></word><word seq="13">the law,<GreekSeq>14</GreekSeq></word><word seq="14">and<GreekSeq>15</GreekSeq></word><word seq="15">judgeth<GreekSeq>16</GreekSeq></word><word seq="16">the law:<GreekSeq>17</GreekSeq></word><word seq="17">but<GreekSeq>19</GreekSeq></word><word seq="18">if<GreekSeq>18</GreekSeq></word><word seq="19">thou judgest<GreekSeq>21</GreekSeq></word><word seq="20">the law,<GreekSeq>20</GreekSeq></word><word seq="21">thou art<GreekSeq>23</GreekSeq></word><word seq="22">not<GreekSeq>22</GreekSeq></word><word seq="23">a doer<GreekSeq>24</GreekSeq></word><word seq="24">of the law,<GreekSeq>25</GreekSeq></word><word seq="25">but<GreekSeq>26</GreekSeq></word><word seq="26">a judge.<GreekSeq>27</GreekSeq></word></ASV></verse>
<verse number="12"><ASV><word seq="1">One<GreekSeq>1</GreekSeq></word><word seq="2">only</word><word seq="3">is<GreekSeq>2</GreekSeq></word><word seq="4">the<GreekSeq>3</GreekSeq></word><word seq="5">lawgiver<GreekSeq>4</GreekSeq></word><word seq="6">and<GreekSeq>5</GreekSeq></word><word seq="7">judge,<GreekSeq>6</GreekSeq></word><word seq="8">even</word><word seq="9">he<GreekSeq>7</GreekSeq></word><word seq="10">who is able<GreekSeq>8</GreekSeq></word><word seq="11">to save<GreekSeq>9</GreekSeq></word><word seq="12">and<GreekSeq>10</GreekSeq></word><word seq="13">to destroy:<GreekSeq>11</GreekSeq></word><word seq="14">but<GreekSeq>13</GreekSeq></word><word seq="15">who<GreekSeq>14</GreekSeq></word><word seq="16">art<GreekSeq>15</GreekSeq></word><word seq="17">thou<GreekSeq>12</GreekSeq></word><word seq="18">that judgest<GreekSeq>17</GreekSeq></word><word seq="19">thy</word><word seq="20">neighbor?<GreekSeq>19</GreekSeq></word></ASV></verse>
<verse number="13"><ASV><word seq="1">Come<GreekSeq>1</GreekSeq></word><word seq="2">now,<GreekSeq>2</GreekSeq></word><word seq="3">[ye]<GreekSeq>3</GreekSeq></word><word seq="4">that say,<GreekSeq>4</GreekSeq></word><word seq="5">To-day<GreekSeq>5</GreekSeq></word><word seq="6">or<GreekSeq>6</GreekSeq></word><word seq="7">to-morrow<GreekSeq>7</GreekSeq></word><word seq="8">we will go<GreekSeq>8</GreekSeq></word><word seq="9">into<GreekSeq>9</GreekSeq></word><word seq="10">this<GreekSeq>10</GreekSeq></word><word seq="11">city,<GreekSeq>12</GreekSeq></word><word seq="12">and<GreekSeq>13</GreekSeq></word><word seq="13">spend<GreekSeq>14</GreekSeq></word><word seq="14">a year<GreekSeq>16</GreekSeq></word><word seq="15">there,<GreekSeq>15</GreekSeq></word><word seq="16">and<GreekSeq>17</GreekSeq></word><word seq="17">trade,<GreekSeq>18</GreekSeq></word><word seq="18">and<GreekSeq>19</GreekSeq></word><word seq="19">get gain:<GreekSeq>20</GreekSeq></word></ASV></verse>
<verse number="14"><ASV><word seq="1">whereas<GreekSeq>1</GreekSeq></word><word seq="2">ye know<GreekSeq>3</GreekSeq></word><word seq="3">not<GreekSeq>2</GreekSeq></word><word seq="4">what<GreekSeq>4</GreekSeq></word><word seq="5">shall be on</word><word seq="6">the<GreekSeq>5</GreekSeq></word><word seq="7">morrow.<GreekSeq>6</GreekSeq></word><word seq="8">What<GreekSeq>7</GreekSeq></word><word seq="9">is</word><word seq="10">your<GreekSeq>10</GreekSeq></word><word seq="11">life?<GreekSeq>9</GreekSeq></word><word seq="12">For<GreekSeq>12</GreekSeq></word><word seq="13">ye are<GreekSeq>13</GreekSeq></word><word seq="14">a vapor<GreekSeq>11</GreekSeq></word><word seq="15">that appeareth<GreekSeq>17</GreekSeq></word><word seq="16">for<GreekSeq>15</GreekSeq></word><word seq="17">a little [time],<GreekSeq>16</GreekSeq></word><word seq="18">and<GreekSeq>19</GreekSeq></word><word seq="19">then<GreekSeq>18</GreekSeq></word><word seq="20">vanisheth away.<GreekSeq>20</GreekSeq></word></ASV></verse>
<verse number="15"><ASV><word seq="1">For<GreekSeq>1</GreekSeq></word><word seq="2">that<GreekSeq>2</GreekSeq></word><word seq="3">ye<GreekSeq>4</GreekSeq></word><word seq="4">ought</word><word seq="5">to say,<GreekSeq>3</GreekSeq></word><word seq="6">If<GreekSeq>5</GreekSeq></word><word seq="7">the<GreekSeq>6</GreekSeq></word><word seq="8">Lord<GreekSeq>7</GreekSeq></word><word seq="9">will,<GreekSeq>8</GreekSeq></word><word seq="10">we shall [both] live,<GreekSeq>10</GreekSeq></word><word seq="11">and<GreekSeq>11</GreekSeq></word><word seq="12">do<GreekSeq>12</GreekSeq></word><word seq="13">this<GreekSeq>13</GreekSeq></word><word seq="14">or<GreekSeq>14</GreekSeq></word><word seq="15">that.<GreekSeq>15</GreekSeq></word></ASV></verse>
<verse number="16"><ASV><word seq="1">But<GreekSeq>2</GreekSeq></word><word seq="2">now<GreekSeq>1</GreekSeq></word><word seq="3">ye glory<GreekSeq>3</GreekSeq></word><word seq="4">in<GreekSeq>4</GreekSeq></word><word seq="5">your<GreekSeq>7</GreekSeq></word><word seq="6">vauntings:<GreekSeq>6</GreekSeq></word><word seq="7">all<GreekSeq>8</GreekSeq></word><word seq="8">such<GreekSeq>10</GreekSeq></word><word seq="9">glorying<GreekSeq>9</GreekSeq></word><word seq="10">is<GreekSeq>12</GreekSeq></word><word seq="11">evil.<GreekSeq>11</GreekSeq></word></ASV></verse>
<verse number="17"><ASV><word seq="1">To him</word><word seq="2">therefore<GreekSeq>2</GreekSeq></word><word seq="3">that knoweth<GreekSeq>1</GreekSeq></word><word seq="4">to do<GreekSeq>4</GreekSeq></word><word seq="5">good,<GreekSeq>3</GreekSeq></word><word seq="6">and<GreekSeq>5</GreekSeq></word><word seq="7">doeth<GreekSeq>7</GreekSeq></word><word seq="8">it</word><word seq="9">not,<GreekSeq>6</GreekSeq></word><word seq="10">to him<GreekSeq>9</GreekSeq></word><word seq="11">it is<GreekSeq>10</GreekSeq></word><word seq="12">sin.<GreekSeq>8</GreekSeq></word></ASV></verse>
</chapter></book>