<?xml version="1.0" encoding="UTF-8" standalone="no"?><book><chapter number="17">
<verse number="1"><ASV><word seq="1">These things<GreekSeq>1</GreekSeq></word><word seq="2">spake<GreekSeq>2</GreekSeq></word><word seq="3">Jesus;<GreekSeq>3</GreekSeq></word><word seq="4">and<GreekSeq>4</GreekSeq></word><word seq="5">lifting up<GreekSeq>5</GreekSeq></word><word seq="6">his<GreekSeq>8</GreekSeq></word><word seq="7">eyes<GreekSeq>7</GreekSeq></word><word seq="8">to<GreekSeq>9</GreekSeq></word><word seq="9">heaven,<GreekSeq>11</GreekSeq></word><word seq="10">he said,<GreekSeq>12</GreekSeq></word><word seq="11">Father,<GreekSeq>13</GreekSeq></word><word seq="12">the<GreekSeq>15</GreekSeq></word><word seq="13">hour<GreekSeq>16</GreekSeq></word><word seq="14">is come;<GreekSeq>14</GreekSeq></word><word seq="15">glorify<GreekSeq>17</GreekSeq></word><word seq="16">thy<GreekSeq>18</GreekSeq></word><word seq="17">Son,<GreekSeq>20</GreekSeq></word><word seq="18">that<GreekSeq>21</GreekSeq></word><word seq="19">the<GreekSeq>22</GreekSeq></word><word seq="20">Son<GreekSeq>23</GreekSeq></word><word seq="21">may glorify<GreekSeq>24</GreekSeq></word><word seq="22">thee:<GreekSeq>25</GreekSeq></word></ASV></verse>
<verse number="2"><ASV><word seq="1">even as<GreekSeq>1</GreekSeq></word><word seq="2">thou gavest<GreekSeq>2</GreekSeq></word><word seq="3">him<GreekSeq>3</GreekSeq></word><word seq="4">authority<GreekSeq>4</GreekSeq></word><word seq="5">over all<GreekSeq>5</GreekSeq></word><word seq="6">flesh,<GreekSeq>6</GreekSeq></word><word seq="7">that<GreekSeq>7</GreekSeq></word><word seq="8">to all<GreekSeq>8</GreekSeq></word><word seq="9">whom<GreekSeq>9</GreekSeq></word><word seq="10">thou hast given<GreekSeq>10</GreekSeq></word><word seq="11">him,<GreekSeq>11</GreekSeq></word><word seq="12">he should give<GreekSeq>12</GreekSeq></word><word seq="13">eternal<GreekSeq>15</GreekSeq></word><word seq="14">life.<GreekSeq>14</GreekSeq></word></ASV></verse>
<verse number="3"><ASV><word seq="1">And<GreekSeq>2</GreekSeq></word><word seq="2">this<GreekSeq>1</GreekSeq></word><word seq="3">is<GreekSeq>3</GreekSeq></word><word seq="4">life<GreekSeq>6</GreekSeq></word><word seq="5">eternal,<GreekSeq>5</GreekSeq></word><word seq="6">that<GreekSeq>7</GreekSeq></word><word seq="7">they should know<GreekSeq>8</GreekSeq></word><word seq="8">thee<GreekSeq>9</GreekSeq></word><word seq="9">the<GreekSeq>10</GreekSeq></word><word seq="10">only<GreekSeq>11</GreekSeq></word><word seq="11">true<GreekSeq>12</GreekSeq></word><word seq="12">God,<GreekSeq>13</GreekSeq></word><word seq="13">and<GreekSeq>14</GreekSeq></word><word seq="14">him whom<GreekSeq>15</GreekSeq></word><word seq="15">thou didst send,<GreekSeq>16</GreekSeq></word><word seq="16">Jesus<GreekSeq>17</GreekSeq></word><word seq="17">Christ.<GreekSeq>18</GreekSeq></word></ASV></verse>
<verse number="4"><ASV><word seq="1">I<GreekSeq>1</GreekSeq></word><word seq="2">glorified<GreekSeq>3</GreekSeq></word><word seq="3">thee<GreekSeq>2</GreekSeq></word><word seq="4">on<GreekSeq>4</GreekSeq></word><word seq="5">the<GreekSeq>5</GreekSeq></word><word seq="6">earth,<GreekSeq>6</GreekSeq></word><word seq="7">having accomplished<GreekSeq>9</GreekSeq></word><word seq="8">the<GreekSeq>7</GreekSeq></word><word seq="9">work<GreekSeq>8</GreekSeq></word><word seq="10">which<GreekSeq>10</GreekSeq></word><word seq="11">thou hast given<GreekSeq>11</GreekSeq></word><word seq="12">me<GreekSeq>12</GreekSeq></word><word seq="13">to do.<GreekSeq>13</GreekSeq><GreekSeq>14</GreekSeq></word></ASV></verse>
<verse number="5"><ASV><word seq="1">And<GreekSeq>1</GreekSeq></word><word seq="2">now,<GreekSeq>2</GreekSeq></word><word seq="3">Father,<GreekSeq>6</GreekSeq></word><word seq="4">glorify<GreekSeq>3</GreekSeq></word><word seq="5">thou<GreekSeq>5</GreekSeq></word><word seq="6">me<GreekSeq>4</GreekSeq></word><word seq="7">with<GreekSeq>7</GreekSeq></word><word seq="8">thine own self<GreekSeq>8</GreekSeq></word><word seq="9">with the<GreekSeq>9</GreekSeq></word><word seq="10">glory<GreekSeq>10</GreekSeq></word><word seq="11">which<GreekSeq>11</GreekSeq></word><word seq="12">I had<GreekSeq>12</GreekSeq></word><word seq="13">with<GreekSeq>18</GreekSeq></word><word seq="14">thee<GreekSeq>19</GreekSeq></word><word seq="15">before<GreekSeq>13</GreekSeq></word><word seq="16">the<GreekSeq>15</GreekSeq></word><word seq="17">world<GreekSeq>16</GreekSeq></word><word seq="18">was.<GreekSeq>17</GreekSeq></word></ASV></verse>
<verse number="6"><ASV><word seq="1">I manifested<GreekSeq>1</GreekSeq></word><word seq="2">thy<GreekSeq>2</GreekSeq></word><word seq="3">name<GreekSeq>4</GreekSeq></word><word seq="4">unto the<GreekSeq>5</GreekSeq></word><word seq="5">men<GreekSeq>6</GreekSeq></word><word seq="6">whom<GreekSeq>7</GreekSeq></word><word seq="7">thou gavest<GreekSeq>8</GreekSeq></word><word seq="8">me<GreekSeq>9</GreekSeq></word><word seq="9">out of<GreekSeq>10</GreekSeq></word><word seq="10">the<GreekSeq>11</GreekSeq></word><word seq="11">world:<GreekSeq>12</GreekSeq></word><word seq="12">thine<GreekSeq>13</GreekSeq></word><word seq="13">they were,<GreekSeq>14</GreekSeq></word><word seq="14">and<GreekSeq>15</GreekSeq></word><word seq="15">thou gavest<GreekSeq>17</GreekSeq></word><word seq="16">them<GreekSeq>16</GreekSeq></word><word seq="17">to me;<GreekSeq>15</GreekSeq></word><word seq="18">and<GreekSeq>18</GreekSeq></word><word seq="19">they have kept<GreekSeq>22</GreekSeq></word><word seq="20">thy<GreekSeq>21</GreekSeq></word><word seq="21">word.<GreekSeq>20</GreekSeq></word></ASV></verse>
<verse number="7"><ASV><word seq="1">Now<GreekSeq>1</GreekSeq></word><word seq="2">they know<GreekSeq>2</GreekSeq></word><word seq="3">that<GreekSeq>3</GreekSeq></word><word seq="4">all things<GreekSeq>4</GreekSeq></word><word seq="5">whatsoever<GreekSeq>5</GreekSeq></word><word seq="6">thou hast given<GreekSeq>6</GreekSeq></word><word seq="7">me<GreekSeq>7</GreekSeq></word><word seq="8">are<GreekSeq>10</GreekSeq></word><word seq="9">from<GreekSeq>8</GreekSeq></word><word seq="10">thee:<GreekSeq>9</GreekSeq></word></ASV></verse>
<verse number="8"><ASV><word seq="1">for<GreekSeq>1</GreekSeq></word><word seq="2">the<GreekSeq>2</GreekSeq></word><word seq="3">words<GreekSeq>3</GreekSeq></word><word seq="4">which<GreekSeq>4</GreekSeq></word><word seq="5">thou gavest<GreekSeq>5</GreekSeq></word><word seq="6">me<GreekSeq>6</GreekSeq></word><word seq="7">I have given<GreekSeq>7</GreekSeq></word><word seq="8">unto them;<GreekSeq>8</GreekSeq></word><word seq="9">and<GreekSeq>9</GreekSeq></word><word seq="10">they<GreekSeq>10</GreekSeq></word><word seq="11">received ,<GreekSeq>11</GreekSeq></word><word seq="12">and<GreekSeq>12</GreekSeq></word><word seq="13">knew<GreekSeq>13</GreekSeq></word><word seq="14">of a truth<GreekSeq>14</GreekSeq></word><word seq="15">that<GreekSeq>15</GreekSeq></word><word seq="16">I came forth<GreekSeq>18</GreekSeq></word><word seq="17">from<GreekSeq>16</GreekSeq></word><word seq="18">thee,<GreekSeq>17</GreekSeq></word><word seq="19">and<GreekSeq>19</GreekSeq></word><word seq="20">they believed<GreekSeq>20</GreekSeq></word><word seq="21">that<GreekSeq>21</GreekSeq></word><word seq="22">thou<GreekSeq>22</GreekSeq></word><word seq="23">didst send<GreekSeq>24</GreekSeq></word><word seq="24">me.<GreekSeq>23</GreekSeq></word></ASV></verse>
<verse number="9"><ASV><word seq="1">I<GreekSeq>1</GreekSeq></word><word seq="2">pray<GreekSeq>4</GreekSeq></word><word seq="3">for<GreekSeq>2</GreekSeq></word><word seq="4">them:<GreekSeq>3</GreekSeq></word><word seq="5">I pray<GreekSeq>9</GreekSeq></word><word seq="6">not<GreekSeq>5</GreekSeq></word><word seq="7">for<GreekSeq>6</GreekSeq></word><word seq="8">the<GreekSeq>7</GreekSeq></word><word seq="9">world,<GreekSeq>8</GreekSeq></word><word seq="10">but<GreekSeq>10</GreekSeq></word><word seq="11">for<GreekSeq>11</GreekSeq></word><word seq="12">those whom<GreekSeq>12</GreekSeq></word><word seq="13">thou hast given<GreekSeq>13</GreekSeq></word><word seq="14">me;<GreekSeq>14</GreekSeq></word><word seq="15">for<GreekSeq>15</GreekSeq></word><word seq="16">they are<GreekSeq>17</GreekSeq></word><word seq="17">thine:<GreekSeq>16</GreekSeq></word></ASV></verse>
<verse number="10"><ASV><word seq="1">and<GreekSeq>1</GreekSeq></word><word seq="2">all things<GreekSeq>4</GreekSeq></word><word seq="3">that are</word><word seq="4">mine<GreekSeq>3</GreekSeq></word><word seq="5">are<GreekSeq>6</GreekSeq></word><word seq="6">thine,<GreekSeq>5</GreekSeq></word><word seq="7">and<GreekSeq>7</GreekSeq></word><word seq="8">thine<GreekSeq>9</GreekSeq></word><word seq="9">are</word><word seq="10">mine:<GreekSeq>10</GreekSeq></word><word seq="11">and<GreekSeq>11</GreekSeq></word><word seq="12">I am glorified<GreekSeq>12</GreekSeq></word><word seq="13">in<GreekSeq>13</GreekSeq></word><word seq="14">them.<GreekSeq>14</GreekSeq></word></ASV></verse>
<verse number="11"><ASV><word seq="1">And<GreekSeq>1</GreekSeq></word><word seq="2">I am<GreekSeq>3</GreekSeq></word><word seq="3">no more<GreekSeq>2</GreekSeq></word><word seq="4">in<GreekSeq>4</GreekSeq></word><word seq="5">the<GreekSeq>5</GreekSeq></word><word seq="6">world,<GreekSeq>6</GreekSeq></word><word seq="7">and<GreekSeq>7</GreekSeq></word><word seq="8">these<GreekSeq>8</GreekSeq></word><word seq="9">are<GreekSeq>12</GreekSeq></word><word seq="10">in<GreekSeq>9</GreekSeq></word><word seq="11">the<GreekSeq>10</GreekSeq></word><word seq="12">world,<GreekSeq>11</GreekSeq></word><word seq="13">and I<GreekSeq>13</GreekSeq></word><word seq="14">come<GreekSeq>16</GreekSeq></word><word seq="15">to<GreekSeq>14</GreekSeq></word><word seq="16">thee.<GreekSeq>15</GreekSeq></word><word seq="17">Holy<GreekSeq>18</GreekSeq></word><word seq="18">Father,<GreekSeq>17</GreekSeq></word><word seq="19">keep<GreekSeq>19</GreekSeq></word><word seq="20">them<GreekSeq>20</GreekSeq></word><word seq="21">in<GreekSeq>21</GreekSeq></word><word seq="22">thy<GreekSeq>24</GreekSeq></word><word seq="23">name<GreekSeq>23</GreekSeq></word><word seq="24">which<GreekSeq>25</GreekSeq></word><word seq="25">thou hast given<GreekSeq>26</GreekSeq></word><word seq="26">me,<GreekSeq>27</GreekSeq></word><word seq="27">that<GreekSeq>28</GreekSeq></word><word seq="28">they may be<GreekSeq>29</GreekSeq></word><word seq="29">one,<GreekSeq>30</GreekSeq></word><word seq="30">even as<GreekSeq>31</GreekSeq></word><word seq="31">we .<GreekSeq>32</GreekSeq></word></ASV></verse>
<verse number="12"><ASV><word seq="1">While<GreekSeq>1</GreekSeq></word><word seq="2">I was<GreekSeq>2</GreekSeq></word><word seq="3">with<GreekSeq>3</GreekSeq></word><word seq="4">them,<GreekSeq>4</GreekSeq></word><word seq="5">I<GreekSeq>5</GreekSeq></word><word seq="6">kept<GreekSeq>6</GreekSeq></word><word seq="7">them<GreekSeq>7</GreekSeq></word><word seq="8">in<GreekSeq>8</GreekSeq></word><word seq="9">thy<GreekSeq>11</GreekSeq></word><word seq="10">name<GreekSeq>10</GreekSeq></word><word seq="11">which<GreekSeq>12</GreekSeq></word><word seq="12">thou hast given<GreekSeq>13</GreekSeq></word><word seq="13">me:<GreekSeq>14</GreekSeq></word><word seq="14">and<GreekSeq>15</GreekSeq></word><word seq="15">I guarded<GreekSeq>16</GreekSeq></word><word seq="16">them,</word><word seq="17">and<GreekSeq>17</GreekSeq></word><word seq="18">not one<GreekSeq>18</GreekSeq></word><word seq="19">of<GreekSeq>19</GreekSeq></word><word seq="20">them<GreekSeq>20</GreekSeq></word><word seq="21">perished,<GreekSeq>21</GreekSeq></word><word seq="22" note="εἰ μή Strong Code (1508)">but<GreekSeq>22</GreekSeq><GreekSeq>23</GreekSeq></word><word seq="23">the<GreekSeq>24</GreekSeq></word><word seq="24">son<GreekSeq>25</GreekSeq></word><word seq="25">of perdition;<GreekSeq>27</GreekSeq></word><word seq="26">that<GreekSeq>28</GreekSeq></word><word seq="27">the<GreekSeq>29</GreekSeq></word><word seq="28">scripture<GreekSeq>30</GreekSeq></word><word seq="29">might be fulfilled.<GreekSeq>31</GreekSeq></word></ASV></verse>
<verse number="13"><ASV><word seq="1">But<GreekSeq>2</GreekSeq></word><word seq="2">now<GreekSeq>1</GreekSeq></word><word seq="3">I come<GreekSeq>5</GreekSeq></word><word seq="4">to<GreekSeq>3</GreekSeq></word><word seq="5">thee;<GreekSeq>4</GreekSeq></word><word seq="6">and<GreekSeq>6</GreekSeq></word><word seq="7">these things<GreekSeq>7</GreekSeq></word><word seq="8">I speak<GreekSeq>8</GreekSeq></word><word seq="9">in<GreekSeq>9</GreekSeq></word><word seq="10">the<GreekSeq>10</GreekSeq></word><word seq="11">world,<GreekSeq>11</GreekSeq></word><word seq="12">that<GreekSeq>12</GreekSeq></word><word seq="13">they may have<GreekSeq>13</GreekSeq></word><word seq="14">my<GreekSeq>17</GreekSeq></word><word seq="15">joy<GreekSeq>15</GreekSeq></word><word seq="16">made full<GreekSeq>18</GreekSeq></word><word seq="17">in<GreekSeq>19</GreekSeq></word><word seq="18">themselves.<GreekSeq>20</GreekSeq></word></ASV></verse>
<verse number="14"><ASV><word seq="1">I<GreekSeq>1</GreekSeq></word><word seq="2">have given<GreekSeq>2</GreekSeq></word><word seq="3">them<GreekSeq>3</GreekSeq></word><word seq="4">thy<GreekSeq>6</GreekSeq></word><word seq="5">word;<GreekSeq>5</GreekSeq></word><word seq="6">and<GreekSeq>7</GreekSeq></word><word seq="7">the<GreekSeq>8</GreekSeq></word><word seq="8">world<GreekSeq>9</GreekSeq></word><word seq="9">hated<GreekSeq>10</GreekSeq></word><word seq="10">them,<GreekSeq>11</GreekSeq></word><word seq="11">because<GreekSeq>12</GreekSeq></word><word seq="12">they are<GreekSeq>14</GreekSeq></word><word seq="13">not<GreekSeq>13</GreekSeq></word><word seq="14">of<GreekSeq>15</GreekSeq></word><word seq="15">the<GreekSeq>16</GreekSeq></word><word seq="16">world,<GreekSeq>17</GreekSeq></word><word seq="17">even as<GreekSeq>18</GreekSeq></word><word seq="18">I<GreekSeq>19</GreekSeq></word><word seq="19">am<GreekSeq>21</GreekSeq></word><word seq="20">not<GreekSeq>20</GreekSeq></word><word seq="21">of<GreekSeq>22</GreekSeq></word><word seq="22">the<GreekSeq>23</GreekSeq></word><word seq="23">world.<GreekSeq>24</GreekSeq></word></ASV></verse>
<verse number="15"><ASV><word seq="1">I pray<GreekSeq>2</GreekSeq></word><word seq="2">not<GreekSeq>1</GreekSeq></word><word seq="3">that<GreekSeq>3</GreekSeq></word><word seq="4">thou shouldest take<GreekSeq>4</GreekSeq></word><word seq="5">them<GreekSeq>5</GreekSeq></word><word seq="6">from<GreekSeq>6</GreekSeq></word><word seq="7">the<GreekSeq>7</GreekSeq></word><word seq="8">world,<GreekSeq>8</GreekSeq></word><word seq="9">but<GreekSeq>9</GreekSeq></word><word seq="10">that<GreekSeq>10</GreekSeq></word><word seq="11">thou shouldest keep<GreekSeq>11</GreekSeq></word><word seq="12">them<GreekSeq>12</GreekSeq></word><word seq="13">from<GreekSeq>13</GreekSeq></word><word seq="14">the<GreekSeq>14</GreekSeq></word><word seq="15">evil .<GreekSeq>15</GreekSeq></word></ASV></verse>
<verse number="16"><ASV><word seq="1">They are<GreekSeq>5</GreekSeq></word><word seq="2">not<GreekSeq>4</GreekSeq></word><word seq="3">of<GreekSeq>1</GreekSeq></word><word seq="4">the<GreekSeq>2</GreekSeq></word><word seq="5">world,<GreekSeq>3</GreekSeq></word><word seq="6">even as<GreekSeq>6</GreekSeq></word><word seq="7">I<GreekSeq>7</GreekSeq></word><word seq="8">am<GreekSeq>9</GreekSeq></word><word seq="9">not<GreekSeq>8</GreekSeq></word><word seq="10">of<GreekSeq>10</GreekSeq></word><word seq="11">the<GreekSeq>11</GreekSeq></word><word seq="12">world.<GreekSeq>12</GreekSeq></word></ASV></verse>
<verse number="17"><ASV><word seq="1">Sanctify<GreekSeq>1</GreekSeq></word><word seq="2">them<GreekSeq>2</GreekSeq></word><word seq="3">in<GreekSeq>3</GreekSeq></word><word seq="4">the<GreekSeq>4</GreekSeq></word><word seq="5">truth:<GreekSeq>5</GreekSeq></word><word seq="6">thy<GreekSeq>9</GreekSeq></word><word seq="7">word<GreekSeq>7</GreekSeq></word><word seq="8">is<GreekSeq>11</GreekSeq></word><word seq="9">truth.<GreekSeq>10</GreekSeq></word></ASV></verse>
<verse number="18"><ASV><word seq="1">As<GreekSeq>1</GreekSeq></word><word seq="2">thou didst send<GreekSeq>3</GreekSeq></word><word seq="3">me<GreekSeq>2</GreekSeq></word><word seq="4">into<GreekSeq>4</GreekSeq></word><word seq="5">the<GreekSeq>5</GreekSeq></word><word seq="6">world,<GreekSeq>6</GreekSeq></word><word seq="7">even so<GreekSeq>7</GreekSeq></word><word seq="8">sent<GreekSeq>8</GreekSeq></word><word seq="9">I<GreekSeq>7</GreekSeq></word><word seq="10">them<GreekSeq>9</GreekSeq></word><word seq="11">into<GreekSeq>10</GreekSeq></word><word seq="12">the<GreekSeq>11</GreekSeq></word><word seq="13">world.<GreekSeq>12</GreekSeq></word></ASV></verse>
<verse number="19"><ASV><word seq="1">And<GreekSeq>1</GreekSeq></word><word seq="2">for<GreekSeq>2</GreekSeq></word><word seq="3">their<GreekSeq>3</GreekSeq></word><word seq="4">sakes<GreekSeq>2</GreekSeq></word><word seq="5">I<GreekSeq>4</GreekSeq></word><word seq="6">sanctify<GreekSeq>5</GreekSeq></word><word seq="7">myself,<GreekSeq>6</GreekSeq></word><word seq="8">that<GreekSeq>7</GreekSeq></word><word seq="9">they<GreekSeq>8</GreekSeq></word><word seq="10">themselves<GreekSeq>10</GreekSeq></word><word seq="11">also<GreekSeq>9</GreekSeq></word><word seq="12">may be<GreekSeq>8</GreekSeq></word><word seq="13">sanctified<GreekSeq>11</GreekSeq></word><word seq="14">in<GreekSeq>12</GreekSeq></word><word seq="15">truth.<GreekSeq>13</GreekSeq></word></ASV></verse>
<verse number="20"><ASV><word seq="1">Neither<GreekSeq>1</GreekSeq><GreekSeq>4</GreekSeq></word><word seq="2">for<GreekSeq>2</GreekSeq></word><word seq="3">these<GreekSeq>3</GreekSeq></word><word seq="4">only<GreekSeq>6</GreekSeq></word><word seq="5">do</word><word seq="6">I pray,<GreekSeq>5</GreekSeq></word><word seq="7">but<GreekSeq>7</GreekSeq></word><word seq="8">for<GreekSeq>9</GreekSeq></word><word seq="9">them<GreekSeq>10</GreekSeq></word><word seq="10">also<GreekSeq>8</GreekSeq></word><word seq="11">that believe<GreekSeq>11</GreekSeq></word><word seq="12">on<GreekSeq>16</GreekSeq></word><word seq="13">me<GreekSeq>17</GreekSeq></word><word seq="14">through<GreekSeq>12</GreekSeq></word><word seq="15">their<GreekSeq>15</GreekSeq></word><word seq="16">word;<GreekSeq>14</GreekSeq></word></ASV></verse>
<verse number="21"><ASV><word seq="1">that<GreekSeq>1</GreekSeq></word><word seq="2">they may<GreekSeq>4</GreekSeq></word><word seq="3">all<GreekSeq>2</GreekSeq></word><word seq="4">be<GreekSeq>4</GreekSeq></word><word seq="5">one;<GreekSeq>3</GreekSeq></word><word seq="6">even as<GreekSeq>5</GreekSeq></word><word seq="7">thou,<GreekSeq>6</GreekSeq></word><word seq="8">Father,<GreekSeq>7</GreekSeq></word><word seq="9">in<GreekSeq>8</GreekSeq></word><word seq="10">me,<GreekSeq>9</GreekSeq></word><word seq="11">and I<GreekSeq>10</GreekSeq></word><word seq="12">in<GreekSeq>11</GreekSeq></word><word seq="13">thee,<GreekSeq>12</GreekSeq></word><word seq="14">that<GreekSeq>13</GreekSeq></word><word seq="15">they<GreekSeq>15</GreekSeq></word><word seq="16">also<GreekSeq>14</GreekSeq></word><word seq="17">may be<GreekSeq>18</GreekSeq></word><word seq="18">in<GreekSeq>16</GreekSeq></word><word seq="19">us:<GreekSeq>17</GreekSeq></word><word seq="20">that<GreekSeq>19</GreekSeq></word><word seq="21">the<GreekSeq>20</GreekSeq></word><word seq="22">world<GreekSeq>21</GreekSeq></word><word seq="23">may believe<GreekSeq>22</GreekSeq></word><word seq="24">that<GreekSeq>23</GreekSeq></word><word seq="25">thou<GreekSeq>24</GreekSeq></word><word seq="26">didst send<GreekSeq>26</GreekSeq></word><word seq="27">me.<GreekSeq>25</GreekSeq></word></ASV></verse>
<verse number="22"><ASV><word seq="1">And<GreekSeq>1</GreekSeq></word><word seq="2">the<GreekSeq>2</GreekSeq></word><word seq="3">glory<GreekSeq>3</GreekSeq></word><word seq="4">which<GreekSeq>4</GreekSeq></word><word seq="5">thou hast given<GreekSeq>5</GreekSeq></word><word seq="6">me<GreekSeq>6</GreekSeq></word><word seq="7">I<GreekSeq>1</GreekSeq></word><word seq="8">have given<GreekSeq>7</GreekSeq></word><word seq="9">unto them;<GreekSeq>8</GreekSeq></word><word seq="10">that<GreekSeq>9</GreekSeq></word><word seq="11">they may be<GreekSeq>10</GreekSeq></word><word seq="12">one,<GreekSeq>11</GreekSeq></word><word seq="13">even as<GreekSeq>12</GreekSeq></word><word seq="14">we<GreekSeq>13</GreekSeq></word><word seq="15">one;<GreekSeq>14</GreekSeq></word></ASV></verse>
<verse number="23"><ASV><word seq="1">I<GreekSeq>1</GreekSeq></word><word seq="2">in<GreekSeq>2</GreekSeq></word><word seq="3">them,<GreekSeq>3</GreekSeq></word><word seq="4">and<GreekSeq>4</GreekSeq></word><word seq="5">thou<GreekSeq>5</GreekSeq></word><word seq="6">in<GreekSeq>6</GreekSeq></word><word seq="7">me,<GreekSeq>7</GreekSeq></word><word seq="8">that<GreekSeq>8</GreekSeq></word><word seq="9">they may be<GreekSeq>9</GreekSeq></word><word seq="10">perfected<GreekSeq>10</GreekSeq></word><word seq="11">into<GreekSeq>11</GreekSeq></word><word seq="12">one;<GreekSeq>12</GreekSeq></word><word seq="13">that<GreekSeq>13</GreekSeq></word><word seq="14">the<GreekSeq>15</GreekSeq></word><word seq="15">world<GreekSeq>16</GreekSeq></word><word seq="16">may know<GreekSeq>14</GreekSeq></word><word seq="17">that<GreekSeq>17</GreekSeq></word><word seq="18">thou<GreekSeq>18</GreekSeq></word><word seq="19">didst send<GreekSeq>20</GreekSeq></word><word seq="20">me,<GreekSeq>19</GreekSeq></word><word seq="21">and<GreekSeq>21</GreekSeq></word><word seq="22">lovedst<GreekSeq>22</GreekSeq></word><word seq="23">them,<GreekSeq>23</GreekSeq></word><word seq="24">even as<GreekSeq>24</GreekSeq></word><word seq="25">thou lovedst<GreekSeq>26</GreekSeq></word><word seq="26">me.<GreekSeq>25</GreekSeq></word></ASV></verse>
<verse number="24"><ASV><word seq="1">Father,<GreekSeq>1</GreekSeq></word><word seq="2">I desire<GreekSeq>5</GreekSeq></word><word seq="3">that<GreekSeq>6</GreekSeq></word><word seq="4">they also<GreekSeq>10</GreekSeq></word><word seq="5">whom<GreekSeq>2</GreekSeq></word><word seq="6">thou hast given<GreekSeq>3</GreekSeq></word><word seq="7">me<GreekSeq>4</GreekSeq></word><word seq="8">be<GreekSeq>11</GreekSeq></word><word seq="9">with<GreekSeq>12</GreekSeq></word><word seq="10">me<GreekSeq>13</GreekSeq></word><word seq="11">where<GreekSeq>7</GreekSeq></word><word seq="12">I<GreekSeq>9</GreekSeq></word><word seq="13">am,<GreekSeq>8</GreekSeq></word><word seq="14">that<GreekSeq>14</GreekSeq></word><word seq="15">they may behold<GreekSeq>15</GreekSeq></word><word seq="16">my<GreekSeq>19</GreekSeq></word><word seq="17">glory,<GreekSeq>17</GreekSeq></word><word seq="18">which<GreekSeq>20</GreekSeq></word><word seq="19">thou hast given<GreekSeq>21</GreekSeq></word><word seq="20">me:<GreekSeq>22</GreekSeq></word><word seq="21">for<GreekSeq>23</GreekSeq></word><word seq="22">thou lovedst<GreekSeq>24</GreekSeq></word><word seq="23">me<GreekSeq>25</GreekSeq></word><word seq="24">before<GreekSeq>26</GreekSeq></word><word seq="25">the foundation<GreekSeq>27</GreekSeq></word><word seq="26">of the world.<GreekSeq>28</GreekSeq></word></ASV></verse>
<verse number="25"><ASV><word seq="1">O righteous<GreekSeq>2</GreekSeq></word><word seq="2">Father,<GreekSeq>1</GreekSeq></word><word seq="3">the<GreekSeq>4</GreekSeq></word><word seq="4">world<GreekSeq>5</GreekSeq></word><word seq="5">knew<GreekSeq>8</GreekSeq></word><word seq="6">thee<GreekSeq>6</GreekSeq></word><word seq="7">not,<GreekSeq>7</GreekSeq></word><word seq="8">but<GreekSeq>10</GreekSeq></word><word seq="9">I<GreekSeq>9</GreekSeq></word><word seq="10">knew<GreekSeq>12</GreekSeq></word><word seq="11">thee;<GreekSeq>11</GreekSeq></word><word seq="12">and<GreekSeq>13</GreekSeq></word><word seq="13">these<GreekSeq>14</GreekSeq></word><word seq="14">knew<GreekSeq>15</GreekSeq></word><word seq="15">that<GreekSeq>16</GreekSeq></word><word seq="16">thou<GreekSeq>17</GreekSeq></word><word seq="17">didst send<GreekSeq>19</GreekSeq></word><word seq="18">me;<GreekSeq>18</GreekSeq></word></ASV></verse>
<verse number="26"><ASV><word seq="1">and<GreekSeq>1</GreekSeq></word><word seq="2">I made known<GreekSeq>2</GreekSeq></word><word seq="3">unto them<GreekSeq>3</GreekSeq></word><word seq="4">thy<GreekSeq>6</GreekSeq></word><word seq="5">name,<GreekSeq>5</GreekSeq></word><word seq="6">and<GreekSeq>7</GreekSeq></word><word seq="7">will make [it] known;<GreekSeq>8</GreekSeq></word><word seq="8">that<GreekSeq>9</GreekSeq></word><word seq="9">the<GreekSeq>10</GreekSeq></word><word seq="10">love<GreekSeq>11</GreekSeq></word><word seq="11">wherewith<GreekSeq>12</GreekSeq></word><word seq="12">thou lovedst<GreekSeq>13</GreekSeq></word><word seq="13">me<GreekSeq>14</GreekSeq></word><word seq="14">may be<GreekSeq>17</GreekSeq></word><word seq="15">in<GreekSeq>15</GreekSeq></word><word seq="16">them,<GreekSeq>16</GreekSeq></word><word seq="17">and I<GreekSeq>18</GreekSeq></word><word seq="18">in<GreekSeq>19</GreekSeq></word><word seq="19">them.<GreekSeq>20</GreekSeq></word></ASV></verse>
</chapter></book>