<?xml version="1.0" encoding="UTF-8" standalone="no"?><book><chapter number="13">
<verse number="1"><ASV><word seq="1">Now<GreekSeq>2</GreekSeq></word><word seq="2">there were<GreekSeq>1</GreekSeq></word><word seq="3">some<GreekSeq>3</GreekSeq></word><word seq="4">present<GreekSeq>1</GreekSeq></word><word seq="5">at<GreekSeq>4</GreekSeq></word><word seq="6">that<GreekSeq>6</GreekSeq></word><word seq="7">very<GreekSeq>5</GreekSeq></word><word seq="8">season<GreekSeq>7</GreekSeq></word><word seq="9">who told<GreekSeq>8</GreekSeq></word><word seq="10">him<GreekSeq>9</GreekSeq></word><word seq="11">of<GreekSeq>10</GreekSeq></word><word seq="12">the<GreekSeq>11</GreekSeq></word><word seq="13">Galilaeans,<GreekSeq>12</GreekSeq></word><word seq="14">whose<GreekSeq>13</GreekSeq></word><word seq="15">blood<GreekSeq>15</GreekSeq></word><word seq="16">Pilate<GreekSeq>16</GreekSeq></word><word seq="17">had mingled<GreekSeq>17</GreekSeq></word><word seq="18">with<GreekSeq>18</GreekSeq></word><word seq="19">their<GreekSeq>21</GreekSeq></word><word seq="20">sacrifices.<GreekSeq>20</GreekSeq></word></ASV></verse>
<verse number="2"><ASV><word seq="1">And<GreekSeq>1</GreekSeq></word><word seq="2">he answered<GreekSeq>2</GreekSeq></word><word seq="3">and</word><word seq="4">said<GreekSeq>3</GreekSeq></word><word seq="5">unto them,<GreekSeq>4</GreekSeq></word><word seq="6">Think ye<GreekSeq>5</GreekSeq></word><word seq="7">that<GreekSeq>6</GreekSeq></word><word seq="8">these<GreekSeq>9</GreekSeq></word><word seq="9">Galilaeans<GreekSeq>8</GreekSeq></word><word seq="10">were<GreekSeq>15</GreekSeq></word><word seq="11">sinners<GreekSeq>10</GreekSeq></word><word seq="12">above<GreekSeq>11</GreekSeq></word><word seq="13">all<GreekSeq>12</GreekSeq></word><word seq="14">the<GreekSeq>13</GreekSeq></word><word seq="15">Galilaeans,<GreekSeq>14</GreekSeq></word><word seq="16">because<GreekSeq>16</GreekSeq></word><word seq="17">they have suffered<GreekSeq>18</GreekSeq></word><word seq="18">these things?<GreekSeq>17</GreekSeq></word></ASV></verse>
<verse number="3"><ASV><word seq="1">I tell<GreekSeq>2</GreekSeq></word><word seq="2">you,<GreekSeq>3</GreekSeq></word><word seq="3">Nay:<GreekSeq>1</GreekSeq></word><word seq="4">but,<GreekSeq>4</GreekSeq></word><word seq="5" note="ἐὰν μή Strong Code (3362)">except<GreekSeq>5</GreekSeq><GreekSeq>6</GreekSeq></word><word seq="6">ye repent,<GreekSeq>7</GreekSeq></word><word seq="7">ye shall<GreekSeq>10</GreekSeq></word><word seq="8">all<GreekSeq>8</GreekSeq></word><word seq="9">in like manner<GreekSeq>9</GreekSeq></word><word seq="10">perish.<GreekSeq>10</GreekSeq></word></ASV></verse>
<verse number="4"><ASV><word seq="1">Or<GreekSeq>1</GreekSeq></word><word seq="2">those<GreekSeq>2</GreekSeq></word><word seq="3">eighteen,<GreekSeq>4</GreekSeq><GreekSeq>5</GreekSeq></word><word seq="4">upon<GreekSeq>6</GreekSeq></word><word seq="5">whom<GreekSeq>7</GreekSeq></word><word seq="6">the<GreekSeq>9</GreekSeq></word><word seq="7">tower<GreekSeq>10</GreekSeq></word><word seq="8">in<GreekSeq>11</GreekSeq></word><word seq="9">Siloam<GreekSeq>13</GreekSeq></word><word seq="10">fell,<GreekSeq>8</GreekSeq></word><word seq="11">and<GreekSeq>14</GreekSeq></word><word seq="12">killed<GreekSeq>15</GreekSeq></word><word seq="13">them,<GreekSeq>16</GreekSeq></word><word seq="14">think ye<GreekSeq>17</GreekSeq></word><word seq="15">that<GreekSeq>18</GreekSeq></word><word seq="16">they<GreekSeq>19</GreekSeq></word><word seq="17">were<GreekSeq>21</GreekSeq></word><word seq="18">offenders<GreekSeq>20</GreekSeq></word><word seq="19">above<GreekSeq>22</GreekSeq></word><word seq="20">all<GreekSeq>23</GreekSeq></word><word seq="21">the<GreekSeq>24</GreekSeq></word><word seq="22">men<GreekSeq>25</GreekSeq></word><word seq="23">that dwell<GreekSeq>27</GreekSeq></word><word seq="24">in</word><word seq="25">Jerusalem?<GreekSeq>28</GreekSeq></word></ASV></verse>
<verse number="5"><ASV><word seq="1">I tell<GreekSeq>2</GreekSeq></word><word seq="2">you,<GreekSeq>3</GreekSeq></word><word seq="3">Nay:<GreekSeq>1</GreekSeq></word><word seq="4">but,<GreekSeq>4</GreekSeq></word><word seq="5" note="ἐὰν μή Strong Code (3362)">except<GreekSeq>5</GreekSeq><GreekSeq>6</GreekSeq></word><word seq="6">ye repent,<GreekSeq>7</GreekSeq></word><word seq="7">ye shall<GreekSeq>10</GreekSeq></word><word seq="8">all<GreekSeq>8</GreekSeq></word><word seq="9">likewise<GreekSeq>9</GreekSeq></word><word seq="10">perish.<GreekSeq>10</GreekSeq></word></ASV></verse>
<verse number="6"><ASV><word seq="1">And<GreekSeq>2</GreekSeq></word><word seq="2">he spake<GreekSeq>1</GreekSeq></word><word seq="3">this<GreekSeq>3</GreekSeq></word><word seq="4">parable;<GreekSeq>5</GreekSeq></word><word seq="5">A certain man<GreekSeq>8</GreekSeq></word><word seq="6">had<GreekSeq>7</GreekSeq></word><word seq="7">a fig tree<GreekSeq>6</GreekSeq></word><word seq="8">planted<GreekSeq>9</GreekSeq></word><word seq="9">in<GreekSeq>10</GreekSeq></word><word seq="10">his<GreekSeq>13</GreekSeq></word><word seq="11">vineyard;<GreekSeq>12</GreekSeq></word><word seq="12">and<GreekSeq>14</GreekSeq></word><word seq="13">he came<GreekSeq>15</GreekSeq></word><word seq="14">seeking<GreekSeq>16</GreekSeq></word><word seq="15">fruit<GreekSeq>17</GreekSeq></word><word seq="16">thereon,<GreekSeq>18</GreekSeq><GreekSeq>19</GreekSeq></word><word seq="17">and<GreekSeq>20</GreekSeq></word><word seq="18">found<GreekSeq>22</GreekSeq></word><word seq="19">none.<GreekSeq>21</GreekSeq></word></ASV></verse>
<verse number="7"><ASV><word seq="1">And<GreekSeq>2</GreekSeq></word><word seq="2">he said<GreekSeq>1</GreekSeq></word><word seq="3">unto<GreekSeq>3</GreekSeq></word><word seq="4">the<GreekSeq>4</GreekSeq></word><word seq="5">vinedresser,<GreekSeq>5</GreekSeq></word><word seq="6">Behold,<GreekSeq>6</GreekSeq></word><word seq="7">these<GreekSeq>10</GreekSeq></word><word seq="8">three<GreekSeq>7</GreekSeq></word><word seq="9">years<GreekSeq>8</GreekSeq></word><word seq="10">I come<GreekSeq>11</GreekSeq></word><word seq="11">seeking<GreekSeq>12</GreekSeq></word><word seq="12">fruit<GreekSeq>13</GreekSeq></word><word seq="13">on<GreekSeq>14</GreekSeq></word><word seq="14">this<GreekSeq>17</GreekSeq></word><word seq="15">fig tree,<GreekSeq>16</GreekSeq></word><word seq="16">and<GreekSeq>18</GreekSeq></word><word seq="17">find<GreekSeq>20</GreekSeq></word><word seq="18">none:<GreekSeq>19</GreekSeq></word><word seq="19">cut<GreekSeq>21</GreekSeq></word><word seq="20">it<GreekSeq>23</GreekSeq></word><word seq="21">down;<GreekSeq>21</GreekSeq></word><word seq="22">why<GreekSeq>24</GreekSeq></word><word seq="23">doth</word><word seq="24">it<GreekSeq>28</GreekSeq></word><word seq="25">also<GreekSeq>25</GreekSeq></word><word seq="26">cumber<GreekSeq>28</GreekSeq></word><word seq="27">the<GreekSeq>26</GreekSeq></word><word seq="28">ground?<GreekSeq>27</GreekSeq></word></ASV></verse>
<verse number="8"><ASV><word seq="1">And<GreekSeq>2</GreekSeq></word><word seq="2">he<GreekSeq>1</GreekSeq></word><word seq="3">answering<GreekSeq>3</GreekSeq></word><word seq="4">saith<GreekSeq>4</GreekSeq></word><word seq="5">unto him,<GreekSeq>5</GreekSeq></word><word seq="6">Lord,<GreekSeq>6</GreekSeq></word><word seq="7">let<GreekSeq>7</GreekSeq></word><word seq="8">it<GreekSeq>8</GreekSeq></word><word seq="9"> alone<GreekSeq>7</GreekSeq></word><word seq="10">this<GreekSeq>10</GreekSeq></word><word seq="11">year<GreekSeq>12</GreekSeq></word><word seq="12">also,<GreekSeq>9</GreekSeq></word><word seq="13">till<GreekSeq>13</GreekSeq></word><word seq="14">I shall dig<GreekSeq>15</GreekSeq></word><word seq="15">about<GreekSeq>16</GreekSeq></word><word seq="16">it,<GreekSeq>17</GreekSeq></word><word seq="17">and<GreekSeq>18</GreekSeq></word><word seq="18">dung<GreekSeq>19</GreekSeq><GreekSeq>20</GreekSeq></word><word seq="19">it:</word></ASV></verse>
<verse number="9"><ASV><word seq="1">and if<GreekSeq>1</GreekSeq></word><word seq="2">it bear<GreekSeq>3</GreekSeq></word><word seq="3">fruit<GreekSeq>4</GreekSeq></word><word seq="4">thenceforth,<GreekSeq>5</GreekSeq><GreekSeq>6</GreekSeq><GreekSeq>7</GreekSeq></word><word seq="5">well;</word><word seq="6">but<GreekSeq>9</GreekSeq></word><word seq="7">if<GreekSeq>8</GreekSeq></word><word seq="8">not,<GreekSeq>10</GreekSeq></word><word seq="9">thou shalt cut<GreekSeq>12</GreekSeq></word><word seq="10">it<GreekSeq>13</GreekSeq></word><word seq="11">down.<GreekSeq>12</GreekSeq></word></ASV></verse>
<verse number="10"><ASV><word seq="1">And<GreekSeq>2</GreekSeq></word><word seq="2">he was<GreekSeq>1</GreekSeq></word><word seq="3">teaching<GreekSeq>3</GreekSeq></word><word seq="4">in<GreekSeq>4</GreekSeq></word><word seq="5">one<GreekSeq>5</GreekSeq></word><word seq="6">of the<GreekSeq>6</GreekSeq></word><word seq="7">synagogues<GreekSeq>7</GreekSeq></word><word seq="8">on<GreekSeq>8</GreekSeq></word><word seq="9">the<GreekSeq>9</GreekSeq></word><word seq="10">sabbath day.<GreekSeq>10</GreekSeq></word></ASV></verse>
<verse number="11"><ASV><word seq="1">And<GreekSeq>1</GreekSeq></word><word seq="2">behold,<GreekSeq>2</GreekSeq></word><word seq="3">a woman<GreekSeq>3</GreekSeq></word><word seq="4">that had<GreekSeq>5</GreekSeq></word><word seq="5">a spirit<GreekSeq>4</GreekSeq></word><word seq="6">of infirmity<GreekSeq>6</GreekSeq></word><word seq="7">eighteen<GreekSeq>8</GreekSeq></word><word seq="8">years;<GreekSeq>7</GreekSeq></word><word seq="9">and<GreekSeq>9</GreekSeq></word><word seq="10">she was<GreekSeq>10</GreekSeq></word><word seq="11">bowed together,<GreekSeq>11</GreekSeq></word><word seq="12">and<GreekSeq>12</GreekSeq></word><word seq="13">could<GreekSeq>14</GreekSeq></word><word seq="14">in no wise<GreekSeq>13</GreekSeq><GreekSeq>16</GreekSeq><GreekSeq>18</GreekSeq></word><word seq="15">lift [herself] up.<GreekSeq>15</GreekSeq></word></ASV></verse>
<verse number="12"><ASV><word seq="1">And<GreekSeq>2</GreekSeq></word><word seq="2">when<GreekSeq>1</GreekSeq></word><word seq="3">Jesus<GreekSeq>5</GreekSeq></word><word seq="4">saw<GreekSeq>1</GreekSeq></word><word seq="5">her,<GreekSeq>3</GreekSeq></word><word seq="6">he called<GreekSeq>6</GreekSeq></word><word seq="7">her,</word><word seq="8">and<GreekSeq>7</GreekSeq></word><word seq="9">said<GreekSeq>8</GreekSeq></word><word seq="10">to her,<GreekSeq>9</GreekSeq></word><word seq="11">Woman,<GreekSeq>10</GreekSeq></word><word seq="12">thou art loosed from<GreekSeq>11</GreekSeq></word><word seq="13">thine<GreekSeq>14</GreekSeq></word><word seq="14">infirmity.<GreekSeq>13</GreekSeq></word></ASV></verse>
<verse number="13"><ASV><word seq="1">And<GreekSeq>1</GreekSeq></word><word seq="2">he laid<GreekSeq>2</GreekSeq></word><word seq="3">his</word><word seq="4">hands<GreekSeq>5</GreekSeq></word><word seq="5">upon<GreekSeq>2</GreekSeq></word><word seq="6">her:<GreekSeq>3</GreekSeq></word><word seq="7">and<GreekSeq>6</GreekSeq></word><word seq="8">immediately<GreekSeq>7</GreekSeq></word><word seq="9">she was made straight,<GreekSeq>8</GreekSeq></word><word seq="10">and<GreekSeq>9</GreekSeq></word><word seq="11">glorified<GreekSeq>10</GreekSeq></word><word seq="12">God.<GreekSeq>12</GreekSeq></word></ASV></verse>
<verse number="14"><ASV><word seq="1">And<GreekSeq>2</GreekSeq></word><word seq="2">the<GreekSeq>3</GreekSeq></word><word seq="3">ruler of the synagogue,<GreekSeq>4</GreekSeq></word><word seq="4">being moved with indignation<GreekSeq>5</GreekSeq></word><word seq="5">because<GreekSeq>6</GreekSeq></word><word seq="6">Jesus<GreekSeq>11</GreekSeq></word><word seq="7">had healed<GreekSeq>9</GreekSeq></word><word seq="8">on the<GreekSeq>7</GreekSeq></word><word seq="9">sabbath,<GreekSeq>8</GreekSeq></word><word seq="10">answered<GreekSeq>1</GreekSeq></word><word seq="11">and</word><word seq="12">said<GreekSeq>12</GreekSeq></word><word seq="13">to the<GreekSeq>13</GreekSeq></word><word seq="14">multitude,<GreekSeq>14</GreekSeq></word><word seq="15">There are<GreekSeq>18</GreekSeq></word><word seq="16">six<GreekSeq>16</GreekSeq></word><word seq="17">days<GreekSeq>17</GreekSeq></word><word seq="18">in<GreekSeq>19</GreekSeq></word><word seq="19">which<GreekSeq>20</GreekSeq></word><word seq="20">men ought<GreekSeq>21</GreekSeq></word><word seq="21">to work:<GreekSeq>22</GreekSeq></word><word seq="22">in<GreekSeq>23</GreekSeq></word><word seq="23">them<GreekSeq>24</GreekSeq></word><word seq="24">therefore<GreekSeq>25</GreekSeq></word><word seq="25">come<GreekSeq>26</GreekSeq></word><word seq="26">and</word><word seq="27">be healed,<GreekSeq>27</GreekSeq></word><word seq="28">and<GreekSeq>28</GreekSeq></word><word seq="29">not<GreekSeq>29</GreekSeq></word><word seq="30">on the<GreekSeq>30</GreekSeq></word><word seq="31">day<GreekSeq>31</GreekSeq></word><word seq="32">of the<GreekSeq>32</GreekSeq></word><word seq="33">sabbath.<GreekSeq>33</GreekSeq></word></ASV></verse>
<verse number="15"><ASV><word seq="1">But<GreekSeq>2</GreekSeq></word><word seq="2">the<GreekSeq>4</GreekSeq></word><word seq="3">Lord<GreekSeq>5</GreekSeq></word><word seq="4">answered<GreekSeq>1</GreekSeq></word><word seq="5">him,<GreekSeq>3</GreekSeq></word><word seq="6">and<GreekSeq>6</GreekSeq></word><word seq="7">said,<GreekSeq>7</GreekSeq></word><word seq="8">Ye hypocrites,<GreekSeq>8</GreekSeq></word><word seq="9">doth</word><word seq="10">not<GreekSeq>13</GreekSeq></word><word seq="11">each one<GreekSeq>9</GreekSeq></word><word seq="12">of you<GreekSeq>10</GreekSeq></word><word seq="13">on the<GreekSeq>11</GreekSeq></word><word seq="14">sabbath<GreekSeq>12</GreekSeq></word><word seq="15">loose<GreekSeq>14</GreekSeq></word><word seq="16">his<GreekSeq>17</GreekSeq></word><word seq="17">ox<GreekSeq>16</GreekSeq></word><word seq="18">or<GreekSeq>18</GreekSeq></word><word seq="19">his</word><word seq="20">ass<GreekSeq>20</GreekSeq></word><word seq="21">from<GreekSeq>21</GreekSeq></word><word seq="22">the<GreekSeq>22</GreekSeq></word><word seq="23">stall,<GreekSeq>23</GreekSeq></word><word seq="24">and<GreekSeq>24</GreekSeq></word><word seq="25">lead [him] away<GreekSeq>25</GreekSeq></word><word seq="26">to watering?<GreekSeq>26</GreekSeq></word></ASV></verse>
<verse number="16"><ASV><word seq="1">And<GreekSeq>2</GreekSeq></word><word seq="2">ought<GreekSeq>16</GreekSeq></word><word seq="3">not<GreekSeq>15</GreekSeq></word><word seq="4">this woman,<GreekSeq>1</GreekSeq></word><word seq="5">being<GreekSeq>5</GreekSeq></word><word seq="6">a daughter<GreekSeq>3</GreekSeq></word><word seq="7">of Abraham,<GreekSeq>4</GreekSeq></word><word seq="8">whom<GreekSeq>6</GreekSeq></word><word seq="9">Satan<GreekSeq>9</GreekSeq></word><word seq="10">had bound,<GreekSeq>7</GreekSeq></word><word seq="11">lo,<GreekSeq>10</GreekSeq></word><word seq="12">these</word><word seq="13">eighteen<GreekSeq>11</GreekSeq><GreekSeq>12</GreekSeq><GreekSeq>13</GreekSeq></word><word seq="14">years,<GreekSeq>14</GreekSeq></word><word seq="15">to have been loosed<GreekSeq>17</GreekSeq></word><word seq="16">from<GreekSeq>18</GreekSeq></word><word seq="17">this<GreekSeq>21</GreekSeq></word><word seq="18">bond<GreekSeq>20</GreekSeq></word><word seq="19">on the<GreekSeq>22</GreekSeq></word><word seq="20">day<GreekSeq>23</GreekSeq></word><word seq="21">of the<GreekSeq>24</GreekSeq></word><word seq="22">sabbath?<GreekSeq>25</GreekSeq></word></ASV></verse>
<verse number="17"><ASV><word seq="1">And<GreekSeq>1</GreekSeq></word><word seq="2">as<GreekSeq>3</GreekSeq></word><word seq="3">he<GreekSeq>4</GreekSeq></word><word seq="4">said<GreekSeq>3</GreekSeq></word><word seq="5">these things,<GreekSeq>2</GreekSeq></word><word seq="6">all<GreekSeq>6</GreekSeq></word><word seq="7">his<GreekSeq>9</GreekSeq></word><word seq="8">adversaries<GreekSeq>8</GreekSeq></word><word seq="9">were put to shame:<GreekSeq>5</GreekSeq></word><word seq="10">and<GreekSeq>10</GreekSeq></word><word seq="11">all<GreekSeq>11</GreekSeq></word><word seq="12">the<GreekSeq>12</GreekSeq></word><word seq="13">multitude<GreekSeq>13</GreekSeq></word><word seq="14">rejoiced<GreekSeq>14</GreekSeq></word><word seq="15">for<GreekSeq>15</GreekSeq></word><word seq="16">all<GreekSeq>16</GreekSeq></word><word seq="17">the<GreekSeq>17</GreekSeq></word><word seq="18">glorious<GreekSeq>18</GreekSeq></word><word seq="19">things<GreekSeq>19</GreekSeq></word><word seq="20">that were done<GreekSeq>20</GreekSeq></word><word seq="21">by<GreekSeq>21</GreekSeq></word><word seq="22">him.<GreekSeq>22</GreekSeq></word></ASV></verse>
<verse number="18"><ASV><word seq="1">He said<GreekSeq>1</GreekSeq></word><word seq="2">therefore,<GreekSeq>2</GreekSeq></word><word seq="3">Unto what<GreekSeq>3</GreekSeq></word><word seq="4">is<GreekSeq>5</GreekSeq></word><word seq="5">the<GreekSeq>6</GreekSeq></word><word seq="6">kingdom<GreekSeq>7</GreekSeq></word><word seq="7">of God<GreekSeq>9</GreekSeq></word><word seq="8">like?<GreekSeq>4</GreekSeq></word><word seq="9">and<GreekSeq>10</GreekSeq></word><word seq="10">whereunto<GreekSeq>11</GreekSeq></word><word seq="11">shall I liken<GreekSeq>12</GreekSeq></word><word seq="12">it?<GreekSeq>13</GreekSeq></word></ASV></verse>
<verse number="19"><ASV><word seq="1">It is<GreekSeq>2</GreekSeq></word><word seq="2">like<GreekSeq>1</GreekSeq></word><word seq="3">unto a grain<GreekSeq>3</GreekSeq></word><word seq="4">of mustard seed,<GreekSeq>4</GreekSeq></word><word seq="5">which<GreekSeq>5</GreekSeq></word><word seq="6">a man<GreekSeq>7</GreekSeq></word><word seq="7">took,<GreekSeq>6</GreekSeq></word><word seq="8">and</word><word seq="9">cast<GreekSeq>8</GreekSeq></word><word seq="10">into<GreekSeq>9</GreekSeq></word><word seq="11">his own<GreekSeq>11</GreekSeq></word><word seq="12">garden;<GreekSeq>10</GreekSeq></word><word seq="13">and<GreekSeq>12</GreekSeq></word><word seq="14">it grew,<GreekSeq>13</GreekSeq></word><word seq="15">and<GreekSeq>14</GreekSeq></word><word seq="16">became<GreekSeq>15</GreekSeq></word><word seq="17">a tree;<GreekSeq>17</GreekSeq></word><word seq="18">and<GreekSeq>18</GreekSeq></word><word seq="19">the<GreekSeq>19</GreekSeq></word><word seq="20">birds<GreekSeq>20</GreekSeq></word><word seq="21">of the<GreekSeq>21</GreekSeq></word><word seq="22">heaven<GreekSeq>22</GreekSeq></word><word seq="23">lodged<GreekSeq>23</GreekSeq></word><word seq="24">in<GreekSeq>24</GreekSeq></word><word seq="25">the<GreekSeq>25</GreekSeq></word><word seq="26">branches<GreekSeq>26</GreekSeq></word><word seq="27">thereof.<GreekSeq>27</GreekSeq></word></ASV></verse>
<verse number="20"><ASV><word seq="1">And<GreekSeq>1</GreekSeq></word><word seq="2">again<GreekSeq>2</GreekSeq></word><word seq="3">he said,<GreekSeq>3</GreekSeq></word><word seq="4">Whereunto<GreekSeq>4</GreekSeq></word><word seq="5">shall I liken<GreekSeq>5</GreekSeq></word><word seq="6">the<GreekSeq>6</GreekSeq></word><word seq="7">kingdom<GreekSeq>7</GreekSeq></word><word seq="8">of God?<GreekSeq>9</GreekSeq></word></ASV></verse>
<verse number="21"><ASV><word seq="1">It is<GreekSeq>2</GreekSeq></word><word seq="2">like<GreekSeq>1</GreekSeq></word><word seq="3">unto leaven,<GreekSeq>3</GreekSeq></word><word seq="4">which<GreekSeq>4</GreekSeq></word><word seq="5">a woman<GreekSeq>6</GreekSeq></word><word seq="6">took<GreekSeq>5</GreekSeq></word><word seq="7">and</word><word seq="8">hid<GreekSeq>7</GreekSeq></word><word seq="9">in<GreekSeq>8</GreekSeq></word><word seq="10">three<GreekSeq>11</GreekSeq></word><word seq="11">measures<GreekSeq>10</GreekSeq></word><word seq="12">of meal,<GreekSeq>9</GreekSeq></word><word seq="13">till<GreekSeq>12</GreekSeq></word><word seq="14">it<GreekSeq>13</GreekSeq></word><word seq="15">was<GreekSeq>14</GreekSeq></word><word seq="16">all<GreekSeq>15</GreekSeq></word><word seq="17">leavened.<GreekSeq>14</GreekSeq></word></ASV></verse>
<verse number="22"><ASV><word seq="1">And<GreekSeq>1</GreekSeq></word><word seq="2">he went on his way<GreekSeq>2</GreekSeq></word><word seq="3">through<GreekSeq>3</GreekSeq></word><word seq="4">cities<GreekSeq>4</GreekSeq></word><word seq="5">and<GreekSeq>5</GreekSeq></word><word seq="6">villages,<GreekSeq>6</GreekSeq></word><word seq="7">teaching,<GreekSeq>7</GreekSeq></word><word seq="8">and<GreekSeq>8</GreekSeq></word><word seq="9">journeying on<GreekSeq>9</GreekSeq><GreekSeq>10</GreekSeq></word><word seq="10">unto<GreekSeq>11</GreekSeq></word><word seq="11">Jerusalem.<GreekSeq>12</GreekSeq></word></ASV></verse>
<verse number="23"><ASV><word seq="1">And<GreekSeq>2</GreekSeq></word><word seq="2">one<GreekSeq>3</GreekSeq></word><word seq="3">said<GreekSeq>1</GreekSeq></word><word seq="4">unto him,<GreekSeq>4</GreekSeq></word><word seq="5">Lord,<GreekSeq>5</GreekSeq></word><word seq="6">[are they]<GreekSeq>6</GreekSeq></word><word seq="7">few<GreekSeq>7</GreekSeq></word><word seq="8">that are saved?<GreekSeq>9</GreekSeq></word><word seq="9">And<GreekSeq>11</GreekSeq></word><word seq="10">he<GreekSeq>10</GreekSeq></word><word seq="11">said<GreekSeq>12</GreekSeq></word><word seq="12">unto<GreekSeq>13</GreekSeq></word><word seq="13">them,<GreekSeq>14</GreekSeq></word></ASV></verse>
<verse number="24"><ASV><word seq="1">Strive<GreekSeq>1</GreekSeq></word><word seq="2">to enter in<GreekSeq>2</GreekSeq></word><word seq="3">by<GreekSeq>3</GreekSeq></word><word seq="4">the<GreekSeq>4</GreekSeq></word><word seq="5">narrow<GreekSeq>5</GreekSeq></word><word seq="6">door:<GreekSeq>6</GreekSeq></word><word seq="7">for<GreekSeq>7</GreekSeq></word><word seq="8">many,<GreekSeq>8</GreekSeq></word><word seq="9">I say<GreekSeq>9</GreekSeq></word><word seq="10">unto you,<GreekSeq>10</GreekSeq></word><word seq="11">shall seek<GreekSeq>11</GreekSeq></word><word seq="12">to enter in,<GreekSeq>12</GreekSeq></word><word seq="13">and<GreekSeq>13</GreekSeq></word><word seq="14">shall<GreekSeq>15</GreekSeq></word><word seq="15">not<GreekSeq>14</GreekSeq></word><word seq="16">be able.<GreekSeq>15</GreekSeq></word></ASV></verse>
<verse number="25"><ASV><word seq="1">When once<GreekSeq>1</GreekSeq><GreekSeq>2</GreekSeq><GreekSeq>3</GreekSeq></word><word seq="2">the<GreekSeq>5</GreekSeq></word><word seq="3">master of the house<GreekSeq>6</GreekSeq></word><word seq="4">is risen up,<GreekSeq>4</GreekSeq></word><word seq="5">and<GreekSeq>7</GreekSeq></word><word seq="6">hath shut<GreekSeq>8</GreekSeq></word><word seq="7">to the<GreekSeq>9</GreekSeq></word><word seq="8">door,<GreekSeq>10</GreekSeq></word><word seq="9">and<GreekSeq>11</GreekSeq></word><word seq="10">ye begin<GreekSeq>12</GreekSeq></word><word seq="11">to stand<GreekSeq>14</GreekSeq></word><word seq="12">without,<GreekSeq>13</GreekSeq></word><word seq="13">and<GreekSeq>15</GreekSeq></word><word seq="14">to knock at<GreekSeq>16</GreekSeq></word><word seq="15">the<GreekSeq>17</GreekSeq></word><word seq="16">door,<GreekSeq>18</GreekSeq></word><word seq="17">saying,<GreekSeq>19</GreekSeq></word><word seq="18">Lord,<GreekSeq>20</GreekSeq></word><word seq="19">open<GreekSeq>21</GreekSeq></word><word seq="20">to us;<GreekSeq>22</GreekSeq></word><word seq="21">and<GreekSeq>23</GreekSeq></word><word seq="22">he shall answer<GreekSeq>24</GreekSeq></word><word seq="23">and</word><word seq="24">say<GreekSeq>25</GreekSeq></word><word seq="25">to you,<GreekSeq>26</GreekSeq></word><word seq="26">I know<GreekSeq>28</GreekSeq></word><word seq="27">you<GreekSeq>29</GreekSeq></word><word seq="28">not<GreekSeq>27</GreekSeq></word><word seq="29">whence<GreekSeq>30</GreekSeq></word><word seq="30">ye are;<GreekSeq>31</GreekSeq></word></ASV></verse>
<verse number="26"><ASV><word seq="1">then<GreekSeq>1</GreekSeq></word><word seq="2">shall ye begin<GreekSeq>2</GreekSeq></word><word seq="3">to say,<GreekSeq>3</GreekSeq></word><word seq="4">We did eat<GreekSeq>4</GreekSeq></word><word seq="5">and<GreekSeq>7</GreekSeq></word><word seq="6">drink<GreekSeq>8</GreekSeq></word><word seq="7">in<GreekSeq>5</GreekSeq></word><word seq="8">thy<GreekSeq>6</GreekSeq></word><word seq="9">presence,<GreekSeq>5</GreekSeq></word><word seq="10">and<GreekSeq>9</GreekSeq></word><word seq="11">thou didst teach<GreekSeq>14</GreekSeq></word><word seq="12">in<GreekSeq>10</GreekSeq></word><word seq="13">our<GreekSeq>13</GreekSeq></word><word seq="14">streets;<GreekSeq>12</GreekSeq></word></ASV></verse>
<verse number="27"><ASV><word seq="1">and<GreekSeq>1</GreekSeq></word><word seq="2">he shall say,<GreekSeq>2</GreekSeq></word><word seq="3">I tell<GreekSeq>3</GreekSeq></word><word seq="4">you,<GreekSeq>4</GreekSeq></word><word seq="5">I know<GreekSeq>6</GreekSeq></word><word seq="6">not<GreekSeq>5</GreekSeq></word><word seq="7">whence<GreekSeq>8</GreekSeq></word><word seq="8">ye are;<GreekSeq>9</GreekSeq></word><word seq="9">depart<GreekSeq>10</GreekSeq></word><word seq="10">from<GreekSeq>11</GreekSeq></word><word seq="11">me,<GreekSeq>12</GreekSeq></word><word seq="12">all<GreekSeq>13</GreekSeq></word><word seq="13">ye workers<GreekSeq>14</GreekSeq></word><word seq="14">of iniquity.<GreekSeq>15</GreekSeq></word></ASV></verse>
<verse number="28"><ASV><word seq="1">There<GreekSeq>1</GreekSeq></word><word seq="2">shall be<GreekSeq>2</GreekSeq></word><word seq="3">the<GreekSeq>3</GreekSeq></word><word seq="4">weeping<GreekSeq>4</GreekSeq></word><word seq="5">and<GreekSeq>5</GreekSeq></word><word seq="6">the<GreekSeq>6</GreekSeq></word><word seq="7">gnashing<GreekSeq>7</GreekSeq></word><word seq="8">of teeth,<GreekSeq>9</GreekSeq></word><word seq="9">when<GreekSeq>10</GreekSeq></word><word seq="10">ye shall see<GreekSeq>11</GreekSeq></word><word seq="11">Abraham,<GreekSeq>12</GreekSeq></word><word seq="12">and<GreekSeq>13</GreekSeq></word><word seq="13">Isaac,<GreekSeq>14</GreekSeq></word><word seq="14">and<GreekSeq>15</GreekSeq></word><word seq="15">Jacob,<GreekSeq>16</GreekSeq></word><word seq="16">and<GreekSeq>17</GreekSeq></word><word seq="17">all<GreekSeq>18</GreekSeq></word><word seq="18">the<GreekSeq>19</GreekSeq></word><word seq="19">prophets,<GreekSeq>20</GreekSeq></word><word seq="20">in<GreekSeq>21</GreekSeq></word><word seq="21">the<GreekSeq>22</GreekSeq></word><word seq="22">kingdom<GreekSeq>23</GreekSeq></word><word seq="23">of God,<GreekSeq>25</GreekSeq></word><word seq="24">and<GreekSeq>27</GreekSeq></word><word seq="25">yourselves<GreekSeq>26</GreekSeq></word><word seq="26">cast forth<GreekSeq>28</GreekSeq></word><word seq="27">without.<GreekSeq>29</GreekSeq></word></ASV></verse>
<verse number="29"><ASV><word seq="1">And<GreekSeq>1</GreekSeq></word><word seq="2">they shall come<GreekSeq>2</GreekSeq></word><word seq="3">from<GreekSeq>3</GreekSeq></word><word seq="4">the east<GreekSeq>4</GreekSeq></word><word seq="5">and<GreekSeq>5</GreekSeq></word><word seq="6">west,<GreekSeq>6</GreekSeq></word><word seq="7">and<GreekSeq>7</GreekSeq></word><word seq="8">from<GreekSeq>8</GreekSeq></word><word seq="9">the north<GreekSeq>9</GreekSeq></word><word seq="10">and<GreekSeq>10</GreekSeq></word><word seq="11">south,<GreekSeq>11</GreekSeq></word><word seq="12">and<GreekSeq>12</GreekSeq></word><word seq="13">shall sit down<GreekSeq>13</GreekSeq></word><word seq="14">in<GreekSeq>14</GreekSeq></word><word seq="15">the<GreekSeq>15</GreekSeq></word><word seq="16">kingdom<GreekSeq>16</GreekSeq></word><word seq="17">of God.<GreekSeq>18</GreekSeq></word></ASV></verse>
<verse number="30"><ASV><word seq="1">And<GreekSeq>1</GreekSeq></word><word seq="2">behold,<GreekSeq>2</GreekSeq></word><word seq="3">there are<GreekSeq>3</GreekSeq></word><word seq="4">last<GreekSeq>4</GreekSeq></word><word seq="5">who<GreekSeq>5</GreekSeq></word><word seq="6">shall be<GreekSeq>6</GreekSeq></word><word seq="7">first,<GreekSeq>7</GreekSeq></word><word seq="8">and<GreekSeq>8</GreekSeq></word><word seq="9">there are<GreekSeq>9</GreekSeq></word><word seq="10">first<GreekSeq>10</GreekSeq></word><word seq="11">who<GreekSeq>11</GreekSeq></word><word seq="12">shall be<GreekSeq>12</GreekSeq></word><word seq="13">last.<GreekSeq>13</GreekSeq></word></ASV></verse>
<verse number="31"><ASV><word seq="1">In<GreekSeq>1</GreekSeq></word><word seq="2">that<GreekSeq>3</GreekSeq></word><word seq="3">very<GreekSeq>2</GreekSeq></word><word seq="4">hour<GreekSeq>4</GreekSeq></word><word seq="5">there came<GreekSeq>5</GreekSeq></word><word seq="6">certain<GreekSeq>6</GreekSeq></word><word seq="7">Pharisees,<GreekSeq>7</GreekSeq></word><word seq="8">saying<GreekSeq>8</GreekSeq></word><word seq="9">to him,<GreekSeq>9</GreekSeq></word><word seq="10">Get thee out,<GreekSeq>10</GreekSeq></word><word seq="11">and<GreekSeq>11</GreekSeq></word><word seq="12">go<GreekSeq>12</GreekSeq></word><word seq="13">hence:<GreekSeq>13</GreekSeq></word><word seq="14">for<GreekSeq>14</GreekSeq></word><word seq="15">Herod<GreekSeq>15</GreekSeq></word><word seq="16">would fain<GreekSeq>16</GreekSeq></word><word seq="17">kill<GreekSeq>18</GreekSeq></word><word seq="18">thee.<GreekSeq>17</GreekSeq></word></ASV></verse>
<verse number="32"><ASV><word seq="1">And<GreekSeq>1</GreekSeq></word><word seq="2">he said<GreekSeq>2</GreekSeq></word><word seq="3">unto them,<GreekSeq>3</GreekSeq></word><word seq="4">Go<GreekSeq>4</GreekSeq></word><word seq="5">and</word><word seq="6">say<GreekSeq>5</GreekSeq></word><word seq="7">to that<GreekSeq>8</GreekSeq></word><word seq="8">fox,<GreekSeq>7</GreekSeq></word><word seq="9">Behold,<GreekSeq>9</GreekSeq></word><word seq="10">I cast out<GreekSeq>10</GreekSeq></word><word seq="11">demons<GreekSeq>11</GreekSeq></word><word seq="12">and<GreekSeq>12</GreekSeq></word><word seq="13">perform<GreekSeq>14</GreekSeq></word><word seq="14">cures<GreekSeq>13</GreekSeq></word><word seq="15">to-day<GreekSeq>15</GreekSeq></word><word seq="16">and<GreekSeq>16</GreekSeq></word><word seq="17">to-morrow,<GreekSeq>17</GreekSeq></word><word seq="18">and<GreekSeq>18</GreekSeq></word><word seq="19">the<GreekSeq>19</GreekSeq></word><word seq="20">third<GreekSeq>20</GreekSeq></word><word seq="21">day</word><word seq="22">I am perfected.<GreekSeq>21</GreekSeq></word></ASV></verse>
<verse number="33"><ASV><word seq="1">Nevertheless<GreekSeq>1</GreekSeq></word><word seq="2">I<GreekSeq>3</GreekSeq></word><word seq="3">must<GreekSeq>2</GreekSeq></word><word seq="4">go on my way<GreekSeq>10</GreekSeq></word><word seq="5">to-day<GreekSeq>4</GreekSeq></word><word seq="6">and<GreekSeq>5</GreekSeq></word><word seq="7">to-morrow<GreekSeq>6</GreekSeq></word><word seq="8">and<GreekSeq>7</GreekSeq></word><word seq="9">the<GreekSeq>8</GreekSeq></word><word seq="10">day</word><word seq="11">following:<GreekSeq>9</GreekSeq></word><word seq="12">for<GreekSeq>11</GreekSeq></word><word seq="13">it cannot be<GreekSeq>12</GreekSeq><GreekSeq>13</GreekSeq></word><word seq="14">that</word><word seq="15">a prophet<GreekSeq>14</GreekSeq></word><word seq="16">perish<GreekSeq>15</GreekSeq></word><word seq="17">out of<GreekSeq>16</GreekSeq></word><word seq="18">Jerusalem.<GreekSeq>17</GreekSeq></word></ASV></verse>
<verse number="34"><ASV><word seq="1">O Jerusalem,<GreekSeq>1</GreekSeq></word><word seq="2">Jerusalem,<GreekSeq>2</GreekSeq></word><word seq="3">that killeth<GreekSeq>4</GreekSeq></word><word seq="4">the<GreekSeq>5</GreekSeq></word><word seq="5">prophets,<GreekSeq>6</GreekSeq></word><word seq="6">and<GreekSeq>7</GreekSeq></word><word seq="7">stoneth<GreekSeq>8</GreekSeq></word><word seq="8">them<GreekSeq>9</GreekSeq></word><word seq="9">that are sent<GreekSeq>10</GreekSeq></word><word seq="10">unto<GreekSeq>11</GreekSeq></word><word seq="11">her!<GreekSeq>12</GreekSeq></word><word seq="12">how often<GreekSeq>13</GreekSeq></word><word seq="13">would I<GreekSeq>14</GreekSeq></word><word seq="14">have gathered<GreekSeq>15</GreekSeq></word><word seq="15">thy<GreekSeq>18</GreekSeq></word><word seq="16">children<GreekSeq>17</GreekSeq></word><word seq="17">together,<GreekSeq>15</GreekSeq></word><word seq="18">even as<GreekSeq>19</GreekSeq><GreekSeq>20</GreekSeq></word><word seq="19">a hen<GreekSeq>21</GreekSeq></word><word seq="20">gathereth</word><word seq="21">her own<GreekSeq>23</GreekSeq></word><word seq="22">brood<GreekSeq>24</GreekSeq></word><word seq="23">under<GreekSeq>25</GreekSeq></word><word seq="24">her</word><word seq="25">wings,<GreekSeq>27</GreekSeq></word><word seq="26">and<GreekSeq>28</GreekSeq></word><word seq="27">ye would<GreekSeq>30</GreekSeq></word><word seq="28">not!<GreekSeq>29</GreekSeq></word></ASV></verse>
<verse number="35"><ASV><word seq="1">Behold,<GreekSeq>1</GreekSeq></word><word seq="2">your<GreekSeq>6</GreekSeq></word><word seq="3">house<GreekSeq>5</GreekSeq></word><word seq="4">is left<GreekSeq>2</GreekSeq></word><word seq="5">unto you<GreekSeq>3</GreekSeq></word><word seq="6">desolate:</word><word seq="7">and<GreekSeq>8</GreekSeq></word><word seq="8">I say<GreekSeq>7</GreekSeq></word><word seq="9">unto you,<GreekSeq>9</GreekSeq></word><word seq="10">Ye shall<GreekSeq>12</GreekSeq></word><word seq="11" note="οὐ μή Strong Code (3364)">not<GreekSeq>10</GreekSeq><GreekSeq>11</GreekSeq></word><word seq="12">see<GreekSeq>12</GreekSeq></word><word seq="13">me,<GreekSeq>13</GreekSeq></word><word seq="14">until<GreekSeq>14</GreekSeq></word><word seq="15">ye shall say,<GreekSeq>17</GreekSeq></word><word seq="16">Blessed<GreekSeq>18</GreekSeq></word><word seq="17">is</word><word seq="18">he<GreekSeq>19</GreekSeq></word><word seq="19">that cometh<GreekSeq>20</GreekSeq></word><word seq="20">in<GreekSeq>21</GreekSeq></word><word seq="21">the name<GreekSeq>22</GreekSeq></word><word seq="22">of the Lord.<GreekSeq>23</GreekSeq></word></ASV></verse>
</chapter></book>