<?xml version="1.0" encoding="UTF-8" standalone="no"?><book><chapter number="14">
<verse number="1"><ASV><word seq="1">And<GreekSeq>1</GreekSeq></word><word seq="2">it came to pass,<GreekSeq>2</GreekSeq></word><word seq="3">when<GreekSeq>3</GreekSeq><GreekSeq>4</GreekSeq></word><word seq="4">he<GreekSeq>6</GreekSeq></word><word seq="5">went<GreekSeq>5</GreekSeq></word><word seq="6">into<GreekSeq>7</GreekSeq></word><word seq="7">the house<GreekSeq>8</GreekSeq></word><word seq="8">of one<GreekSeq>9</GreekSeq></word><word seq="9">of the<GreekSeq>10</GreekSeq></word><word seq="10">rulers<GreekSeq>11</GreekSeq></word><word seq="11">of the<GreekSeq>12</GreekSeq></word><word seq="12">Pharisees<GreekSeq>13</GreekSeq></word><word seq="13">on a sabbath<GreekSeq>14</GreekSeq></word><word seq="14">to eat<GreekSeq>15</GreekSeq></word><word seq="15">bread,<GreekSeq>16</GreekSeq></word><word seq="16">that</word><word seq="17">they<GreekSeq>18</GreekSeq></word><word seq="18">were<GreekSeq>19</GreekSeq></word><word seq="19">watching<GreekSeq>20</GreekSeq></word><word seq="20">him.<GreekSeq>21</GreekSeq></word></ASV></verse>
<verse number="2"><ASV><word seq="1">And<GreekSeq>1</GreekSeq></word><word seq="2">behold,<GreekSeq>2</GreekSeq></word><word seq="3">there was<GreekSeq>5</GreekSeq></word><word seq="4">before<GreekSeq>7</GreekSeq></word><word seq="5">him<GreekSeq>8</GreekSeq></word><word seq="6">a certain<GreekSeq>4</GreekSeq></word><word seq="7">man<GreekSeq>3</GreekSeq></word><word seq="8">[that had the] dropsy.<GreekSeq>6</GreekSeq></word></ASV></verse>
<verse number="3"><ASV><word seq="1">And<GreekSeq>1</GreekSeq></word><word seq="2">Jesus<GreekSeq>4</GreekSeq></word><word seq="3">answering<GreekSeq>2</GreekSeq></word><word seq="4">spake<GreekSeq>5</GreekSeq></word><word seq="5">unto<GreekSeq>6</GreekSeq></word><word seq="6">the<GreekSeq>7</GreekSeq></word><word seq="7">lawyers<GreekSeq>8</GreekSeq></word><word seq="8">and<GreekSeq>9</GreekSeq></word><word seq="9">Pharisees,<GreekSeq>10</GreekSeq></word><word seq="10">saying,<GreekSeq>11</GreekSeq></word><word seq="11">Is it lawful<GreekSeq>12</GreekSeq></word><word seq="12">to heal<GreekSeq>15</GreekSeq></word><word seq="13">on the<GreekSeq>13</GreekSeq></word><word seq="14">sabbath,<GreekSeq>14</GreekSeq></word><word seq="15">or<GreekSeq>16</GreekSeq></word><word seq="16">not?<GreekSeq>17</GreekSeq></word></ASV></verse>
<verse number="4"><ASV><word seq="1">But<GreekSeq>2</GreekSeq></word><word seq="2">they<GreekSeq>1</GreekSeq></word><word seq="3">held their peace.<GreekSeq>3</GreekSeq></word><word seq="4">And<GreekSeq>4</GreekSeq></word><word seq="5">he took<GreekSeq>5</GreekSeq></word><word seq="6">him, and</word><word seq="7">healed<GreekSeq>6</GreekSeq></word><word seq="8">him,<GreekSeq>7</GreekSeq></word><word seq="9">and<GreekSeq>8</GreekSeq></word><word seq="10">let [him] go.<GreekSeq>9</GreekSeq></word></ASV></verse>
<verse number="5"><ASV><word seq="1">And<GreekSeq>1</GreekSeq></word><word seq="2">he said<GreekSeq>4</GreekSeq></word><word seq="3">unto<GreekSeq>2</GreekSeq></word><word seq="4">them,<GreekSeq>3</GreekSeq></word><word seq="5">Which<GreekSeq>5</GreekSeq></word><word seq="6">of you<GreekSeq>6</GreekSeq></word><word seq="7">shall have<GreekSeq>12</GreekSeq></word><word seq="8">[an ass]<GreekSeq>7</GreekSeq></word><word seq="9">or<GreekSeq>8</GreekSeq></word><word seq="10">an ox<GreekSeq>9</GreekSeq></word><word seq="11">fallen<GreekSeq>12</GreekSeq></word><word seq="12">into<GreekSeq>10</GreekSeq></word><word seq="13">a well,<GreekSeq>11</GreekSeq></word><word seq="14">and<GreekSeq>13</GreekSeq></word><word seq="15">will<GreekSeq>16</GreekSeq></word><word seq="16">not<GreekSeq>14</GreekSeq></word><word seq="17">straightway<GreekSeq>15</GreekSeq></word><word seq="18">draw<GreekSeq>16</GreekSeq></word><word seq="19">him<GreekSeq>17</GreekSeq></word><word seq="20">up<GreekSeq>16</GreekSeq></word><word seq="21">on<GreekSeq>18</GreekSeq></word><word seq="22">a<GreekSeq>20</GreekSeq></word><word seq="23">sabbath<GreekSeq>21</GreekSeq></word><word seq="24">day?<GreekSeq>19</GreekSeq></word></ASV></verse>
<verse number="6"><ASV><word seq="1">And<GreekSeq>1</GreekSeq></word><word seq="2">they could<GreekSeq>3</GreekSeq></word><word seq="3">not<GreekSeq>2</GreekSeq></word><word seq="4">answer again<GreekSeq>4</GreekSeq></word><word seq="5">unto<GreekSeq>5</GreekSeq></word><word seq="6">these things.<GreekSeq>6</GreekSeq></word></ASV></verse>
<verse number="7"><ASV><word seq="1">And<GreekSeq>2</GreekSeq></word><word seq="2">he spake<GreekSeq>1</GreekSeq></word><word seq="3">a parable<GreekSeq>6</GreekSeq></word><word seq="4">unto<GreekSeq>3</GreekSeq></word><word seq="5">those<GreekSeq>4</GreekSeq></word><word seq="6">that were bidden,<GreekSeq>5</GreekSeq></word><word seq="7">when he marked<GreekSeq>7</GreekSeq></word><word seq="8">how<GreekSeq>8</GreekSeq></word><word seq="9">they chose out<GreekSeq>11</GreekSeq></word><word seq="10">the<GreekSeq>9</GreekSeq></word><word seq="11">chief seats;<GreekSeq>10</GreekSeq></word><word seq="12">saying<GreekSeq>12</GreekSeq></word><word seq="13">unto<GreekSeq>13</GreekSeq></word><word seq="14">them,<GreekSeq>14</GreekSeq></word></ASV></verse>
<verse number="8"><ASV><word seq="1">When<GreekSeq>1</GreekSeq></word><word seq="2">thou art bidden<GreekSeq>2</GreekSeq></word><word seq="3">of<GreekSeq>3</GreekSeq></word><word seq="4">any man<GreekSeq>4</GreekSeq></word><word seq="5">to<GreekSeq>5</GreekSeq></word><word seq="6">a marriage feast,<GreekSeq>6</GreekSeq></word><word seq="7">sit<GreekSeq>8</GreekSeq></word><word seq="8">not<GreekSeq>7</GreekSeq></word><word seq="9">down<GreekSeq>8</GreekSeq></word><word seq="10">in<GreekSeq>9</GreekSeq></word><word seq="11">the<GreekSeq>10</GreekSeq></word><word seq="12">chief seat;<GreekSeq>11</GreekSeq></word><word seq="13">lest haply<GreekSeq>12</GreekSeq></word><word seq="14">a more honorable [man] than<GreekSeq>13</GreekSeq></word><word seq="15">thou<GreekSeq>14</GreekSeq></word><word seq="16">be<GreekSeq>15</GreekSeq></word><word seq="17">bidden<GreekSeq>16</GreekSeq></word><word seq="18">of<GreekSeq>17</GreekSeq></word><word seq="19">him,<GreekSeq>18</GreekSeq></word></ASV></verse>
<verse number="9"><ASV><word seq="1">and<GreekSeq>1</GreekSeq></word><word seq="2">he<GreekSeq>3</GreekSeq></word><word seq="3">that bade<GreekSeq>7</GreekSeq></word><word seq="4">thee<GreekSeq>4</GreekSeq></word><word seq="5">and<GreekSeq>5</GreekSeq></word><word seq="6">him<GreekSeq>6</GreekSeq></word><word seq="7">shall come<GreekSeq>2</GreekSeq></word><word seq="8">and</word><word seq="9">say<GreekSeq>8</GreekSeq></word><word seq="10">to thee,<GreekSeq>9</GreekSeq></word><word seq="11">Give<GreekSeq>10</GreekSeq></word><word seq="12">this man<GreekSeq>11</GreekSeq></word><word seq="13">place;<GreekSeq>12</GreekSeq></word><word seq="14">and<GreekSeq>13</GreekSeq></word><word seq="15">then<GreekSeq>14</GreekSeq></word><word seq="16">thou shalt begin<GreekSeq>15</GreekSeq></word><word seq="17">with<GreekSeq>16</GreekSeq></word><word seq="18">shame<GreekSeq>17</GreekSeq></word><word seq="19">to take<GreekSeq>21</GreekSeq></word><word seq="20">the<GreekSeq>18</GreekSeq></word><word seq="21">lowest<GreekSeq>19</GreekSeq></word><word seq="22">place.<GreekSeq>20</GreekSeq></word></ASV></verse>
<verse number="10"><ASV><word seq="1">But<GreekSeq>1</GreekSeq></word><word seq="2">when<GreekSeq>2</GreekSeq></word><word seq="3">thou art bidden,<GreekSeq>3</GreekSeq></word><word seq="4">go<GreekSeq>4</GreekSeq></word><word seq="5">and</word><word seq="6">sit down<GreekSeq>5</GreekSeq></word><word seq="7">in<GreekSeq>6</GreekSeq></word><word seq="8">the<GreekSeq>7</GreekSeq></word><word seq="9">lowest<GreekSeq>8</GreekSeq></word><word seq="10">place;<GreekSeq>9</GreekSeq></word><word seq="11">that<GreekSeq>10</GreekSeq></word><word seq="12">when<GreekSeq>11</GreekSeq></word><word seq="13">he<GreekSeq>13</GreekSeq></word><word seq="14">that hath bidden<GreekSeq>14</GreekSeq></word><word seq="15">thee<GreekSeq>15</GreekSeq></word><word seq="16">cometh,<GreekSeq>12</GreekSeq></word><word seq="17">he may say<GreekSeq>16</GreekSeq></word><word seq="18">to thee,<GreekSeq>17</GreekSeq></word><word seq="19">Friend,<GreekSeq>18</GreekSeq></word><word seq="20">go up<GreekSeq>19</GreekSeq></word><word seq="21">higher:<GreekSeq>20</GreekSeq></word><word seq="22">then<GreekSeq>21</GreekSeq></word><word seq="23">shalt<GreekSeq>22</GreekSeq></word><word seq="24">thou<GreekSeq>23</GreekSeq></word><word seq="25">have<GreekSeq>22</GreekSeq></word><word seq="26">glory<GreekSeq>24</GreekSeq></word><word seq="27">in the presence of<GreekSeq>25</GreekSeq></word><word seq="28">all<GreekSeq>26</GreekSeq></word><word seq="29">that sit at meat with<GreekSeq>28</GreekSeq></word><word seq="30">thee.<GreekSeq>29</GreekSeq></word></ASV></verse>
<verse number="11"><ASV><word seq="1">For<GreekSeq>1</GreekSeq></word><word seq="2">every<GreekSeq>2</GreekSeq></word><word seq="3">one<GreekSeq>3</GreekSeq></word><word seq="4">that exalteth<GreekSeq>4</GreekSeq></word><word seq="5">himself<GreekSeq>5</GreekSeq></word><word seq="6">shall be humbled;<GreekSeq>6</GreekSeq></word><word seq="7">and<GreekSeq>7</GreekSeq></word><word seq="8">he<GreekSeq>8</GreekSeq></word><word seq="9">that humbleth<GreekSeq>9</GreekSeq></word><word seq="10">himself<GreekSeq>10</GreekSeq></word><word seq="11">shall be exalted.<GreekSeq>11</GreekSeq></word></ASV></verse>
<verse number="12"><ASV><word seq="1">And<GreekSeq>2</GreekSeq></word><word seq="2">he said<GreekSeq>1</GreekSeq></word><word seq="3">to him<GreekSeq>4</GreekSeq></word><word seq="4">also<GreekSeq>3</GreekSeq></word><word seq="5">that had bidden<GreekSeq>5</GreekSeq></word><word seq="6">him,<GreekSeq>6</GreekSeq></word><word seq="7">When<GreekSeq>7</GreekSeq></word><word seq="8">thou makest<GreekSeq>8</GreekSeq></word><word seq="9">a dinner<GreekSeq>9</GreekSeq></word><word seq="10">or<GreekSeq>10</GreekSeq></word><word seq="11">a supper,<GreekSeq>11</GreekSeq></word><word seq="12">call<GreekSeq>13</GreekSeq></word><word seq="13">not<GreekSeq>12</GreekSeq></word><word seq="14">thy<GreekSeq>16</GreekSeq></word><word seq="15">friends,<GreekSeq>15</GreekSeq></word><word seq="16">nor<GreekSeq>17</GreekSeq></word><word seq="17">thy<GreekSeq>20</GreekSeq></word><word seq="18">brethren,<GreekSeq>19</GreekSeq></word><word seq="19">nor<GreekSeq>21</GreekSeq></word><word seq="20">thy<GreekSeq>24</GreekSeq></word><word seq="21">kinsmen,<GreekSeq>23</GreekSeq></word><word seq="22">nor<GreekSeq>25</GreekSeq></word><word seq="23">rich<GreekSeq>27</GreekSeq></word><word seq="24">neighbors;<GreekSeq>26</GreekSeq></word><word seq="25">lest haply<GreekSeq>28</GreekSeq></word><word seq="26">they<GreekSeq>30</GreekSeq></word><word seq="27">also<GreekSeq>29</GreekSeq></word><word seq="28">bid<GreekSeq>31</GreekSeq></word><word seq="29">thee<GreekSeq>32</GreekSeq></word><word seq="30">again,<GreekSeq>31</GreekSeq></word><word seq="31">and<GreekSeq>33</GreekSeq></word><word seq="32">a recompense<GreekSeq>35</GreekSeq></word><word seq="33">be made<GreekSeq>34</GreekSeq></word><word seq="34">thee.<GreekSeq>36</GreekSeq></word></ASV></verse>
<verse number="13"><ASV><word seq="1">But<GreekSeq>1</GreekSeq></word><word seq="2">when<GreekSeq>2</GreekSeq></word><word seq="3">thou makest<GreekSeq>4</GreekSeq></word><word seq="4">a feast,<GreekSeq>3</GreekSeq></word><word seq="5">bid<GreekSeq>5</GreekSeq></word><word seq="6">the</word><word seq="7">poor,<GreekSeq>6</GreekSeq></word><word seq="8">the</word><word seq="9">maimed,<GreekSeq>7</GreekSeq></word><word seq="10">the</word><word seq="11">lame,<GreekSeq>8</GreekSeq></word><word seq="12">the</word><word seq="13">blind:<GreekSeq>9</GreekSeq></word></ASV></verse>
<verse number="14"><ASV><word seq="1">and<GreekSeq>1</GreekSeq></word><word seq="2">thou shalt be<GreekSeq>3</GreekSeq></word><word seq="3">blessed;<GreekSeq>2</GreekSeq></word><word seq="4">because<GreekSeq>4</GreekSeq></word><word seq="5">they have<GreekSeq>6</GreekSeq></word><word seq="6">not<GreekSeq>5</GreekSeq></word><word seq="7">wherewith</word><word seq="8">to recompense<GreekSeq>7</GreekSeq></word><word seq="9">thee:<GreekSeq>8</GreekSeq></word><word seq="10">for<GreekSeq>10</GreekSeq></word><word seq="11">thou<GreekSeq>11</GreekSeq></word><word seq="12">shalt be recompensed<GreekSeq>9</GreekSeq></word><word seq="13">in<GreekSeq>12</GreekSeq></word><word seq="14">the<GreekSeq>13</GreekSeq></word><word seq="15">resurrection<GreekSeq>14</GreekSeq></word><word seq="16">of the<GreekSeq>15</GreekSeq></word><word seq="17">just.<GreekSeq>16</GreekSeq></word></ASV></verse>
<verse number="15"><ASV><word seq="1">And<GreekSeq>2</GreekSeq></word><word seq="2">when<GreekSeq>1</GreekSeq></word><word seq="3">one<GreekSeq>3</GreekSeq></word><word seq="4">of them<GreekSeq>4</GreekSeq></word><word seq="5">that sat at meat with<GreekSeq>5</GreekSeq></word><word seq="6">him</word><word seq="7">heard<GreekSeq>1</GreekSeq></word><word seq="8">these things,<GreekSeq>6</GreekSeq></word><word seq="9">he said<GreekSeq>7</GreekSeq></word><word seq="10">unto him,<GreekSeq>8</GreekSeq></word><word seq="11">Blessed<GreekSeq>9</GreekSeq></word><word seq="12">is</word><word seq="13">he that<GreekSeq>10</GreekSeq></word><word seq="14">shall eat<GreekSeq>11</GreekSeq></word><word seq="15">bread<GreekSeq>12</GreekSeq></word><word seq="16">in<GreekSeq>13</GreekSeq></word><word seq="17">the<GreekSeq>14</GreekSeq></word><word seq="18">kingdom<GreekSeq>15</GreekSeq></word><word seq="19">of God.<GreekSeq>17</GreekSeq></word></ASV></verse>
<verse number="16"><ASV><word seq="1">But<GreekSeq>2</GreekSeq></word><word seq="2">he<GreekSeq>1</GreekSeq></word><word seq="3">said<GreekSeq>3</GreekSeq></word><word seq="4">unto him,<GreekSeq>4</GreekSeq></word><word seq="5">A certain<GreekSeq>6</GreekSeq></word><word seq="6">man<GreekSeq>5</GreekSeq></word><word seq="7">made<GreekSeq>7</GreekSeq></word><word seq="8">a great<GreekSeq>9</GreekSeq></word><word seq="9">supper;<GreekSeq>8</GreekSeq></word><word seq="10">and<GreekSeq>10</GreekSeq></word><word seq="11">he bade<GreekSeq>11</GreekSeq></word><word seq="12">many:<GreekSeq>12</GreekSeq></word></ASV></verse>
<verse number="17"><ASV><word seq="1">and<GreekSeq>1</GreekSeq></word><word seq="2">he sent forth<GreekSeq>2</GreekSeq></word><word seq="3">his<GreekSeq>5</GreekSeq></word><word seq="4">servant<GreekSeq>4</GreekSeq></word><word seq="5">at<GreekSeq>7</GreekSeq></word><word seq="6">supper<GreekSeq>9</GreekSeq></word><word seq="7">time<GreekSeq>7</GreekSeq></word><word seq="8">to say<GreekSeq>10</GreekSeq></word><word seq="9">to them<GreekSeq>11</GreekSeq></word><word seq="10">that were bidden,<GreekSeq>12</GreekSeq></word><word seq="11">Come;<GreekSeq>13</GreekSeq></word><word seq="12">for<GreekSeq>14</GreekSeq></word><word seq="13">all things</word><word seq="14">are<GreekSeq>17</GreekSeq></word><word seq="15">now<GreekSeq>15</GreekSeq></word><word seq="16">ready.<GreekSeq>16</GreekSeq></word></ASV></verse>
<verse number="18"><ASV><word seq="1">And<GreekSeq>1</GreekSeq></word><word seq="2">they<GreekSeq>2</GreekSeq></word><word seq="3">all<GreekSeq>5</GreekSeq></word><word seq="4">with<GreekSeq>3</GreekSeq></word><word seq="5">one [consent]<GreekSeq>4</GreekSeq></word><word seq="6">began<GreekSeq>2</GreekSeq></word><word seq="7">to make excuse.<GreekSeq>6</GreekSeq></word><word seq="8">The<GreekSeq>7</GreekSeq></word><word seq="9">first<GreekSeq>8</GreekSeq></word><word seq="10">said<GreekSeq>9</GreekSeq></word><word seq="11">unto him,<GreekSeq>10</GreekSeq></word><word seq="12">I have bought<GreekSeq>12</GreekSeq></word><word seq="13">a field,<GreekSeq>11</GreekSeq></word><word seq="14">and<GreekSeq>13</GreekSeq></word><word seq="15">I must needs<GreekSeq>14</GreekSeq><GreekSeq>15</GreekSeq></word><word seq="16">go out<GreekSeq>16</GreekSeq></word><word seq="17">and</word><word seq="18">see<GreekSeq>17</GreekSeq></word><word seq="19">it;<GreekSeq>18</GreekSeq></word><word seq="20">I pray<GreekSeq>19</GreekSeq></word><word seq="21">thee<GreekSeq>20</GreekSeq></word><word seq="22">have<GreekSeq>21</GreekSeq></word><word seq="23">me<GreekSeq>22</GreekSeq></word><word seq="24">excused.<GreekSeq>23</GreekSeq></word></ASV></verse>
<verse number="19"><ASV><word seq="1">And<GreekSeq>1</GreekSeq></word><word seq="2">another<GreekSeq>2</GreekSeq></word><word seq="3">said,<GreekSeq>3</GreekSeq></word><word seq="4">I have bought<GreekSeq>6</GreekSeq></word><word seq="5">five<GreekSeq>7</GreekSeq></word><word seq="6">yoke<GreekSeq>4</GreekSeq></word><word seq="7">of oxen,<GreekSeq>5</GreekSeq></word><word seq="8">and<GreekSeq>8</GreekSeq></word><word seq="9">I go<GreekSeq>9</GreekSeq></word><word seq="10">to prove<GreekSeq>10</GreekSeq></word><word seq="11">them;<GreekSeq>11</GreekSeq></word><word seq="12">I pray<GreekSeq>12</GreekSeq></word><word seq="13">thee<GreekSeq>13</GreekSeq></word><word seq="14">have<GreekSeq>14</GreekSeq></word><word seq="15">me<GreekSeq>15</GreekSeq></word><word seq="16">excused.<GreekSeq>16</GreekSeq></word></ASV></verse>
<verse number="20"><ASV><word seq="1">And<GreekSeq>1</GreekSeq></word><word seq="2">another<GreekSeq>2</GreekSeq></word><word seq="3">said,<GreekSeq>3</GreekSeq></word><word seq="4">I have married<GreekSeq>5</GreekSeq></word><word seq="5">a wife,<GreekSeq>4</GreekSeq></word><word seq="6">and<GreekSeq>6</GreekSeq></word><word seq="7">therefore<GreekSeq>7</GreekSeq><GreekSeq>8</GreekSeq></word><word seq="8">I cannot<GreekSeq>9</GreekSeq><GreekSeq>10</GreekSeq></word><word seq="9">come.<GreekSeq>11</GreekSeq></word></ASV></verse>
<verse number="21"><ASV><word seq="1">And<GreekSeq>1</GreekSeq></word><word seq="2">the<GreekSeq>3</GreekSeq></word><word seq="3">servant<GreekSeq>4</GreekSeq></word><word seq="4">came,<GreekSeq>2</GreekSeq></word><word seq="5">and</word><word seq="6">told<GreekSeq>5</GreekSeq></word><word seq="7">his<GreekSeq>8</GreekSeq></word><word seq="8">lord<GreekSeq>7</GreekSeq></word><word seq="9">these things.<GreekSeq>9</GreekSeq></word><word seq="10">Then<GreekSeq>10</GreekSeq></word><word seq="11">the<GreekSeq>12</GreekSeq></word><word seq="12">master of the house<GreekSeq>13</GreekSeq></word><word seq="13">being angry<GreekSeq>11</GreekSeq></word><word seq="14">said<GreekSeq>14</GreekSeq></word><word seq="15">to<GreekSeq>16</GreekSeq></word><word seq="16">his<GreekSeq>17</GreekSeq></word><word seq="17">servant,<GreekSeq>16</GreekSeq></word><word seq="18">Go out<GreekSeq>18</GreekSeq></word><word seq="19">quickly<GreekSeq>19</GreekSeq></word><word seq="20">into<GreekSeq>20</GreekSeq></word><word seq="21">the<GreekSeq>21</GreekSeq></word><word seq="22">streets<GreekSeq>22</GreekSeq></word><word seq="23">and<GreekSeq>23</GreekSeq></word><word seq="24">lanes<GreekSeq>24</GreekSeq></word><word seq="25">of the<GreekSeq>25</GreekSeq></word><word seq="26">city,<GreekSeq>26</GreekSeq></word><word seq="27">and<GreekSeq>27</GreekSeq></word><word seq="28">bring in<GreekSeq>36</GreekSeq></word><word seq="29">hither<GreekSeq>37</GreekSeq></word><word seq="30">the<GreekSeq>28</GreekSeq></word><word seq="31">poor<GreekSeq>29</GreekSeq></word><word seq="32">and<GreekSeq>30</GreekSeq></word><word seq="33">maimed<GreekSeq>31</GreekSeq></word><word seq="34">and<GreekSeq>32</GreekSeq></word><word seq="35">blind<GreekSeq>33</GreekSeq></word><word seq="36">and<GreekSeq>34</GreekSeq></word><word seq="37">lame.<GreekSeq>35</GreekSeq></word></ASV></verse>
<verse number="22"><ASV><word seq="1">And<GreekSeq>1</GreekSeq></word><word seq="2">the<GreekSeq>3</GreekSeq></word><word seq="3">servant<GreekSeq>4</GreekSeq></word><word seq="4">said,<GreekSeq>2</GreekSeq></word><word seq="5">Lord,<GreekSeq>5</GreekSeq></word><word seq="6">what<GreekSeq>7</GreekSeq></word><word seq="7">thou didst command<GreekSeq>8</GreekSeq></word><word seq="8">is done,<GreekSeq>6</GreekSeq></word><word seq="9">and<GreekSeq>9</GreekSeq></word><word seq="10">yet<GreekSeq>10</GreekSeq></word><word seq="11">there is<GreekSeq>12</GreekSeq></word><word seq="12">room.<GreekSeq>11</GreekSeq></word></ASV></verse>
<verse number="23"><ASV><word seq="1">And<GreekSeq>1</GreekSeq></word><word seq="2">the<GreekSeq>3</GreekSeq></word><word seq="3">lord<GreekSeq>4</GreekSeq></word><word seq="4">said<GreekSeq>2</GreekSeq></word><word seq="5">unto<GreekSeq>5</GreekSeq></word><word seq="6">the<GreekSeq>6</GreekSeq></word><word seq="7">servant,<GreekSeq>7</GreekSeq></word><word seq="8">Go out<GreekSeq>8</GreekSeq></word><word seq="9">into<GreekSeq>9</GreekSeq></word><word seq="10">the<GreekSeq>10</GreekSeq></word><word seq="11">highways<GreekSeq>11</GreekSeq></word><word seq="12">and<GreekSeq>12</GreekSeq></word><word seq="13">hedges,<GreekSeq>13</GreekSeq></word><word seq="14">and<GreekSeq>14</GreekSeq></word><word seq="15">constrain<GreekSeq>15</GreekSeq></word><word seq="16">them</word><word seq="17">to come in,<GreekSeq>16</GreekSeq></word><word seq="18">that<GreekSeq>17</GreekSeq></word><word seq="19">my<GreekSeq>19</GreekSeq></word><word seq="20">house<GreekSeq>21</GreekSeq></word><word seq="21">may be filled.<GreekSeq>18</GreekSeq></word></ASV></verse>
<verse number="24"><ASV><word seq="1">For<GreekSeq>2</GreekSeq></word><word seq="2">I say<GreekSeq>1</GreekSeq></word><word seq="3">unto you,<GreekSeq>3</GreekSeq></word><word seq="4">that<GreekSeq>4</GreekSeq></word><word seq="5">none<GreekSeq>5</GreekSeq></word><word seq="6">of those<GreekSeq>8</GreekSeq></word><word seq="7">men<GreekSeq>7</GreekSeq></word><word seq="8">that were bidden<GreekSeq>10</GreekSeq></word><word seq="9">shall taste of<GreekSeq>11</GreekSeq></word><word seq="10">my<GreekSeq>12</GreekSeq></word><word seq="11">supper.<GreekSeq>14</GreekSeq></word></ASV></verse>
<verse number="25"><ASV><word seq="1">Now<GreekSeq>2</GreekSeq></word><word seq="2">there went with<GreekSeq>1</GreekSeq></word><word seq="3">him<GreekSeq>3</GreekSeq></word><word seq="4">great<GreekSeq>5</GreekSeq></word><word seq="5">multitudes:<GreekSeq>4</GreekSeq></word><word seq="6">and<GreekSeq>6</GreekSeq></word><word seq="7">he turned,<GreekSeq>7</GreekSeq></word><word seq="8">and</word><word seq="9">said<GreekSeq>8</GreekSeq></word><word seq="10">unto<GreekSeq>9</GreekSeq></word><word seq="11">them,<GreekSeq>10</GreekSeq></word></ASV></verse>
<verse number="26"><ASV><word seq="1">If<GreekSeq>1</GreekSeq></word><word seq="2">any man<GreekSeq>2</GreekSeq></word><word seq="3">cometh<GreekSeq>3</GreekSeq></word><word seq="4">unto<GreekSeq>4</GreekSeq></word><word seq="5">me,<GreekSeq>5</GreekSeq></word><word seq="6">and<GreekSeq>6</GreekSeq></word><word seq="7">hateth<GreekSeq>8</GreekSeq></word><word seq="8">not<GreekSeq>7</GreekSeq></word><word seq="9">his own<GreekSeq>11</GreekSeq></word><word seq="10">father,<GreekSeq>10</GreekSeq></word><word seq="11">and<GreekSeq>12</GreekSeq></word><word seq="12">mother,<GreekSeq>14</GreekSeq></word><word seq="13">and<GreekSeq>15</GreekSeq></word><word seq="14">wife,<GreekSeq>17</GreekSeq></word><word seq="15">and<GreekSeq>18</GreekSeq></word><word seq="16">children,<GreekSeq>20</GreekSeq></word><word seq="17">and<GreekSeq>21</GreekSeq></word><word seq="18">brethren,<GreekSeq>23</GreekSeq></word><word seq="19">and<GreekSeq>24</GreekSeq></word><word seq="20">sisters,<GreekSeq>26</GreekSeq></word><word seq="21">yea,<GreekSeq>27</GreekSeq></word><word seq="22">and<GreekSeq>28</GreekSeq></word><word seq="23">his own<GreekSeq>32</GreekSeq></word><word seq="24">life<GreekSeq>31</GreekSeq></word><word seq="25">also,<GreekSeq>29</GreekSeq></word><word seq="26">he cannot<GreekSeq>33</GreekSeq><GreekSeq>34</GreekSeq></word><word seq="27">be<GreekSeq>35</GreekSeq></word><word seq="28">my<GreekSeq>36</GreekSeq></word><word seq="29">disciple.<GreekSeq>37</GreekSeq></word></ASV></verse>
<verse number="27"><ASV><word seq="1">Whosoever<GreekSeq>1</GreekSeq></word><word seq="2">doth</word><word seq="3">not<GreekSeq>2</GreekSeq></word><word seq="4">bear<GreekSeq>3</GreekSeq></word><word seq="5">his own<GreekSeq>6</GreekSeq></word><word seq="6">cross,<GreekSeq>5</GreekSeq></word><word seq="7">and<GreekSeq>7</GreekSeq></word><word seq="8">come<GreekSeq>8</GreekSeq></word><word seq="9">after<GreekSeq>9</GreekSeq></word><word seq="10">me,<GreekSeq>10</GreekSeq></word><word seq="11">cannot<GreekSeq>11</GreekSeq><GreekSeq>12</GreekSeq></word><word seq="12">be<GreekSeq>13</GreekSeq></word><word seq="13">my<GreekSeq>14</GreekSeq></word><word seq="14">disciple.<GreekSeq>15</GreekSeq></word></ASV></verse>
<verse number="28"><ASV><word seq="1">For<GreekSeq>2</GreekSeq></word><word seq="2">which<GreekSeq>1</GreekSeq></word><word seq="3">of<GreekSeq>3</GreekSeq></word><word seq="4">you,<GreekSeq>4</GreekSeq></word><word seq="5">desiring<GreekSeq>5</GreekSeq></word><word seq="6">to build<GreekSeq>7</GreekSeq></word><word seq="7">a tower,<GreekSeq>6</GreekSeq></word><word seq="8">doth</word><word seq="9">not<GreekSeq>8</GreekSeq></word><word seq="10">first<GreekSeq>9</GreekSeq></word><word seq="11">sit down<GreekSeq>10</GreekSeq></word><word seq="12">and</word><word seq="13">count<GreekSeq>11</GreekSeq></word><word seq="14">the<GreekSeq>12</GreekSeq></word><word seq="15">cost,<GreekSeq>13</GreekSeq></word><word seq="16">whether<GreekSeq>14</GreekSeq></word><word seq="17">he have<GreekSeq>15</GreekSeq></word><word seq="18">wherewith</word><word seq="19">to complete<GreekSeq>16</GreekSeq><GreekSeq>17</GreekSeq></word><word seq="20">it?</word></ASV></verse>
<verse number="29"><ASV><word seq="1">Lest haply,<GreekSeq>1</GreekSeq><GreekSeq>2</GreekSeq></word><word seq="2">when<GreekSeq>3</GreekSeq></word><word seq="3">he<GreekSeq>4</GreekSeq></word><word seq="4">hath laid<GreekSeq>3</GreekSeq></word><word seq="5">a foundation,<GreekSeq>5</GreekSeq></word><word seq="6">and<GreekSeq>6</GreekSeq></word><word seq="7">is<GreekSeq>8</GreekSeq></word><word seq="8">not<GreekSeq>7</GreekSeq></word><word seq="9">able<GreekSeq>8</GreekSeq></word><word seq="10">to finish,<GreekSeq>9</GreekSeq></word><word seq="11">all<GreekSeq>10</GreekSeq></word><word seq="12">that<GreekSeq>11</GreekSeq></word><word seq="13">behold<GreekSeq>12</GreekSeq></word><word seq="14">begin<GreekSeq>13</GreekSeq></word><word seq="15">to mock<GreekSeq>15</GreekSeq></word><word seq="16">him,<GreekSeq>14</GreekSeq></word></ASV></verse>
<verse number="30"><ASV><word seq="1">saying,<GreekSeq>1</GreekSeq></word><word seq="2">This<GreekSeq>3</GreekSeq></word><word seq="3">man<GreekSeq>5</GreekSeq></word><word seq="4">began<GreekSeq>6</GreekSeq></word><word seq="5">to build,<GreekSeq>7</GreekSeq></word><word seq="6">and<GreekSeq>8</GreekSeq></word><word seq="7">was<GreekSeq>10</GreekSeq></word><word seq="8">not<GreekSeq>9</GreekSeq></word><word seq="9">able<GreekSeq>10</GreekSeq></word><word seq="10">to finish.<GreekSeq>11</GreekSeq></word></ASV></verse>
<verse number="31"><ASV><word seq="1">Or<GreekSeq>1</GreekSeq></word><word seq="2">what<GreekSeq>2</GreekSeq></word><word seq="3">king,<GreekSeq>3</GreekSeq></word><word seq="4">as he goeth<GreekSeq>4</GreekSeq></word><word seq="5">to encounter<GreekSeq>7</GreekSeq></word><word seq="6">another<GreekSeq>5</GreekSeq></word><word seq="7">king<GreekSeq>6</GreekSeq></word><word seq="8">in<GreekSeq>8</GreekSeq></word><word seq="9">war,<GreekSeq>9</GreekSeq></word><word seq="10">will<GreekSeq>13</GreekSeq></word><word seq="11">not<GreekSeq>10</GreekSeq></word><word seq="12">sit down<GreekSeq>11</GreekSeq></word><word seq="13">first<GreekSeq>12</GreekSeq></word><word seq="14">and</word><word seq="15">take counsel<GreekSeq>13</GreekSeq></word><word seq="16">whether<GreekSeq>14</GreekSeq></word><word seq="17">he is<GreekSeq>16</GreekSeq></word><word seq="18">able<GreekSeq>15</GreekSeq></word><word seq="19">with<GreekSeq>17</GreekSeq></word><word seq="20">ten<GreekSeq>18</GreekSeq></word><word seq="21">thousand<GreekSeq>19</GreekSeq></word><word seq="22">to meet<GreekSeq>20</GreekSeq></word><word seq="23">him<GreekSeq>21</GreekSeq></word><word seq="24">that cometh<GreekSeq>25</GreekSeq></word><word seq="25">against<GreekSeq>26</GreekSeq></word><word seq="26">him<GreekSeq>27</GreekSeq></word><word seq="27">with<GreekSeq>22</GreekSeq></word><word seq="28">twenty<GreekSeq>23</GreekSeq></word><word seq="29">thousand?<GreekSeq>24</GreekSeq></word></ASV></verse>
<verse number="32"><ASV><word seq="1">Or<GreekSeq>2</GreekSeq></word><word seq="2" note="εἰ μή Strong Code (1508)">else,<GreekSeq>1</GreekSeq><GreekSeq>3</GreekSeq></word><word seq="3">while<GreekSeq>8</GreekSeq></word><word seq="4">the other<GreekSeq>6</GreekSeq></word><word seq="5">is<GreekSeq>8</GreekSeq></word><word seq="6">yet<GreekSeq>5</GreekSeq></word><word seq="7">a great way off,<GreekSeq>7</GreekSeq></word><word seq="8">he sendeth<GreekSeq>10</GreekSeq></word><word seq="9">an ambassage,<GreekSeq>9</GreekSeq></word><word seq="10">and</word><word seq="11">asketh<GreekSeq>11</GreekSeq></word><word seq="12">conditions of peace.<GreekSeq>12</GreekSeq><GreekSeq>13</GreekSeq><GreekSeq>14</GreekSeq></word></ASV></verse>
<verse number="33"><ASV><word seq="1">So<GreekSeq>1</GreekSeq></word><word seq="2">therefore<GreekSeq>2</GreekSeq></word><word seq="3">whosoever<GreekSeq>3</GreekSeq></word><word seq="4">he be<GreekSeq>8</GreekSeq></word><word seq="5">of<GreekSeq>4</GreekSeq></word><word seq="6">you<GreekSeq>5</GreekSeq></word><word seq="7">that<GreekSeq>6</GreekSeq></word><word seq="8">renounceth<GreekSeq>8</GreekSeq></word><word seq="9">not<GreekSeq>7</GreekSeq></word><word seq="10">all<GreekSeq>9</GreekSeq></word><word seq="11">that he hath,<GreekSeq>11</GreekSeq><GreekSeq>12</GreekSeq></word><word seq="12">he cannot<GreekSeq>13</GreekSeq><GreekSeq>14</GreekSeq></word><word seq="13">be<GreekSeq>15</GreekSeq></word><word seq="14">my<GreekSeq>16</GreekSeq></word><word seq="15">disciple.<GreekSeq>17</GreekSeq></word></ASV></verse>
<verse number="34"><ASV><word seq="1">Salt<GreekSeq>4</GreekSeq></word><word seq="2">therefore<GreekSeq>2</GreekSeq></word><word seq="3">is</word><word seq="4">good:<GreekSeq>1</GreekSeq></word><word seq="5">but<GreekSeq>6</GreekSeq></word><word seq="6">if<GreekSeq>5</GreekSeq></word><word seq="7">even<GreekSeq>7</GreekSeq></word><word seq="8">the<GreekSeq>8</GreekSeq></word><word seq="9">salt<GreekSeq>9</GreekSeq></word><word seq="10">have lost its savor,<GreekSeq>10</GreekSeq></word><word seq="11">wherewith<GreekSeq>11</GreekSeq><GreekSeq>12</GreekSeq></word><word seq="12">shall it be seasoned?<GreekSeq>13</GreekSeq></word></ASV></verse>
<verse number="35"><ASV><word seq="1">It is<GreekSeq>8</GreekSeq></word><word seq="2">fit<GreekSeq>7</GreekSeq></word><word seq="3">neither<GreekSeq>1</GreekSeq></word><word seq="4">for<GreekSeq>2</GreekSeq></word><word seq="5">the land<GreekSeq>3</GreekSeq></word><word seq="6">nor<GreekSeq>4</GreekSeq></word><word seq="7">for<GreekSeq>5</GreekSeq></word><word seq="8">the dunghill:<GreekSeq>6</GreekSeq></word><word seq="9">men cast<GreekSeq>10</GreekSeq></word><word seq="10">it<GreekSeq>11</GreekSeq></word><word seq="11">out.<GreekSeq>9</GreekSeq></word><word seq="12">He<GreekSeq>12</GreekSeq></word><word seq="13">that hath<GreekSeq>13</GreekSeq></word><word seq="14">ears<GreekSeq>14</GreekSeq></word><word seq="15">to hear,<GreekSeq>15</GreekSeq></word><word seq="16">let him hear.<GreekSeq>16</GreekSeq></word></ASV></verse>
</chapter></book>