<?xml version="1.0" encoding="UTF-8" standalone="no"?><book><chapter number="21">
<verse number="1"><ASV><word seq="1">And<GreekSeq>2</GreekSeq></word><word seq="2">he looked up,<GreekSeq>1</GreekSeq></word><word seq="3">and</word><word seq="4">saw<GreekSeq>3</GreekSeq></word><word seq="5">the<GreekSeq>4</GreekSeq></word><word seq="6">rich men<GreekSeq>12</GreekSeq></word><word seq="7">that were casting<GreekSeq>5</GreekSeq></word><word seq="8">their<GreekSeq>11</GreekSeq></word><word seq="9">gifts<GreekSeq>10</GreekSeq></word><word seq="10">into<GreekSeq>6</GreekSeq></word><word seq="11">the<GreekSeq>7</GreekSeq></word><word seq="12">treasury.<GreekSeq>8</GreekSeq></word></ASV></verse>
<verse number="2"><ASV><word seq="1">And<GreekSeq>2</GreekSeq></word><word seq="2">he saw<GreekSeq>1</GreekSeq></word><word seq="3">a certain<GreekSeq>3</GreekSeq></word><word seq="4">poor<GreekSeq>5</GreekSeq></word><word seq="5">widow<GreekSeq>4</GreekSeq></word><word seq="6">casting in<GreekSeq>6</GreekSeq></word><word seq="7">thither<GreekSeq>7</GreekSeq></word><word seq="8">two<GreekSeq>9</GreekSeq></word><word seq="9">mites.<GreekSeq>8</GreekSeq></word></ASV></verse>
<verse number="3"><ASV><word seq="1">And<GreekSeq>1</GreekSeq></word><word seq="2">he said,<GreekSeq>2</GreekSeq></word><word seq="3">Of a truth<GreekSeq>3</GreekSeq></word><word seq="4">I say<GreekSeq>4</GreekSeq></word><word seq="5">unto you,<GreekSeq>5</GreekSeq></word><word seq="6">This<GreekSeq>9</GreekSeq></word><word seq="7">poor<GreekSeq>11</GreekSeq></word><word seq="8">widow<GreekSeq>8</GreekSeq></word><word seq="9">cast in<GreekSeq>14</GreekSeq></word><word seq="10">more than<GreekSeq>12</GreekSeq></word><word seq="11">they all:<GreekSeq>13</GreekSeq></word></ASV></verse>
<verse number="4"><ASV><word seq="1">for<GreekSeq>2</GreekSeq></word><word seq="2">all<GreekSeq>1</GreekSeq></word><word seq="3">these<GreekSeq>3</GreekSeq></word><word seq="4">did<GreekSeq>8</GreekSeq></word><word seq="5">of<GreekSeq>4</GreekSeq></word><word seq="6">their<GreekSeq>7</GreekSeq></word><word seq="7">superfluity<GreekSeq>6</GreekSeq></word><word seq="8">cast<GreekSeq>8</GreekSeq></word><word seq="9">in unto<GreekSeq>9</GreekSeq></word><word seq="10">the<GreekSeq>10</GreekSeq></word><word seq="11">gifts;<GreekSeq>11</GreekSeq></word><word seq="12">but<GreekSeq>13</GreekSeq></word><word seq="13">she<GreekSeq>12</GreekSeq></word><word seq="14">of<GreekSeq>14</GreekSeq></word><word seq="15">her<GreekSeq>17</GreekSeq></word><word seq="16">want<GreekSeq>16</GreekSeq></word><word seq="17">did cast in<GreekSeq>23</GreekSeq></word><word seq="18">all<GreekSeq>18</GreekSeq></word><word seq="19">the<GreekSeq>19</GreekSeq></word><word seq="20">living<GreekSeq>20</GreekSeq></word><word seq="21">that<GreekSeq>21</GreekSeq></word><word seq="22">she had.<GreekSeq>22</GreekSeq></word></ASV></verse>
<verse number="5"><ASV><word seq="1">And<GreekSeq>1</GreekSeq></word><word seq="2">as<GreekSeq>3</GreekSeq></word><word seq="3">some<GreekSeq>2</GreekSeq></word><word seq="4">spake<GreekSeq>3</GreekSeq></word><word seq="5">of<GreekSeq>4</GreekSeq></word><word seq="6">the<GreekSeq>5</GreekSeq></word><word seq="7">temple,<GreekSeq>6</GreekSeq></word><word seq="8">how<GreekSeq>7</GreekSeq></word><word seq="9">it was adorned<GreekSeq>12</GreekSeq></word><word seq="10">with goodly<GreekSeq>9</GreekSeq></word><word seq="11">stones<GreekSeq>8</GreekSeq></word><word seq="12">and<GreekSeq>10</GreekSeq></word><word seq="13">offerings,<GreekSeq>11</GreekSeq></word><word seq="14">he said,<GreekSeq>13</GreekSeq></word></ASV></verse>
<verse number="6"><ASV><word seq="1">As</word><word seq="2">for these things<GreekSeq>1</GreekSeq></word><word seq="3">which<GreekSeq>2</GreekSeq></word><word seq="4">ye behold,<GreekSeq>3</GreekSeq></word><word seq="5">the days<GreekSeq>5</GreekSeq></word><word seq="6">will come,<GreekSeq>4</GreekSeq></word><word seq="7">in<GreekSeq>6</GreekSeq></word><word seq="8">which<GreekSeq>7</GreekSeq></word><word seq="9">there shall<GreekSeq>9</GreekSeq></word><word seq="10">not<GreekSeq>8</GreekSeq></word><word seq="11">be left<GreekSeq>9</GreekSeq></word><word seq="12">here</word><word seq="13">one stone<GreekSeq>10</GreekSeq></word><word seq="14">upon<GreekSeq>11</GreekSeq></word><word seq="15">[another],<GreekSeq>12</GreekSeq></word><word seq="16">that<GreekSeq>13</GreekSeq></word><word seq="17">shall<GreekSeq>15</GreekSeq></word><word seq="18">not<GreekSeq>14</GreekSeq></word><word seq="19">be thrown down.<GreekSeq>15</GreekSeq></word></ASV></verse>
<verse number="7"><ASV><word seq="1">And<GreekSeq>2</GreekSeq></word><word seq="2">they asked<GreekSeq>1</GreekSeq></word><word seq="3">him,<GreekSeq>3</GreekSeq></word><word seq="4">saying,<GreekSeq>4</GreekSeq></word><word seq="5">Teacher,<GreekSeq>5</GreekSeq></word><word seq="6">when<GreekSeq>6</GreekSeq></word><word seq="7">therefore<GreekSeq>7</GreekSeq></word><word seq="8">shall<GreekSeq>9</GreekSeq></word><word seq="9">these things<GreekSeq>8</GreekSeq></word><word seq="10">be?<GreekSeq>9</GreekSeq></word><word seq="11">and<GreekSeq>10</GreekSeq></word><word seq="12">what<GreekSeq>11</GreekSeq></word><word seq="13">shall be</word><word seq="14">the<GreekSeq>12</GreekSeq></word><word seq="15">sign<GreekSeq>13</GreekSeq></word><word seq="16">when<GreekSeq>14</GreekSeq></word><word seq="17">these things<GreekSeq>16</GreekSeq></word><word seq="18">are about<GreekSeq>15</GreekSeq></word><word seq="19">to come to pass?<GreekSeq>17</GreekSeq></word></ASV></verse>
<verse number="8"><ASV><word seq="1">And<GreekSeq>2</GreekSeq></word><word seq="2">he<GreekSeq>1</GreekSeq></word><word seq="3">said,<GreekSeq>3</GreekSeq></word><word seq="4">Take heed<GreekSeq>4</GreekSeq></word><word seq="5">that</word><word seq="6">ye be<GreekSeq>6</GreekSeq></word><word seq="7">not<GreekSeq>5</GreekSeq></word><word seq="8">led astray:<GreekSeq>6</GreekSeq></word><word seq="9">for<GreekSeq>8</GreekSeq></word><word seq="10">many<GreekSeq>7</GreekSeq></word><word seq="11">shall come<GreekSeq>9</GreekSeq></word><word seq="12">in<GreekSeq>10</GreekSeq></word><word seq="13">my<GreekSeq>13</GreekSeq></word><word seq="14">name,<GreekSeq>12</GreekSeq></word><word seq="15">saying,<GreekSeq>14</GreekSeq></word><word seq="16">I<GreekSeq>15</GreekSeq></word><word seq="17">am<GreekSeq>16</GreekSeq></word><word seq="18">he;</word><word seq="19">and,<GreekSeq>17</GreekSeq></word><word seq="20">The<GreekSeq>18</GreekSeq></word><word seq="21">time<GreekSeq>19</GreekSeq></word><word seq="22">is at hand:<GreekSeq>20</GreekSeq></word><word seq="23">go ye<GreekSeq>22</GreekSeq></word><word seq="24">not<GreekSeq>21</GreekSeq></word><word seq="25">after<GreekSeq>23</GreekSeq></word><word seq="26">them.<GreekSeq>24</GreekSeq></word></ASV></verse>
<verse number="9"><ASV><word seq="1">And<GreekSeq>2</GreekSeq></word><word seq="2">when<GreekSeq>1</GreekSeq></word><word seq="3">ye shall hear of<GreekSeq>3</GreekSeq></word><word seq="4">wars<GreekSeq>4</GreekSeq></word><word seq="5">and<GreekSeq>5</GreekSeq></word><word seq="6">tumults,<GreekSeq>6</GreekSeq></word><word seq="7">be<GreekSeq>8</GreekSeq></word><word seq="8">not<GreekSeq>7</GreekSeq></word><word seq="9">terrified:<GreekSeq>8</GreekSeq></word><word seq="10">for<GreekSeq>10</GreekSeq></word><word seq="11">these things<GreekSeq>11</GreekSeq></word><word seq="12">must needs<GreekSeq>9</GreekSeq></word><word seq="13">come to pass<GreekSeq>12</GreekSeq></word><word seq="14">first;<GreekSeq>13</GreekSeq></word><word seq="15">but<GreekSeq>14</GreekSeq></word><word seq="16">the<GreekSeq>17</GreekSeq></word><word seq="17">end<GreekSeq>18</GreekSeq></word><word seq="18">is</word><word seq="19">not<GreekSeq>15</GreekSeq></word><word seq="20">immediately.<GreekSeq>16</GreekSeq></word></ASV></verse>
<verse number="10"><ASV><word seq="1">Then<GreekSeq>1</GreekSeq></word><word seq="2">said he<GreekSeq>2</GreekSeq></word><word seq="3">unto them,<GreekSeq>3</GreekSeq></word><word seq="4">Nation<GreekSeq>5</GreekSeq></word><word seq="5">shall rise<GreekSeq>4</GreekSeq></word><word seq="6">against<GreekSeq>6</GreekSeq></word><word seq="7">nation,<GreekSeq>7</GreekSeq></word><word seq="8">and<GreekSeq>8</GreekSeq></word><word seq="9">kingdom<GreekSeq>9</GreekSeq></word><word seq="10">against<GreekSeq>10</GreekSeq></word><word seq="11">kingdom;<GreekSeq>11</GreekSeq></word></ASV></verse>
<verse number="11"><ASV><word seq="1">and<GreekSeq>2</GreekSeq></word><word seq="2">there shall be<GreekSeq>10</GreekSeq></word><word seq="3">great<GreekSeq>3</GreekSeq></word><word seq="4">earthquakes,<GreekSeq>1</GreekSeq></word><word seq="5">and<GreekSeq>4</GreekSeq></word><word seq="6">in divers places<GreekSeq>5</GreekSeq><GreekSeq>6</GreekSeq></word><word seq="7">famines<GreekSeq>7</GreekSeq></word><word seq="8">and<GreekSeq>8</GreekSeq></word><word seq="9">pestilences;<GreekSeq>9</GreekSeq></word><word seq="10">and<GreekSeq>12</GreekSeq></word><word seq="11">there shall be<GreekSeq>18</GreekSeq></word><word seq="12">terrors<GreekSeq>11</GreekSeq></word><word seq="13">and<GreekSeq>13</GreekSeq></word><word seq="14">great<GreekSeq>17</GreekSeq></word><word seq="15">signs<GreekSeq>16</GreekSeq></word><word seq="16">from<GreekSeq>14</GreekSeq></word><word seq="17">heaven.<GreekSeq>15</GreekSeq></word></ASV></verse>
<verse number="12"><ASV><word seq="1">But<GreekSeq>2</GreekSeq></word><word seq="2">before<GreekSeq>1</GreekSeq></word><word seq="3">all<GreekSeq>4</GreekSeq></word><word seq="4">these things,<GreekSeq>3</GreekSeq></word><word seq="5">they shall lay<GreekSeq>5</GreekSeq></word><word seq="6">their<GreekSeq>10</GreekSeq></word><word seq="7">hands<GreekSeq>9</GreekSeq></word><word seq="8">on<GreekSeq>6</GreekSeq></word><word seq="9">you,<GreekSeq>7</GreekSeq></word><word seq="10">and<GreekSeq>11</GreekSeq></word><word seq="11">shall persecute<GreekSeq>12</GreekSeq></word><word seq="12">you,</word><word seq="13">delivering [you] up<GreekSeq>13</GreekSeq></word><word seq="14">to<GreekSeq>14</GreekSeq></word><word seq="15">the<GreekSeq>15</GreekSeq></word><word seq="16">synagogues<GreekSeq>16</GreekSeq></word><word seq="17">and<GreekSeq>17</GreekSeq></word><word seq="18">prisons,<GreekSeq>18</GreekSeq></word><word seq="19">bringing<GreekSeq>19</GreekSeq></word><word seq="20">you</word><word seq="21">before<GreekSeq>20</GreekSeq></word><word seq="22">kings<GreekSeq>21</GreekSeq></word><word seq="23">and<GreekSeq>22</GreekSeq></word><word seq="24">governors<GreekSeq>23</GreekSeq></word><word seq="25">for<GreekSeq>24</GreekSeq></word><word seq="26">my<GreekSeq>27</GreekSeq></word><word seq="27">name’s<GreekSeq>26</GreekSeq></word><word seq="28">sake.<GreekSeq>24</GreekSeq></word></ASV></verse>
<verse number="13"><ASV><word seq="1">It shall turn out<GreekSeq>1</GreekSeq></word><word seq="2">unto you<GreekSeq>2</GreekSeq></word><word seq="3">for<GreekSeq>3</GreekSeq></word><word seq="4">a testimony.<GreekSeq>4</GreekSeq></word></ASV></verse>
<verse number="14"><ASV><word seq="1">Settle<GreekSeq>1</GreekSeq></word><word seq="2">it</word><word seq="3">therefore<GreekSeq>2</GreekSeq></word><word seq="4">in<GreekSeq>3</GreekSeq></word><word seq="5">your<GreekSeq>6</GreekSeq></word><word seq="6">hearts,<GreekSeq>5</GreekSeq></word><word seq="7">not<GreekSeq>7</GreekSeq></word><word seq="8">to meditate beforehand<GreekSeq>8</GreekSeq></word><word seq="9">how</word><word seq="10">to answer:<GreekSeq>9</GreekSeq></word></ASV></verse>
<verse number="15"><ASV><word seq="1">for<GreekSeq>2</GreekSeq></word><word seq="2">I<GreekSeq>1</GreekSeq></word><word seq="3">will give<GreekSeq>3</GreekSeq></word><word seq="4">you<GreekSeq>4</GreekSeq></word><word seq="5">a mouth<GreekSeq>5</GreekSeq></word><word seq="6">and<GreekSeq>6</GreekSeq></word><word seq="7">wisdom,<GreekSeq>7</GreekSeq></word><word seq="8">which<GreekSeq>8</GreekSeq></word><word seq="9">all<GreekSeq>14</GreekSeq></word><word seq="10">your<GreekSeq>17</GreekSeq></word><word seq="11">adversaries<GreekSeq>16</GreekSeq></word><word seq="12">shall<GreekSeq>10</GreekSeq></word><word seq="13">not<GreekSeq>9</GreekSeq></word><word seq="14">be able<GreekSeq>10</GreekSeq></word><word seq="15">to withstand<GreekSeq>11</GreekSeq></word><word seq="16">or<GreekSeq>12</GreekSeq></word><word seq="17">to gainsay.<GreekSeq>13</GreekSeq></word></ASV></verse>
<verse number="16"><ASV><word seq="1">But<GreekSeq>2</GreekSeq></word><word seq="2">ye shall be delivered up<GreekSeq>1</GreekSeq></word><word seq="3">even<GreekSeq>3</GreekSeq></word><word seq="4">by<GreekSeq>4</GreekSeq></word><word seq="5">parents,<GreekSeq>5</GreekSeq></word><word seq="6">and<GreekSeq>6</GreekSeq></word><word seq="7">brethren,<GreekSeq>7</GreekSeq></word><word seq="8">and<GreekSeq>8</GreekSeq></word><word seq="9">kinsfolk,<GreekSeq>9</GreekSeq></word><word seq="10">and<GreekSeq>10</GreekSeq></word><word seq="11">friends;<GreekSeq>11</GreekSeq></word><word seq="12">and <GreekSeq>12</GreekSeq></word><word seq="13">some</word><word seq="14">of<GreekSeq>14</GreekSeq></word><word seq="15">you<GreekSeq>15</GreekSeq></word><word seq="16">shall they cause to be put to death.<GreekSeq>13</GreekSeq></word></ASV></verse>
<verse number="17"><ASV><word seq="1">And<GreekSeq>1</GreekSeq></word><word seq="2">ye shall be<GreekSeq>2</GreekSeq></word><word seq="3">hated<GreekSeq>3</GreekSeq></word><word seq="4">of<GreekSeq>4</GreekSeq></word><word seq="5">all men<GreekSeq>5</GreekSeq></word><word seq="6">for<GreekSeq>6</GreekSeq></word><word seq="7">my<GreekSeq>9</GreekSeq></word><word seq="8">name’s<GreekSeq>8</GreekSeq></word><word seq="9">sake.<GreekSeq>6</GreekSeq></word></ASV></verse>
<verse number="18"><ASV><word seq="1">And<GreekSeq>1</GreekSeq></word><word seq="2" note="οὐ μή Strong Code (3364)">not<GreekSeq>7</GreekSeq><GreekSeq>8</GreekSeq></word><word seq="3">a hair<GreekSeq>2</GreekSeq></word><word seq="4">of<GreekSeq>3</GreekSeq></word><word seq="5">your<GreekSeq>6</GreekSeq></word><word seq="6">head<GreekSeq>5</GreekSeq></word><word seq="7">shall perish.<GreekSeq>9</GreekSeq></word></ASV></verse>
<verse number="19"><ASV><word seq="1">In<GreekSeq>1</GreekSeq></word><word seq="2">your<GreekSeq>4</GreekSeq></word><word seq="3">patience<GreekSeq>3</GreekSeq></word><word seq="4">ye shall win<GreekSeq>5</GreekSeq></word><word seq="5">your<GreekSeq>8</GreekSeq></word><word seq="6">souls.<GreekSeq>7</GreekSeq></word></ASV></verse>
<verse number="20"><ASV><word seq="1">But<GreekSeq>2</GreekSeq></word><word seq="2">when<GreekSeq>1</GreekSeq></word><word seq="3">ye see<GreekSeq>3</GreekSeq></word><word seq="4">Jerusalem<GreekSeq>7</GreekSeq></word><word seq="5">compassed<GreekSeq>4</GreekSeq></word><word seq="6">with<GreekSeq>5</GreekSeq></word><word seq="7">armies,<GreekSeq>6</GreekSeq></word><word seq="8">then<GreekSeq>8</GreekSeq></word><word seq="9">know<GreekSeq>9</GreekSeq></word><word seq="10">that<GreekSeq>10</GreekSeq></word><word seq="11">her<GreekSeq>14</GreekSeq></word><word seq="12">desolation<GreekSeq>13</GreekSeq></word><word seq="13">is at hand.<GreekSeq>11</GreekSeq></word></ASV></verse>
<verse number="21"><ASV><word seq="1">Then<GreekSeq>1</GreekSeq></word><word seq="2">let them<GreekSeq>6</GreekSeq></word><word seq="3">that<GreekSeq>2</GreekSeq></word><word seq="4">are</word><word seq="5">in<GreekSeq>3</GreekSeq></word><word seq="6">Judaea<GreekSeq>5</GreekSeq></word><word seq="7">flee<GreekSeq>6</GreekSeq></word><word seq="8">unto<GreekSeq>7</GreekSeq></word><word seq="9">the<GreekSeq>8</GreekSeq></word><word seq="10">mountains;<GreekSeq>9</GreekSeq></word><word seq="11">and<GreekSeq>10</GreekSeq></word><word seq="12">let them<GreekSeq>15</GreekSeq></word><word seq="13">that<GreekSeq>11</GreekSeq></word><word seq="14">are</word><word seq="15">in<GreekSeq>12</GreekSeq></word><word seq="16">the midst<GreekSeq>13</GreekSeq></word><word seq="17">of her<GreekSeq>14</GreekSeq></word><word seq="18">depart out;<GreekSeq>15</GreekSeq></word><word seq="19">and<GreekSeq>16</GreekSeq></word><word seq="20">let<GreekSeq>22</GreekSeq></word><word seq="21">not<GreekSeq>21</GreekSeq></word><word seq="22">them<GreekSeq>22</GreekSeq></word><word seq="23">that<GreekSeq>17</GreekSeq></word><word seq="24">are</word><word seq="25">in<GreekSeq>18</GreekSeq></word><word seq="26">the<GreekSeq>19</GreekSeq></word><word seq="27">country<GreekSeq>20</GreekSeq></word><word seq="28">enter<GreekSeq>22</GreekSeq></word><word seq="29">therein.<GreekSeq>23</GreekSeq><GreekSeq>24</GreekSeq></word></ASV></verse>
<verse number="22"><ASV><word seq="1">For<GreekSeq>1</GreekSeq></word><word seq="2">these<GreekSeq>4</GreekSeq></word><word seq="3">are<GreekSeq>5</GreekSeq></word><word seq="4">days<GreekSeq>2</GreekSeq></word><word seq="5">of vengeance,<GreekSeq>3</GreekSeq></word><word seq="6">that<GreekSeq>6</GreekSeq></word><word seq="7">all<GreekSeq>8</GreekSeq></word><word seq="8">things<GreekSeq>9</GreekSeq></word><word seq="9">which are written<GreekSeq>10</GreekSeq></word><word seq="10">may be fulfilled.<GreekSeq>7</GreekSeq></word></ASV></verse>
<verse number="23"><ASV><word seq="1">Woe<GreekSeq>1</GreekSeq></word><word seq="2">unto them<GreekSeq>2</GreekSeq></word><word seq="3">that are with child<GreekSeq>3</GreekSeq><GreekSeq>4</GreekSeq><GreekSeq>5</GreekSeq></word><word seq="4">and<GreekSeq>6</GreekSeq></word><word seq="5">to them<GreekSeq>7</GreekSeq></word><word seq="6">that give suck<GreekSeq>8</GreekSeq></word><word seq="7">in<GreekSeq>9</GreekSeq></word><word seq="8">those<GreekSeq>10</GreekSeq></word><word seq="9">days!<GreekSeq>12</GreekSeq></word><word seq="10">for<GreekSeq>14</GreekSeq></word><word seq="11">there shall be<GreekSeq>13</GreekSeq></word><word seq="12">great<GreekSeq>16</GreekSeq></word><word seq="13">distress<GreekSeq>15</GreekSeq></word><word seq="14">upon<GreekSeq>17</GreekSeq></word><word seq="15">the<GreekSeq>18</GreekSeq></word><word seq="16">land,<GreekSeq>19</GreekSeq></word><word seq="17">and<GreekSeq>20</GreekSeq></word><word seq="18">wrath<GreekSeq>21</GreekSeq></word><word seq="19">unto this<GreekSeq>24</GreekSeq></word><word seq="20">people.<GreekSeq>23</GreekSeq></word></ASV></verse>
<verse number="24"><ASV><word seq="1">And<GreekSeq>1</GreekSeq></word><word seq="2">they shall fall<GreekSeq>2</GreekSeq></word><word seq="3">by the edge<GreekSeq>3</GreekSeq></word><word seq="4">of the sword,<GreekSeq>4</GreekSeq></word><word seq="5">and<GreekSeq>5</GreekSeq></word><word seq="6">shall be led captive<GreekSeq>6</GreekSeq></word><word seq="7">into<GreekSeq>7</GreekSeq></word><word seq="8">all<GreekSeq>10</GreekSeq></word><word seq="9">the<GreekSeq>8</GreekSeq></word><word seq="10">nations:<GreekSeq>9</GreekSeq></word><word seq="11">and<GreekSeq>11</GreekSeq></word><word seq="12">Jerusalem<GreekSeq>12</GreekSeq></word><word seq="13">shall be<GreekSeq>13</GreekSeq></word><word seq="14">trodden down<GreekSeq>14</GreekSeq></word><word seq="15">of<GreekSeq>15</GreekSeq></word><word seq="16">the Gentiles,<GreekSeq>16</GreekSeq></word><word seq="17">until<GreekSeq>17</GreekSeq></word><word seq="18">the times<GreekSeq>20</GreekSeq></word><word seq="19">of the Gentiles<GreekSeq>21</GreekSeq></word><word seq="20">be fulfilled.<GreekSeq>19</GreekSeq></word></ASV></verse>
<verse number="25"><ASV><word seq="1">And<GreekSeq>1</GreekSeq></word><word seq="2">there shall be<GreekSeq>2</GreekSeq></word><word seq="3">signs<GreekSeq>3</GreekSeq></word><word seq="4">in<GreekSeq>4</GreekSeq></word><word seq="5">sun<GreekSeq>5</GreekSeq></word><word seq="6">and<GreekSeq>6</GreekSeq></word><word seq="7">moon<GreekSeq>7</GreekSeq></word><word seq="8">and<GreekSeq>8</GreekSeq></word><word seq="9">stars;<GreekSeq>9</GreekSeq></word><word seq="10">and<GreekSeq>10</GreekSeq></word><word seq="11">upon<GreekSeq>11</GreekSeq></word><word seq="12">the<GreekSeq>12</GreekSeq></word><word seq="13">earth<GreekSeq>13</GreekSeq></word><word seq="14">distress<GreekSeq>14</GreekSeq></word><word seq="15">of nations,<GreekSeq>15</GreekSeq></word><word seq="16">in<GreekSeq>16</GreekSeq></word><word seq="17">perplexity<GreekSeq>17</GreekSeq></word><word seq="18">for the roaring<GreekSeq>18</GreekSeq></word><word seq="19">of the sea<GreekSeq>19</GreekSeq></word><word seq="20">and<GreekSeq>20</GreekSeq></word><word seq="21">the billows;<GreekSeq>21</GreekSeq></word></ASV></verse>
<verse number="26"><ASV><word seq="1">men<GreekSeq>2</GreekSeq></word><word seq="2">fainting<GreekSeq>1</GreekSeq></word><word seq="3">for<GreekSeq>3</GreekSeq></word><word seq="4">fear,<GreekSeq>4</GreekSeq></word><word seq="5">and<GreekSeq>5</GreekSeq></word><word seq="6">for expectation<GreekSeq>6</GreekSeq></word><word seq="7">of the things<GreekSeq>7</GreekSeq></word><word seq="8">which are coming<GreekSeq>8</GreekSeq></word><word seq="9">on the<GreekSeq>9</GreekSeq></word><word seq="10">world:<GreekSeq>10</GreekSeq></word><word seq="11">for<GreekSeq>12</GreekSeq></word><word seq="12">the<GreekSeq>11</GreekSeq></word><word seq="13">powers<GreekSeq>13</GreekSeq></word><word seq="14">of the<GreekSeq>14</GreekSeq></word><word seq="15">heavens<GreekSeq>15</GreekSeq></word><word seq="16">shall be shaken.<GreekSeq>16</GreekSeq></word></ASV></verse>
<verse number="27"><ASV><word seq="1">And<GreekSeq>1</GreekSeq></word><word seq="2">then<GreekSeq>2</GreekSeq></word><word seq="3">shall they see<GreekSeq>3</GreekSeq></word><word seq="4">the<GreekSeq>4</GreekSeq></word><word seq="5">Son<GreekSeq>5</GreekSeq></word><word seq="6">of man<GreekSeq>7</GreekSeq></word><word seq="7">coming<GreekSeq>8</GreekSeq></word><word seq="8">in<GreekSeq>9</GreekSeq></word><word seq="9">a cloud<GreekSeq>10</GreekSeq></word><word seq="10">with<GreekSeq>11</GreekSeq></word><word seq="11">power<GreekSeq>12</GreekSeq></word><word seq="12">and<GreekSeq>13</GreekSeq></word><word seq="13">great<GreekSeq>15</GreekSeq></word><word seq="14">glory.<GreekSeq>14</GreekSeq></word></ASV></verse>
<verse number="28"><ASV><word seq="1">But<GreekSeq>2</GreekSeq></word><word seq="2">when<GreekSeq>1</GreekSeq></word><word seq="3">these things<GreekSeq>3</GreekSeq></word><word seq="4">begin<GreekSeq>1</GreekSeq></word><word seq="5">to come to pass,<GreekSeq>4</GreekSeq></word><word seq="6">look up,<GreekSeq>5</GreekSeq></word><word seq="7">and<GreekSeq>6</GreekSeq></word><word seq="8">lift up<GreekSeq>7</GreekSeq></word><word seq="9">your<GreekSeq>10</GreekSeq></word><word seq="10">heads;<GreekSeq>9</GreekSeq></word><word seq="11">because<GreekSeq>11</GreekSeq></word><word seq="12">your<GreekSeq>15</GreekSeq></word><word seq="13">redemption<GreekSeq>14</GreekSeq></word><word seq="14">draweth nigh.<GreekSeq>12</GreekSeq></word></ASV></verse>
<verse number="29"><ASV><word seq="1">And<GreekSeq>1</GreekSeq></word><word seq="2">he spake<GreekSeq>2</GreekSeq></word><word seq="3">to them<GreekSeq>4</GreekSeq></word><word seq="4">a parable:<GreekSeq>3</GreekSeq></word><word seq="5">Behold<GreekSeq>5</GreekSeq></word><word seq="6">the<GreekSeq>6</GreekSeq></word><word seq="7">fig tree,<GreekSeq>7</GreekSeq></word><word seq="8">and<GreekSeq>8</GreekSeq></word><word seq="9">all<GreekSeq>9</GreekSeq></word><word seq="10">the<GreekSeq>10</GreekSeq></word><word seq="11">trees:<GreekSeq>11</GreekSeq></word></ASV></verse>
<verse number="30"><ASV><word seq="1">when<GreekSeq>1</GreekSeq></word><word seq="2">they<GreekSeq>2</GreekSeq></word><word seq="3">now<GreekSeq>3</GreekSeq></word><word seq="4">shoot forth,<GreekSeq>2</GreekSeq></word><word seq="5">ye see<GreekSeq>4</GreekSeq></word><word seq="6">it and</word><word seq="7">know<GreekSeq>7</GreekSeq></word><word seq="8">of<GreekSeq>5</GreekSeq></word><word seq="9">your own selves<GreekSeq>6</GreekSeq></word><word seq="10">that<GreekSeq>8</GreekSeq></word><word seq="11">the<GreekSeq>11</GreekSeq></word><word seq="12">summer<GreekSeq>12</GreekSeq></word><word seq="13">is<GreekSeq>13</GreekSeq></word><word seq="14">now<GreekSeq>9</GreekSeq></word><word seq="15">nigh.<GreekSeq>10</GreekSeq></word></ASV></verse>
<verse number="31"><ASV><word seq="1">Even so<GreekSeq>1</GreekSeq></word><word seq="2">ye<GreekSeq>3</GreekSeq></word><word seq="3">also,<GreekSeq>2</GreekSeq></word><word seq="4">when<GreekSeq>4</GreekSeq></word><word seq="5">ye see<GreekSeq>5</GreekSeq></word><word seq="6">these things<GreekSeq>6</GreekSeq></word><word seq="7">coming to pass,<GreekSeq>7</GreekSeq></word><word seq="8">know ye<GreekSeq>8</GreekSeq></word><word seq="9">that<GreekSeq>9</GreekSeq></word><word seq="10">the<GreekSeq>12</GreekSeq></word><word seq="11">kingdom<GreekSeq>13</GreekSeq></word><word seq="12">of God<GreekSeq>15</GreekSeq></word><word seq="13">is<GreekSeq>11</GreekSeq></word><word seq="14">nigh.<GreekSeq>10</GreekSeq></word></ASV></verse>
<verse number="32"><ASV><word seq="1">Verily<GreekSeq>1</GreekSeq></word><word seq="2">I say<GreekSeq>2</GreekSeq></word><word seq="3">unto you,<GreekSeq>3</GreekSeq></word><word seq="4">This<GreekSeq>10</GreekSeq></word><word seq="5">generation<GreekSeq>9</GreekSeq></word><word seq="6">shall<GreekSeq>7</GreekSeq></word><word seq="7" note="οὐ μή Strong Code (3364)">not<GreekSeq>5</GreekSeq><GreekSeq>6</GreekSeq></word><word seq="8">pass away,<GreekSeq>7</GreekSeq></word><word seq="9">till<GreekSeq>11</GreekSeq></word><word seq="10">all<GreekSeq>13</GreekSeq></word><word seq="11">things be accomplished.<GreekSeq>14</GreekSeq></word></ASV></verse>
<verse number="33"><ASV><word seq="1">Heaven<GreekSeq>2</GreekSeq></word><word seq="2">and<GreekSeq>3</GreekSeq></word><word seq="3">earth<GreekSeq>5</GreekSeq></word><word seq="4">shall pass away:<GreekSeq>6</GreekSeq></word><word seq="5">but<GreekSeq>8</GreekSeq></word><word seq="6">my<GreekSeq>10</GreekSeq></word><word seq="7">words<GreekSeq>9</GreekSeq></word><word seq="8">shall<GreekSeq>13</GreekSeq></word><word seq="9" note="οὐ μή Strong Code (3364)">not<GreekSeq>11</GreekSeq><GreekSeq>12</GreekSeq></word><word seq="10">pass away.<GreekSeq>13</GreekSeq></word></ASV></verse>
<verse number="34"><ASV><word seq="1">But<GreekSeq>2</GreekSeq></word><word seq="2">take heed<GreekSeq>1</GreekSeq></word><word seq="3">to yourselves,<GreekSeq>3</GreekSeq></word><word seq="4">lest haply<GreekSeq>4</GreekSeq></word><word seq="5">your<GreekSeq>6</GreekSeq></word><word seq="6">hearts<GreekSeq>8</GreekSeq></word><word seq="7">be overcharged<GreekSeq>5</GreekSeq></word><word seq="8">with<GreekSeq>9</GreekSeq></word><word seq="9">surfeiting,<GreekSeq>10</GreekSeq></word><word seq="10">and<GreekSeq>11</GreekSeq></word><word seq="11">drunkenness,<GreekSeq>12</GreekSeq></word><word seq="12">and<GreekSeq>13</GreekSeq></word><word seq="13">cares<GreekSeq>14</GreekSeq></word><word seq="14">of this life,<GreekSeq>15</GreekSeq></word><word seq="15">and<GreekSeq>16</GreekSeq></word><word seq="16">that<GreekSeq>23</GreekSeq></word><word seq="17">day<GreekSeq>22</GreekSeq></word><word seq="18">come<GreekSeq>17</GreekSeq></word><word seq="19">on<GreekSeq>18</GreekSeq></word><word seq="20">you<GreekSeq>19</GreekSeq></word><word seq="21">suddenly<GreekSeq>20</GreekSeq></word><word seq="22" note="see next verse">as a snare:</word></ASV></verse>
<verse number="35"><ASV><word seq="1" note="from previous verse">as<GreekSeq>1</GreekSeq></word><word seq="2" note="from previous verse">a snare:<GreekSeq>2</GreekSeq></word><word seq="3">for<GreekSeq>4</GreekSeq></word><word seq="4">so</word><word seq="5">shall it come<GreekSeq>3</GreekSeq></word><word seq="6">upon<GreekSeq>5</GreekSeq></word><word seq="7">all<GreekSeq>6</GreekSeq></word><word seq="8">them<GreekSeq>7</GreekSeq></word><word seq="9">that dwell<GreekSeq>8</GreekSeq></word><word seq="10">on<GreekSeq>9</GreekSeq></word><word seq="11">the face<GreekSeq>10</GreekSeq></word><word seq="12">of all<GreekSeq>11</GreekSeq></word><word seq="13">the<GreekSeq>12</GreekSeq></word><word seq="14">earth.<GreekSeq>13</GreekSeq></word></ASV></verse>
<verse number="36"><ASV><word seq="1">But<GreekSeq>2</GreekSeq></word><word seq="2">watch ye<GreekSeq>1</GreekSeq></word><word seq="3">at<GreekSeq>3</GreekSeq></word><word seq="4">every<GreekSeq>4</GreekSeq></word><word seq="5">season,<GreekSeq>5</GreekSeq></word><word seq="6">making supplication,<GreekSeq>6</GreekSeq></word><word seq="7">that<GreekSeq>7</GreekSeq></word><word seq="8">ye may prevail<GreekSeq>8</GreekSeq></word><word seq="9">to escape<GreekSeq>9</GreekSeq></word><word seq="10">all<GreekSeq>11</GreekSeq></word><word seq="11">these<GreekSeq>10</GreekSeq></word><word seq="12">things<GreekSeq>12</GreekSeq></word><word seq="13">that shall<GreekSeq>13</GreekSeq></word><word seq="14">come to pass,<GreekSeq>14</GreekSeq></word><word seq="15">and<GreekSeq>15</GreekSeq></word><word seq="16">to stand<GreekSeq>16</GreekSeq></word><word seq="17">before<GreekSeq>17</GreekSeq></word><word seq="18">the<GreekSeq>18</GreekSeq></word><word seq="19">Son<GreekSeq>19</GreekSeq></word><word seq="20">of man.<GreekSeq>21</GreekSeq></word></ASV></verse>
<verse number="37"><ASV><word seq="1">And<GreekSeq>2</GreekSeq></word><word seq="2">every</word><word seq="3">day<GreekSeq>4</GreekSeq></word><word seq="4">he was<GreekSeq>1</GreekSeq></word><word seq="5">teaching<GreekSeq>8</GreekSeq></word><word seq="6">in<GreekSeq>5</GreekSeq></word><word seq="7">the<GreekSeq>6</GreekSeq></word><word seq="8">temple;<GreekSeq>7</GreekSeq></word><word seq="9">and<GreekSeq>10</GreekSeq></word><word seq="10">every</word><word seq="11">night<GreekSeq>11</GreekSeq></word><word seq="12">he went out,<GreekSeq>12</GreekSeq></word><word seq="13">and</word><word seq="14">lodged<GreekSeq>13</GreekSeq></word><word seq="15">in<GreekSeq>14</GreekSeq></word><word seq="16">the<GreekSeq>15</GreekSeq></word><word seq="17">mount<GreekSeq>16</GreekSeq></word><word seq="18">that is called<GreekSeq>18</GreekSeq></word><word seq="19">Olivet.<GreekSeq>19</GreekSeq></word></ASV></verse>
<verse number="38"><ASV><word seq="1">And<GreekSeq>1</GreekSeq></word><word seq="2">all<GreekSeq>2</GreekSeq></word><word seq="3">the<GreekSeq>3</GreekSeq></word><word seq="4">people<GreekSeq>4</GreekSeq></word><word seq="5">came early in the morning<GreekSeq>5</GreekSeq></word><word seq="6">to<GreekSeq>6</GreekSeq></word><word seq="7">him<GreekSeq>7</GreekSeq></word><word seq="8">in<GreekSeq>8</GreekSeq></word><word seq="9">the<GreekSeq>9</GreekSeq></word><word seq="10">temple,<GreekSeq>10</GreekSeq></word><word seq="11">to hear<GreekSeq>11</GreekSeq></word><word seq="12">him.<GreekSeq>12</GreekSeq></word></ASV></verse>
</chapter></book>