<?xml version="1.0" encoding="UTF-8" standalone="no"?><book><chapter number="10">
<verse number="1"><ASV><word seq="1">And<GreekSeq>1</GreekSeq></word><word seq="2">he arose<GreekSeq>3</GreekSeq></word><word seq="3">from thence,<GreekSeq>2</GreekSeq></word><word seq="4">and</word><word seq="5">cometh<GreekSeq>4</GreekSeq></word><word seq="6">into<GreekSeq>5</GreekSeq></word><word seq="7">the<GreekSeq>6</GreekSeq></word><word seq="8">borders<GreekSeq>7</GreekSeq></word><word seq="9">of Judaea<GreekSeq>9</GreekSeq></word><word seq="10">and<GreekSeq>10</GreekSeq></word><word seq="11">beyond<GreekSeq>11</GreekSeq></word><word seq="12">the<GreekSeq>12</GreekSeq></word><word seq="13">Jordan:<GreekSeq>13</GreekSeq></word><word seq="14">and<GreekSeq>14</GreekSeq></word><word seq="15">multitudes<GreekSeq>17</GreekSeq></word><word seq="16">come together<GreekSeq>15</GreekSeq></word><word seq="17">unto<GreekSeq>18</GreekSeq></word><word seq="18">him<GreekSeq>19</GreekSeq></word><word seq="19">again;<GreekSeq>16</GreekSeq></word><word seq="20">and,<GreekSeq>20</GreekSeq></word><word seq="21">as<GreekSeq>21</GreekSeq></word><word seq="22">he was wont,<GreekSeq>22</GreekSeq></word><word seq="23">he taught<GreekSeq>24</GreekSeq></word><word seq="24">them<GreekSeq>25</GreekSeq></word><word seq="25">again.<GreekSeq>23</GreekSeq></word></ASV></verse>
<verse number="2"><ASV><word seq="1">And<GreekSeq>1</GreekSeq></word><word seq="2">there came unto<GreekSeq>2</GreekSeq></word><word seq="3">him</word><word seq="4">Pharisees,<GreekSeq>3</GreekSeq></word><word seq="5">and</word><word seq="6">asked<GreekSeq>4</GreekSeq></word><word seq="7">him,<GreekSeq>5</GreekSeq></word><word seq="8">Is it lawful<GreekSeq>6</GreekSeq><GreekSeq>7</GreekSeq></word><word seq="9">for a man<GreekSeq>8</GreekSeq></word><word seq="10">to put away<GreekSeq>10</GreekSeq></word><word seq="11">wife?<GreekSeq>9</GreekSeq></word><word seq="12">trying<GreekSeq>11</GreekSeq></word><word seq="13">him.<GreekSeq>12</GreekSeq></word></ASV></verse>
<verse number="3"><ASV><word seq="1">And<GreekSeq>2</GreekSeq></word><word seq="2">he<GreekSeq>1</GreekSeq></word><word seq="3">answered<GreekSeq>3</GreekSeq></word><word seq="4">and</word><word seq="5">said<GreekSeq>4</GreekSeq></word><word seq="6">unto them,<GreekSeq>5</GreekSeq></word><word seq="7">What<GreekSeq>6</GreekSeq></word><word seq="8">did</word><word seq="9">Moses<GreekSeq>9</GreekSeq></word><word seq="10">command<GreekSeq>8</GreekSeq></word><word seq="11">you?<GreekSeq>7</GreekSeq></word></ASV></verse>
<verse number="4"><ASV><word seq="1">And<GreekSeq>2</GreekSeq></word><word seq="2">they<GreekSeq>1</GreekSeq></word><word seq="3">said,<GreekSeq>3</GreekSeq></word><word seq="4">Moses<GreekSeq>5</GreekSeq></word><word seq="5">suffered<GreekSeq>4</GreekSeq></word><word seq="6">to write<GreekSeq>8</GreekSeq></word><word seq="7">a bill<GreekSeq>6</GreekSeq></word><word seq="8">of divorcement,<GreekSeq>7</GreekSeq></word><word seq="9">and<GreekSeq>9</GreekSeq></word><word seq="10">to put [her] away.<GreekSeq>10</GreekSeq></word></ASV></verse>
<verse number="5"><ASV><word seq="1">But<GreekSeq>2</GreekSeq></word><word seq="2">Jesus<GreekSeq>3</GreekSeq></word><word seq="3">said<GreekSeq>4</GreekSeq></word><word seq="4">unto them,<GreekSeq>5</GreekSeq></word><word seq="5">For<GreekSeq>6</GreekSeq></word><word seq="6">your<GreekSeq>9</GreekSeq></word><word seq="7">hardness of heart<GreekSeq>8</GreekSeq></word><word seq="8">he wrote<GreekSeq>10</GreekSeq></word><word seq="9">you<GreekSeq>11</GreekSeq></word><word seq="10">this<GreekSeq>14</GreekSeq></word><word seq="11">commandment.<GreekSeq>13</GreekSeq></word></ASV></verse>
<verse number="6"><ASV><word seq="1">But<GreekSeq>2</GreekSeq></word><word seq="2">from<GreekSeq>1</GreekSeq></word><word seq="3">the beginning<GreekSeq>3</GreekSeq></word><word seq="4">of the creation,<GreekSeq>4</GreekSeq></word><word seq="5">Male<GreekSeq>5</GreekSeq></word><word seq="6">and<GreekSeq>6</GreekSeq></word><word seq="7">female<GreekSeq>7</GreekSeq></word><word seq="8">made he<GreekSeq>8</GreekSeq></word><word seq="9">them.<GreekSeq>9</GreekSeq></word></ASV></verse>
<verse number="7"><ASV><word seq="1">For<GreekSeq>1</GreekSeq></word><word seq="2">this<GreekSeq>2</GreekSeq></word><word seq="3">cause<GreekSeq>1</GreekSeq></word><word seq="4">shall<GreekSeq>3</GreekSeq></word><word seq="5">a man<GreekSeq>4</GreekSeq></word><word seq="6">leave<GreekSeq>3</GreekSeq></word><word seq="7">his<GreekSeq>7</GreekSeq></word><word seq="8">father<GreekSeq>6</GreekSeq></word><word seq="9">and<GreekSeq>8</GreekSeq></word><word seq="10">mother,<GreekSeq>10</GreekSeq></word><word seq="11">and<GreekSeq>11</GreekSeq></word><word seq="12">shall cleave<GreekSeq>12</GreekSeq></word><word seq="13">to<GreekSeq>13</GreekSeq></word><word seq="14">his<GreekSeq>16</GreekSeq></word><word seq="15">wife;<GreekSeq>15</GreekSeq></word></ASV></verse>
<verse number="8"><ASV><word seq="1">and<GreekSeq>1</GreekSeq></word><word seq="2">the<GreekSeq>3</GreekSeq></word><word seq="3">two<GreekSeq>4</GreekSeq></word><word seq="4">shall become<GreekSeq>2</GreekSeq><GreekSeq>5</GreekSeq></word><word seq="5">one<GreekSeq>7</GreekSeq></word><word seq="6">flesh:<GreekSeq>6</GreekSeq></word><word seq="7">so that<GreekSeq>8</GreekSeq></word><word seq="8">they are<GreekSeq>10</GreekSeq></word><word seq="9">no more<GreekSeq>9</GreekSeq></word><word seq="10">two,<GreekSeq>11</GreekSeq></word><word seq="11">but<GreekSeq>12</GreekSeq></word><word seq="12">one<GreekSeq>13</GreekSeq></word><word seq="13">flesh.<GreekSeq>14</GreekSeq></word></ASV></verse>
<verse number="9"><ASV><word seq="1">What<GreekSeq>1</GreekSeq></word><word seq="2">therefore<GreekSeq>2</GreekSeq></word><word seq="3">God<GreekSeq>4</GreekSeq></word><word seq="4">hath joined together,<GreekSeq>5</GreekSeq></word><word seq="5">let<GreekSeq>8</GreekSeq></word><word seq="6">not<GreekSeq>7</GreekSeq></word><word seq="7">man<GreekSeq>6</GreekSeq></word><word seq="8">put asunder.<GreekSeq>8</GreekSeq></word></ASV></verse>
<verse number="10"><ASV><word seq="1">And<GreekSeq>1</GreekSeq></word><word seq="2">in<GreekSeq>2</GreekSeq></word><word seq="3">the<GreekSeq>3</GreekSeq></word><word seq="4">house<GreekSeq>4</GreekSeq></word><word seq="5">the<GreekSeq>6</GreekSeq></word><word seq="6">disciples<GreekSeq>7</GreekSeq></word><word seq="7">asked<GreekSeq>10</GreekSeq></word><word seq="8">him<GreekSeq>11</GreekSeq></word><word seq="9">again<GreekSeq>5</GreekSeq></word><word seq="10">of<GreekSeq>8</GreekSeq></word><word seq="11">this matter.<GreekSeq>9</GreekSeq></word></ASV></verse>
<verse number="11"><ASV><word seq="1">And<GreekSeq>1</GreekSeq></word><word seq="2">he saith<GreekSeq>2</GreekSeq></word><word seq="3">unto them,<GreekSeq>3</GreekSeq></word><word seq="4">Whosoever<GreekSeq>4</GreekSeq><GreekSeq>5</GreekSeq></word><word seq="5">shall put away<GreekSeq>6</GreekSeq></word><word seq="6">his<GreekSeq>9</GreekSeq></word><word seq="7">wife,<GreekSeq>8</GreekSeq></word><word seq="8">and<GreekSeq>10</GreekSeq></word><word seq="9">marry<GreekSeq>11</GreekSeq></word><word seq="10">another,<GreekSeq>12</GreekSeq></word><word seq="11">committeth adultery<GreekSeq>13</GreekSeq></word><word seq="12">against<GreekSeq>14</GreekSeq></word><word seq="13">her:<GreekSeq>15</GreekSeq></word></ASV></verse>
<verse number="12"><ASV><word seq="1">and<GreekSeq>1</GreekSeq></word><word seq="2">if<GreekSeq>2</GreekSeq></word><word seq="3">she herself<GreekSeq>3</GreekSeq></word><word seq="4">shall put away<GreekSeq>4</GreekSeq></word><word seq="5">her<GreekSeq>7</GreekSeq></word><word seq="6">husband,<GreekSeq>6</GreekSeq></word><word seq="7">and</word><word seq="8">marry<GreekSeq>8</GreekSeq></word><word seq="9">another,<GreekSeq>9</GreekSeq></word><word seq="10">she committeth adultery.<GreekSeq>10</GreekSeq></word></ASV></verse>
<verse number="13"><ASV><word seq="1">And<GreekSeq>1</GreekSeq></word><word seq="2">they were bringing<GreekSeq>2</GreekSeq></word><word seq="3">unto him<GreekSeq>3</GreekSeq></word><word seq="4">little children,<GreekSeq>4</GreekSeq></word><word seq="5">that<GreekSeq>5</GreekSeq></word><word seq="6">he should touch<GreekSeq>7</GreekSeq></word><word seq="7">them:<GreekSeq>6</GreekSeq></word><word seq="8">and<GreekSeq>9</GreekSeq></word><word seq="9">the<GreekSeq>8</GreekSeq></word><word seq="10">disciples<GreekSeq>10</GreekSeq></word><word seq="11">rebuked<GreekSeq>11</GreekSeq></word><word seq="12">them.<GreekSeq>12</GreekSeq></word></ASV></verse>
<verse number="14"><ASV><word seq="1">But<GreekSeq>2</GreekSeq></word><word seq="2">when<GreekSeq>1</GreekSeq></word><word seq="3">Jesus<GreekSeq>4</GreekSeq></word><word seq="4">saw<GreekSeq>1</GreekSeq></word><word seq="5">it,</word><word seq="6">he was moved with indignation,<GreekSeq>5</GreekSeq></word><word seq="7">and<GreekSeq>6</GreekSeq></word><word seq="8">said<GreekSeq>7</GreekSeq></word><word seq="9">unto them,<GreekSeq>8</GreekSeq></word><word seq="10">Suffer<GreekSeq>9</GreekSeq></word><word seq="11">the<GreekSeq>10</GreekSeq></word><word seq="12">little children<GreekSeq>11</GreekSeq></word><word seq="13">to come<GreekSeq>12</GreekSeq></word><word seq="14">unto<GreekSeq>13</GreekSeq></word><word seq="15">me;<GreekSeq>14</GreekSeq></word><word seq="16">forbid<GreekSeq>16</GreekSeq></word><word seq="17">them<GreekSeq>17</GreekSeq></word><word seq="18">not:<GreekSeq>15</GreekSeq></word><word seq="19">for<GreekSeq>19</GreekSeq></word><word seq="20">to such<GreekSeq>20</GreekSeq></word><word seq="21">belongeth<GreekSeq>21</GreekSeq></word><word seq="22">the<GreekSeq>22</GreekSeq></word><word seq="23">kingdom<GreekSeq>23</GreekSeq></word><word seq="24">of God.<GreekSeq>25</GreekSeq></word></ASV></verse>
<verse number="15"><ASV><word seq="1">Verily<GreekSeq>1</GreekSeq></word><word seq="2">I say<GreekSeq>2</GreekSeq></word><word seq="3">unto you,<GreekSeq>3</GreekSeq></word><word seq="4">Whosoever<GreekSeq>4</GreekSeq><GreekSeq>5</GreekSeq></word><word seq="5">shall<GreekSeq>7</GreekSeq></word><word seq="6">not<GreekSeq>6</GreekSeq></word><word seq="7">receive<GreekSeq>7</GreekSeq></word><word seq="8">the<GreekSeq>8</GreekSeq></word><word seq="9">kingdom<GreekSeq>9</GreekSeq></word><word seq="10">of God<GreekSeq>11</GreekSeq></word><word seq="11">as<GreekSeq>12</GreekSeq></word><word seq="12">a little child,<GreekSeq>13</GreekSeq></word><word seq="13">he shall<GreekSeq>16</GreekSeq></word><word seq="14" note="οὐ μή Strong Code (3364)">in no wise<GreekSeq>14</GreekSeq><GreekSeq>15</GreekSeq></word><word seq="15">enter<GreekSeq>16</GreekSeq></word><word seq="16">therein.<GreekSeq>17</GreekSeq><GreekSeq>18</GreekSeq></word></ASV></verse>
<verse number="16"><ASV><word seq="1">And<GreekSeq>1</GreekSeq></word><word seq="2">he took<GreekSeq>2</GreekSeq></word><word seq="3">them<GreekSeq>3</GreekSeq></word><word seq="4">in his arms,<GreekSeq>2</GreekSeq></word><word seq="5">and</word><word seq="6">blessed<GreekSeq>4</GreekSeq></word><word seq="7">them,</word><word seq="8">laying<GreekSeq>5</GreekSeq></word><word seq="9">his</word><word seq="10">hands<GreekSeq>7</GreekSeq></word><word seq="11">upon<GreekSeq>8</GreekSeq></word><word seq="12">them.<GreekSeq>9</GreekSeq></word></ASV></verse>
<verse number="17"><ASV><word seq="1">And<GreekSeq>1</GreekSeq></word><word seq="2">as<GreekSeq>2</GreekSeq></word><word seq="3">he<GreekSeq>3</GreekSeq></word><word seq="4">was going forth<GreekSeq>2</GreekSeq></word><word seq="5">into<GreekSeq>4</GreekSeq></word><word seq="6">the way,<GreekSeq>5</GreekSeq></word><word seq="7">there ran<GreekSeq>6</GreekSeq></word><word seq="8">one<GreekSeq>7</GreekSeq></word><word seq="9">to him,</word><word seq="10">and<GreekSeq>8</GreekSeq></word><word seq="11">kneeled<GreekSeq>9</GreekSeq></word><word seq="12">to him,<GreekSeq>10</GreekSeq></word><word seq="13">and</word><word seq="14">asked<GreekSeq>11</GreekSeq></word><word seq="15">him,<GreekSeq>12</GreekSeq></word><word seq="16">Good<GreekSeq>14</GreekSeq></word><word seq="17">Teacher,<GreekSeq>13</GreekSeq></word><word seq="18">what<GreekSeq>15</GreekSeq></word><word seq="19">shall I do<GreekSeq>16</GreekSeq></word><word seq="20">that<GreekSeq>17</GreekSeq></word><word seq="21">I may inherit<GreekSeq>20</GreekSeq></word><word seq="22">eternal<GreekSeq>19</GreekSeq></word><word seq="23">life?<GreekSeq>18</GreekSeq></word></ASV></verse>
<verse number="18"><ASV><word seq="1">And<GreekSeq>2</GreekSeq></word><word seq="2">Jesus<GreekSeq>3</GreekSeq></word><word seq="3">said<GreekSeq>4</GreekSeq></word><word seq="4">unto him,<GreekSeq>5</GreekSeq></word><word seq="5">Why<GreekSeq>6</GreekSeq></word><word seq="6">callest thou<GreekSeq>8</GreekSeq></word><word seq="7">me<GreekSeq>7</GreekSeq></word><word seq="8">good?<GreekSeq>9</GreekSeq></word><word seq="9">none<GreekSeq>10</GreekSeq></word><word seq="10">is</word><word seq="11">good<GreekSeq>11</GreekSeq></word><word seq="12" note="εἰ μή Strong Code (1508)">save<GreekSeq>12</GreekSeq><GreekSeq>13</GreekSeq></word><word seq="13">one,<GreekSeq>14</GreekSeq></word><word seq="14">God.<GreekSeq>16</GreekSeq></word></ASV></verse>
<verse number="19"><ASV><word seq="1">Thou knowest<GreekSeq>3</GreekSeq></word><word seq="2">the<GreekSeq>1</GreekSeq></word><word seq="3">commandments,<GreekSeq>2</GreekSeq></word><word seq="4">Do</word><word seq="5">not<GreekSeq>4</GreekSeq></word><word seq="6">kill,<GreekSeq>5</GreekSeq></word><word seq="7">Do</word><word seq="8">not<GreekSeq>6</GreekSeq></word><word seq="9">commit adultery,<GreekSeq>7</GreekSeq></word><word seq="10">Do</word><word seq="11">not<GreekSeq>8</GreekSeq></word><word seq="12">steal,<GreekSeq>9</GreekSeq></word><word seq="13">Do</word><word seq="14">not<GreekSeq>10</GreekSeq></word><word seq="15">bear false witness,<GreekSeq>11</GreekSeq></word><word seq="16">Do</word><word seq="17">not<GreekSeq>12</GreekSeq></word><word seq="18">defraud,<GreekSeq>13</GreekSeq></word><word seq="19">Honor<GreekSeq>14</GreekSeq></word><word seq="20">thy<GreekSeq>17</GreekSeq></word><word seq="21">father<GreekSeq>16</GreekSeq></word><word seq="22">and<GreekSeq>18</GreekSeq></word><word seq="23">mother.<GreekSeq>20</GreekSeq></word></ASV></verse>
<verse number="20"><ASV><word seq="1">And<GreekSeq>2</GreekSeq></word><word seq="2">he<GreekSeq>1</GreekSeq></word><word seq="3">said<GreekSeq>3</GreekSeq></word><word seq="4">unto him,<GreekSeq>4</GreekSeq></word><word seq="5">Teacher,<GreekSeq>5</GreekSeq></word><word seq="6">all<GreekSeq>7</GreekSeq></word><word seq="7">these things<GreekSeq>6</GreekSeq></word><word seq="8">have I observed<GreekSeq>8</GreekSeq></word><word seq="9">from<GreekSeq>9</GreekSeq></word><word seq="10">my<GreekSeq>11</GreekSeq></word><word seq="11">youth.<GreekSeq>10</GreekSeq></word></ASV></verse>
<verse number="21"><ASV><word seq="1">And<GreekSeq>2</GreekSeq></word><word seq="2">Jesus<GreekSeq>3</GreekSeq></word><word seq="3">looking upon<GreekSeq>4</GreekSeq></word><word seq="4">him<GreekSeq>5</GreekSeq></word><word seq="5">loved<GreekSeq>6</GreekSeq></word><word seq="6">him,<GreekSeq>7</GreekSeq></word><word seq="7">and<GreekSeq>8</GreekSeq></word><word seq="8">said<GreekSeq>9</GreekSeq></word><word seq="9">unto him,<GreekSeq>10</GreekSeq></word><word seq="10">One thing<GreekSeq>11</GreekSeq></word><word seq="11">thou<GreekSeq>12</GreekSeq></word><word seq="12">lackest:<GreekSeq>13</GreekSeq></word><word seq="13">go,<GreekSeq>14</GreekSeq></word><word seq="14">sell<GreekSeq>17</GreekSeq></word><word seq="15">whatsoever<GreekSeq>15</GreekSeq></word><word seq="16">thou hast,<GreekSeq>16</GreekSeq></word><word seq="17">and<GreekSeq>18</GreekSeq></word><word seq="18">give<GreekSeq>19</GreekSeq></word><word seq="19">to the<GreekSeq>20</GreekSeq></word><word seq="20">poor,<GreekSeq>21</GreekSeq></word><word seq="21">and<GreekSeq>22</GreekSeq></word><word seq="22">thou shalt have<GreekSeq>23</GreekSeq></word><word seq="23">treasure<GreekSeq>24</GreekSeq></word><word seq="24">in<GreekSeq>25</GreekSeq></word><word seq="25">heaven:<GreekSeq>26</GreekSeq></word><word seq="26">and<GreekSeq>27</GreekSeq></word><word seq="27">come,<GreekSeq>28</GreekSeq></word><word seq="28">follow<GreekSeq>29</GreekSeq></word><word seq="29">me.<GreekSeq>30</GreekSeq></word></ASV></verse>
<verse number="22"><ASV><word seq="1">But<GreekSeq>2</GreekSeq></word><word seq="2">his countenance fell<GreekSeq>3</GreekSeq></word><word seq="3">at<GreekSeq>4</GreekSeq></word><word seq="4">the<GreekSeq>5</GreekSeq></word><word seq="5">saying,<GreekSeq>6</GreekSeq></word><word seq="6">and</word><word seq="7">he went away<GreekSeq>7</GreekSeq></word><word seq="8">sorrowful:<GreekSeq>8</GreekSeq></word><word seq="9">for<GreekSeq>10</GreekSeq></word><word seq="10">he was<GreekSeq>9</GreekSeq></word><word seq="11">one</word><word seq="12">that had<GreekSeq>11</GreekSeq></word><word seq="13">great<GreekSeq>13</GreekSeq></word><word seq="14">possessions.<GreekSeq>12</GreekSeq></word></ASV></verse>
<verse number="23"><ASV><word seq="1">And<GreekSeq>1</GreekSeq></word><word seq="2">Jesus<GreekSeq>4</GreekSeq></word><word seq="3">looked round about,<GreekSeq>2</GreekSeq></word><word seq="4">and</word><word seq="5">saith<GreekSeq>5</GreekSeq></word><word seq="6">unto<GreekSeq>7</GreekSeq></word><word seq="7">his<GreekSeq>8</GreekSeq></word><word seq="8">disciples,<GreekSeq>7</GreekSeq></word><word seq="9">How<GreekSeq>9</GreekSeq></word><word seq="10">hardly<GreekSeq>10</GreekSeq></word><word seq="11">shall<GreekSeq>20</GreekSeq></word><word seq="12">they<GreekSeq>11</GreekSeq></word><word seq="13">that have<GreekSeq>14</GreekSeq></word><word seq="14">riches<GreekSeq>13</GreekSeq></word><word seq="15">enter<GreekSeq>20</GreekSeq></word><word seq="16">into<GreekSeq>15</GreekSeq></word><word seq="17">the<GreekSeq>16</GreekSeq></word><word seq="18">kingdom<GreekSeq>17</GreekSeq></word><word seq="19">of God!<GreekSeq>19</GreekSeq></word></ASV></verse>
<verse number="24"><ASV><word seq="1">And<GreekSeq>2</GreekSeq></word><word seq="2">the<GreekSeq>1</GreekSeq></word><word seq="3">disciples<GreekSeq>3</GreekSeq></word><word seq="4">were amazed<GreekSeq>4</GreekSeq></word><word seq="5">at<GreekSeq>5</GreekSeq></word><word seq="6">his<GreekSeq>8</GreekSeq></word><word seq="7">words.<GreekSeq>7</GreekSeq></word><word seq="8">But<GreekSeq>10</GreekSeq></word><word seq="9">Jesus<GreekSeq>11</GreekSeq></word><word seq="10">answereth<GreekSeq>13</GreekSeq></word><word seq="11">again,<GreekSeq>12</GreekSeq></word><word seq="12">and</word><word seq="13">saith<GreekSeq>14</GreekSeq></word><word seq="14">unto them,<GreekSeq>15</GreekSeq></word><word seq="15">Children,<GreekSeq>16</GreekSeq></word><word seq="16">how<GreekSeq>17</GreekSeq></word><word seq="17">hard<GreekSeq>18</GreekSeq></word><word seq="18">is it<GreekSeq>19</GreekSeq></word><word seq="19" note="Some MSS has:">for them that trust in riches</word><word seq="20">to enter<GreekSeq>25</GreekSeq></word><word seq="21">into<GreekSeq>20</GreekSeq></word><word seq="22">the<GreekSeq>21</GreekSeq></word><word seq="23">kingdom<GreekSeq>22</GreekSeq></word><word seq="24">of God!<GreekSeq>24</GreekSeq></word></ASV></verse>
<verse number="25"><ASV><word seq="1">It is<GreekSeq>2</GreekSeq></word><word seq="2">easier<GreekSeq>1</GreekSeq></word><word seq="3">for a camel<GreekSeq>3</GreekSeq></word><word seq="4">to go<GreekSeq>9</GreekSeq></word><word seq="5">through<GreekSeq>4</GreekSeq></word><word seq="6">a<GreekSeq>5</GreekSeq></word><word seq="7">needle’s<GreekSeq>8</GreekSeq></word><word seq="8">eye,<GreekSeq>6</GreekSeq></word><word seq="9">than<GreekSeq>10</GreekSeq></word><word seq="10">for a rich [man]<GreekSeq>11</GreekSeq></word><word seq="11">to enter<GreekSeq>17</GreekSeq></word><word seq="12">into<GreekSeq>12</GreekSeq></word><word seq="13">the<GreekSeq>13</GreekSeq></word><word seq="14">kingdom<GreekSeq>14</GreekSeq></word><word seq="15">of God.<GreekSeq>16</GreekSeq></word></ASV></verse>
<verse number="26"><ASV><word seq="1">And<GreekSeq>2</GreekSeq></word><word seq="2">they<GreekSeq>1</GreekSeq></word><word seq="3">were astonished<GreekSeq>4</GreekSeq></word><word seq="4">exceedingly,<GreekSeq>3</GreekSeq></word><word seq="5">saying<GreekSeq>5</GreekSeq></word><word seq="6">unto<GreekSeq>6</GreekSeq></word><word seq="7">[him],<GreekSeq>7</GreekSeq></word><word seq="8">Then<GreekSeq>8</GreekSeq></word><word seq="9">who<GreekSeq>9</GreekSeq></word><word seq="10">can<GreekSeq>10</GreekSeq></word><word seq="11">be saved?<GreekSeq>11</GreekSeq></word></ASV></verse>
<verse number="27"><ASV><word seq="1">Jesus<GreekSeq>4</GreekSeq></word><word seq="2">looking upon<GreekSeq>1</GreekSeq></word><word seq="3">them<GreekSeq>2</GreekSeq></word><word seq="4">saith,<GreekSeq>5</GreekSeq></word><word seq="5">With<GreekSeq>6</GreekSeq></word><word seq="6">men<GreekSeq>7</GreekSeq></word><word seq="7">it is</word><word seq="8">impossible,<GreekSeq>8</GreekSeq></word><word seq="9">but<GreekSeq>9</GreekSeq></word><word seq="10">not<GreekSeq>10</GreekSeq></word><word seq="11">with<GreekSeq>11</GreekSeq></word><word seq="12">God:<GreekSeq>12</GreekSeq></word><word seq="13">for<GreekSeq>14</GreekSeq></word><word seq="14">all things<GreekSeq>13</GreekSeq></word><word seq="15">are</word><word seq="16">possible<GreekSeq>15</GreekSeq></word><word seq="17">with<GreekSeq>16</GreekSeq></word><word seq="18">God.<GreekSeq>18</GreekSeq></word></ASV></verse>
<verse number="28"><ASV><word seq="1">Peter<GreekSeq>4</GreekSeq></word><word seq="2">began<GreekSeq>1</GreekSeq></word><word seq="3">to say<GreekSeq>2</GreekSeq></word><word seq="4">unto him,<GreekSeq>5</GreekSeq></word><word seq="5">Lo,<GreekSeq>6</GreekSeq></word><word seq="6">we<GreekSeq>7</GreekSeq></word><word seq="7">have left<GreekSeq>8</GreekSeq></word><word seq="8">all,<GreekSeq>9</GreekSeq></word><word seq="9">and<GreekSeq>10</GreekSeq></word><word seq="10">have followed<GreekSeq>11</GreekSeq></word><word seq="11">thee.<GreekSeq>12</GreekSeq></word></ASV></verse>
<verse number="29"><ASV><word seq="1">Jesus<GreekSeq>3</GreekSeq></word><word seq="2">said,<GreekSeq>1</GreekSeq></word><word seq="3">Verily<GreekSeq>4</GreekSeq></word><word seq="4">I say<GreekSeq>5</GreekSeq></word><word seq="5">unto you,<GreekSeq>6</GreekSeq></word><word seq="6">There is<GreekSeq>8</GreekSeq></word><word seq="7">no man<GreekSeq>7</GreekSeq></word><word seq="8">that<GreekSeq>9</GreekSeq></word><word seq="9">hath left<GreekSeq>10</GreekSeq></word><word seq="10">house,<GreekSeq>11</GreekSeq></word><word seq="11">or<GreekSeq>12</GreekSeq></word><word seq="12">brethren,<GreekSeq>13</GreekSeq></word><word seq="13">or<GreekSeq>14</GreekSeq></word><word seq="14">sisters,<GreekSeq>15</GreekSeq></word><word seq="15">or<GreekSeq>16</GreekSeq></word><word seq="16">mother,<GreekSeq>17</GreekSeq></word><word seq="17">or<GreekSeq>18</GreekSeq></word><word seq="18">father,<GreekSeq>19</GreekSeq></word><word seq="19">or<GreekSeq>20</GreekSeq></word><word seq="20">children,<GreekSeq>21</GreekSeq></word><word seq="21">or<GreekSeq>22</GreekSeq></word><word seq="22">lands,<GreekSeq>23</GreekSeq></word><word seq="23">for<GreekSeq>24</GreekSeq></word><word seq="24">my<GreekSeq>25</GreekSeq></word><word seq="25">sake,<GreekSeq>24</GreekSeq></word><word seq="26">and<GreekSeq>26</GreekSeq></word><word seq="27">for<GreekSeq>27</GreekSeq></word><word seq="28">the<GreekSeq>28</GreekSeq></word><word seq="29">gospel’s<GreekSeq>29</GreekSeq></word><word seq="30">sake,<GreekSeq>27</GreekSeq></word></ASV></verse>
<verse number="30"><ASV><word seq="1" note="ἐὰν μή Strong Code (3362)">but<GreekSeq>1</GreekSeq><GreekSeq>2</GreekSeq></word><word seq="2">he shall receive<GreekSeq>3</GreekSeq></word><word seq="3">a hundredfold<GreekSeq>4</GreekSeq></word><word seq="4">now<GreekSeq>5</GreekSeq></word><word seq="5">in<GreekSeq>6</GreekSeq></word><word seq="6">this<GreekSeq>9</GreekSeq></word><word seq="7">time,<GreekSeq>8</GreekSeq></word><word seq="8">houses,<GreekSeq>10</GreekSeq></word><word seq="9">and<GreekSeq>11</GreekSeq></word><word seq="10">brethren,<GreekSeq>12</GreekSeq></word><word seq="11">and<GreekSeq>13</GreekSeq></word><word seq="12">sisters,<GreekSeq>14</GreekSeq></word><word seq="13">and<GreekSeq>15</GreekSeq></word><word seq="14">mothers,<GreekSeq>16</GreekSeq></word><word seq="15">and<GreekSeq>17</GreekSeq></word><word seq="16">children,<GreekSeq>18</GreekSeq></word><word seq="17">and<GreekSeq>19</GreekSeq></word><word seq="18">lands,<GreekSeq>20</GreekSeq></word><word seq="19">with<GreekSeq>21</GreekSeq></word><word seq="20">persecutions;<GreekSeq>22</GreekSeq></word><word seq="21">and<GreekSeq>23</GreekSeq></word><word seq="22">in<GreekSeq>24</GreekSeq></word><word seq="23">the<GreekSeq>25</GreekSeq></word><word seq="24">world<GreekSeq>26</GreekSeq></word><word seq="25">to come<GreekSeq>28</GreekSeq></word><word seq="26">eternal<GreekSeq>30</GreekSeq></word><word seq="27">life.<GreekSeq>29</GreekSeq></word></ASV></verse>
<verse number="31"><ASV><word seq="1">But<GreekSeq>2</GreekSeq></word><word seq="2">many<GreekSeq>1</GreekSeq></word><word seq="3">first<GreekSeq>4</GreekSeq></word><word seq="4">shall be<GreekSeq>3</GreekSeq></word><word seq="5">last;<GreekSeq>5</GreekSeq></word><word seq="6">and<GreekSeq>6</GreekSeq></word><word seq="7">the<GreekSeq>7</GreekSeq></word><word seq="8">last<GreekSeq>8</GreekSeq></word><word seq="9">first.<GreekSeq>9</GreekSeq></word></ASV></verse>
<verse number="32"><ASV><word seq="1">And<GreekSeq>2</GreekSeq></word><word seq="2">they were<GreekSeq>1</GreekSeq></word><word seq="3">on<GreekSeq>3</GreekSeq></word><word seq="4">the<GreekSeq>4</GreekSeq></word><word seq="5">way,<GreekSeq>5</GreekSeq></word><word seq="6">going up<GreekSeq>6</GreekSeq></word><word seq="7">to<GreekSeq>7</GreekSeq></word><word seq="8">Jerusalem;<GreekSeq>8</GreekSeq></word><word seq="9">and<GreekSeq>9</GreekSeq></word><word seq="10">Jesus<GreekSeq>14</GreekSeq></word><word seq="11">was going before<GreekSeq>11</GreekSeq></word><word seq="12">them:<GreekSeq>12</GreekSeq></word><word seq="13">and<GreekSeq>15</GreekSeq></word><word seq="14">they were amazed;<GreekSeq>16</GreekSeq></word><word seq="15">and<GreekSeq>18</GreekSeq></word><word seq="16">they<GreekSeq>17</GreekSeq></word><word seq="17">that followed<GreekSeq>19</GreekSeq></word><word seq="18">were afraid.<GreekSeq>20</GreekSeq></word><word seq="19">And<GreekSeq>21</GreekSeq></word><word seq="20">he took<GreekSeq>22</GreekSeq></word><word seq="21">again<GreekSeq>23</GreekSeq></word><word seq="22">the<GreekSeq>24</GreekSeq></word><word seq="23">twelve,<GreekSeq>25</GreekSeq></word><word seq="24">and</word><word seq="25">began<GreekSeq>26</GreekSeq></word><word seq="26">to tell<GreekSeq>28</GreekSeq></word><word seq="27">them<GreekSeq>27</GreekSeq></word><word seq="28">the things<GreekSeq>29</GreekSeq></word><word seq="29">that were<GreekSeq>30</GreekSeq></word><word seq="30">to happen<GreekSeq>32</GreekSeq></word><word seq="31">unto him,<GreekSeq>31</GreekSeq></word></ASV></verse>
<verse number="33"><ASV><word seq="1">Behold,<GreekSeq>2</GreekSeq></word><word seq="2">we go up<GreekSeq>3</GreekSeq></word><word seq="3">to<GreekSeq>4</GreekSeq></word><word seq="4">Jerusalem;<GreekSeq>5</GreekSeq></word><word seq="5">and<GreekSeq>6</GreekSeq></word><word seq="6">the<GreekSeq>7</GreekSeq></word><word seq="7">Son<GreekSeq>8</GreekSeq></word><word seq="8">of man<GreekSeq>10</GreekSeq></word><word seq="9">shall be delivered<GreekSeq>11</GreekSeq></word><word seq="10">unto the<GreekSeq>12</GreekSeq></word><word seq="11">chief priests<GreekSeq>13</GreekSeq></word><word seq="12">and<GreekSeq>14</GreekSeq></word><word seq="13">the<GreekSeq>15</GreekSeq></word><word seq="14">scribes;<GreekSeq>16</GreekSeq></word><word seq="15">and<GreekSeq>17</GreekSeq></word><word seq="16">they shall condemn<GreekSeq>18</GreekSeq></word><word seq="17">him<GreekSeq>19</GreekSeq></word><word seq="18">to death,<GreekSeq>20</GreekSeq></word><word seq="19">and<GreekSeq>21</GreekSeq></word><word seq="20">shall deliver<GreekSeq>22</GreekSeq></word><word seq="21">him<GreekSeq>23</GreekSeq></word><word seq="22">unto the<GreekSeq>24</GreekSeq></word><word seq="23">Gentiles:<GreekSeq>25</GreekSeq></word></ASV></verse>
<verse number="34"><ASV><word seq="1">and<GreekSeq>1</GreekSeq></word><word seq="2">they shall mock<GreekSeq>2</GreekSeq></word><word seq="3">him,<GreekSeq>3</GreekSeq></word><word seq="4">and<GreekSeq>4</GreekSeq></word><word seq="5">shall spit<GreekSeq>5</GreekSeq></word><word seq="6">upon him,<GreekSeq>6</GreekSeq></word><word seq="7">and<GreekSeq>7</GreekSeq></word><word seq="8">shall scourge<GreekSeq>8</GreekSeq></word><word seq="9">him,<GreekSeq>9</GreekSeq></word><word seq="10">and<GreekSeq>10</GreekSeq></word><word seq="11">shall kill<GreekSeq>11</GreekSeq></word><word seq="12">him;</word><word seq="13">and<GreekSeq>12</GreekSeq></word><word seq="14">after<GreekSeq>13</GreekSeq></word><word seq="15">three<GreekSeq>14</GreekSeq></word><word seq="16">days<GreekSeq>15</GreekSeq></word><word seq="17">he shall rise again.<GreekSeq>16</GreekSeq></word></ASV></verse>
<verse number="35"><ASV><word seq="1">And<GreekSeq>1</GreekSeq></word><word seq="2">there come near unto<GreekSeq>2</GreekSeq></word><word seq="3">him<GreekSeq>3</GreekSeq></word><word seq="4">James<GreekSeq>4</GreekSeq></word><word seq="5">and<GreekSeq>5</GreekSeq></word><word seq="6">John,<GreekSeq>6</GreekSeq></word><word seq="7">the<GreekSeq>7</GreekSeq></word><word seq="8">sons<GreekSeq>8</GreekSeq></word><word seq="9">of Zebedee,<GreekSeq>9</GreekSeq></word><word seq="10">saying<GreekSeq>10</GreekSeq></word><word seq="11">unto him,<GreekSeq>11</GreekSeq></word><word seq="12">Teacher,<GreekSeq>12</GreekSeq></word><word seq="13">we would<GreekSeq>13</GreekSeq></word><word seq="14">that<GreekSeq>14</GreekSeq></word><word seq="15">thou shouldest do<GreekSeq>19</GreekSeq></word><word seq="16">for us<GreekSeq>20</GreekSeq></word><word seq="17">whatsoever<GreekSeq>15</GreekSeq><GreekSeq>16</GreekSeq></word><word seq="18">we shall ask of<GreekSeq>17</GreekSeq></word><word seq="19">thee.<GreekSeq>18</GreekSeq></word></ASV></verse>
<verse number="36"><ASV><word seq="1">And<GreekSeq>2</GreekSeq></word><word seq="2">he<GreekSeq>1</GreekSeq></word><word seq="3">said<GreekSeq>3</GreekSeq></word><word seq="4">unto them,<GreekSeq>4</GreekSeq></word><word seq="5">What<GreekSeq>5</GreekSeq></word><word seq="6">would ye<GreekSeq>6</GreekSeq></word><word seq="7">that</word><word seq="8">I should do<GreekSeq>8</GreekSeq></word><word seq="9">for you?<GreekSeq>9</GreekSeq></word></ASV></verse>
<verse number="37"><ASV><word seq="1">And<GreekSeq>2</GreekSeq></word><word seq="2">they<GreekSeq>1</GreekSeq></word><word seq="3">said<GreekSeq>3</GreekSeq></word><word seq="4">unto him,<GreekSeq>4</GreekSeq></word><word seq="5">Grant<GreekSeq>5</GreekSeq></word><word seq="6">unto us<GreekSeq>6</GreekSeq></word><word seq="7">that<GreekSeq>7</GreekSeq></word><word seq="8">we may sit,<GreekSeq>16</GreekSeq></word><word seq="9">one<GreekSeq>8</GreekSeq></word><word seq="10">on<GreekSeq>10</GreekSeq></word><word seq="11">thy<GreekSeq>9</GreekSeq></word><word seq="12">right hand,<GreekSeq>11</GreekSeq></word><word seq="13">and<GreekSeq>12</GreekSeq></word><word seq="14">one<GreekSeq>13</GreekSeq></word><word seq="15">on<GreekSeq>14</GreekSeq></word><word seq="16">left hand,<GreekSeq>15</GreekSeq></word><word seq="17">in<GreekSeq>17</GreekSeq></word><word seq="18">thy<GreekSeq>20</GreekSeq></word><word seq="19">glory.<GreekSeq>19</GreekSeq></word></ASV></verse>
<verse number="38"><ASV><word seq="1">But<GreekSeq>2</GreekSeq></word><word seq="2">Jesus<GreekSeq>3</GreekSeq></word><word seq="3">said<GreekSeq>4</GreekSeq></word><word seq="4">unto them,<GreekSeq>5</GreekSeq></word><word seq="5">Ye know<GreekSeq>7</GreekSeq></word><word seq="6">not<GreekSeq>6</GreekSeq></word><word seq="7">what<GreekSeq>8</GreekSeq></word><word seq="8">ye ask.<GreekSeq>9</GreekSeq></word><word seq="9">Are ye able<GreekSeq>10</GreekSeq></word><word seq="10">to drink<GreekSeq>11</GreekSeq></word><word seq="11">the<GreekSeq>12</GreekSeq></word><word seq="12">cup<GreekSeq>13</GreekSeq></word><word seq="13">that<GreekSeq>14</GreekSeq></word><word seq="14">I<GreekSeq>15</GreekSeq></word><word seq="15">drink?<GreekSeq>16</GreekSeq></word><word seq="16">or<GreekSeq>17</GreekSeq></word><word seq="17">to be baptized<GreekSeq>23</GreekSeq></word><word seq="18">with the<GreekSeq>18</GreekSeq></word><word seq="19">baptism<GreekSeq>19</GreekSeq></word><word seq="20">that<GreekSeq>20</GreekSeq></word><word seq="21">I<GreekSeq>21</GreekSeq></word><word seq="22">am baptized with?<GreekSeq>22</GreekSeq></word></ASV></verse>
<verse number="39"><ASV><word seq="1">And<GreekSeq>2</GreekSeq></word><word seq="2">they<GreekSeq>1</GreekSeq></word><word seq="3">said<GreekSeq>3</GreekSeq></word><word seq="4">unto him,<GreekSeq>4</GreekSeq></word><word seq="5">We are able.<GreekSeq>5</GreekSeq></word><word seq="6">And<GreekSeq>7</GreekSeq></word><word seq="7">Jesus<GreekSeq>8</GreekSeq></word><word seq="8">said<GreekSeq>9</GreekSeq></word><word seq="9">unto them,<GreekSeq>10</GreekSeq></word><word seq="10">The<GreekSeq>11</GreekSeq></word><word seq="11">cup<GreekSeq>12</GreekSeq></word><word seq="12">that<GreekSeq>13</GreekSeq></word><word seq="13">I<GreekSeq>14</GreekSeq></word><word seq="14">drink<GreekSeq>15</GreekSeq></word><word seq="15">ye shall drink;<GreekSeq>16</GreekSeq></word><word seq="16">and<GreekSeq>17</GreekSeq></word><word seq="17">with the<GreekSeq>18</GreekSeq></word><word seq="18">baptism<GreekSeq>19</GreekSeq></word><word seq="19">that<GreekSeq>20</GreekSeq></word><word seq="20">I<GreekSeq>21</GreekSeq></word><word seq="21">am baptized<GreekSeq>22</GreekSeq></word><word seq="22">withal</word><word seq="23">shall ye be baptized:<GreekSeq>23</GreekSeq></word></ASV></verse>
<verse number="40"><ASV><word seq="1">but<GreekSeq>2</GreekSeq></word><word seq="2">to sit<GreekSeq>3</GreekSeq></word><word seq="3">on<GreekSeq>4</GreekSeq></word><word seq="4">my<GreekSeq>6</GreekSeq></word><word seq="5">right hand<GreekSeq>5</GreekSeq></word><word seq="6">or<GreekSeq>7</GreekSeq></word><word seq="7">on<GreekSeq>8</GreekSeq></word><word seq="8">left hand<GreekSeq>9</GreekSeq></word><word seq="9">is<GreekSeq>11</GreekSeq></word><word seq="10">not<GreekSeq>10</GreekSeq></word><word seq="11">mine<GreekSeq>12</GreekSeq></word><word seq="12">to give;<GreekSeq>13</GreekSeq></word><word seq="13">but<GreekSeq>14</GreekSeq></word><word seq="14">for whom<GreekSeq>15</GreekSeq></word><word seq="15">it hath been prepared.<GreekSeq>16</GreekSeq></word></ASV></verse>
<verse number="41"><ASV><word seq="1">And<GreekSeq>1</GreekSeq></word><word seq="2">when<GreekSeq>2</GreekSeq></word><word seq="3">the<GreekSeq>3</GreekSeq></word><word seq="4">ten<GreekSeq>4</GreekSeq></word><word seq="5">heard<GreekSeq>2</GreekSeq></word><word seq="6">it,</word><word seq="7">they began<GreekSeq>5</GreekSeq></word><word seq="8">to be moved with indignation<GreekSeq>6</GreekSeq></word><word seq="9">concerning<GreekSeq>7</GreekSeq></word><word seq="10">James<GreekSeq>8</GreekSeq></word><word seq="11">and<GreekSeq>9</GreekSeq></word><word seq="12">John.<GreekSeq>10</GreekSeq></word></ASV></verse>
<verse number="42"><ASV><word seq="1">And<GreekSeq>1</GreekSeq></word><word seq="2">Jesus<GreekSeq>5</GreekSeq></word><word seq="3">called<GreekSeq>2</GreekSeq></word><word seq="4">them<GreekSeq>3</GreekSeq></word><word seq="5">to him,<GreekSeq>2</GreekSeq></word><word seq="6">and</word><word seq="7">saith<GreekSeq>6</GreekSeq></word><word seq="8">unto them,<GreekSeq>7</GreekSeq></word><word seq="9">Ye know<GreekSeq>8</GreekSeq></word><word seq="10">that<GreekSeq>9</GreekSeq></word><word seq="11">they<GreekSeq>10</GreekSeq></word><word seq="12">who are accounted<GreekSeq>11</GreekSeq></word><word seq="13">to rule over<GreekSeq>12</GreekSeq></word><word seq="14">the<GreekSeq>13</GreekSeq></word><word seq="15">Gentiles<GreekSeq>14</GreekSeq></word><word seq="16">lord it over<GreekSeq>15</GreekSeq></word><word seq="17">them;<GreekSeq>16</GreekSeq></word><word seq="18">and<GreekSeq>17</GreekSeq></word><word seq="19">their<GreekSeq>20</GreekSeq></word><word seq="20">great<GreekSeq>19</GreekSeq></word><word seq="21">ones<GreekSeq>18</GreekSeq></word><word seq="22">exercise authority over<GreekSeq>21</GreekSeq></word><word seq="23">them.<GreekSeq>22</GreekSeq></word></ASV></verse>
<verse number="43"><ASV><word seq="1">But<GreekSeq>3</GreekSeq></word><word seq="2">it is<GreekSeq>4</GreekSeq></word><word seq="3">not<GreekSeq>1</GreekSeq></word><word seq="4">so<GreekSeq>2</GreekSeq></word><word seq="5">among<GreekSeq>5</GreekSeq></word><word seq="6">you:<GreekSeq>6</GreekSeq></word><word seq="7">but<GreekSeq>7</GreekSeq></word><word seq="8">whosoever<GreekSeq>8</GreekSeq><GreekSeq>9</GreekSeq></word><word seq="9">would<GreekSeq>10</GreekSeq></word><word seq="10">become<GreekSeq>12</GreekSeq></word><word seq="11">great<GreekSeq>11</GreekSeq></word><word seq="12">among<GreekSeq>13</GreekSeq></word><word seq="13">you,<GreekSeq>14</GreekSeq></word><word seq="14">shall be<GreekSeq>15</GreekSeq></word><word seq="15">your<GreekSeq>16</GreekSeq></word><word seq="16">minister;<GreekSeq>17</GreekSeq></word></ASV></verse>
<verse number="44"><ASV><word seq="1">and<GreekSeq>1</GreekSeq></word><word seq="2">whosoever<GreekSeq>2</GreekSeq><GreekSeq>3</GreekSeq></word><word seq="3">would<GreekSeq>4</GreekSeq></word><word seq="4">be<GreekSeq>7</GreekSeq></word><word seq="5">first<GreekSeq>8</GreekSeq></word><word seq="6">among<GreekSeq>5</GreekSeq></word><word seq="7">you,<GreekSeq>6</GreekSeq></word><word seq="8">shall be<GreekSeq>9</GreekSeq></word><word seq="9">servant<GreekSeq>11</GreekSeq></word><word seq="10">of all.<GreekSeq>10</GreekSeq></word></ASV></verse>
<verse number="45"><ASV><word seq="1">For<GreekSeq>2</GreekSeq></word><word seq="2">the<GreekSeq>3</GreekSeq></word><word seq="3">Son<GreekSeq>4</GreekSeq></word><word seq="4">of man<GreekSeq>6</GreekSeq></word><word seq="5">also<GreekSeq>1</GreekSeq></word><word seq="6">came<GreekSeq>8</GreekSeq></word><word seq="7">not<GreekSeq>7</GreekSeq></word><word seq="8">to be ministered unto,<GreekSeq>9</GreekSeq></word><word seq="9">but<GreekSeq>10</GreekSeq></word><word seq="10">to minister,<GreekSeq>11</GreekSeq></word><word seq="11">and<GreekSeq>12</GreekSeq></word><word seq="12">to give<GreekSeq>13</GreekSeq></word><word seq="13">his<GreekSeq>16</GreekSeq></word><word seq="14">life<GreekSeq>15</GreekSeq></word><word seq="15">a ransom<GreekSeq>17</GreekSeq></word><word seq="16">for<GreekSeq>18</GreekSeq></word><word seq="17">many.<GreekSeq>19</GreekSeq></word></ASV></verse>
<verse number="46"><ASV><word seq="1">And<GreekSeq>1</GreekSeq></word><word seq="2">they come<GreekSeq>2</GreekSeq></word><word seq="3">to<GreekSeq>3</GreekSeq></word><word seq="4">Jericho:<GreekSeq>4</GreekSeq></word><word seq="5">and<GreekSeq>5</GreekSeq></word><word seq="6">as<GreekSeq>6</GreekSeq></word><word seq="7">he<GreekSeq>7</GreekSeq></word><word seq="8">went out<GreekSeq>6</GreekSeq></word><word seq="9">from<GreekSeq>8</GreekSeq></word><word seq="10">Jericho,<GreekSeq>9</GreekSeq></word><word seq="11">with<GreekSeq>10</GreekSeq></word><word seq="12">his<GreekSeq>13</GreekSeq></word><word seq="13">disciples<GreekSeq>12</GreekSeq></word><word seq="14">and<GreekSeq>14</GreekSeq></word><word seq="15">a great<GreekSeq>16</GreekSeq></word><word seq="16">multitude,<GreekSeq>15</GreekSeq></word><word seq="17">the<GreekSeq>17</GreekSeq></word><word seq="18">son<GreekSeq>18</GreekSeq></word><word seq="19">of Timaeus,<GreekSeq>19</GreekSeq></word><word seq="20">Bartimaeus,<GreekSeq>20</GreekSeq></word><word seq="21">a blind<GreekSeq>21</GreekSeq></word><word seq="22">beggar,<GreekSeq>22</GreekSeq></word><word seq="23">was sitting<GreekSeq>23</GreekSeq></word><word seq="24">by<GreekSeq>24</GreekSeq></word><word seq="25">the<GreekSeq>25</GreekSeq></word><word seq="26">way<GreekSeq>26</GreekSeq></word><word seq="27">side.<GreekSeq>24</GreekSeq></word></ASV></verse>
<verse number="47"><ASV><word seq="1">And<GreekSeq>1</GreekSeq></word><word seq="2">when he heard<GreekSeq>2</GreekSeq></word><word seq="3">that<GreekSeq>3</GreekSeq></word><word seq="4">it was<GreekSeq>7</GreekSeq></word><word seq="5">Jesus<GreekSeq>4</GreekSeq></word><word seq="6">the<GreekSeq>5</GreekSeq></word><word seq="7">Nazarene,<GreekSeq>6</GreekSeq></word><word seq="8">he began<GreekSeq>8</GreekSeq></word><word seq="9">to cry out,<GreekSeq>9</GreekSeq></word><word seq="10">and<GreekSeq>10</GreekSeq></word><word seq="11">say,<GreekSeq>11</GreekSeq></word><word seq="12">Jesus,<GreekSeq>14</GreekSeq></word><word seq="13">thou<GreekSeq>15</GreekSeq></word><word seq="14">son<GreekSeq>12</GreekSeq></word><word seq="15">of David,<GreekSeq>13</GreekSeq></word><word seq="16">have mercy<GreekSeq>15</GreekSeq></word><word seq="17">on me.<GreekSeq>16</GreekSeq></word></ASV></verse>
<verse number="48"><ASV><word seq="1">And<GreekSeq>1</GreekSeq></word><word seq="2">many<GreekSeq>4</GreekSeq></word><word seq="3">rebuked<GreekSeq>2</GreekSeq></word><word seq="4">him,<GreekSeq>3</GreekSeq></word><word seq="5">that<GreekSeq>5</GreekSeq></word><word seq="6">he should hold his peace:<GreekSeq>6</GreekSeq></word><word seq="7">but<GreekSeq>8</GreekSeq></word><word seq="8">he<GreekSeq>7</GreekSeq></word><word seq="9">cried out<GreekSeq>11</GreekSeq></word><word seq="10">the</word><word seq="11">more<GreekSeq>9</GreekSeq></word><word seq="12">a great deal,<GreekSeq>10</GreekSeq></word><word seq="13">Thou<GreekSeq>14</GreekSeq></word><word seq="14">son<GreekSeq>12</GreekSeq></word><word seq="15">of David,<GreekSeq>13</GreekSeq></word><word seq="16">have mercy<GreekSeq>14</GreekSeq></word><word seq="17">on me.<GreekSeq>15</GreekSeq></word></ASV></verse>
<verse number="49"><ASV><word seq="1">And<GreekSeq>1</GreekSeq></word><word seq="2">Jesus<GreekSeq>4</GreekSeq></word><word seq="3">stood still,<GreekSeq>2</GreekSeq></word><word seq="4">and</word><word seq="5">said,<GreekSeq>5</GreekSeq></word><word seq="6">Call ye<GreekSeq>6</GreekSeq></word><word seq="7">him.<GreekSeq>7</GreekSeq></word><word seq="8">And<GreekSeq>8</GreekSeq></word><word seq="9">they call<GreekSeq>9</GreekSeq></word><word seq="10">the<GreekSeq>10</GreekSeq></word><word seq="11">blind man,<GreekSeq>11</GreekSeq></word><word seq="12">saying<GreekSeq>12</GreekSeq></word><word seq="13">unto him,<GreekSeq>13</GreekSeq></word><word seq="14">Be of good cheer:<GreekSeq>14</GreekSeq></word><word seq="15">rise,<GreekSeq>15</GreekSeq></word><word seq="16">he calleth<GreekSeq>16</GreekSeq></word><word seq="17">thee.<GreekSeq>17</GreekSeq></word></ASV></verse>
<verse number="50"><ASV><word seq="1">And<GreekSeq>2</GreekSeq></word><word seq="2">he,<GreekSeq>1</GreekSeq></word><word seq="3">casting away<GreekSeq>3</GreekSeq></word><word seq="4">his<GreekSeq>6</GreekSeq></word><word seq="5">garment,<GreekSeq>5</GreekSeq></word><word seq="6">sprang up,<GreekSeq>7</GreekSeq></word><word seq="7">and</word><word seq="8">came<GreekSeq>8</GreekSeq></word><word seq="9">to<GreekSeq>9</GreekSeq></word><word seq="10">Jesus.<GreekSeq>11</GreekSeq></word></ASV></verse>
<verse number="51"><ASV><word seq="1">And<GreekSeq>1</GreekSeq></word><word seq="2">Jesus<GreekSeq>5</GreekSeq></word><word seq="3">answered<GreekSeq>2</GreekSeq></word><word seq="4">him,<GreekSeq>3</GreekSeq></word><word seq="5">and</word><word seq="6">said,<GreekSeq>6</GreekSeq></word><word seq="7">What<GreekSeq>7</GreekSeq></word><word seq="8">wilt thou<GreekSeq>9</GreekSeq></word><word seq="9">that</word><word seq="10">I should do<GreekSeq>10</GreekSeq></word><word seq="11">unto thee?<GreekSeq>8</GreekSeq></word><word seq="12">And<GreekSeq>12</GreekSeq></word><word seq="13">the<GreekSeq>11</GreekSeq></word><word seq="14">blind [man]<GreekSeq>13</GreekSeq></word><word seq="15">said<GreekSeq>14</GreekSeq></word><word seq="16">unto him,<GreekSeq>15</GreekSeq></word><word seq="17">Rabboni,<GreekSeq>16</GreekSeq></word><word seq="18">that<GreekSeq>17</GreekSeq></word><word seq="19">I may receive my sight.<GreekSeq>18</GreekSeq></word></ASV></verse>
<verse number="52"><ASV><word seq="1">And<GreekSeq>1</GreekSeq></word><word seq="2">Jesus<GreekSeq>3</GreekSeq></word><word seq="3">said<GreekSeq>4</GreekSeq></word><word seq="4">unto him,<GreekSeq>5</GreekSeq></word><word seq="5">Go thy way;<GreekSeq>6</GreekSeq></word><word seq="6">thy<GreekSeq>9</GreekSeq></word><word seq="7">faith<GreekSeq>8</GreekSeq></word><word seq="8">hath made<GreekSeq>10</GreekSeq></word><word seq="9">thee<GreekSeq>11</GreekSeq></word><word seq="10">whole.<GreekSeq>10</GreekSeq></word><word seq="11">And<GreekSeq>12</GreekSeq></word><word seq="12">straightway<GreekSeq>13</GreekSeq></word><word seq="13">he received his sight,<GreekSeq>14</GreekSeq></word><word seq="14">and<GreekSeq>15</GreekSeq></word><word seq="15">followed<GreekSeq>16</GreekSeq></word><word seq="16">him<GreekSeq>17</GreekSeq></word><word seq="17">in<GreekSeq>18</GreekSeq></word><word seq="18">the<GreekSeq>19</GreekSeq></word><word seq="19">way.<GreekSeq>20</GreekSeq></word></ASV></verse>
</chapter></book>