<?xml version="1.0" encoding="UTF-8" standalone="no"?><book><chapter number="2">
<verse number="1"><ASV><word seq="1">And<GreekSeq>1</GreekSeq></word><word seq="2">when he entered<GreekSeq>2</GreekSeq></word><word seq="3">again<GreekSeq>3</GreekSeq></word><word seq="4">into<GreekSeq>4</GreekSeq></word><word seq="5">Capernaum<GreekSeq>5</GreekSeq></word><word seq="6">after<GreekSeq>6</GreekSeq></word><word seq="7">some</word><word seq="8">days,<GreekSeq>7</GreekSeq></word><word seq="9">it was noised<GreekSeq>8</GreekSeq></word><word seq="10">that<GreekSeq>9</GreekSeq></word><word seq="11">he was<GreekSeq>12</GreekSeq></word><word seq="12">in<GreekSeq>10</GreekSeq></word><word seq="13">the house.<GreekSeq>11</GreekSeq></word></ASV></verse>
<verse number="2"><ASV><word seq="1">And<GreekSeq>1</GreekSeq></word><word seq="2">many<GreekSeq>3</GreekSeq></word><word seq="3">were gathered together,<GreekSeq>2</GreekSeq></word><word seq="4">so that<GreekSeq>4</GreekSeq></word><word seq="5">there was</word><word seq="6">no longer<GreekSeq>5</GreekSeq></word><word seq="7">room ,<GreekSeq>6</GreekSeq></word><word seq="8">no, not even<GreekSeq>7</GreekSeq></word><word seq="9">about<GreekSeq>9</GreekSeq></word><word seq="10">the<GreekSeq>10</GreekSeq></word><word seq="11">door:<GreekSeq>11</GreekSeq></word><word seq="12">and<GreekSeq>12</GreekSeq></word><word seq="13">he spake<GreekSeq>13</GreekSeq></word><word seq="14">the<GreekSeq>15</GreekSeq></word><word seq="15">word<GreekSeq>16</GreekSeq></word><word seq="16">unto them.<GreekSeq>14</GreekSeq></word></ASV></verse>
<verse number="3"><ASV><word seq="1">And<GreekSeq>1</GreekSeq></word><word seq="2">they come,<GreekSeq>2</GreekSeq></word><word seq="3">bringing<GreekSeq>3</GreekSeq></word><word seq="4">unto<GreekSeq>4</GreekSeq></word><word seq="5">him<GreekSeq>5</GreekSeq></word><word seq="6">a man sick of the palsy,<GreekSeq>6</GreekSeq></word><word seq="7">borne<GreekSeq>7</GreekSeq></word><word seq="8">of<GreekSeq>8</GreekSeq></word><word seq="9">four.<GreekSeq>9</GreekSeq></word></ASV></verse>
<verse number="4"><ASV><word seq="1">And<GreekSeq>1</GreekSeq></word><word seq="2">when they could<GreekSeq>3</GreekSeq></word><word seq="3">not<GreekSeq>2</GreekSeq></word><word seq="4">come nigh<GreekSeq>4</GreekSeq></word><word seq="5">unto him<GreekSeq>5</GreekSeq></word><word seq="6">for<GreekSeq>6</GreekSeq></word><word seq="7">the<GreekSeq>7</GreekSeq></word><word seq="8">crowd,<GreekSeq>8</GreekSeq></word><word seq="9">they uncovered<GreekSeq>9</GreekSeq></word><word seq="10">the<GreekSeq>10</GreekSeq></word><word seq="11">roof<GreekSeq>11</GreekSeq></word><word seq="12">where<GreekSeq>12</GreekSeq></word><word seq="13">he was:<GreekSeq>13</GreekSeq></word><word seq="14">and<GreekSeq>14</GreekSeq></word><word seq="15">when they had broken [it] up,<GreekSeq>15</GreekSeq></word><word seq="16">they let down<GreekSeq>16</GreekSeq></word><word seq="17">the<GreekSeq>17</GreekSeq></word><word seq="18">bed<GreekSeq>18</GreekSeq></word><word seq="19">whereon<GreekSeq>19</GreekSeq></word><word seq="20">the<GreekSeq>20</GreekSeq></word><word seq="21">sick of the palsy<GreekSeq>21</GreekSeq></word><word seq="22">lay.<GreekSeq>22</GreekSeq></word></ASV></verse>
<verse number="5"><ASV><word seq="1">And<GreekSeq>1</GreekSeq></word><word seq="2">Jesus<GreekSeq>4</GreekSeq></word><word seq="3">seeing<GreekSeq>2</GreekSeq></word><word seq="4">their<GreekSeq>7</GreekSeq></word><word seq="5">faith<GreekSeq>6</GreekSeq></word><word seq="6">saith<GreekSeq>8</GreekSeq></word><word seq="7">unto the<GreekSeq>9</GreekSeq></word><word seq="8">sick of the palsy,<GreekSeq>10</GreekSeq></word><word seq="9">Son,<GreekSeq>11</GreekSeq></word><word seq="10">thy<GreekSeq>13</GreekSeq></word><word seq="11">sins<GreekSeq>15</GreekSeq></word><word seq="12">are forgiven.<GreekSeq>12</GreekSeq></word></ASV></verse>
<verse number="6"><ASV><word seq="1">But<GreekSeq>2</GreekSeq></word><word seq="2">there were<GreekSeq>1</GreekSeq></word><word seq="3">certain<GreekSeq>3</GreekSeq></word><word seq="4">of the<GreekSeq>4</GreekSeq></word><word seq="5">scribes<GreekSeq>5</GreekSeq></word><word seq="6">sitting<GreekSeq>7</GreekSeq></word><word seq="7">there,<GreekSeq>6</GreekSeq></word><word seq="8">and<GreekSeq>8</GreekSeq></word><word seq="9">reasoning<GreekSeq>9</GreekSeq></word><word seq="10">in<GreekSeq>10</GreekSeq></word><word seq="11">their<GreekSeq>13</GreekSeq></word><word seq="12">hearts,<GreekSeq>12</GreekSeq></word></ASV></verse>
<verse number="7"><ASV><word seq="1">Why<GreekSeq>1</GreekSeq></word><word seq="2">doth</word><word seq="3">this man<GreekSeq>2</GreekSeq></word><word seq="4">thus<GreekSeq>3</GreekSeq></word><word seq="5">speak?<GreekSeq>4</GreekSeq></word><word seq="6">he blasphemeth:<GreekSeq>5</GreekSeq></word><word seq="7">who<GreekSeq>6</GreekSeq></word><word seq="8">can<GreekSeq>7</GreekSeq></word><word seq="9">forgive<GreekSeq>8</GreekSeq></word><word seq="10">sins<GreekSeq>9</GreekSeq></word><word seq="11" note="εἰ μή Strong Code (1508)">but<GreekSeq>10</GreekSeq><GreekSeq>11</GreekSeq></word><word seq="12">one,<GreekSeq>12</GreekSeq></word><word seq="13">God?<GreekSeq>14</GreekSeq></word></ASV></verse>
<verse number="8"><ASV><word seq="1">And<GreekSeq>1</GreekSeq></word><word seq="2">straightway<GreekSeq>2</GreekSeq></word><word seq="3">Jesus,<GreekSeq>5</GreekSeq></word><word seq="4">perceiving<GreekSeq>3</GreekSeq></word><word seq="5">[in]<GreekSeq>7</GreekSeq></word><word seq="6">his<GreekSeq>8</GreekSeq></word><word seq="7">spirit<GreekSeq>7</GreekSeq></word><word seq="8">that<GreekSeq>9</GreekSeq></word><word seq="9">they<GreekSeq>11</GreekSeq></word><word seq="10">so<GreekSeq>10</GreekSeq></word><word seq="11">reasoned<GreekSeq>11</GreekSeq></word><word seq="12">within<GreekSeq>12</GreekSeq></word><word seq="13">themselves,<GreekSeq>13</GreekSeq></word><word seq="14">saith<GreekSeq>14</GreekSeq></word><word seq="15">unto them,<GreekSeq>15</GreekSeq></word><word seq="16">Why<GreekSeq>16</GreekSeq></word><word seq="17">reason ye<GreekSeq>18</GreekSeq></word><word seq="18">these things<GreekSeq>17</GreekSeq></word><word seq="19">in<GreekSeq>19</GreekSeq></word><word seq="20">your<GreekSeq>22</GreekSeq></word><word seq="21">hearts?<GreekSeq>21</GreekSeq></word></ASV></verse>
<verse number="9"><ASV><word seq="1">Which<GreekSeq>1</GreekSeq></word><word seq="2">is<GreekSeq>2</GreekSeq></word><word seq="3">easier,<GreekSeq>3</GreekSeq></word><word seq="4">to say<GreekSeq>4</GreekSeq></word><word seq="5">to the<GreekSeq>5</GreekSeq></word><word seq="6">sick of the palsy,<GreekSeq>6</GreekSeq></word><word seq="7">Thy<GreekSeq>8</GreekSeq></word><word seq="8">sins<GreekSeq>10</GreekSeq></word><word seq="9">are forgiven;<GreekSeq>7</GreekSeq></word><word seq="10">or<GreekSeq>11</GreekSeq></word><word seq="11">to say,<GreekSeq>12</GreekSeq></word><word seq="12">Arise,<GreekSeq>13</GreekSeq></word><word seq="13">and<GreekSeq>14</GreekSeq></word><word seq="14">take up<GreekSeq>15</GreekSeq></word><word seq="15">thy<GreekSeq>18</GreekSeq></word><word seq="16">bed,<GreekSeq>17</GreekSeq></word><word seq="17">and<GreekSeq>19</GreekSeq></word><word seq="18">walk?<GreekSeq>20</GreekSeq></word></ASV></verse>
<verse number="10"><ASV><word seq="1">But<GreekSeq>2</GreekSeq></word><word seq="2">that<GreekSeq>1</GreekSeq></word><word seq="3">ye may know<GreekSeq>3</GreekSeq></word><word seq="4">that<GreekSeq>4</GreekSeq></word><word seq="5">the<GreekSeq>7</GreekSeq></word><word seq="6">Son<GreekSeq>8</GreekSeq></word><word seq="7">of man<GreekSeq>10</GreekSeq></word><word seq="8">hath<GreekSeq>6</GreekSeq></word><word seq="9">authority<GreekSeq>5</GreekSeq></word><word seq="10">on<GreekSeq>13</GreekSeq></word><word seq="11">earth<GreekSeq>15</GreekSeq></word><word seq="12">to forgive<GreekSeq>11</GreekSeq></word><word seq="13">sins<GreekSeq>12</GreekSeq></word><word seq="14">(he saith<GreekSeq>16</GreekSeq></word><word seq="15">to the<GreekSeq>17</GreekSeq></word><word seq="16">sick of the palsy),<GreekSeq>18</GreekSeq></word></ASV></verse>
<verse number="11"><ASV><word seq="1">I say<GreekSeq>2</GreekSeq></word><word seq="2">unto thee,<GreekSeq>1</GreekSeq></word><word seq="3">Arise,<GreekSeq>3</GreekSeq></word><word seq="4">take up<GreekSeq>4</GreekSeq></word><word seq="5">thy<GreekSeq>7</GreekSeq></word><word seq="6">bed,<GreekSeq>6</GreekSeq></word><word seq="7">and<GreekSeq>8</GreekSeq></word><word seq="8">go<GreekSeq>9</GreekSeq></word><word seq="9">unto<GreekSeq>10</GreekSeq></word><word seq="10">thy<GreekSeq>13</GreekSeq></word><word seq="11">house.<GreekSeq>12</GreekSeq></word></ASV></verse>
<verse number="12"><ASV><word seq="1">And<GreekSeq>1</GreekSeq></word><word seq="2">he arose,<GreekSeq>2</GreekSeq></word><word seq="3">and<GreekSeq>3</GreekSeq></word><word seq="4">straightway<GreekSeq>4</GreekSeq></word><word seq="5">took up<GreekSeq>5</GreekSeq></word><word seq="6">the<GreekSeq>6</GreekSeq></word><word seq="7">bed,<GreekSeq>7</GreekSeq></word><word seq="8">and</word><word seq="9">went forth<GreekSeq>8</GreekSeq></word><word seq="10">before<GreekSeq>9</GreekSeq></word><word seq="11">them all;<GreekSeq>10</GreekSeq></word><word seq="12">insomuch that<GreekSeq>11</GreekSeq></word><word seq="13">they were</word><word seq="14">all<GreekSeq>13</GreekSeq></word><word seq="15">amazed,<GreekSeq>12</GreekSeq></word><word seq="16">and<GreekSeq>14</GreekSeq></word><word seq="17">glorified<GreekSeq>15</GreekSeq></word><word seq="18">God,<GreekSeq>17</GreekSeq></word><word seq="19">saying,<GreekSeq>18</GreekSeq></word><word seq="20">We<GreekSeq>22</GreekSeq></word><word seq="21">never<GreekSeq>21</GreekSeq></word><word seq="22">saw<GreekSeq>22</GreekSeq></word><word seq="23">it</word><word seq="24">on this fashion.<GreekSeq>20</GreekSeq></word></ASV></verse>
<verse number="13"><ASV><word seq="1">And<GreekSeq>1</GreekSeq></word><word seq="2">he went forth<GreekSeq>2</GreekSeq></word><word seq="3">again<GreekSeq>3</GreekSeq></word><word seq="4">by<GreekSeq>4</GreekSeq></word><word seq="5">the<GreekSeq>5</GreekSeq></word><word seq="6">sea<GreekSeq>6</GreekSeq></word><word seq="7">side;<GreekSeq>4</GreekSeq></word><word seq="8">and<GreekSeq>7</GreekSeq></word><word seq="9">all<GreekSeq>8</GreekSeq></word><word seq="10">the<GreekSeq>9</GreekSeq></word><word seq="11">multitude<GreekSeq>10</GreekSeq></word><word seq="12">resorted<GreekSeq>11</GreekSeq></word><word seq="13">unto<GreekSeq>12</GreekSeq></word><word seq="14">him,<GreekSeq>13</GreekSeq></word><word seq="15">and<GreekSeq>14</GreekSeq></word><word seq="16">he taught<GreekSeq>15</GreekSeq></word><word seq="17">them.<GreekSeq>16</GreekSeq></word></ASV></verse>
<verse number="14"><ASV><word seq="1">And<GreekSeq>1</GreekSeq></word><word seq="2">as he passed by,<GreekSeq>2</GreekSeq></word><word seq="3">he saw<GreekSeq>3</GreekSeq></word><word seq="4">Levi<GreekSeq>4</GreekSeq></word><word seq="5">the [son]<GreekSeq>5</GreekSeq></word><word seq="6">of Alphaeus<GreekSeq>7</GreekSeq></word><word seq="7">sitting<GreekSeq>8</GreekSeq></word><word seq="8">at<GreekSeq>9</GreekSeq></word><word seq="9">the<GreekSeq>10</GreekSeq></word><word seq="10">place of toll,<GreekSeq>11</GreekSeq></word><word seq="11">and<GreekSeq>12</GreekSeq></word><word seq="12">he saith<GreekSeq>13</GreekSeq></word><word seq="13">unto him,<GreekSeq>14</GreekSeq></word><word seq="14">Follow<GreekSeq>15</GreekSeq></word><word seq="15">me.<GreekSeq>16</GreekSeq></word><word seq="16">And<GreekSeq>17</GreekSeq></word><word seq="17">he arose<GreekSeq>18</GreekSeq></word><word seq="18">and</word><word seq="19">followed<GreekSeq>19</GreekSeq></word><word seq="20">him.<GreekSeq>20</GreekSeq></word></ASV></verse>
<verse number="15"><ASV><word seq="1">And<GreekSeq>1</GreekSeq></word><word seq="2">it came to pass,<GreekSeq>2</GreekSeq></word><word seq="3">that</word><word seq="4">he<GreekSeq>4</GreekSeq></word><word seq="5">was</word><word seq="6">sitting [at meat]<GreekSeq>3</GreekSeq></word><word seq="7">in<GreekSeq>5</GreekSeq></word><word seq="8">his<GreekSeq>8</GreekSeq></word><word seq="9">house,<GreekSeq>7</GreekSeq></word><word seq="10">and<GreekSeq>9</GreekSeq></word><word seq="11">many<GreekSeq>10</GreekSeq></word><word seq="12">publicans<GreekSeq>11</GreekSeq></word><word seq="13">and<GreekSeq>12</GreekSeq></word><word seq="14">sinners<GreekSeq>13</GreekSeq></word><word seq="15">sat down with<GreekSeq>14</GreekSeq></word><word seq="16">Jesus<GreekSeq>16</GreekSeq></word><word seq="17">and<GreekSeq>17</GreekSeq></word><word seq="18">his<GreekSeq>20</GreekSeq></word><word seq="19">disciples:<GreekSeq>19</GreekSeq></word><word seq="20">for<GreekSeq>22</GreekSeq></word><word seq="21">there were<GreekSeq>21</GreekSeq></word><word seq="22">many,<GreekSeq>23</GreekSeq></word><word seq="23">and<GreekSeq>24</GreekSeq></word><word seq="24">they followed<GreekSeq>25</GreekSeq></word><word seq="25">him.<GreekSeq>26</GreekSeq></word></ASV></verse>
<verse number="16"><ASV><word seq="1">And<GreekSeq>1</GreekSeq></word><word seq="2">the<GreekSeq>2</GreekSeq></word><word seq="3">scribes<GreekSeq>3</GreekSeq></word><word seq="4">of the<GreekSeq>4</GreekSeq></word><word seq="5">Pharisees,<GreekSeq>5</GreekSeq></word><word seq="6">when they saw<GreekSeq>6</GreekSeq></word><word seq="7">that<GreekSeq>7</GreekSeq></word><word seq="8">he was eating<GreekSeq>8</GreekSeq></word><word seq="9">with<GreekSeq>9</GreekSeq></word><word seq="10">the<GreekSeq>10</GreekSeq></word><word seq="11">sinners<GreekSeq>11</GreekSeq></word><word seq="12">and<GreekSeq>12</GreekSeq></word><word seq="13">publicans,<GreekSeq>13</GreekSeq></word><word seq="14">said<GreekSeq>14</GreekSeq></word><word seq="15">unto<GreekSeq>16</GreekSeq></word><word seq="16">his<GreekSeq>17</GreekSeq></word><word seq="17">disciples,<GreekSeq>16</GreekSeq></word><word seq="18">that<GreekSeq>18</GreekSeq></word><word seq="19">he eateth<GreekSeq>24</GreekSeq></word><word seq="20">and drinketh</word><word seq="21">with<GreekSeq>19</GreekSeq></word><word seq="22">publicans<GreekSeq>21</GreekSeq></word><word seq="23">and<GreekSeq>22</GreekSeq></word><word seq="24">sinners?<GreekSeq>23</GreekSeq></word></ASV></verse>
<verse number="17"><ASV><word seq="1">And<GreekSeq>1</GreekSeq></word><word seq="2">when<GreekSeq>2</GreekSeq></word><word seq="3">Jesus<GreekSeq>4</GreekSeq></word><word seq="4">heard<GreekSeq>2</GreekSeq></word><word seq="5">it,</word><word seq="6">he saith<GreekSeq>5</GreekSeq></word><word seq="7">unto them,<GreekSeq>6</GreekSeq></word><word seq="8">They<GreekSeq>11</GreekSeq></word><word seq="9">that are whole<GreekSeq>12</GreekSeq></word><word seq="10">have<GreekSeq>10</GreekSeq></word><word seq="11">no<GreekSeq>8</GreekSeq></word><word seq="12">need<GreekSeq>9</GreekSeq></word><word seq="13">of a physician,<GreekSeq>13</GreekSeq></word><word seq="14">but<GreekSeq>14</GreekSeq></word><word seq="15">they<GreekSeq>15</GreekSeq></word><word seq="16">that are<GreekSeq>17</GreekSeq></word><word seq="17">sick:<GreekSeq>16</GreekSeq></word><word seq="18">I came<GreekSeq>19</GreekSeq></word><word seq="19">not<GreekSeq>18</GreekSeq></word><word seq="20">to call<GreekSeq>20</GreekSeq></word><word seq="21">the righteous,<GreekSeq>21</GreekSeq></word><word seq="22">but<GreekSeq>22</GreekSeq></word><word seq="23">sinners.<GreekSeq>23</GreekSeq></word></ASV></verse>
<verse number="18"><ASV><word seq="1">And<GreekSeq>1</GreekSeq></word><word seq="2">John’s<GreekSeq>5</GreekSeq></word><word seq="3">disciples<GreekSeq>4</GreekSeq></word><word seq="4">and<GreekSeq>6</GreekSeq></word><word seq="5">the<GreekSeq>7</GreekSeq></word><word seq="6">Pharisees<GreekSeq>8</GreekSeq></word><word seq="7">were<GreekSeq>2</GreekSeq></word><word seq="8">fasting:<GreekSeq>9</GreekSeq></word><word seq="9">and<GreekSeq>10</GreekSeq></word><word seq="10">they come<GreekSeq>11</GreekSeq></word><word seq="11">and<GreekSeq>12</GreekSeq></word><word seq="12">say<GreekSeq>13</GreekSeq></word><word seq="13">unto him,<GreekSeq>14</GreekSeq></word><word seq="14">Why<GreekSeq>15</GreekSeq><GreekSeq>16</GreekSeq></word><word seq="15">do</word><word seq="16">John’s<GreekSeq>19</GreekSeq></word><word seq="17">disciples<GreekSeq>18</GreekSeq></word><word seq="18">and<GreekSeq>20</GreekSeq></word><word seq="19">the<GreekSeq>21</GreekSeq></word><word seq="20">disciples<GreekSeq>22</GreekSeq></word><word seq="21">of the<GreekSeq>23</GreekSeq></word><word seq="22">Pharisees<GreekSeq>24</GreekSeq></word><word seq="23">fast,<GreekSeq>25</GreekSeq></word><word seq="24">but<GreekSeq>27</GreekSeq></word><word seq="25">thy<GreekSeq>28</GreekSeq></word><word seq="26">disciples<GreekSeq>29</GreekSeq></word><word seq="27">fast<GreekSeq>31</GreekSeq></word><word seq="28">not?<GreekSeq>30</GreekSeq></word></ASV></verse>
<verse number="19"><ASV><word seq="1">And<GreekSeq>1</GreekSeq></word><word seq="2">Jesus<GreekSeq>5</GreekSeq></word><word seq="3">said<GreekSeq>2</GreekSeq></word><word seq="4">unto them,<GreekSeq>3</GreekSeq></word><word seq="5">Can<GreekSeq>7</GreekSeq></word><word seq="6">the<GreekSeq>8</GreekSeq></word><word seq="7">sons<GreekSeq>9</GreekSeq></word><word seq="8">of the<GreekSeq>10</GreekSeq></word><word seq="9">bridechamber<GreekSeq>11</GreekSeq></word><word seq="10">fast,<GreekSeq>19</GreekSeq></word><word seq="11">while<GreekSeq>12</GreekSeq><GreekSeq>13</GreekSeq></word><word seq="12">the<GreekSeq>14</GreekSeq></word><word seq="13">bridegroom<GreekSeq>15</GreekSeq></word><word seq="14">is<GreekSeq>18</GreekSeq></word><word seq="15">with<GreekSeq>16</GreekSeq></word><word seq="16">them?<GreekSeq>17</GreekSeq></word><word seq="17">as long as<GreekSeq>20</GreekSeq><GreekSeq>21</GreekSeq></word><word seq="18">they have<GreekSeq>22</GreekSeq></word><word seq="19">the<GreekSeq>23</GreekSeq></word><word seq="20">bridegroom<GreekSeq>24</GreekSeq></word><word seq="21">with<GreekSeq>25</GreekSeq></word><word seq="22">them,<GreekSeq>26</GreekSeq></word><word seq="23">they cannot<GreekSeq>27</GreekSeq><GreekSeq>28</GreekSeq></word><word seq="24">fast.<GreekSeq>29</GreekSeq></word></ASV></verse>
<verse number="20"><ASV><word seq="1">But<GreekSeq>2</GreekSeq></word><word seq="2">the days<GreekSeq>3</GreekSeq></word><word seq="3">will come,<GreekSeq>1</GreekSeq></word><word seq="4">when<GreekSeq>4</GreekSeq></word><word seq="5">the<GreekSeq>8</GreekSeq></word><word seq="6">bridegroom<GreekSeq>9</GreekSeq></word><word seq="7">shall be taken away<GreekSeq>5</GreekSeq></word><word seq="8">from<GreekSeq>6</GreekSeq></word><word seq="9">them,<GreekSeq>7</GreekSeq></word><word seq="10">and<GreekSeq>10</GreekSeq></word><word seq="11">then<GreekSeq>11</GreekSeq></word><word seq="12">will they fast<GreekSeq>12</GreekSeq></word><word seq="13">in<GreekSeq>13</GreekSeq></word><word seq="14">that<GreekSeq>14</GreekSeq></word><word seq="15">day.<GreekSeq>16</GreekSeq></word></ASV></verse>
<verse number="21"><ASV><word seq="1">No man<GreekSeq>1</GreekSeq></word><word seq="2">seweth<GreekSeq>5</GreekSeq></word><word seq="3">a piece<GreekSeq>2</GreekSeq></word><word seq="4">of undressed<GreekSeq>4</GreekSeq></word><word seq="5">cloth<GreekSeq>3</GreekSeq></word><word seq="6">on<GreekSeq>6</GreekSeq></word><word seq="7">an old<GreekSeq>8</GreekSeq></word><word seq="8">garment:<GreekSeq>7</GreekSeq></word><word seq="9" note="εἰ δὲ μή [γε] Strong Code(1490)">else<GreekSeq>9</GreekSeq><GreekSeq>10</GreekSeq><GreekSeq>11</GreekSeq></word><word seq="10">that<GreekSeq>13</GreekSeq></word><word seq="11">which should fill it up<GreekSeq>14</GreekSeq></word><word seq="12">taketh<GreekSeq>12</GreekSeq></word><word seq="13">from<GreekSeq>15</GreekSeq></word><word seq="14">it,<GreekSeq>16</GreekSeq></word><word seq="15">the<GreekSeq>17</GreekSeq></word><word seq="16">new<GreekSeq>18</GreekSeq></word><word seq="17">from the<GreekSeq>19</GreekSeq></word><word seq="18">old,<GreekSeq>20</GreekSeq></word><word seq="19">and<GreekSeq>21</GreekSeq></word><word seq="20">a worse<GreekSeq>22</GreekSeq></word><word seq="21">rent<GreekSeq>23</GreekSeq></word><word seq="22">is made.<GreekSeq>24</GreekSeq></word></ASV></verse>
<verse number="22"><ASV><word seq="1">And<GreekSeq>1</GreekSeq></word><word seq="2">no man<GreekSeq>2</GreekSeq></word><word seq="3">putteth<GreekSeq>3</GreekSeq></word><word seq="4">new<GreekSeq>5</GreekSeq></word><word seq="5">wine<GreekSeq>4</GreekSeq></word><word seq="6">into<GreekSeq>6</GreekSeq></word><word seq="7">old<GreekSeq>8</GreekSeq></word><word seq="8">wineskins;<GreekSeq>7</GreekSeq></word><word seq="9" note="εἰ δὲ μή [γε] Strong Code(1490)">else<GreekSeq>9</GreekSeq><GreekSeq>10</GreekSeq><GreekSeq>11</GreekSeq></word><word seq="10">the<GreekSeq>13</GreekSeq></word><word seq="11">wine<GreekSeq>14</GreekSeq></word><word seq="12">will burst<GreekSeq>12</GreekSeq></word><word seq="13">the<GreekSeq>15</GreekSeq></word><word seq="14">skins,<GreekSeq>16</GreekSeq></word><word seq="15">and<GreekSeq>17</GreekSeq></word><word seq="16">the<GreekSeq>18</GreekSeq></word><word seq="17">wine<GreekSeq>19</GreekSeq></word><word seq="18">perisheth,<GreekSeq>20</GreekSeq></word><word seq="19">and<GreekSeq>21</GreekSeq></word><word seq="20">the<GreekSeq>22</GreekSeq></word><word seq="21">skins:<GreekSeq>23</GreekSeq></word><word seq="22">but<GreekSeq>24</GreekSeq></word><word seq="23">new<GreekSeq>26</GreekSeq></word><word seq="24">wine<GreekSeq>25</GreekSeq></word><word seq="25">into<GreekSeq>27</GreekSeq></word><word seq="26">fresh<GreekSeq>29</GreekSeq></word><word seq="27">wine-skins.<GreekSeq>28</GreekSeq></word></ASV></verse>
<verse number="23"><ASV><word seq="1">And<GreekSeq>1</GreekSeq></word><word seq="2">it came to pass,<GreekSeq>2</GreekSeq></word><word seq="3">that</word><word seq="4">he<GreekSeq>3</GreekSeq></word><word seq="5">was going<GreekSeq>7</GreekSeq></word><word seq="6">on<GreekSeq>4</GreekSeq></word><word seq="7">the<GreekSeq>5</GreekSeq></word><word seq="8">sabbath day<GreekSeq>6</GreekSeq></word><word seq="9">through<GreekSeq>8</GreekSeq></word><word seq="10">the<GreekSeq>9</GreekSeq></word><word seq="11">grainfields;<GreekSeq>10</GreekSeq></word><word seq="12">and<GreekSeq>11</GreekSeq></word><word seq="13">his<GreekSeq>14</GreekSeq></word><word seq="14">disciples<GreekSeq>13</GreekSeq></word><word seq="15">began,<GreekSeq>15</GreekSeq></word><word seq="16">as they went,<GreekSeq>16</GreekSeq><GreekSeq>17</GreekSeq></word><word seq="17">to pluck<GreekSeq>18</GreekSeq></word><word seq="18">the<GreekSeq>19</GreekSeq></word><word seq="19">ears.<GreekSeq>20</GreekSeq></word></ASV></verse>
<verse number="24"><ASV><word seq="1">And<GreekSeq>1</GreekSeq></word><word seq="2">the<GreekSeq>2</GreekSeq></word><word seq="3">Pharisees<GreekSeq>3</GreekSeq></word><word seq="4">said<GreekSeq>4</GreekSeq></word><word seq="5">unto him,<GreekSeq>5</GreekSeq></word><word seq="6">Behold,<GreekSeq>6</GreekSeq></word><word seq="7">why<GreekSeq>7</GreekSeq></word><word seq="8">do they<GreekSeq>8</GreekSeq></word><word seq="9">on the<GreekSeq>9</GreekSeq></word><word seq="10">sabbath day<GreekSeq>10</GreekSeq></word><word seq="11">that which<GreekSeq>11</GreekSeq></word><word seq="12">is<GreekSeq>13</GreekSeq></word><word seq="13">not<GreekSeq>12</GreekSeq></word><word seq="14">lawful?<GreekSeq>13</GreekSeq></word></ASV></verse>
<verse number="25"><ASV><word seq="1">And<GreekSeq>1</GreekSeq></word><word seq="2">he said<GreekSeq>2</GreekSeq></word><word seq="3">unto them,<GreekSeq>3</GreekSeq></word><word seq="4">Did</word><word seq="5">ye<GreekSeq>5</GreekSeq></word><word seq="6">never<GreekSeq>4</GreekSeq></word><word seq="7">read<GreekSeq>5</GreekSeq></word><word seq="8">what<GreekSeq>6</GreekSeq></word><word seq="9">David<GreekSeq>8</GreekSeq></word><word seq="10">did,<GreekSeq>7</GreekSeq></word><word seq="11">when<GreekSeq>9</GreekSeq></word><word seq="12">he had<GreekSeq>11</GreekSeq></word><word seq="13">need,<GreekSeq>10</GreekSeq></word><word seq="14">and<GreekSeq>12</GreekSeq></word><word seq="15">was hungry,<GreekSeq>13</GreekSeq></word><word seq="16">he,<GreekSeq>14</GreekSeq></word><word seq="17">and<GreekSeq>15</GreekSeq></word><word seq="18">they<GreekSeq>16</GreekSeq></word><word seq="19">that were</word><word seq="20">with<GreekSeq>17</GreekSeq></word><word seq="21">him?<GreekSeq>18</GreekSeq></word></ASV></verse>
<verse number="26"><ASV><word seq="1">How<GreekSeq>1</GreekSeq></word><word seq="2">he entered<GreekSeq>2</GreekSeq></word><word seq="3">into<GreekSeq>3</GreekSeq></word><word seq="4">the<GreekSeq>4</GreekSeq></word><word seq="5">house<GreekSeq>5</GreekSeq></word><word seq="6">of God<GreekSeq>7</GreekSeq></word><word seq="7">[when]<GreekSeq>8</GreekSeq></word><word seq="8">Abiathar<GreekSeq>9</GreekSeq></word><word seq="9">was</word><word seq="10">high priest,<GreekSeq>10</GreekSeq></word><word seq="11">and<GreekSeq>11</GreekSeq></word><word seq="12">ate<GreekSeq>16</GreekSeq></word><word seq="13">the<GreekSeq>12</GreekSeq></word><word seq="14">showbread,<GreekSeq>13</GreekSeq><GreekSeq>15</GreekSeq></word><word seq="15">which<GreekSeq>17</GreekSeq></word><word seq="16">it is<GreekSeq>19</GreekSeq></word><word seq="17">not<GreekSeq>18</GreekSeq></word><word seq="18">lawful<GreekSeq>19</GreekSeq></word><word seq="19">to eat<GreekSeq>20</GreekSeq></word><word seq="20" note="εἰ μή Strong Code (1508)">save<GreekSeq>21</GreekSeq><GreekSeq>22</GreekSeq></word><word seq="21">for the<GreekSeq>23</GreekSeq></word><word seq="22">priests,<GreekSeq>24</GreekSeq></word><word seq="23">and<GreekSeq>25</GreekSeq></word><word seq="24">gave<GreekSeq>26</GreekSeq></word><word seq="25">also<GreekSeq>27</GreekSeq></word><word seq="26">to them<GreekSeq>28</GreekSeq></word><word seq="27">that were<GreekSeq>31</GreekSeq></word><word seq="28">with<GreekSeq>29</GreekSeq></word><word seq="29">him?<GreekSeq>30</GreekSeq></word></ASV></verse>
<verse number="27"><ASV><word seq="1">And<GreekSeq>1</GreekSeq></word><word seq="2">he said<GreekSeq>2</GreekSeq></word><word seq="3">unto them,<GreekSeq>3</GreekSeq></word><word seq="4">The<GreekSeq>4</GreekSeq></word><word seq="5">sabbath<GreekSeq>5</GreekSeq></word><word seq="6">was made<GreekSeq>9</GreekSeq></word><word seq="7">for<GreekSeq>6</GreekSeq></word><word seq="8">man,<GreekSeq>8</GreekSeq></word><word seq="9">and<GreekSeq>10</GreekSeq></word><word seq="10">not<GreekSeq>11</GreekSeq></word><word seq="11">man<GreekSeq>13</GreekSeq></word><word seq="12">for<GreekSeq>14</GreekSeq></word><word seq="13">the<GreekSeq>15</GreekSeq></word><word seq="14">sabbath:<GreekSeq>16</GreekSeq></word></ASV></verse>
<verse number="28"><ASV><word seq="1">so that<GreekSeq>1</GreekSeq></word><word seq="2">the<GreekSeq>4</GreekSeq></word><word seq="3">Son<GreekSeq>5</GreekSeq></word><word seq="4">of man<GreekSeq>7</GreekSeq></word><word seq="5">is<GreekSeq>3</GreekSeq></word><word seq="6">lord<GreekSeq>2</GreekSeq></word><word seq="7">even<GreekSeq>8</GreekSeq></word><word seq="8">of the<GreekSeq>9</GreekSeq></word><word seq="9">sabbath.<GreekSeq>10</GreekSeq></word></ASV></verse>
</chapter></book>