<?xml version="1.0" encoding="UTF-8" standalone="no"?><book><chapter number="24">
<verse number="1"><ASV><word seq="1">And<GreekSeq>1</GreekSeq></word><word seq="2">Jesus<GreekSeq>4</GreekSeq></word><word seq="3">went out<GreekSeq>2</GreekSeq></word><word seq="4">from<GreekSeq>5</GreekSeq></word><word seq="5">the<GreekSeq>6</GreekSeq></word><word seq="6">temple,<GreekSeq>7</GreekSeq></word><word seq="7">and</word><word seq="8">was going on his way;<GreekSeq>8</GreekSeq></word><word seq="9">and<GreekSeq>9</GreekSeq></word><word seq="10">his<GreekSeq>13</GreekSeq></word><word seq="11">disciples<GreekSeq>12</GreekSeq></word><word seq="12">came to<GreekSeq>10</GreekSeq></word><word seq="13">him</word><word seq="14">to show<GreekSeq>14</GreekSeq></word><word seq="15">him<GreekSeq>15</GreekSeq></word><word seq="16">the<GreekSeq>16</GreekSeq></word><word seq="17">buildings<GreekSeq>17</GreekSeq></word><word seq="18">of the<GreekSeq>18</GreekSeq></word><word seq="19">temple.<GreekSeq>19</GreekSeq></word></ASV></verse>
<verse number="2"><ASV><word seq="1">But<GreekSeq>2</GreekSeq></word><word seq="2">he<GreekSeq>1</GreekSeq></word><word seq="3">answered<GreekSeq>3</GreekSeq></word><word seq="4">and</word><word seq="5">said<GreekSeq>4</GreekSeq></word><word seq="6">unto them,<GreekSeq>5</GreekSeq></word><word seq="7">See ye<GreekSeq>7</GreekSeq></word><word seq="8">not<GreekSeq>6</GreekSeq></word><word seq="9">all<GreekSeq>9</GreekSeq></word><word seq="10">these things?<GreekSeq>8</GreekSeq></word><word seq="11">verily<GreekSeq>10</GreekSeq></word><word seq="12">I say<GreekSeq>11</GreekSeq></word><word seq="13">unto you,<GreekSeq>12</GreekSeq></word><word seq="14">There shall<GreekSeq>15</GreekSeq></word><word seq="15" note="οὐ μή Strong Code (3364)">not<GreekSeq>13</GreekSeq><GreekSeq>14</GreekSeq></word><word seq="16">be left<GreekSeq>15</GreekSeq></word><word seq="17">here<GreekSeq>16</GreekSeq></word><word seq="18">one stone<GreekSeq>17</GreekSeq></word><word seq="19">upon<GreekSeq>18</GreekSeq></word><word seq="20">[another],<GreekSeq>19</GreekSeq></word><word seq="21">that<GreekSeq>20</GreekSeq></word><word seq="22">shall<GreekSeq>22</GreekSeq></word><word seq="23">not<GreekSeq>21</GreekSeq></word><word seq="24">be thrown down.<GreekSeq>22</GreekSeq></word></ASV></verse>
<verse number="3"><ASV><word seq="1">And<GreekSeq>2</GreekSeq></word><word seq="2">as<GreekSeq>1</GreekSeq></word><word seq="3">he<GreekSeq>3</GreekSeq></word><word seq="4">sat<GreekSeq>1</GreekSeq></word><word seq="5">on<GreekSeq>4</GreekSeq></word><word seq="6">the<GreekSeq>5</GreekSeq></word><word seq="7">mount<GreekSeq>6</GreekSeq></word><word seq="8">of Olives,<GreekSeq>8</GreekSeq></word><word seq="9">the<GreekSeq>11</GreekSeq></word><word seq="10">disciples<GreekSeq>12</GreekSeq></word><word seq="11">came unto<GreekSeq>9</GreekSeq></word><word seq="12">him<GreekSeq>10</GreekSeq></word><word seq="13">privately,<GreekSeq>13</GreekSeq><GreekSeq>14</GreekSeq></word><word seq="14">saying,<GreekSeq>15</GreekSeq></word><word seq="15">Tell<GreekSeq>16</GreekSeq></word><word seq="16">us,<GreekSeq>17</GreekSeq></word><word seq="17">when<GreekSeq>18</GreekSeq></word><word seq="18">shall<GreekSeq>20</GreekSeq></word><word seq="19">these things<GreekSeq>19</GreekSeq></word><word seq="20">be?<GreekSeq>20</GreekSeq></word><word seq="21">and<GreekSeq>21</GreekSeq></word><word seq="22">what<GreekSeq>22</GreekSeq></word><word seq="23">shall be</word><word seq="24">the<GreekSeq>23</GreekSeq></word><word seq="25">sign<GreekSeq>24</GreekSeq></word><word seq="26">of<GreekSeq>27</GreekSeq></word><word seq="27">thy<GreekSeq>26</GreekSeq></word><word seq="28">coming,<GreekSeq>27</GreekSeq></word><word seq="29">and<GreekSeq>28</GreekSeq></word><word seq="30">of the end<GreekSeq>29</GreekSeq></word><word seq="31">of the<GreekSeq>30</GreekSeq></word><word seq="32">world?<GreekSeq>31</GreekSeq></word></ASV></verse>
<verse number="4"><ASV><word seq="1">And<GreekSeq>1</GreekSeq></word><word seq="2">Jesus<GreekSeq>4</GreekSeq></word><word seq="3">answered<GreekSeq>2</GreekSeq></word><word seq="4">and</word><word seq="5">said<GreekSeq>5</GreekSeq></word><word seq="6">unto them,<GreekSeq>6</GreekSeq></word><word seq="7">Take heed<GreekSeq>7</GreekSeq></word><word seq="8">that</word><word seq="9">no<GreekSeq>8</GreekSeq></word><word seq="10">man<GreekSeq>9</GreekSeq></word><word seq="11">lead<GreekSeq>11</GreekSeq></word><word seq="12">you<GreekSeq>10</GreekSeq></word><word seq="13">astray.<GreekSeq>11</GreekSeq></word></ASV></verse>
<verse number="5"><ASV><word seq="1">For<GreekSeq>2</GreekSeq></word><word seq="2">many<GreekSeq>1</GreekSeq></word><word seq="3">shall come<GreekSeq>3</GreekSeq></word><word seq="4">in<GreekSeq>4</GreekSeq></word><word seq="5">my<GreekSeq>7</GreekSeq></word><word seq="6">name,<GreekSeq>6</GreekSeq></word><word seq="7">saying,<GreekSeq>8</GreekSeq></word><word seq="8">I<GreekSeq>9</GreekSeq></word><word seq="9">am<GreekSeq>10</GreekSeq></word><word seq="10">the<GreekSeq>11</GreekSeq></word><word seq="11">Christ;<GreekSeq>12</GreekSeq></word><word seq="12">and<GreekSeq>13</GreekSeq></word><word seq="13">shall lead<GreekSeq>15</GreekSeq></word><word seq="14">many<GreekSeq>14</GreekSeq></word><word seq="15">astray.<GreekSeq>15</GreekSeq></word></ASV></verse>
<verse number="6"><ASV><word seq="1">And<GreekSeq>2</GreekSeq></word><word seq="2">ye shall<GreekSeq>1</GreekSeq></word><word seq="3">hear of<GreekSeq>3</GreekSeq></word><word seq="4">wars<GreekSeq>4</GreekSeq></word><word seq="5">and<GreekSeq>5</GreekSeq></word><word seq="6">rumors<GreekSeq>6</GreekSeq></word><word seq="7">of wars;<GreekSeq>7</GreekSeq></word><word seq="8">see<GreekSeq>8</GreekSeq></word><word seq="9">that</word><word seq="10">ye be<GreekSeq>10</GreekSeq></word><word seq="11">not<GreekSeq>9</GreekSeq></word><word seq="12">troubled:<GreekSeq>10</GreekSeq></word><word seq="13">for<GreekSeq>12</GreekSeq></word><word seq="14">these things</word><word seq="15">must needs<GreekSeq>11</GreekSeq></word><word seq="16">come to pass;<GreekSeq>13</GreekSeq></word><word seq="17">but<GreekSeq>14</GreekSeq></word><word seq="18">the<GreekSeq>17</GreekSeq></word><word seq="19">end<GreekSeq>18</GreekSeq></word><word seq="20">is<GreekSeq>16</GreekSeq></word><word seq="21">not yet.<GreekSeq>15</GreekSeq></word></ASV></verse>
<verse number="7"><ASV><word seq="1">For<GreekSeq>2</GreekSeq></word><word seq="2">nation<GreekSeq>3</GreekSeq></word><word seq="3">shall rise<GreekSeq>1</GreekSeq></word><word seq="4">against<GreekSeq>4</GreekSeq></word><word seq="5">nation,<GreekSeq>5</GreekSeq></word><word seq="6">and<GreekSeq>6</GreekSeq></word><word seq="7">kingdom<GreekSeq>7</GreekSeq></word><word seq="8">against<GreekSeq>8</GreekSeq></word><word seq="9">kingdom;<GreekSeq>9</GreekSeq></word><word seq="10">and<GreekSeq>10</GreekSeq></word><word seq="11">there shall be<GreekSeq>11</GreekSeq></word><word seq="12">famines<GreekSeq>12</GreekSeq></word><word seq="13">and<GreekSeq>13</GreekSeq></word><word seq="14">earthquakes<GreekSeq>14</GreekSeq></word><word seq="15">in [divers]<GreekSeq>15</GreekSeq></word><word seq="16">places.<GreekSeq>16</GreekSeq></word></ASV></verse>
<verse number="8"><ASV><word seq="1">But<GreekSeq>2</GreekSeq></word><word seq="2">all<GreekSeq>1</GreekSeq></word><word seq="3">these things<GreekSeq>3</GreekSeq></word><word seq="4">are</word><word seq="5">the beginning<GreekSeq>4</GreekSeq></word><word seq="6">of travail.<GreekSeq>5</GreekSeq></word></ASV></verse>
<verse number="9"><ASV><word seq="1">Then<GreekSeq>1</GreekSeq></word><word seq="2">shall they deliver<GreekSeq>2</GreekSeq></word><word seq="3">you<GreekSeq>3</GreekSeq></word><word seq="4">up<GreekSeq>2</GreekSeq></word><word seq="5">unto<GreekSeq>4</GreekSeq></word><word seq="6">tribulation,<GreekSeq>5</GreekSeq></word><word seq="7">and<GreekSeq>6</GreekSeq></word><word seq="8">shall kill<GreekSeq>7</GreekSeq></word><word seq="9">you:<GreekSeq>8</GreekSeq></word><word seq="10">and<GreekSeq>9</GreekSeq></word><word seq="11">ye shall be<GreekSeq>10</GreekSeq></word><word seq="12">hated<GreekSeq>11</GreekSeq></word><word seq="13">of<GreekSeq>12</GreekSeq></word><word seq="14">all<GreekSeq>13</GreekSeq></word><word seq="15">the<GreekSeq>14</GreekSeq></word><word seq="16">nations<GreekSeq>15</GreekSeq></word><word seq="17">for<GreekSeq>16</GreekSeq></word><word seq="18">my<GreekSeq>19</GreekSeq></word><word seq="19">name’s<GreekSeq>18</GreekSeq></word><word seq="20">sake.<GreekSeq>16</GreekSeq></word></ASV></verse>
<verse number="10"><ASV><word seq="1">And<GreekSeq>1</GreekSeq></word><word seq="2">then<GreekSeq>2</GreekSeq></word><word seq="3">shall<GreekSeq>3</GreekSeq></word><word seq="4">many<GreekSeq>4</GreekSeq></word><word seq="5">stumble,<GreekSeq>3</GreekSeq></word><word seq="6">and<GreekSeq>5</GreekSeq></word><word seq="7">shall deliver up<GreekSeq>7</GreekSeq></word><word seq="8">one another,<GreekSeq>6</GreekSeq></word><word seq="9">and<GreekSeq>8</GreekSeq></word><word seq="10">shall hate<GreekSeq>9</GreekSeq></word><word seq="11">one another.<GreekSeq>10</GreekSeq></word></ASV></verse>
<verse number="11"><ASV><word seq="1">And<GreekSeq>1</GreekSeq></word><word seq="2">many<GreekSeq>2</GreekSeq></word><word seq="3">false prophets<GreekSeq>3</GreekSeq></word><word seq="4">shall arise,<GreekSeq>4</GreekSeq></word><word seq="5">and<GreekSeq>5</GreekSeq></word><word seq="6">shall lead<GreekSeq>6</GreekSeq></word><word seq="7">many<GreekSeq>7</GreekSeq></word><word seq="8">astray.<GreekSeq>6</GreekSeq></word></ASV></verse>
<verse number="12"><ASV><word seq="1">And<GreekSeq>1</GreekSeq></word><word seq="2">because<GreekSeq>2</GreekSeq></word><word seq="3">iniquity<GreekSeq>6</GreekSeq></word><word seq="4">shall be multiplied,<GreekSeq>4</GreekSeq></word><word seq="5">the<GreekSeq>8</GreekSeq></word><word seq="6">love<GreekSeq>9</GreekSeq></word><word seq="7">of the<GreekSeq>10</GreekSeq></word><word seq="8">many<GreekSeq>11</GreekSeq></word><word seq="9">shall wax cold.<GreekSeq>7</GreekSeq></word></ASV></verse>
<verse number="13"><ASV><word seq="1">But<GreekSeq>2</GreekSeq></word><word seq="2">he<GreekSeq>1</GreekSeq></word><word seq="3">that endureth<GreekSeq>3</GreekSeq></word><word seq="4">to<GreekSeq>4</GreekSeq></word><word seq="5">the end,<GreekSeq>5</GreekSeq></word><word seq="6">the same<GreekSeq>6</GreekSeq></word><word seq="7">shall be saved.<GreekSeq>7</GreekSeq></word></ASV></verse>
<verse number="14"><ASV><word seq="1">And<GreekSeq>1</GreekSeq></word><word seq="2">this<GreekSeq>3</GreekSeq></word><word seq="3">gospel<GreekSeq>5</GreekSeq></word><word seq="4">of the<GreekSeq>6</GreekSeq></word><word seq="5">kingdom<GreekSeq>7</GreekSeq></word><word seq="6">shall be preached<GreekSeq>2</GreekSeq></word><word seq="7">in<GreekSeq>8</GreekSeq></word><word seq="8">the<GreekSeq>10</GreekSeq></word><word seq="9">whole<GreekSeq>9</GreekSeq></word><word seq="10">world<GreekSeq>11</GreekSeq></word><word seq="11">for<GreekSeq>12</GreekSeq></word><word seq="12">a testimony<GreekSeq>13</GreekSeq></word><word seq="13">unto all<GreekSeq>14</GreekSeq></word><word seq="14">the<GreekSeq>15</GreekSeq></word><word seq="15">nations;<GreekSeq>16</GreekSeq></word><word seq="16">and<GreekSeq>17</GreekSeq></word><word seq="17">then<GreekSeq>18</GreekSeq></word><word seq="18">shall<GreekSeq>19</GreekSeq></word><word seq="19">the<GreekSeq>20</GreekSeq></word><word seq="20">end<GreekSeq>21</GreekSeq></word><word seq="21">come.<GreekSeq>19</GreekSeq></word></ASV></verse>
<verse number="15"><ASV><word seq="1">When<GreekSeq>1</GreekSeq></word><word seq="2">therefore<GreekSeq>2</GreekSeq></word><word seq="3">ye see<GreekSeq>3</GreekSeq></word><word seq="4">the<GreekSeq>4</GreekSeq></word><word seq="5">abomination<GreekSeq>5</GreekSeq></word><word seq="6">of desolation,<GreekSeq>7</GreekSeq></word><word seq="7">which was spoken of<GreekSeq>9</GreekSeq></word><word seq="8">through<GreekSeq>10</GreekSeq></word><word seq="9">Daniel<GreekSeq>11</GreekSeq></word><word seq="10">the<GreekSeq>12</GreekSeq></word><word seq="11">prophet,<GreekSeq>13</GreekSeq></word><word seq="12">standing<GreekSeq>14</GreekSeq></word><word seq="13">in<GreekSeq>15</GreekSeq></word><word seq="14">the</word><word seq="15">holy<GreekSeq>17</GreekSeq></word><word seq="16">place<GreekSeq>16</GreekSeq></word><word seq="17">(let<GreekSeq>20</GreekSeq></word><word seq="18">him<GreekSeq>18</GreekSeq></word><word seq="19">that readeth<GreekSeq>19</GreekSeq></word><word seq="20">understand),<GreekSeq>20</GreekSeq></word></ASV></verse>
<verse number="16"><ASV><word seq="1">then<GreekSeq>1</GreekSeq></word><word seq="2">let them<GreekSeq>6</GreekSeq></word><word seq="3">that<GreekSeq>2</GreekSeq></word><word seq="4">are</word><word seq="5">in<GreekSeq>3</GreekSeq></word><word seq="6">Judaea<GreekSeq>5</GreekSeq></word><word seq="7">flee<GreekSeq>6</GreekSeq></word><word seq="8">unto<GreekSeq>7</GreekSeq></word><word seq="9">the<GreekSeq>8</GreekSeq></word><word seq="10">mountains:<GreekSeq>9</GreekSeq></word></ASV></verse>
<verse number="17"><ASV><word seq="1">let him<GreekSeq>6</GreekSeq></word><word seq="2">that<GreekSeq>1</GreekSeq></word><word seq="3">is</word><word seq="4">on<GreekSeq>2</GreekSeq></word><word seq="5">the<GreekSeq>3</GreekSeq></word><word seq="6">housetop<GreekSeq>4</GreekSeq></word><word seq="7">not<GreekSeq>5</GreekSeq></word><word seq="8">go down<GreekSeq>6</GreekSeq></word><word seq="9">to take<GreekSeq>7</GreekSeq></word><word seq="10">out<GreekSeq>9</GreekSeq></word><word seq="11">the things<GreekSeq>8</GreekSeq></word><word seq="12">that are in</word><word seq="13">his<GreekSeq>12</GreekSeq></word><word seq="14">house:<GreekSeq>11</GreekSeq></word></ASV></verse>
<verse number="18"><ASV><word seq="1">and<GreekSeq>1</GreekSeq></word><word seq="2">let him<GreekSeq>7</GreekSeq></word><word seq="3">that<GreekSeq>2</GreekSeq></word><word seq="4">is</word><word seq="5">in<GreekSeq>3</GreekSeq></word><word seq="6">the<GreekSeq>4</GreekSeq></word><word seq="7">field<GreekSeq>5</GreekSeq></word><word seq="8">not<GreekSeq>6</GreekSeq></word><word seq="9">return<GreekSeq>7</GreekSeq></word><word seq="10">back<GreekSeq>8</GreekSeq></word><word seq="11">to take<GreekSeq>9</GreekSeq></word><word seq="12">his<GreekSeq>12</GreekSeq></word><word seq="13">cloak.<GreekSeq>11</GreekSeq></word></ASV></verse>
<verse number="19"><ASV><word seq="1">But<GreekSeq>2</GreekSeq></word><word seq="2">woe<GreekSeq>1</GreekSeq></word><word seq="3">unto them<GreekSeq>3</GreekSeq></word><word seq="4">that are</word><word seq="5">with child<GreekSeq>4</GreekSeq><GreekSeq>5</GreekSeq><GreekSeq>6</GreekSeq></word><word seq="6">and<GreekSeq>7</GreekSeq></word><word seq="7">to them<GreekSeq>8</GreekSeq></word><word seq="8">that give suck<GreekSeq>9</GreekSeq></word><word seq="9">in<GreekSeq>10</GreekSeq></word><word seq="10">those<GreekSeq>11</GreekSeq></word><word seq="11">days!<GreekSeq>13</GreekSeq></word></ASV></verse>
<verse number="20"><ASV><word seq="1">And<GreekSeq>2</GreekSeq></word><word seq="2">pray ye<GreekSeq>1</GreekSeq></word><word seq="3">that<GreekSeq>3</GreekSeq></word><word seq="4">your<GreekSeq>8</GreekSeq></word><word seq="5">flight<GreekSeq>7</GreekSeq></word><word seq="6">be<GreekSeq>5</GreekSeq></word><word seq="7">not<GreekSeq>4</GreekSeq></word><word seq="8">in the winter,<GreekSeq>9</GreekSeq></word><word seq="9">neither<GreekSeq>10</GreekSeq></word><word seq="10">on a sabbath:<GreekSeq>11</GreekSeq></word></ASV></verse>
<verse number="21"><ASV><word seq="1">for<GreekSeq>2</GreekSeq></word><word seq="2">then<GreekSeq>3</GreekSeq></word><word seq="3">shall be<GreekSeq>1</GreekSeq></word><word seq="4">great<GreekSeq>5</GreekSeq></word><word seq="5">tribulation,<GreekSeq>4</GreekSeq></word><word seq="6">such as<GreekSeq>6</GreekSeq></word><word seq="7">hath<GreekSeq>8</GreekSeq></word><word seq="8">not<GreekSeq>7</GreekSeq></word><word seq="9">been<GreekSeq>8</GreekSeq></word><word seq="10">from<GreekSeq>9</GreekSeq></word><word seq="11">the beginning<GreekSeq>10</GreekSeq></word><word seq="12">of the world<GreekSeq>11</GreekSeq></word><word seq="13">until<GreekSeq>12</GreekSeq></word><word seq="14">now,<GreekSeq>14</GreekSeq></word><word seq="15" note="οὐ μή Strong Code (3364)">no,<GreekSeq>16</GreekSeq><GreekSeq>17</GreekSeq></word><word seq="16">nor<GreekSeq>15</GreekSeq></word><word seq="17">ever shall be.<GreekSeq>18</GreekSeq></word></ASV></verse>
<verse number="22"><ASV><word seq="1">And<GreekSeq>1</GreekSeq></word><word seq="2" note="εἰ μή Strong Code (1508)">except<GreekSeq>2</GreekSeq><GreekSeq>3</GreekSeq></word><word seq="3">those<GreekSeq>7</GreekSeq></word><word seq="4">days<GreekSeq>6</GreekSeq></word><word seq="5">had been shortened,<GreekSeq>4</GreekSeq></word><word seq="6">no<GreekSeq>8</GreekSeq><GreekSeq>11</GreekSeq></word><word seq="7">flesh<GreekSeq>12</GreekSeq></word><word seq="8">would have been saved:<GreekSeq>9</GreekSeq><GreekSeq>10</GreekSeq></word><word seq="9">but<GreekSeq>14</GreekSeq></word><word seq="10">for<GreekSeq>13</GreekSeq></word><word seq="11">the<GreekSeq>15</GreekSeq></word><word seq="12">elect’s<GreekSeq>16</GreekSeq></word><word seq="13">sake<GreekSeq>13</GreekSeq></word><word seq="14">those<GreekSeq>20</GreekSeq></word><word seq="15">days<GreekSeq>19</GreekSeq></word><word seq="16">shall be shortened.<GreekSeq>17</GreekSeq></word></ASV></verse>
<verse number="23"><ASV><word seq="1">Then<GreekSeq>1</GreekSeq></word><word seq="2">if<GreekSeq>2</GreekSeq></word><word seq="3">any man<GreekSeq>3</GreekSeq></word><word seq="4">shall say<GreekSeq>5</GreekSeq></word><word seq="5">unto you,<GreekSeq>4</GreekSeq></word><word seq="6">Lo,<GreekSeq>6</GreekSeq></word><word seq="7">here<GreekSeq>7</GreekSeq></word><word seq="8">is</word><word seq="9">the<GreekSeq>8</GreekSeq></word><word seq="10">Christ,<GreekSeq>9</GreekSeq></word><word seq="11">or,<GreekSeq>10</GreekSeq></word><word seq="12">Here;<GreekSeq>11</GreekSeq></word><word seq="13">believe<GreekSeq>13</GreekSeq></word><word seq="14">it</word><word seq="15">not.<GreekSeq>12</GreekSeq></word></ASV></verse>
<verse number="24"><ASV><word seq="1">For<GreekSeq>2</GreekSeq></word><word seq="2">there shall arise<GreekSeq>1</GreekSeq></word><word seq="3">false Christs,<GreekSeq>3</GreekSeq></word><word seq="4">and<GreekSeq>4</GreekSeq></word><word seq="5">false prophets,<GreekSeq>5</GreekSeq></word><word seq="6">and<GreekSeq>6</GreekSeq></word><word seq="7">shall show<GreekSeq>7</GreekSeq></word><word seq="8">great<GreekSeq>9</GreekSeq></word><word seq="9">signs<GreekSeq>8</GreekSeq></word><word seq="10">and<GreekSeq>10</GreekSeq></word><word seq="11">wonders;<GreekSeq>11</GreekSeq></word><word seq="12">so as<GreekSeq>12</GreekSeq></word><word seq="13">to lead astray,<GreekSeq>13</GreekSeq></word><word seq="14">if<GreekSeq>14</GreekSeq></word><word seq="15">possible,<GreekSeq>15</GreekSeq></word><word seq="16">even<GreekSeq>16</GreekSeq></word><word seq="17">the<GreekSeq>17</GreekSeq></word><word seq="18">elect.<GreekSeq>18</GreekSeq></word></ASV></verse>
<verse number="25"><ASV><word seq="1">Behold,<GreekSeq>1</GreekSeq></word><word seq="2">I have told<GreekSeq>2</GreekSeq></word><word seq="3">you<GreekSeq>3</GreekSeq></word><word seq="4">beforehand.<GreekSeq>2</GreekSeq></word></ASV></verse>
<verse number="26"><ASV><word seq="1">If<GreekSeq>1</GreekSeq></word><word seq="2">therefore<GreekSeq>2</GreekSeq></word><word seq="3">they shall say<GreekSeq>3</GreekSeq></word><word seq="4">unto you,<GreekSeq>4</GreekSeq></word><word seq="5">Behold,<GreekSeq>5</GreekSeq></word><word seq="6">he is<GreekSeq>9</GreekSeq></word><word seq="7">in<GreekSeq>6</GreekSeq></word><word seq="8">the<GreekSeq>7</GreekSeq></word><word seq="9">wilderness;<GreekSeq>8</GreekSeq></word><word seq="10">go<GreekSeq>11</GreekSeq></word><word seq="11">not<GreekSeq>10</GreekSeq></word><word seq="12">forth:<GreekSeq>11</GreekSeq></word><word seq="13">Behold,<GreekSeq>12</GreekSeq></word><word seq="14">he is</word><word seq="15">in<GreekSeq>13</GreekSeq></word><word seq="16">the<GreekSeq>14</GreekSeq></word><word seq="17">inner chambers;<GreekSeq>15</GreekSeq></word><word seq="18">believe<GreekSeq>17</GreekSeq></word><word seq="19">it</word><word seq="20">not.<GreekSeq>16</GreekSeq></word></ASV></verse>
<verse number="27"><ASV><word seq="1">For<GreekSeq>2</GreekSeq></word><word seq="2">as<GreekSeq>1</GreekSeq></word><word seq="3">the<GreekSeq>3</GreekSeq></word><word seq="4">lightning<GreekSeq>4</GreekSeq></word><word seq="5">cometh forth<GreekSeq>5</GreekSeq></word><word seq="6">from<GreekSeq>6</GreekSeq></word><word seq="7">the east,<GreekSeq>7</GreekSeq></word><word seq="8">and<GreekSeq>8</GreekSeq></word><word seq="9">is seen<GreekSeq>9</GreekSeq></word><word seq="10">even</word><word seq="11">unto<GreekSeq>10</GreekSeq></word><word seq="12">the west;<GreekSeq>11</GreekSeq></word><word seq="13">so<GreekSeq>12</GreekSeq></word><word seq="14">shall be<GreekSeq>13</GreekSeq></word><word seq="15">the<GreekSeq>14</GreekSeq></word><word seq="16">coming<GreekSeq>15</GreekSeq></word><word seq="17">of the<GreekSeq>16</GreekSeq></word><word seq="18">Son<GreekSeq>17</GreekSeq></word><word seq="19">of man.<GreekSeq>19</GreekSeq></word></ASV></verse>
<verse number="28"><ASV><word seq="1">Wheresoever<GreekSeq>1</GreekSeq><GreekSeq>2</GreekSeq></word><word seq="2">the<GreekSeq>4</GreekSeq></word><word seq="3">carcase<GreekSeq>5</GreekSeq></word><word seq="4">is,<GreekSeq>3</GreekSeq></word><word seq="5">there<GreekSeq>6</GreekSeq></word><word seq="6">will<GreekSeq>7</GreekSeq></word><word seq="7">the<GreekSeq>8</GreekSeq></word><word seq="8">eagles<GreekSeq>9</GreekSeq></word><word seq="9">be gathered together.<GreekSeq>7</GreekSeq></word></ASV></verse>
<verse number="29"><ASV><word seq="1">But<GreekSeq>2</GreekSeq></word><word seq="2">immediately<GreekSeq>1</GreekSeq></word><word seq="3">after<GreekSeq>3</GreekSeq></word><word seq="4">the<GreekSeq>4</GreekSeq></word><word seq="5">tribulation<GreekSeq>5</GreekSeq></word><word seq="6">of those<GreekSeq>8</GreekSeq></word><word seq="7">days<GreekSeq>7</GreekSeq></word><word seq="8">the<GreekSeq>9</GreekSeq></word><word seq="9">sun<GreekSeq>10</GreekSeq></word><word seq="10">shall be darkened,<GreekSeq>11</GreekSeq></word><word seq="11">and<GreekSeq>12</GreekSeq></word><word seq="12">the<GreekSeq>13</GreekSeq></word><word seq="13">moon<GreekSeq>14</GreekSeq></word><word seq="14">shall<GreekSeq>16</GreekSeq></word><word seq="15">not<GreekSeq>15</GreekSeq></word><word seq="16">give<GreekSeq>16</GreekSeq></word><word seq="17">her<GreekSeq>19</GreekSeq></word><word seq="18">light,<GreekSeq>18</GreekSeq></word><word seq="19">and<GreekSeq>20</GreekSeq></word><word seq="20">the<GreekSeq>21</GreekSeq></word><word seq="21">stars<GreekSeq>22</GreekSeq></word><word seq="22">shall fall<GreekSeq>23</GreekSeq></word><word seq="23">from<GreekSeq>24</GreekSeq></word><word seq="24">heaven,<GreekSeq>26</GreekSeq></word><word seq="25">and<GreekSeq>27</GreekSeq></word><word seq="26">the<GreekSeq>28</GreekSeq></word><word seq="27">powers<GreekSeq>29</GreekSeq></word><word seq="28">of the<GreekSeq>30</GreekSeq></word><word seq="29">heavens<GreekSeq>31</GreekSeq></word><word seq="30">shall be shaken:<GreekSeq>32</GreekSeq></word></ASV></verse>
<verse number="30"><ASV><word seq="1">and<GreekSeq>1</GreekSeq></word><word seq="2">then<GreekSeq>2</GreekSeq></word><word seq="3">shall appear<GreekSeq>3</GreekSeq></word><word seq="4">the<GreekSeq>4</GreekSeq></word><word seq="5">sign<GreekSeq>5</GreekSeq></word><word seq="6">of the<GreekSeq>6</GreekSeq></word><word seq="7">Son<GreekSeq>7</GreekSeq></word><word seq="8">of man<GreekSeq>9</GreekSeq></word><word seq="9">in<GreekSeq>10</GreekSeq></word><word seq="10">heaven:<GreekSeq>11</GreekSeq></word><word seq="11">and<GreekSeq>12</GreekSeq></word><word seq="12">then<GreekSeq>13</GreekSeq></word><word seq="13">shall<GreekSeq>14</GreekSeq></word><word seq="14">all<GreekSeq>15</GreekSeq></word><word seq="15">the<GreekSeq>16</GreekSeq></word><word seq="16">tribes<GreekSeq>17</GreekSeq></word><word seq="17">of the<GreekSeq>18</GreekSeq></word><word seq="18">earth<GreekSeq>19</GreekSeq></word><word seq="19">mourn,<GreekSeq>14</GreekSeq></word><word seq="20">and<GreekSeq>20</GreekSeq></word><word seq="21">they shall see<GreekSeq>21</GreekSeq></word><word seq="22">the<GreekSeq>22</GreekSeq></word><word seq="23">Son<GreekSeq>23</GreekSeq></word><word seq="24">of man<GreekSeq>25</GreekSeq></word><word seq="25">coming<GreekSeq>26</GreekSeq></word><word seq="26">on<GreekSeq>27</GreekSeq></word><word seq="27">the<GreekSeq>28</GreekSeq></word><word seq="28">clouds<GreekSeq>29</GreekSeq></word><word seq="29">of heaven<GreekSeq>31</GreekSeq></word><word seq="30">with<GreekSeq>32</GreekSeq></word><word seq="31">power<GreekSeq>33</GreekSeq></word><word seq="32">and<GreekSeq>34</GreekSeq></word><word seq="33">great<GreekSeq>36</GreekSeq></word><word seq="34">glory.<GreekSeq>35</GreekSeq></word></ASV></verse>
<verse number="31"><ASV><word seq="1">And<GreekSeq>1</GreekSeq></word><word seq="2">he shall send forth<GreekSeq>2</GreekSeq></word><word seq="3">his<GreekSeq>5</GreekSeq></word><word seq="4">angels<GreekSeq>4</GreekSeq></word><word seq="5">with<GreekSeq>6</GreekSeq></word><word seq="6">a great<GreekSeq>8</GreekSeq></word><word seq="7">sound of a trumpet,<GreekSeq>7</GreekSeq></word><word seq="8">and<GreekSeq>9</GreekSeq></word><word seq="9">they shall gather together<GreekSeq>10</GreekSeq></word><word seq="10">his<GreekSeq>13</GreekSeq></word><word seq="11">elect<GreekSeq>12</GreekSeq></word><word seq="12">from<GreekSeq>14</GreekSeq></word><word seq="13">the<GreekSeq>15</GreekSeq></word><word seq="14">four<GreekSeq>16</GreekSeq></word><word seq="15">winds,<GreekSeq>17</GreekSeq></word><word seq="16">from<GreekSeq>18</GreekSeq></word><word seq="17">one end<GreekSeq>19</GreekSeq></word><word seq="18">of heaven<GreekSeq>20</GreekSeq></word><word seq="19">to<GreekSeq>21</GreekSeq></word><word seq="20">the<GreekSeq>22</GreekSeq></word><word seq="21">other.<GreekSeq>24</GreekSeq></word></ASV></verse>
<verse number="32"><ASV><word seq="1">Now<GreekSeq>2</GreekSeq></word><word seq="2">from<GreekSeq>1</GreekSeq></word><word seq="3">the<GreekSeq>3</GreekSeq></word><word seq="4">fig tree<GreekSeq>4</GreekSeq></word><word seq="5">learn<GreekSeq>5</GreekSeq></word><word seq="6">her</word><word seq="7">parable:<GreekSeq>7</GreekSeq></word><word seq="8">when<GreekSeq>8</GreekSeq></word><word seq="9">her<GreekSeq>12</GreekSeq></word><word seq="10">branch<GreekSeq>11</GreekSeq></word><word seq="11">is<GreekSeq>13</GreekSeq></word><word seq="12">now<GreekSeq>9</GreekSeq></word><word seq="13">become<GreekSeq>13</GreekSeq></word><word seq="14">tender,<GreekSeq>14</GreekSeq></word><word seq="15">and<GreekSeq>15</GreekSeq></word><word seq="16">putteth forth<GreekSeq>18</GreekSeq></word><word seq="17">its</word><word seq="18">leaves,<GreekSeq>17</GreekSeq></word><word seq="19">ye know<GreekSeq>19</GreekSeq></word><word seq="20">that<GreekSeq>20</GreekSeq></word><word seq="21">the<GreekSeq>22</GreekSeq></word><word seq="22">summer<GreekSeq>23</GreekSeq></word><word seq="23">is</word><word seq="24">nigh;<GreekSeq>21</GreekSeq></word></ASV></verse>
<verse number="33"><ASV><word seq="1">even so<GreekSeq>1</GreekSeq></word><word seq="2">ye<GreekSeq>3</GreekSeq></word><word seq="3">also,<GreekSeq>2</GreekSeq></word><word seq="4">when<GreekSeq>4</GreekSeq></word><word seq="5">ye see<GreekSeq>5</GreekSeq></word><word seq="6">all<GreekSeq>6</GreekSeq></word><word seq="7">these things,<GreekSeq>7</GreekSeq></word><word seq="8">know ye<GreekSeq>8</GreekSeq></word><word seq="9">that<GreekSeq>9</GreekSeq></word><word seq="10">he is<GreekSeq>11</GreekSeq></word><word seq="11">nigh,<GreekSeq>10</GreekSeq></word><word seq="12">even</word><word seq="13">at<GreekSeq>12</GreekSeq></word><word seq="14">the doors.<GreekSeq>13</GreekSeq></word></ASV></verse>
<verse number="34"><ASV><word seq="1">Verily<GreekSeq>1</GreekSeq></word><word seq="2">I say<GreekSeq>2</GreekSeq></word><word seq="3">unto you,<GreekSeq>3</GreekSeq></word><word seq="4">This<GreekSeq>10</GreekSeq></word><word seq="5">generation<GreekSeq>9</GreekSeq></word><word seq="6">shall<GreekSeq>7</GreekSeq></word><word seq="7" note="οὐ μή Strong Code (3364)">not<GreekSeq>5</GreekSeq><GreekSeq>6</GreekSeq></word><word seq="8">pass away,<GreekSeq>7</GreekSeq></word><word seq="9">till<GreekSeq>11</GreekSeq></word><word seq="10">all<GreekSeq>13</GreekSeq></word><word seq="11">these things<GreekSeq>14</GreekSeq></word><word seq="12">be accomplished.<GreekSeq>15</GreekSeq></word></ASV></verse>
<verse number="35"><ASV><word seq="1">Heaven<GreekSeq>2</GreekSeq></word><word seq="2">and<GreekSeq>3</GreekSeq></word><word seq="3">earth<GreekSeq>5</GreekSeq></word><word seq="4">shall pass away,<GreekSeq>6</GreekSeq></word><word seq="5">but<GreekSeq>8</GreekSeq></word><word seq="6">my<GreekSeq>10</GreekSeq></word><word seq="7">words<GreekSeq>9</GreekSeq></word><word seq="8">shall<GreekSeq>13</GreekSeq></word><word seq="9" note="οὐ μή Strong Code (3364)">not<GreekSeq>11</GreekSeq><GreekSeq>12</GreekSeq></word><word seq="10">pass away.<GreekSeq>13</GreekSeq></word></ASV></verse>
<verse number="36"><ASV><word seq="1">But<GreekSeq>2</GreekSeq></word><word seq="2">of<GreekSeq>1</GreekSeq></word><word seq="3">that<GreekSeq>5</GreekSeq></word><word seq="4">day<GreekSeq>4</GreekSeq></word><word seq="5">and<GreekSeq>6</GreekSeq></word><word seq="6">hour<GreekSeq>7</GreekSeq></word><word seq="7">knoweth<GreekSeq>9</GreekSeq></word><word seq="8">no one,<GreekSeq>8</GreekSeq></word><word seq="9">not even<GreekSeq>10</GreekSeq></word><word seq="10">the<GreekSeq>11</GreekSeq></word><word seq="11">angels<GreekSeq>12</GreekSeq></word><word seq="12">of heaven,<GreekSeq>14</GreekSeq></word><word seq="13">neither<GreekSeq>15</GreekSeq></word><word seq="14">the<GreekSeq>16</GreekSeq></word><word seq="15">Son,<GreekSeq>17</GreekSeq></word><word seq="16" note="εἰ μή Strong Code (1508)">but<GreekSeq>18</GreekSeq><GreekSeq>19</GreekSeq></word><word seq="17">the<GreekSeq>20</GreekSeq></word><word seq="18">Father<GreekSeq>21</GreekSeq></word><word seq="19">only.<GreekSeq>22</GreekSeq></word></ASV></verse>
<verse number="37"><ASV><word seq="1">And as <GreekSeq>1</GreekSeq></word><word seq="2">were</word><word seq="3">the<GreekSeq>3</GreekSeq></word><word seq="4">days<GreekSeq>4</GreekSeq></word><word seq="5">of Noah,<GreekSeq>5</GreekSeq><GreekSeq>6</GreekSeq></word><word seq="6">so<GreekSeq>7</GreekSeq></word><word seq="7">shall be<GreekSeq>8</GreekSeq></word><word seq="8">the<GreekSeq>9</GreekSeq></word><word seq="9">coming<GreekSeq>10</GreekSeq></word><word seq="10">of the<GreekSeq>11</GreekSeq></word><word seq="11">Son<GreekSeq>12</GreekSeq></word><word seq="12">of man.<GreekSeq>14</GreekSeq></word></ASV></verse>
<verse number="38"><ASV><word seq="1">For<GreekSeq>2</GreekSeq></word><word seq="2">as<GreekSeq>1</GreekSeq></word><word seq="3">in<GreekSeq>4</GreekSeq></word><word seq="4">those<GreekSeq>7</GreekSeq></word><word seq="5">days<GreekSeq>6</GreekSeq></word><word seq="6">which were<GreekSeq>3</GreekSeq></word><word seq="7">before<GreekSeq>9</GreekSeq></word><word seq="8">the<GreekSeq>10</GreekSeq></word><word seq="9">flood<GreekSeq>11</GreekSeq></word><word seq="10">they were eating<GreekSeq>12</GreekSeq></word><word seq="11">and<GreekSeq>13</GreekSeq></word><word seq="12">drinking,<GreekSeq>14</GreekSeq></word><word seq="13">marrying<GreekSeq>15</GreekSeq></word><word seq="14">and<GreekSeq>16</GreekSeq></word><word seq="15">giving in marriage,<GreekSeq>17</GreekSeq></word><word seq="16">until<GreekSeq>18</GreekSeq></word><word seq="17">the day<GreekSeq>20</GreekSeq></word><word seq="18">that<GreekSeq>19</GreekSeq></word><word seq="19">Noah<GreekSeq>22</GreekSeq></word><word seq="20">entered<GreekSeq>21</GreekSeq></word><word seq="21">into<GreekSeq>23</GreekSeq></word><word seq="22">the<GreekSeq>24</GreekSeq></word><word seq="23">ark,<GreekSeq>25</GreekSeq></word></ASV></verse>
<verse number="39"><ASV><word seq="1">and<GreekSeq>1</GreekSeq></word><word seq="2">they knew<GreekSeq>3</GreekSeq></word><word seq="3">not<GreekSeq>2</GreekSeq></word><word seq="4">until<GreekSeq>4</GreekSeq></word><word seq="5">the<GreekSeq>6</GreekSeq></word><word seq="6">flood<GreekSeq>7</GreekSeq></word><word seq="7">came,<GreekSeq>5</GreekSeq></word><word seq="8">and<GreekSeq>8</GreekSeq></word><word seq="9">took<GreekSeq>9</GreekSeq></word><word seq="10">them all<GreekSeq>10</GreekSeq></word><word seq="11">away;<GreekSeq>9</GreekSeq></word><word seq="12">so<GreekSeq>11</GreekSeq></word><word seq="13">shall be<GreekSeq>12</GreekSeq></word><word seq="14">the<GreekSeq>14</GreekSeq></word><word seq="15">coming<GreekSeq>15</GreekSeq></word><word seq="16">of the<GreekSeq>16</GreekSeq></word><word seq="17">Son<GreekSeq>17</GreekSeq></word><word seq="18">of man.<GreekSeq>19</GreekSeq></word></ASV></verse>
<verse number="40"><ASV><word seq="1">Then<GreekSeq>1</GreekSeq></word><word seq="2">shall<GreekSeq>3</GreekSeq></word><word seq="3">two [men]<GreekSeq>2</GreekSeq></word><word seq="4">be<GreekSeq>3</GreekSeq></word><word seq="5">in<GreekSeq>4</GreekSeq></word><word seq="6">the<GreekSeq>5</GreekSeq></word><word seq="7">field;<GreekSeq>6</GreekSeq></word><word seq="8">one<GreekSeq>7</GreekSeq></word><word seq="9">is taken,<GreekSeq>8</GreekSeq></word><word seq="10">and<GreekSeq>9</GreekSeq></word><word seq="11">one<GreekSeq>10</GreekSeq></word><word seq="12">is left:<GreekSeq>11</GreekSeq></word></ASV></verse>
<verse number="41"><ASV><word seq="1">two<GreekSeq>1</GreekSeq></word><word seq="2">women [shall be]grinding<GreekSeq>2</GreekSeq></word><word seq="3">at<GreekSeq>3</GreekSeq></word><word seq="4">the<GreekSeq>4</GreekSeq></word><word seq="5">mill;<GreekSeq>5</GreekSeq></word><word seq="6">one<GreekSeq>6</GreekSeq></word><word seq="7">is taken,<GreekSeq>7</GreekSeq></word><word seq="8">and<GreekSeq>8</GreekSeq></word><word seq="9">one<GreekSeq>9</GreekSeq></word><word seq="10">is left.<GreekSeq>10</GreekSeq></word></ASV></verse>
<verse number="42"><ASV><word seq="1">Watch<GreekSeq>1</GreekSeq></word><word seq="2">therefore:<GreekSeq>2</GreekSeq></word><word seq="3">for<GreekSeq>3</GreekSeq></word><word seq="4">ye know<GreekSeq>5</GreekSeq></word><word seq="5">not<GreekSeq>4</GreekSeq></word><word seq="6">on what<GreekSeq>6</GreekSeq></word><word seq="7">day<GreekSeq>7</GreekSeq></word><word seq="8">your<GreekSeq>10</GreekSeq></word><word seq="9">Lord<GreekSeq>9</GreekSeq></word><word seq="10">cometh.<GreekSeq>11</GreekSeq></word></ASV></verse>
<verse number="43"><ASV><word seq="1">But<GreekSeq>2</GreekSeq></word><word seq="2">know<GreekSeq>3</GreekSeq></word><word seq="3">this,<GreekSeq>1</GreekSeq></word><word seq="4">that<GreekSeq>4</GreekSeq></word><word seq="5">if<GreekSeq>5</GreekSeq></word><word seq="6">the<GreekSeq>7</GreekSeq></word><word seq="7">master of the house<GreekSeq>8</GreekSeq></word><word seq="8">had known<GreekSeq>6</GreekSeq></word><word seq="9">in what<GreekSeq>9</GreekSeq></word><word seq="10">watch<GreekSeq>10</GreekSeq></word><word seq="11">the<GreekSeq>11</GreekSeq></word><word seq="12">thief<GreekSeq>12</GreekSeq></word><word seq="13">was coming,<GreekSeq>13</GreekSeq></word><word seq="14">he would have watched,<GreekSeq>14</GreekSeq><GreekSeq>15</GreekSeq></word><word seq="15">and<GreekSeq>16</GreekSeq></word><word seq="16">would<GreekSeq>18</GreekSeq></word><word seq="17">not<GreekSeq>17</GreekSeq></word><word seq="18">have suffered<GreekSeq>19</GreekSeq></word><word seq="19">his<GreekSeq>23</GreekSeq></word><word seq="20">house<GreekSeq>22</GreekSeq></word><word seq="21">to be broken through.<GreekSeq>20</GreekSeq></word></ASV></verse>
<verse number="44"><ASV><word seq="1">Therefore<GreekSeq>1</GreekSeq><GreekSeq>2</GreekSeq></word><word seq="2">be<GreekSeq>5</GreekSeq></word><word seq="3">ye<GreekSeq>4</GreekSeq></word><word seq="4">also<GreekSeq>3</GreekSeq></word><word seq="5">ready;<GreekSeq>6</GreekSeq></word><word seq="6">for<GreekSeq>7</GreekSeq></word><word seq="7">in an hour<GreekSeq>11</GreekSeq></word><word seq="8">that<GreekSeq>8</GreekSeq></word><word seq="9">ye think<GreekSeq>10</GreekSeq></word><word seq="10">not<GreekSeq>9</GreekSeq></word><word seq="11">the<GreekSeq>12</GreekSeq></word><word seq="12">Son<GreekSeq>13</GreekSeq></word><word seq="13">of man<GreekSeq>15</GreekSeq></word><word seq="14">cometh.<GreekSeq>16</GreekSeq></word></ASV></verse>
<verse number="45"><ASV><word seq="1">Who<GreekSeq>1</GreekSeq></word><word seq="2">then<GreekSeq>2</GreekSeq></word><word seq="3">is<GreekSeq>3</GreekSeq></word><word seq="4">the<GreekSeq>4</GreekSeq></word><word seq="5">faithful<GreekSeq>5</GreekSeq></word><word seq="6">and<GreekSeq>7</GreekSeq></word><word seq="7">wise<GreekSeq>8</GreekSeq></word><word seq="8">servant,<GreekSeq>6</GreekSeq></word><word seq="9">whom<GreekSeq>9</GreekSeq></word><word seq="10">his</word><word seq="11">lord<GreekSeq>12</GreekSeq></word><word seq="12">hath set<GreekSeq>10</GreekSeq></word><word seq="13">over<GreekSeq>13</GreekSeq></word><word seq="14">his<GreekSeq>16</GreekSeq></word><word seq="15">household,<GreekSeq>15</GreekSeq></word><word seq="16">to give<GreekSeq>18</GreekSeq></word><word seq="17">them<GreekSeq>19</GreekSeq></word><word seq="18">their</word><word seq="19">food<GreekSeq>21</GreekSeq></word><word seq="20">in<GreekSeq>22</GreekSeq></word><word seq="21">due season?<GreekSeq>23</GreekSeq></word></ASV></verse>
<verse number="46"><ASV><word seq="1">Blessed<GreekSeq>1</GreekSeq></word><word seq="2">is</word><word seq="3">that<GreekSeq>4</GreekSeq></word><word seq="4">servant,<GreekSeq>3</GreekSeq></word><word seq="5">whom<GreekSeq>5</GreekSeq></word><word seq="6">his<GreekSeq>9</GreekSeq></word><word seq="7">lord<GreekSeq>8</GreekSeq></word><word seq="8">when he cometh<GreekSeq>6</GreekSeq></word><word seq="9">shall find<GreekSeq>10</GreekSeq></word><word seq="10">so<GreekSeq>11</GreekSeq></word><word seq="11">doing.<GreekSeq>12</GreekSeq></word></ASV></verse>
<verse number="47"><ASV><word seq="1">Verily<GreekSeq>1</GreekSeq></word><word seq="2">I say<GreekSeq>2</GreekSeq></word><word seq="3">unto you,<GreekSeq>3</GreekSeq></word><word seq="4">that<GreekSeq>4</GreekSeq></word><word seq="5">he will set<GreekSeq>10</GreekSeq></word><word seq="6">him<GreekSeq>11</GreekSeq></word><word seq="7">over<GreekSeq>5</GreekSeq></word><word seq="8">all<GreekSeq>6</GreekSeq></word><word seq="9">that he hath.<GreekSeq>8</GreekSeq><GreekSeq>9</GreekSeq></word></ASV></verse>
<verse number="48"><ASV><word seq="1">But<GreekSeq>2</GreekSeq></word><word seq="2">if<GreekSeq>1</GreekSeq></word><word seq="3">that<GreekSeq>7</GreekSeq></word><word seq="4">evil<GreekSeq>5</GreekSeq></word><word seq="5">servant<GreekSeq>6</GreekSeq></word><word seq="6">shall say<GreekSeq>3</GreekSeq></word><word seq="7">in<GreekSeq>8</GreekSeq></word><word seq="8">his<GreekSeq>11</GreekSeq></word><word seq="9">heart,<GreekSeq>10</GreekSeq></word><word seq="10">My<GreekSeq>13</GreekSeq></word><word seq="11">lord<GreekSeq>15</GreekSeq></word><word seq="12">tarrieth;<GreekSeq>12</GreekSeq></word></ASV></verse>
<verse number="49"><ASV><word seq="1">and<GreekSeq>1</GreekSeq></word><word seq="2">shall begin<GreekSeq>2</GreekSeq></word><word seq="3">to beat<GreekSeq>3</GreekSeq></word><word seq="4">his<GreekSeq>6</GreekSeq></word><word seq="5">fellow-servants,<GreekSeq>5</GreekSeq></word><word seq="6">and<GreekSeq>8</GreekSeq></word><word seq="7">shall eat<GreekSeq>7</GreekSeq></word><word seq="8">and<GreekSeq>9</GreekSeq></word><word seq="9">drink<GreekSeq>10</GreekSeq></word><word seq="10">with<GreekSeq>11</GreekSeq></word><word seq="11">the<GreekSeq>12</GreekSeq></word><word seq="12">drunken;<GreekSeq>13</GreekSeq></word></ASV></verse>
<verse number="50"><ASV><word seq="1">the<GreekSeq>2</GreekSeq></word><word seq="2">lord<GreekSeq>3</GreekSeq></word><word seq="3">of that<GreekSeq>6</GreekSeq></word><word seq="4">servant<GreekSeq>5</GreekSeq></word><word seq="5">shall come<GreekSeq>1</GreekSeq></word><word seq="6">in<GreekSeq>7</GreekSeq></word><word seq="7">a day<GreekSeq>8</GreekSeq></word><word seq="8">when<GreekSeq>9</GreekSeq></word><word seq="9">he expecteth<GreekSeq>11</GreekSeq></word><word seq="10">not,<GreekSeq>10</GreekSeq></word><word seq="11">and<GreekSeq>12</GreekSeq></word><word seq="12">in<GreekSeq>13</GreekSeq></word><word seq="13">an hour<GreekSeq>14</GreekSeq></word><word seq="14">when<GreekSeq>15</GreekSeq></word><word seq="15">he knoweth<GreekSeq>17</GreekSeq></word><word seq="16">not,<GreekSeq>16</GreekSeq></word></ASV></verse>
<verse number="51"><ASV><word seq="1">and<GreekSeq>1</GreekSeq></word><word seq="2">shall cut<GreekSeq>2</GreekSeq></word><word seq="3">him<GreekSeq>3</GreekSeq></word><word seq="4">asunder,<GreekSeq>2</GreekSeq></word><word seq="5">and<GreekSeq>4</GreekSeq></word><word seq="6">appoint<GreekSeq>11</GreekSeq></word><word seq="7">his<GreekSeq>7</GreekSeq></word><word seq="8">portion<GreekSeq>6</GreekSeq></word><word seq="9">with<GreekSeq>8</GreekSeq></word><word seq="10">the<GreekSeq>9</GreekSeq></word><word seq="11">hypocrites:<GreekSeq>10</GreekSeq></word><word seq="12">there<GreekSeq>12</GreekSeq></word><word seq="13">shall be<GreekSeq>13</GreekSeq></word><word seq="14">the<GreekSeq>14</GreekSeq></word><word seq="15">weeping<GreekSeq>15</GreekSeq></word><word seq="16">and<GreekSeq>16</GreekSeq></word><word seq="17">the<GreekSeq>17</GreekSeq></word><word seq="18">gnashing<GreekSeq>18</GreekSeq></word><word seq="19">of teeth.<GreekSeq>20</GreekSeq></word></ASV></verse>
</chapter></book>