<?xml version="1.0" encoding="UTF-8" standalone="no"?><book><chapter number="14">
<verse number="1"><ASV><word seq="1">At<GreekSeq>1</GreekSeq></word><word seq="2">that<GreekSeq>2</GreekSeq></word><word seq="3">season<GreekSeq>4</GreekSeq></word><word seq="4">Herod<GreekSeq>6</GreekSeq></word><word seq="5">the<GreekSeq>7</GreekSeq></word><word seq="6">tetrarch<GreekSeq>8</GreekSeq></word><word seq="7">heard<GreekSeq>5</GreekSeq></word><word seq="8">the<GreekSeq>9</GreekSeq></word><word seq="9">report<GreekSeq>10</GreekSeq></word><word seq="10">concerning Jesus,<GreekSeq>11</GreekSeq></word></ASV></verse>
<verse number="2"><ASV><word seq="1">and<GreekSeq>1</GreekSeq></word><word seq="2">said unto<GreekSeq>2</GreekSeq></word><word seq="3">his<GreekSeq>5</GreekSeq></word><word seq="4">servants,<GreekSeq>4</GreekSeq></word><word seq="5">This<GreekSeq>6</GreekSeq></word><word seq="6">is<GreekSeq>7</GreekSeq></word><word seq="7">John<GreekSeq>8</GreekSeq></word><word seq="8">the<GreekSeq>9</GreekSeq></word><word seq="9">Baptist;<GreekSeq>10</GreekSeq></word><word seq="10">he<GreekSeq>11</GreekSeq></word><word seq="11">is risen<GreekSeq>12</GreekSeq></word><word seq="12">from<GreekSeq>13</GreekSeq></word><word seq="13">the<GreekSeq>14</GreekSeq></word><word seq="14">dead;<GreekSeq>15</GreekSeq></word><word seq="15">and<GreekSeq>16</GreekSeq></word><word seq="16">therefore<GreekSeq>17</GreekSeq><GreekSeq>18</GreekSeq></word><word seq="17">do<GreekSeq>21</GreekSeq></word><word seq="18">these<GreekSeq>18</GreekSeq></word><word seq="19">powers work<GreekSeq>20</GreekSeq></word><word seq="20">in<GreekSeq>22</GreekSeq></word><word seq="21">him.<GreekSeq>23</GreekSeq></word></ASV></verse>
<verse number="3"><ASV><word seq="1">For<GreekSeq>2</GreekSeq></word><word seq="2">Herod<GreekSeq>3</GreekSeq></word><word seq="3">had laid hold on<GreekSeq>4</GreekSeq></word><word seq="4">John,<GreekSeq>6</GreekSeq></word><word seq="5">and</word><word seq="6">bound<GreekSeq>7</GreekSeq></word><word seq="7">him,<GreekSeq>8</GreekSeq></word><word seq="8">and<GreekSeq>9</GreekSeq></word><word seq="9">put<GreekSeq>12</GreekSeq></word><word seq="10">him</word><word seq="11">in<GreekSeq>10</GreekSeq></word><word seq="12">prison<GreekSeq>11</GreekSeq></word><word seq="13">for the sake of<GreekSeq>13</GreekSeq></word><word seq="14">Herodias,<GreekSeq>14</GreekSeq></word><word seq="15">his<GreekSeq>20</GreekSeq></word><word seq="16">brother<GreekSeq>19</GreekSeq></word><word seq="17">Philip’s<GreekSeq>17</GreekSeq></word><word seq="18">wife.<GreekSeq>16</GreekSeq></word></ASV></verse>
<verse number="4"><ASV><word seq="1">For<GreekSeq>2</GreekSeq></word><word seq="2">John<GreekSeq>4</GreekSeq></word><word seq="3">said<GreekSeq>1</GreekSeq></word><word seq="4">unto him,<GreekSeq>5</GreekSeq></word><word seq="5">It is<GreekSeq>7</GreekSeq></word><word seq="6">not<GreekSeq>6</GreekSeq></word><word seq="7">lawful<GreekSeq>7</GreekSeq></word><word seq="8">for thee<GreekSeq>8</GreekSeq></word><word seq="9">to have<GreekSeq>9</GreekSeq></word><word seq="10">her.<GreekSeq>10</GreekSeq></word></ASV></verse>
<verse number="5"><ASV><word seq="1">And<GreekSeq>1</GreekSeq></word><word seq="2">when he would<GreekSeq>2</GreekSeq></word><word seq="3">have put<GreekSeq>4</GreekSeq></word><word seq="4">him<GreekSeq>3</GreekSeq></word><word seq="5">to death,<GreekSeq>4</GreekSeq></word><word seq="6">he feared<GreekSeq>5</GreekSeq></word><word seq="7">the<GreekSeq>6</GreekSeq></word><word seq="8">multitude,<GreekSeq>7</GreekSeq></word><word seq="9">because<GreekSeq>8</GreekSeq></word><word seq="10">they counted<GreekSeq>12</GreekSeq></word><word seq="11">him<GreekSeq>11</GreekSeq></word><word seq="12">as<GreekSeq>9</GreekSeq></word><word seq="13">a prophet.<GreekSeq>10</GreekSeq></word></ASV></verse>
<verse number="6"><ASV><word seq="1">But<GreekSeq>2</GreekSeq></word><word seq="2">when<GreekSeq>3</GreekSeq></word><word seq="3">Herod’s<GreekSeq>5</GreekSeq></word><word seq="4">birthday<GreekSeq>1</GreekSeq></word><word seq="5">came,<GreekSeq>3</GreekSeq></word><word seq="6">the<GreekSeq>7</GreekSeq></word><word seq="7">daughter<GreekSeq>8</GreekSeq></word><word seq="8">of Herodias<GreekSeq>10</GreekSeq></word><word seq="9">danced<GreekSeq>6</GreekSeq></word><word seq="10">in<GreekSeq>11</GreekSeq></word><word seq="11">the<GreekSeq>12</GreekSeq></word><word seq="12">midst,<GreekSeq>13</GreekSeq></word><word seq="13">and<GreekSeq>14</GreekSeq></word><word seq="14">pleased<GreekSeq>15</GreekSeq></word><word seq="15">Herod.<GreekSeq>17</GreekSeq></word></ASV></verse>
<verse number="7"><ASV><word seq="1">Whereupon<GreekSeq>1</GreekSeq></word><word seq="2">he promised<GreekSeq>4</GreekSeq></word><word seq="3">with<GreekSeq>2</GreekSeq></word><word seq="4">an oath<GreekSeq>3</GreekSeq></word><word seq="5">to give<GreekSeq>6</GreekSeq></word><word seq="6">her<GreekSeq>5</GreekSeq></word><word seq="7">whatsoever<GreekSeq>7</GreekSeq><GreekSeq>8</GreekSeq></word><word seq="8">she should ask.<GreekSeq>9</GreekSeq></word></ASV></verse>
<verse number="8"><ASV><word seq="1">And<GreekSeq>2</GreekSeq></word><word seq="2">she,<GreekSeq>1</GreekSeq></word><word seq="3">being put forward<GreekSeq>3</GreekSeq></word><word seq="4">by<GreekSeq>4</GreekSeq></word><word seq="5">her<GreekSeq>7</GreekSeq></word><word seq="6">mother,<GreekSeq>6</GreekSeq></word><word seq="7">saith,<GreekSeq>10</GreekSeq></word><word seq="8">Give<GreekSeq>8</GreekSeq></word><word seq="9">me<GreekSeq>9</GreekSeq></word><word seq="10">here<GreekSeq>11</GreekSeq></word><word seq="11">on<GreekSeq>12</GreekSeq></word><word seq="12">a platter<GreekSeq>13</GreekSeq></word><word seq="13">the<GreekSeq>14</GreekSeq></word><word seq="14">head<GreekSeq>15</GreekSeq></word><word seq="15">of John<GreekSeq>16</GreekSeq></word><word seq="16">the<GreekSeq>17</GreekSeq></word><word seq="17">Baptist.<GreekSeq>18</GreekSeq></word></ASV></verse>
<verse number="9"><ASV><word seq="1">And<GreekSeq>1</GreekSeq></word><word seq="2">the<GreekSeq>3</GreekSeq></word><word seq="3">king<GreekSeq>4</GreekSeq></word><word seq="4">was grieved;<GreekSeq>2</GreekSeq></word><word seq="5">but</word><word seq="6">for the sake of<GreekSeq>5</GreekSeq></word><word seq="7">his<GreekSeq>6</GreekSeq></word><word seq="8">oaths,<GreekSeq>7</GreekSeq></word><word seq="9">and<GreekSeq>8</GreekSeq></word><word seq="10">of them<GreekSeq>9</GreekSeq></word><word seq="11">that sat at meat with him,<GreekSeq>10</GreekSeq></word><word seq="12">he commanded<GreekSeq>11</GreekSeq></word><word seq="13">it</word><word seq="14">to be given;<GreekSeq>12</GreekSeq></word></ASV></verse>
<verse number="10"><ASV><word seq="1">and<GreekSeq>1</GreekSeq></word><word seq="2">he sent<GreekSeq>2</GreekSeq></word><word seq="3">and</word><word seq="4">beheaded<GreekSeq>3</GreekSeq></word><word seq="5">John<GreekSeq>5</GreekSeq></word><word seq="6">in<GreekSeq>6</GreekSeq></word><word seq="7">the<GreekSeq>7</GreekSeq></word><word seq="8">prison.<GreekSeq>8</GreekSeq></word></ASV></verse>
<verse number="11"><ASV><word seq="1">And<GreekSeq>1</GreekSeq></word><word seq="2">his<GreekSeq>5</GreekSeq></word><word seq="3">head<GreekSeq>4</GreekSeq></word><word seq="4">was brought<GreekSeq>2</GreekSeq></word><word seq="5">on<GreekSeq>6</GreekSeq></word><word seq="6">a platter,<GreekSeq>7</GreekSeq></word><word seq="7">and<GreekSeq>8</GreekSeq></word><word seq="8">given<GreekSeq>9</GreekSeq></word><word seq="9">to the<GreekSeq>10</GreekSeq></word><word seq="10">damsel:<GreekSeq>11</GreekSeq></word><word seq="11">and<GreekSeq>12</GreekSeq></word><word seq="12">she brought [it] to<GreekSeq>13</GreekSeq></word><word seq="13">her<GreekSeq>16</GreekSeq></word><word seq="14">mother.<GreekSeq>15</GreekSeq></word></ASV></verse>
<verse number="12"><ASV><word seq="1">And<GreekSeq>1</GreekSeq></word><word seq="2">his<GreekSeq>5</GreekSeq></word><word seq="3">disciples<GreekSeq>4</GreekSeq></word><word seq="4">came,<GreekSeq>2</GreekSeq></word><word seq="5">and</word><word seq="6">took up<GreekSeq>6</GreekSeq></word><word seq="7">the<GreekSeq>7</GreekSeq></word><word seq="8">corpse,<GreekSeq>8</GreekSeq></word><word seq="9">and<GreekSeq>9</GreekSeq></word><word seq="10">buried<GreekSeq>10</GreekSeq></word><word seq="11">him;<GreekSeq>11</GreekSeq></word><word seq="12">and<GreekSeq>12</GreekSeq></word><word seq="13">they went<GreekSeq>13</GreekSeq></word><word seq="14">and</word><word seq="15">told<GreekSeq>14</GreekSeq></word><word seq="16">Jesus.<GreekSeq>16</GreekSeq></word></ASV></verse>
<verse number="13"><ASV><word seq="1">Now<GreekSeq>2</GreekSeq></word><word seq="2">when<GreekSeq>1</GreekSeq></word><word seq="3">Jesus<GreekSeq>4</GreekSeq></word><word seq="4">heard<GreekSeq>1</GreekSeq></word><word seq="5">it,</word><word seq="6">he withdrew<GreekSeq>5</GreekSeq></word><word seq="7">from thence<GreekSeq>6</GreekSeq></word><word seq="8">in<GreekSeq>7</GreekSeq></word><word seq="9">a boat,<GreekSeq>8</GreekSeq></word><word seq="10">to<GreekSeq>9</GreekSeq></word><word seq="11">a desert<GreekSeq>10</GreekSeq></word><word seq="12">place<GreekSeq>11</GreekSeq></word><word seq="13">apart:<GreekSeq>12</GreekSeq><GreekSeq>13</GreekSeq></word><word seq="14">and<GreekSeq>14</GreekSeq></word><word seq="15">when<GreekSeq>15</GreekSeq></word><word seq="16">the<GreekSeq>16</GreekSeq></word><word seq="17">multitudes<GreekSeq>17</GreekSeq></word><word seq="18">heard<GreekSeq>15</GreekSeq></word><word seq="19">thereof,</word><word seq="20">they followed<GreekSeq>18</GreekSeq></word><word seq="21">him<GreekSeq>19</GreekSeq></word><word seq="22">on foot<GreekSeq>20</GreekSeq></word><word seq="23">from<GreekSeq>21</GreekSeq></word><word seq="24">the<GreekSeq>22</GreekSeq></word><word seq="25">cities.<GreekSeq>23</GreekSeq></word></ASV></verse>
<verse number="14"><ASV><word seq="1">And<GreekSeq>1</GreekSeq></word><word seq="2">he came forth,<GreekSeq>2</GreekSeq></word><word seq="3">and</word><word seq="4">saw<GreekSeq>3</GreekSeq></word><word seq="5">a great<GreekSeq>4</GreekSeq></word><word seq="6">multitude,<GreekSeq>5</GreekSeq></word><word seq="7">and<GreekSeq>6</GreekSeq></word><word seq="8">he had compassion<GreekSeq>7</GreekSeq></word><word seq="9">on<GreekSeq>8</GreekSeq></word><word seq="10">them,<GreekSeq>9</GreekSeq></word><word seq="11">and<GreekSeq>10</GreekSeq></word><word seq="12">healed<GreekSeq>11</GreekSeq></word><word seq="13">their<GreekSeq>14</GreekSeq></word><word seq="14">sick.<GreekSeq>13</GreekSeq></word></ASV></verse>
<verse number="15"><ASV><word seq="1">And<GreekSeq>2</GreekSeq></word><word seq="2">when<GreekSeq>3</GreekSeq></word><word seq="3">even<GreekSeq>1</GreekSeq></word><word seq="4">was come,<GreekSeq>3</GreekSeq></word><word seq="5">the<GreekSeq>6</GreekSeq></word><word seq="6">disciples<GreekSeq>7</GreekSeq></word><word seq="7">came to<GreekSeq>4</GreekSeq></word><word seq="8">him,<GreekSeq>5</GreekSeq></word><word seq="9">saying,<GreekSeq>8</GreekSeq></word><word seq="10">The<GreekSeq>11</GreekSeq></word><word seq="11">place<GreekSeq>12</GreekSeq></word><word seq="12">is<GreekSeq>10</GreekSeq></word><word seq="13">desert,<GreekSeq>9</GreekSeq></word><word seq="14">and<GreekSeq>13</GreekSeq></word><word seq="15">the<GreekSeq>14</GreekSeq></word><word seq="16">time<GreekSeq>15</GreekSeq></word><word seq="17">is<GreekSeq>17</GreekSeq></word><word seq="18">already<GreekSeq>16</GreekSeq></word><word seq="19">past;<GreekSeq>17</GreekSeq></word><word seq="20">send<GreekSeq>18</GreekSeq></word><word seq="21">the<GreekSeq>19</GreekSeq></word><word seq="22">multitudes<GreekSeq>20</GreekSeq></word><word seq="23">away,<GreekSeq>18</GreekSeq></word><word seq="24">that<GreekSeq>21</GreekSeq></word><word seq="25">they may go<GreekSeq>22</GreekSeq></word><word seq="26">into<GreekSeq>23</GreekSeq></word><word seq="27">the<GreekSeq>24</GreekSeq></word><word seq="28">villages,<GreekSeq>25</GreekSeq></word><word seq="29">and</word><word seq="30">buy<GreekSeq>26</GreekSeq></word><word seq="31">themselves<GreekSeq>27</GreekSeq></word><word seq="32">food.<GreekSeq>28</GreekSeq></word></ASV></verse>
<verse number="16"><ASV><word seq="1">But<GreekSeq>2</GreekSeq></word><word seq="2">Jesus<GreekSeq>3</GreekSeq></word><word seq="3">said<GreekSeq>4</GreekSeq></word><word seq="4">unto them,<GreekSeq>5</GreekSeq></word><word seq="5">They have<GreekSeq>8</GreekSeq></word><word seq="6">no<GreekSeq>6</GreekSeq></word><word seq="7">need<GreekSeq>7</GreekSeq></word><word seq="8">to go away;<GreekSeq>9</GreekSeq></word><word seq="9">give<GreekSeq>10</GreekSeq></word><word seq="10">ye<GreekSeq>12</GreekSeq></word><word seq="11">them<GreekSeq>11</GreekSeq></word><word seq="12">to eat.<GreekSeq>13</GreekSeq></word></ASV></verse>
<verse number="17"><ASV><word seq="1">And<GreekSeq>2</GreekSeq></word><word seq="2">they<GreekSeq>1</GreekSeq></word><word seq="3">say<GreekSeq>3</GreekSeq></word><word seq="4">unto him,<GreekSeq>4</GreekSeq></word><word seq="5">We have<GreekSeq>6</GreekSeq></word><word seq="6">here<GreekSeq>7</GreekSeq></word><word seq="7" note="εἰ μή Strong Code (1508)">but<GreekSeq>8</GreekSeq><GreekSeq>9</GreekSeq></word><word seq="8">five<GreekSeq>10</GreekSeq></word><word seq="9">loaves,<GreekSeq>11</GreekSeq></word><word seq="10">and<GreekSeq>12</GreekSeq></word><word seq="11">two<GreekSeq>13</GreekSeq></word><word seq="12">fishes.<GreekSeq>14</GreekSeq></word></ASV></verse>
<verse number="18"><ASV><word seq="1">And<GreekSeq>2</GreekSeq></word><word seq="2">he<GreekSeq>1</GreekSeq></word><word seq="3">said,<GreekSeq>3</GreekSeq></word><word seq="4">Bring<GreekSeq>4</GreekSeq></word><word seq="5">them<GreekSeq>7</GreekSeq></word><word seq="6">hither<GreekSeq>6</GreekSeq></word><word seq="7">to me.<GreekSeq>5</GreekSeq></word></ASV></verse>
<verse number="19"><ASV><word seq="1">And<GreekSeq>1</GreekSeq></word><word seq="2">he commanded<GreekSeq>2</GreekSeq></word><word seq="3">the<GreekSeq>3</GreekSeq></word><word seq="4">multitudes<GreekSeq>4</GreekSeq></word><word seq="5">to sit down<GreekSeq>5</GreekSeq></word><word seq="6">on<GreekSeq>6</GreekSeq></word><word seq="7">the<GreekSeq>7</GreekSeq></word><word seq="8">grass;<GreekSeq>8</GreekSeq></word><word seq="9">and</word><word seq="10">he took<GreekSeq>9</GreekSeq></word><word seq="11">the<GreekSeq>10</GreekSeq></word><word seq="12">five<GreekSeq>11</GreekSeq></word><word seq="13">loaves,<GreekSeq>12</GreekSeq></word><word seq="14">and<GreekSeq>13</GreekSeq></word><word seq="15">the<GreekSeq>14</GreekSeq></word><word seq="16">two<GreekSeq>15</GreekSeq></word><word seq="17">fishes,<GreekSeq>16</GreekSeq></word><word seq="18">and</word><word seq="19">looking up<GreekSeq>17</GreekSeq></word><word seq="20">to<GreekSeq>18</GreekSeq></word><word seq="21">heaven,<GreekSeq>20</GreekSeq></word><word seq="22">he blessed,<GreekSeq>21</GreekSeq></word><word seq="23">and<GreekSeq>22</GreekSeq></word><word seq="24">brake<GreekSeq>23</GreekSeq></word><word seq="25">and</word><word seq="26">gave<GreekSeq>24</GreekSeq></word><word seq="27">the<GreekSeq>27</GreekSeq></word><word seq="28">loaves<GreekSeq>28</GreekSeq></word><word seq="29">to the<GreekSeq>25</GreekSeq></word><word seq="30">disciples,<GreekSeq>26</GreekSeq></word><word seq="31">and<GreekSeq>30</GreekSeq></word><word seq="32">the<GreekSeq>29</GreekSeq></word><word seq="33">disciples<GreekSeq>31</GreekSeq></word><word seq="34">to the<GreekSeq>32</GreekSeq></word><word seq="35">multitudes.<GreekSeq>33</GreekSeq></word></ASV></verse>
<verse number="20"><ASV><word seq="1">And<GreekSeq>1</GreekSeq></word><word seq="2">they<GreekSeq>2</GreekSeq></word><word seq="3">all<GreekSeq>3</GreekSeq></word><word seq="4">ate,<GreekSeq>2</GreekSeq></word><word seq="5">and<GreekSeq>4</GreekSeq></word><word seq="6">were filled:<GreekSeq>5</GreekSeq></word><word seq="7">and<GreekSeq>6</GreekSeq></word><word seq="8">they took up<GreekSeq>7</GreekSeq></word><word seq="9">that<GreekSeq>8</GreekSeq></word><word seq="10">which remained over<GreekSeq>9</GreekSeq></word><word seq="11">of the<GreekSeq>10</GreekSeq></word><word seq="12">broken pieces,<GreekSeq>11</GreekSeq></word><word seq="13">twelve<GreekSeq>12</GreekSeq></word><word seq="14">baskets<GreekSeq>13</GreekSeq></word><word seq="15">full.<GreekSeq>14</GreekSeq></word></ASV></verse>
<verse number="21"><ASV><word seq="1">And<GreekSeq>2</GreekSeq></word><word seq="2">they<GreekSeq>1</GreekSeq></word><word seq="3">that did eat<GreekSeq>3</GreekSeq></word><word seq="4">were<GreekSeq>4</GreekSeq></word><word seq="5">about<GreekSeq>6</GreekSeq></word><word seq="6">five thousand<GreekSeq>7</GreekSeq></word><word seq="7">men,<GreekSeq>5</GreekSeq></word><word seq="8">besides<GreekSeq>8</GreekSeq></word><word seq="9">women<GreekSeq>9</GreekSeq></word><word seq="10">and<GreekSeq>10</GreekSeq></word><word seq="11">children.<GreekSeq>11</GreekSeq></word></ASV></verse>
<verse number="22"><ASV><word seq="1">And<GreekSeq>1</GreekSeq></word><word seq="2">straightway<GreekSeq>2</GreekSeq></word><word seq="3">he constrained<GreekSeq>3</GreekSeq></word><word seq="4">the<GreekSeq>4</GreekSeq></word><word seq="5">disciples<GreekSeq>5</GreekSeq></word><word seq="6">to enter<GreekSeq>6</GreekSeq></word><word seq="7">into<GreekSeq>7</GreekSeq></word><word seq="8">the<GreekSeq>8</GreekSeq></word><word seq="9">boat,<GreekSeq>9</GreekSeq></word><word seq="10">and<GreekSeq>10</GreekSeq></word><word seq="11">to go before<GreekSeq>11</GreekSeq></word><word seq="12">him<GreekSeq>12</GreekSeq></word><word seq="13">unto<GreekSeq>13</GreekSeq></word><word seq="14">the<GreekSeq>14</GreekSeq></word><word seq="15">other side,<GreekSeq>15</GreekSeq></word><word seq="16">till<GreekSeq>16</GreekSeq></word><word seq="17">he<GreekSeq>17</GreekSeq></word><word seq="18">should send<GreekSeq>18</GreekSeq></word><word seq="19">the<GreekSeq>19</GreekSeq></word><word seq="20">multitudes<GreekSeq>20</GreekSeq></word><word seq="21">away.<GreekSeq>18</GreekSeq></word></ASV></verse>
<verse number="23"><ASV><word seq="1">And<GreekSeq>1</GreekSeq></word><word seq="2">after he had sent<GreekSeq>2</GreekSeq></word><word seq="3">the<GreekSeq>3</GreekSeq></word><word seq="4">multitudes<GreekSeq>4</GreekSeq></word><word seq="5">away,<GreekSeq>2</GreekSeq></word><word seq="6">he went up<GreekSeq>5</GreekSeq></word><word seq="7">into<GreekSeq>6</GreekSeq></word><word seq="8">the<GreekSeq>7</GreekSeq></word><word seq="9">mountain<GreekSeq>8</GreekSeq></word><word seq="10">apart<GreekSeq>9</GreekSeq><GreekSeq>10</GreekSeq></word><word seq="11">to pray:<GreekSeq>11</GreekSeq></word><word seq="12">and<GreekSeq>13</GreekSeq></word><word seq="13">when<GreekSeq>14</GreekSeq></word><word seq="14">even<GreekSeq>12</GreekSeq></word><word seq="15">was come,<GreekSeq>14</GreekSeq></word><word seq="16">he was<GreekSeq>16</GreekSeq></word><word seq="17">there<GreekSeq>17</GreekSeq></word><word seq="18">alone.<GreekSeq>15</GreekSeq></word></ASV></verse>
<verse number="24"><ASV><word seq="1">But<GreekSeq>2</GreekSeq></word><word seq="2">the<GreekSeq>1</GreekSeq></word><word seq="3">boat<GreekSeq>3</GreekSeq></word><word seq="4">was</word><word seq="5">now<GreekSeq>4</GreekSeq></word><word seq="6">in the midst of the sea,</word><word seq="7">distressed<GreekSeq>11</GreekSeq></word><word seq="8">by<GreekSeq>12</GreekSeq></word><word seq="9">the<GreekSeq>13</GreekSeq></word><word seq="10">waves;<GreekSeq>14</GreekSeq></word><word seq="11">for<GreekSeq>16</GreekSeq></word><word seq="12">the<GreekSeq>18</GreekSeq></word><word seq="13">wind<GreekSeq>19</GreekSeq></word><word seq="14">was<GreekSeq>15</GreekSeq></word><word seq="15">contrary.<GreekSeq>17</GreekSeq></word></ASV></verse>
<verse number="25"><ASV><word seq="1">And<GreekSeq>2</GreekSeq></word><word seq="2">in the fourth<GreekSeq>1</GreekSeq></word><word seq="3">watch<GreekSeq>3</GreekSeq></word><word seq="4">of the<GreekSeq>4</GreekSeq></word><word seq="5">night<GreekSeq>5</GreekSeq></word><word seq="6">he came<GreekSeq>6</GreekSeq></word><word seq="7">unto<GreekSeq>7</GreekSeq></word><word seq="8">them,<GreekSeq>8</GreekSeq></word><word seq="9">walking<GreekSeq>9</GreekSeq></word><word seq="10">upon<GreekSeq>10</GreekSeq></word><word seq="11">the<GreekSeq>11</GreekSeq></word><word seq="12">sea.<GreekSeq>12</GreekSeq></word></ASV></verse>
<verse number="26"><ASV><word seq="1">And<GreekSeq>2</GreekSeq></word><word seq="2">when<GreekSeq>4</GreekSeq></word><word seq="3">the<GreekSeq>1</GreekSeq></word><word seq="4">disciples<GreekSeq>3</GreekSeq></word><word seq="5">saw<GreekSeq>4</GreekSeq></word><word seq="6">him<GreekSeq>5</GreekSeq></word><word seq="7">walking<GreekSeq>9</GreekSeq></word><word seq="8">on<GreekSeq>6</GreekSeq></word><word seq="9">the<GreekSeq>7</GreekSeq></word><word seq="10">sea,<GreekSeq>8</GreekSeq></word><word seq="11">they were troubled,<GreekSeq>10</GreekSeq></word><word seq="12">saying,<GreekSeq>11</GreekSeq></word><word seq="13">It is<GreekSeq>14</GreekSeq></word><word seq="14">a ghost;<GreekSeq>13</GreekSeq></word><word seq="15">and<GreekSeq>15</GreekSeq></word><word seq="16">they cried out<GreekSeq>19</GreekSeq></word><word seq="17">for<GreekSeq>16</GreekSeq></word><word seq="18">fear.<GreekSeq>18</GreekSeq></word></ASV></verse>
<verse number="27"><ASV><word seq="1">But<GreekSeq>2</GreekSeq></word><word seq="2">straightway<GreekSeq>1</GreekSeq></word><word seq="3">Jesus<GreekSeq>5</GreekSeq></word><word seq="4">spake<GreekSeq>3</GreekSeq></word><word seq="5">unto them,<GreekSeq>6</GreekSeq></word><word seq="6">saying,<GreekSeq>7</GreekSeq></word><word seq="7">Be of good cheer;<GreekSeq>8</GreekSeq></word><word seq="8">it is<GreekSeq>10</GreekSeq></word><word seq="9">I;<GreekSeq>9</GreekSeq></word><word seq="10">be<GreekSeq>12</GreekSeq></word><word seq="11">not<GreekSeq>11</GreekSeq></word><word seq="12">afraid.<GreekSeq>12</GreekSeq></word></ASV></verse>
<verse number="28"><ASV><word seq="1">And<GreekSeq>2</GreekSeq></word><word seq="2">Peter<GreekSeq>5</GreekSeq></word><word seq="3">answered<GreekSeq>1</GreekSeq></word><word seq="4">him<GreekSeq>3</GreekSeq></word><word seq="5">and</word><word seq="6">said,<GreekSeq>6</GreekSeq></word><word seq="7">Lord,<GreekSeq>7</GreekSeq></word><word seq="8">if<GreekSeq>8</GreekSeq></word><word seq="9">it be<GreekSeq>10</GreekSeq></word><word seq="10">thou,<GreekSeq>9</GreekSeq></word><word seq="11">bid<GreekSeq>11</GreekSeq></word><word seq="12">me<GreekSeq>12</GreekSeq></word><word seq="13">come<GreekSeq>13</GreekSeq></word><word seq="14">unto<GreekSeq>14</GreekSeq></word><word seq="15">thee<GreekSeq>15</GreekSeq></word><word seq="16">upon<GreekSeq>16</GreekSeq></word><word seq="17">the<GreekSeq>17</GreekSeq></word><word seq="18">waters.<GreekSeq>18</GreekSeq></word></ASV></verse>
<verse number="29"><ASV><word seq="1">And<GreekSeq>2</GreekSeq></word><word seq="2">he<GreekSeq>1</GreekSeq></word><word seq="3">said,<GreekSeq>3</GreekSeq></word><word seq="4">Come.<GreekSeq>4</GreekSeq></word><word seq="5">And<GreekSeq>5</GreekSeq></word><word seq="6">Peter<GreekSeq>11</GreekSeq></word><word seq="7">went down<GreekSeq>6</GreekSeq></word><word seq="8">from<GreekSeq>7</GreekSeq></word><word seq="9">the<GreekSeq>8</GreekSeq></word><word seq="10">boat,<GreekSeq>9</GreekSeq></word><word seq="11">and</word><word seq="12">walked<GreekSeq>12</GreekSeq></word><word seq="13">upon<GreekSeq>13</GreekSeq></word><word seq="14">the<GreekSeq>14</GreekSeq></word><word seq="15">waters<GreekSeq>15</GreekSeq></word><word seq="16">to come<GreekSeq>17</GreekSeq></word><word seq="17">to<GreekSeq>18</GreekSeq></word><word seq="18">Jesus.<GreekSeq>20</GreekSeq></word></ASV></verse>
<verse number="30"><ASV><word seq="1">But<GreekSeq>2</GreekSeq></word><word seq="2">when he saw<GreekSeq>1</GreekSeq></word><word seq="3">the<GreekSeq>3</GreekSeq></word><word seq="4">wind,<GreekSeq>4</GreekSeq></word><word seq="5">he was afraid;<GreekSeq>6</GreekSeq></word><word seq="6">and<GreekSeq>7</GreekSeq></word><word seq="7">beginning<GreekSeq>8</GreekSeq></word><word seq="8">to sink,<GreekSeq>9</GreekSeq></word><word seq="9">he cried out,<GreekSeq>10</GreekSeq></word><word seq="10">saying,<GreekSeq>11</GreekSeq></word><word seq="11">Lord,<GreekSeq>12</GreekSeq></word><word seq="12">save<GreekSeq>13</GreekSeq></word><word seq="13">me.<GreekSeq>14</GreekSeq></word></ASV></verse>
<verse number="31"><ASV><word seq="1">And<GreekSeq>2</GreekSeq></word><word seq="2">immediately<GreekSeq>1</GreekSeq></word><word seq="3">Jesus<GreekSeq>4</GreekSeq></word><word seq="4">stretched forth<GreekSeq>5</GreekSeq></word><word seq="5">his</word><word seq="6">hand,<GreekSeq>7</GreekSeq></word><word seq="7">and</word><word seq="8">took hold of<GreekSeq>8</GreekSeq></word><word seq="9">him,<GreekSeq>9</GreekSeq></word><word seq="10">and<GreekSeq>10</GreekSeq></word><word seq="11">saith<GreekSeq>11</GreekSeq></word><word seq="12">unto him,<GreekSeq>12</GreekSeq></word><word seq="13">O thou of little faith,<GreekSeq>13</GreekSeq></word><word seq="14">wherefore<GreekSeq>14</GreekSeq><GreekSeq>15</GreekSeq></word><word seq="15">didst</word><word seq="16">thou doubt?<GreekSeq>16</GreekSeq></word></ASV></verse>
<verse number="32"><ASV><word seq="1">And<GreekSeq>1</GreekSeq></word><word seq="2">when<GreekSeq>2</GreekSeq></word><word seq="3">they<GreekSeq>3</GreekSeq></word><word seq="4">were gone up<GreekSeq>2</GreekSeq></word><word seq="5">into<GreekSeq>4</GreekSeq></word><word seq="6">the<GreekSeq>5</GreekSeq></word><word seq="7">boat,<GreekSeq>6</GreekSeq></word><word seq="8">the<GreekSeq>8</GreekSeq></word><word seq="9">wind<GreekSeq>9</GreekSeq></word><word seq="10">ceased.<GreekSeq>7</GreekSeq></word></ASV></verse>
<verse number="33"><ASV><word seq="1">And<GreekSeq>2</GreekSeq></word><word seq="2">they<GreekSeq>1</GreekSeq></word><word seq="3">that were</word><word seq="4">in<GreekSeq>3</GreekSeq></word><word seq="5">the<GreekSeq>4</GreekSeq></word><word seq="6">boat<GreekSeq>5</GreekSeq></word><word seq="7">worshipped<GreekSeq>6</GreekSeq></word><word seq="8">him,<GreekSeq>7</GreekSeq></word><word seq="9">saying,<GreekSeq>8</GreekSeq></word><word seq="10">Of a truth<GreekSeq>9</GreekSeq></word><word seq="11">thou art<GreekSeq>12</GreekSeq></word><word seq="12">the Son<GreekSeq>11</GreekSeq></word><word seq="13">of God.<GreekSeq>10</GreekSeq></word></ASV></verse>
<verse number="34"><ASV><word seq="1">And<GreekSeq>1</GreekSeq></word><word seq="2">when they had crossed over,<GreekSeq>2</GreekSeq></word><word seq="3">they came<GreekSeq>3</GreekSeq></word><word seq="4">to<GreekSeq>4</GreekSeq></word><word seq="5">the<GreekSeq>5</GreekSeq></word><word seq="6">land,<GreekSeq>6</GreekSeq></word><word seq="7">unto<GreekSeq>7</GreekSeq></word><word seq="8">Gennesaret.<GreekSeq>8</GreekSeq></word></ASV></verse>
<verse number="35"><ASV><word seq="1">And<GreekSeq>1</GreekSeq></word><word seq="2">when<GreekSeq>2</GreekSeq></word><word seq="3">the<GreekSeq>4</GreekSeq></word><word seq="4">men<GreekSeq>5</GreekSeq></word><word seq="5">of that<GreekSeq>8</GreekSeq></word><word seq="6">place<GreekSeq>7</GreekSeq></word><word seq="7">knew<GreekSeq>2</GreekSeq></word><word seq="8">him,<GreekSeq>3</GreekSeq></word><word seq="9">they sent<GreekSeq>9</GreekSeq></word><word seq="10">into<GreekSeq>10</GreekSeq></word><word seq="11">all<GreekSeq>11</GreekSeq></word><word seq="12">that<GreekSeq>14</GreekSeq></word><word seq="13">region round about,<GreekSeq>13</GreekSeq></word><word seq="14">and<GreekSeq>15</GreekSeq></word><word seq="15">brought unto<GreekSeq>16</GreekSeq></word><word seq="16">him<GreekSeq>17</GreekSeq></word><word seq="17">all<GreekSeq>18</GreekSeq></word><word seq="18">that were<GreekSeq>21</GreekSeq></word><word seq="19">sick;<GreekSeq>20</GreekSeq></word></ASV></verse>
<verse number="36"><ASV><word seq="1">and<GreekSeq>1</GreekSeq></word><word seq="2">they besought<GreekSeq>2</GreekSeq></word><word seq="3">him<GreekSeq>3</GreekSeq></word><word seq="4">that<GreekSeq>4</GreekSeq></word><word seq="5">they might<GreekSeq>6</GreekSeq></word><word seq="6">only<GreekSeq>5</GreekSeq></word><word seq="7">touch<GreekSeq>6</GreekSeq></word><word seq="8">the<GreekSeq>7</GreekSeq></word><word seq="9">border<GreekSeq>8</GreekSeq></word><word seq="10">of<GreekSeq>10</GreekSeq></word><word seq="11">his<GreekSeq>11</GreekSeq></word><word seq="12">garment:<GreekSeq>10</GreekSeq></word><word seq="13">and<GreekSeq>12</GreekSeq></word><word seq="14">as many as<GreekSeq>13</GreekSeq></word><word seq="15">touched<GreekSeq>14</GreekSeq></word><word seq="16">were made whole.<GreekSeq>15</GreekSeq></word></ASV></verse>
</chapter></book>