<?xml version="1.0" encoding="UTF-8" standalone="no"?><book><chapter number="2">
<verse number="1"><ASV><word seq="1">Now<GreekSeq>2</GreekSeq></word><word seq="2">when<GreekSeq>4</GreekSeq></word><word seq="3">Jesus<GreekSeq>3</GreekSeq></word><word seq="4">was born<GreekSeq>4</GreekSeq></word><word seq="5">in<GreekSeq>5</GreekSeq></word><word seq="6">Bethlehem<GreekSeq>6</GreekSeq></word><word seq="7">of Judaea<GreekSeq>8</GreekSeq></word><word seq="8">in<GreekSeq>9</GreekSeq></word><word seq="9">the days<GreekSeq>10</GreekSeq></word><word seq="10">of Herod<GreekSeq>11</GreekSeq></word><word seq="11">the<GreekSeq>12</GreekSeq></word><word seq="12">king,<GreekSeq>13</GreekSeq></word><word seq="13">behold,<GreekSeq>14</GreekSeq></word><word seq="14">Wise-men<GreekSeq>15</GreekSeq></word><word seq="15">from<GreekSeq>16</GreekSeq></word><word seq="16">the east<GreekSeq>17</GreekSeq></word><word seq="17">came<GreekSeq>18</GreekSeq></word><word seq="18">to<GreekSeq>19</GreekSeq></word><word seq="19">Jerusalem,<GreekSeq>20</GreekSeq></word><word seq="20" note="see next verse">saying,</word></ASV></verse>
<verse number="2"><ASV><word seq="1" note="from previous verse">saying,<GreekSeq>1</GreekSeq></word><word seq="2">Where<GreekSeq>2</GreekSeq></word><word seq="3">is<GreekSeq>3</GreekSeq></word><word seq="4">he<GreekSeq>4</GreekSeq></word><word seq="5">that is born<GreekSeq>5</GreekSeq></word><word seq="6">King<GreekSeq>6</GreekSeq></word><word seq="7">of the<GreekSeq>7</GreekSeq></word><word seq="8">Jews?<GreekSeq>8</GreekSeq></word><word seq="9">for<GreekSeq>10</GreekSeq></word><word seq="10">we saw<GreekSeq>9</GreekSeq></word><word seq="11">his<GreekSeq>11</GreekSeq></word><word seq="12">star<GreekSeq>13</GreekSeq></word><word seq="13">in<GreekSeq>14</GreekSeq></word><word seq="14">the<GreekSeq>15</GreekSeq></word><word seq="15">east,<GreekSeq>16</GreekSeq></word><word seq="16">and<GreekSeq>17</GreekSeq></word><word seq="17">are come<GreekSeq>18</GreekSeq></word><word seq="18">to worship<GreekSeq>19</GreekSeq></word><word seq="19">him.<GreekSeq>20</GreekSeq></word></ASV></verse>
<verse number="3"><ASV><word seq="1">And<GreekSeq>2</GreekSeq></word><word seq="2">when<GreekSeq>1</GreekSeq></word><word seq="3">Herod<GreekSeq>5</GreekSeq></word><word seq="4">the<GreekSeq>3</GreekSeq></word><word seq="5">king<GreekSeq>4</GreekSeq></word><word seq="6">heard<GreekSeq>1</GreekSeq></word><word seq="7">it,</word><word seq="8">he was troubled,<GreekSeq>6</GreekSeq></word><word seq="9">and<GreekSeq>7</GreekSeq></word><word seq="10">all<GreekSeq>8</GreekSeq></word><word seq="11">Jerusalem<GreekSeq>9</GreekSeq></word><word seq="12">with<GreekSeq>10</GreekSeq></word><word seq="13">him.<GreekSeq>11</GreekSeq></word></ASV></verse>
<verse number="4"><ASV><word seq="1">And<GreekSeq>1</GreekSeq></word><word seq="2">gathering together<GreekSeq>2</GreekSeq></word><word seq="3">all<GreekSeq>3</GreekSeq></word><word seq="4">the<GreekSeq>4</GreekSeq></word><word seq="5">chief priests<GreekSeq>5</GreekSeq></word><word seq="6">and<GreekSeq>6</GreekSeq></word><word seq="7">scribes<GreekSeq>7</GreekSeq></word><word seq="8">of the<GreekSeq>8</GreekSeq></word><word seq="9">people,<GreekSeq>9</GreekSeq></word><word seq="10">he inquired<GreekSeq>10</GreekSeq></word><word seq="11">of<GreekSeq>11</GreekSeq></word><word seq="12">them<GreekSeq>12</GreekSeq></word><word seq="13">where<GreekSeq>13</GreekSeq></word><word seq="14">the<GreekSeq>14</GreekSeq></word><word seq="15">Christ<GreekSeq>15</GreekSeq></word><word seq="16">should be born.<GreekSeq>16</GreekSeq></word></ASV></verse>
<verse number="5"><ASV><word seq="1">And<GreekSeq>2</GreekSeq></word><word seq="2">they<GreekSeq>1</GreekSeq></word><word seq="3">said<GreekSeq>3</GreekSeq></word><word seq="4">unto him,<GreekSeq>4</GreekSeq></word><word seq="5">In<GreekSeq>5</GreekSeq></word><word seq="6">Bethlehem<GreekSeq>6</GreekSeq></word><word seq="7">of Judaea:<GreekSeq>8</GreekSeq></word><word seq="8">for<GreekSeq>10</GreekSeq></word><word seq="9">thus<GreekSeq>9</GreekSeq></word><word seq="10">it is written<GreekSeq>11</GreekSeq></word><word seq="11">through<GreekSeq>12</GreekSeq></word><word seq="12">the<GreekSeq>13</GreekSeq></word><word seq="13">prophet,<GreekSeq>14</GreekSeq></word></ASV></verse>
<verse number="6"><ASV><word seq="1">And<GreekSeq>1</GreekSeq></word><word seq="2">thou<GreekSeq>2</GreekSeq></word><word seq="3">Bethlehem,<GreekSeq>3</GreekSeq></word><word seq="4">land<GreekSeq>4</GreekSeq></word><word seq="5">of Judah,<GreekSeq>5</GreekSeq></word><word seq="6">Art<GreekSeq>8</GreekSeq></word><word seq="7">in no wise<GreekSeq>6</GreekSeq></word><word seq="8">least<GreekSeq>7</GreekSeq></word><word seq="9">among<GreekSeq>9</GreekSeq></word><word seq="10">the<GreekSeq>10</GreekSeq></word><word seq="11">princes<GreekSeq>11</GreekSeq></word><word seq="12">of Judah:<GreekSeq>12</GreekSeq></word><word seq="13">For<GreekSeq>15</GreekSeq></word><word seq="14">out of<GreekSeq>13</GreekSeq></word><word seq="15">thee<GreekSeq>14</GreekSeq></word><word seq="16">shall come forth<GreekSeq>16</GreekSeq></word><word seq="17">a governor,<GreekSeq>17</GreekSeq></word><word seq="18">Who<GreekSeq>18</GreekSeq></word><word seq="19">shall be shepherd of<GreekSeq>19</GreekSeq></word><word seq="20">my<GreekSeq>22</GreekSeq></word><word seq="21">people<GreekSeq>21</GreekSeq></word><word seq="22">Israel.<GreekSeq>24</GreekSeq></word></ASV></verse>
<verse number="7"><ASV><word seq="1">Then<GreekSeq>1</GreekSeq></word><word seq="2">Herod<GreekSeq>2</GreekSeq></word><word seq="3">privily<GreekSeq>3</GreekSeq></word><word seq="4">called<GreekSeq>4</GreekSeq></word><word seq="5">the<GreekSeq>5</GreekSeq></word><word seq="6">Wise-men,<GreekSeq>6</GreekSeq></word><word seq="7">and</word><word seq="8">learned<GreekSeq>7</GreekSeq></word><word seq="9">of<GreekSeq>8</GreekSeq></word><word seq="10">them<GreekSeq>9</GreekSeq></word><word seq="11">exactly<GreekSeq>7</GreekSeq></word><word seq="12">what<GreekSeq>10</GreekSeq></word><word seq="13">time<GreekSeq>11</GreekSeq></word><word seq="14">the<GreekSeq>12</GreekSeq></word><word seq="15">star<GreekSeq>14</GreekSeq></word><word seq="16">appeared.<GreekSeq>13</GreekSeq></word></ASV></verse>
<verse number="8"><ASV><word seq="1">And<GreekSeq>1</GreekSeq></word><word seq="2">he sent<GreekSeq>2</GreekSeq></word><word seq="3">them<GreekSeq>3</GreekSeq></word><word seq="4">to<GreekSeq>4</GreekSeq></word><word seq="5">Bethlehem,<GreekSeq>5</GreekSeq></word><word seq="6">and</word><word seq="7">said,<GreekSeq>6</GreekSeq></word><word seq="8">Go<GreekSeq>7</GreekSeq></word><word seq="9">and</word><word seq="10">search out<GreekSeq>8</GreekSeq></word><word seq="11">exactly<GreekSeq>9</GreekSeq></word><word seq="12">concerning<GreekSeq>10</GreekSeq></word><word seq="13">the<GreekSeq>11</GreekSeq></word><word seq="14">young child;<GreekSeq>12</GreekSeq></word><word seq="15">and<GreekSeq>14</GreekSeq></word><word seq="16">when<GreekSeq>13</GreekSeq></word><word seq="17">ye have found<GreekSeq>15</GreekSeq></word><word seq="18">him</word><word seq="19">bring<GreekSeq>16</GreekSeq></word><word seq="20">me<GreekSeq>17</GreekSeq></word><word seq="21">word,<GreekSeq>16</GreekSeq></word><word seq="22">that<GreekSeq>18</GreekSeq></word><word seq="23">I also<GreekSeq>19</GreekSeq></word><word seq="24">may come<GreekSeq>20</GreekSeq></word><word seq="25">and</word><word seq="26">worship<GreekSeq>21</GreekSeq></word><word seq="27">him.<GreekSeq>22</GreekSeq></word></ASV></verse>
<verse number="9"><ASV><word seq="1">And<GreekSeq>2</GreekSeq></word><word seq="2">they,<GreekSeq>1</GreekSeq></word><word seq="3">having heard<GreekSeq>3</GreekSeq></word><word seq="4">the<GreekSeq>4</GreekSeq></word><word seq="5">king,<GreekSeq>5</GreekSeq></word><word seq="6">went their way;<GreekSeq>6</GreekSeq></word><word seq="7">and<GreekSeq>7</GreekSeq></word><word seq="8">lo,<GreekSeq>8</GreekSeq></word><word seq="9">the<GreekSeq>9</GreekSeq></word><word seq="10">star,<GreekSeq>10</GreekSeq></word><word seq="11">which<GreekSeq>11</GreekSeq></word><word seq="12">they saw<GreekSeq>12</GreekSeq></word><word seq="13">in<GreekSeq>13</GreekSeq></word><word seq="14">the<GreekSeq>14</GreekSeq></word><word seq="15">east,<GreekSeq>15</GreekSeq></word><word seq="16">went before<GreekSeq>16</GreekSeq></word><word seq="17">them,<GreekSeq>17</GreekSeq></word><word seq="18">till<GreekSeq>18</GreekSeq></word><word seq="19">it came<GreekSeq>19</GreekSeq></word><word seq="20">and</word><word seq="21">stood<GreekSeq>20</GreekSeq></word><word seq="22">over<GreekSeq>21</GreekSeq></word><word seq="23">where<GreekSeq>22</GreekSeq></word><word seq="24">the<GreekSeq>24</GreekSeq></word><word seq="25">young child<GreekSeq>25</GreekSeq></word><word seq="26">was.<GreekSeq>23</GreekSeq></word></ASV></verse>
<verse number="10"><ASV><word seq="1">And<GreekSeq>2</GreekSeq></word><word seq="2">when they saw<GreekSeq>1</GreekSeq></word><word seq="3">the<GreekSeq>3</GreekSeq></word><word seq="4">star,<GreekSeq>4</GreekSeq></word><word seq="5">they rejoiced<GreekSeq>5</GreekSeq></word><word seq="6">with<GreekSeq>6</GreekSeq></word><word seq="7">exceeding<GreekSeq>8</GreekSeq></word><word seq="8">great<GreekSeq>7</GreekSeq></word><word seq="9">joy.<GreekSeq>6</GreekSeq></word></ASV></verse>
<verse number="11"><ASV><word seq="1">And<GreekSeq>1</GreekSeq></word><word seq="2">they came<GreekSeq>2</GreekSeq></word><word seq="3">into<GreekSeq>3</GreekSeq></word><word seq="4">the<GreekSeq>4</GreekSeq></word><word seq="5">house<GreekSeq>5</GreekSeq></word><word seq="6">and</word><word seq="7">saw<GreekSeq>6</GreekSeq></word><word seq="8">the<GreekSeq>7</GreekSeq></word><word seq="9">young child<GreekSeq>8</GreekSeq></word><word seq="10">with<GreekSeq>9</GreekSeq></word><word seq="11">Mary<GreekSeq>10</GreekSeq></word><word seq="12">his<GreekSeq>13</GreekSeq></word><word seq="13">mother;<GreekSeq>12</GreekSeq></word><word seq="14">and<GreekSeq>14</GreekSeq></word><word seq="15">they fell down<GreekSeq>15</GreekSeq></word><word seq="16">and</word><word seq="17">worshipped<GreekSeq>16</GreekSeq></word><word seq="18">him;<GreekSeq>17</GreekSeq></word><word seq="19">and<GreekSeq>18</GreekSeq></word><word seq="20">opening<GreekSeq>19</GreekSeq></word><word seq="21">their<GreekSeq>22</GreekSeq></word><word seq="22">treasures<GreekSeq>21</GreekSeq></word><word seq="23">they offered<GreekSeq>23</GreekSeq></word><word seq="24">unto him<GreekSeq>24</GreekSeq></word><word seq="25">gifts,<GreekSeq>25</GreekSeq></word><word seq="26">gold<GreekSeq>26</GreekSeq></word><word seq="27">and<GreekSeq>27</GreekSeq></word><word seq="28">frankincense<GreekSeq>28</GreekSeq></word><word seq="29">and<GreekSeq>29</GreekSeq></word><word seq="30">myrrh.<GreekSeq>30</GreekSeq></word></ASV></verse>
<verse number="12"><ASV><word seq="1">And<GreekSeq>1</GreekSeq></word><word seq="2">being warned [of God]<GreekSeq>2</GreekSeq></word><word seq="3">in<GreekSeq>3</GreekSeq></word><word seq="4">a dream<GreekSeq>4</GreekSeq></word><word seq="5">that they should</word><word seq="6">not<GreekSeq>5</GreekSeq></word><word seq="7">return<GreekSeq>6</GreekSeq></word><word seq="8">to<GreekSeq>7</GreekSeq></word><word seq="9">Herod,<GreekSeq>8</GreekSeq></word><word seq="10">they departed<GreekSeq>12</GreekSeq></word><word seq="11">into<GreekSeq>13</GreekSeq></word><word seq="12">their own<GreekSeq>16</GreekSeq></word><word seq="13">country<GreekSeq>15</GreekSeq></word><word seq="14">another<GreekSeq>10</GreekSeq></word><word seq="15">way.<GreekSeq>11</GreekSeq></word></ASV></verse>
<verse number="13"><ASV><word seq="1">Now<GreekSeq>2</GreekSeq></word><word seq="2">when<GreekSeq>1</GreekSeq></word><word seq="3">they<GreekSeq>3</GreekSeq></word><word seq="4">were departed,<GreekSeq>1</GreekSeq></word><word seq="5">behold,<GreekSeq>4</GreekSeq></word><word seq="6">an angel<GreekSeq>5</GreekSeq></word><word seq="7">of the Lord<GreekSeq>6</GreekSeq></word><word seq="8">appeareth<GreekSeq>7</GreekSeq></word><word seq="9">to Joseph<GreekSeq>11</GreekSeq></word><word seq="10">in<GreekSeq>8</GreekSeq></word><word seq="11">a dream,<GreekSeq>9</GreekSeq></word><word seq="12">saying,<GreekSeq>12</GreekSeq></word><word seq="13">Arise<GreekSeq>13</GreekSeq></word><word seq="14">and</word><word seq="15">take<GreekSeq>14</GreekSeq></word><word seq="16">the<GreekSeq>15</GreekSeq></word><word seq="17">young child<GreekSeq>16</GreekSeq></word><word seq="18">and<GreekSeq>17</GreekSeq></word><word seq="19">his<GreekSeq>20</GreekSeq></word><word seq="20">mother,<GreekSeq>19</GreekSeq></word><word seq="21">and<GreekSeq>21</GreekSeq></word><word seq="22">flee<GreekSeq>22</GreekSeq></word><word seq="23">into<GreekSeq>23</GreekSeq></word><word seq="24">Egypt,<GreekSeq>24</GreekSeq></word><word seq="25">and<GreekSeq>25</GreekSeq></word><word seq="26">be thou<GreekSeq>26</GreekSeq></word><word seq="27">there<GreekSeq>27</GreekSeq></word><word seq="28">until<GreekSeq>28</GreekSeq></word><word seq="29">I tell<GreekSeq>30</GreekSeq></word><word seq="30">thee:<GreekSeq>31</GreekSeq></word><word seq="31">for<GreekSeq>33</GreekSeq></word><word seq="32">Herod<GreekSeq>34</GreekSeq></word><word seq="33">will<GreekSeq>32</GreekSeq></word><word seq="34">seek<GreekSeq>35</GreekSeq></word><word seq="35">the<GreekSeq>36</GreekSeq></word><word seq="36">young child<GreekSeq>37</GreekSeq></word><word seq="37">to destroy<GreekSeq>39</GreekSeq></word><word seq="38">him.<GreekSeq>40</GreekSeq></word></ASV></verse>
<verse number="14"><ASV><word seq="1">And<GreekSeq>2</GreekSeq></word><word seq="2">he<GreekSeq>1</GreekSeq></word><word seq="3">arose<GreekSeq>3</GreekSeq></word><word seq="4">and</word><word seq="5">took<GreekSeq>4</GreekSeq></word><word seq="6">the<GreekSeq>5</GreekSeq></word><word seq="7">young child<GreekSeq>6</GreekSeq></word><word seq="8">and<GreekSeq>7</GreekSeq></word><word seq="9">his<GreekSeq>10</GreekSeq></word><word seq="10">mother<GreekSeq>9</GreekSeq></word><word seq="11">by night,<GreekSeq>11</GreekSeq></word><word seq="12">and<GreekSeq>12</GreekSeq></word><word seq="13">departed<GreekSeq>13</GreekSeq></word><word seq="14">into<GreekSeq>14</GreekSeq></word><word seq="15">Egypt;<GreekSeq>15</GreekSeq></word></ASV></verse>
<verse number="15"><ASV><word seq="1">and<GreekSeq>1</GreekSeq></word><word seq="2">was<GreekSeq>2</GreekSeq></word><word seq="3">there<GreekSeq>3</GreekSeq></word><word seq="4">until<GreekSeq>4</GreekSeq></word><word seq="5">the<GreekSeq>5</GreekSeq></word><word seq="6">death<GreekSeq>6</GreekSeq></word><word seq="7">of Herod:<GreekSeq>7</GreekSeq></word><word seq="8">that<GreekSeq>8</GreekSeq></word><word seq="9">it might be fulfilled<GreekSeq>9</GreekSeq></word><word seq="10">which was spoken<GreekSeq>11</GreekSeq></word><word seq="11">by<GreekSeq>12</GreekSeq></word><word seq="12">the Lord<GreekSeq>13</GreekSeq></word><word seq="13">through<GreekSeq>14</GreekSeq></word><word seq="14">the<GreekSeq>15</GreekSeq></word><word seq="15">prophet,<GreekSeq>16</GreekSeq></word><word seq="16">saying,<GreekSeq>17</GreekSeq></word><word seq="17">Out of<GreekSeq>18</GreekSeq></word><word seq="18">Egypt<GreekSeq>19</GreekSeq></word><word seq="19">did I call<GreekSeq>20</GreekSeq></word><word seq="20">my<GreekSeq>23</GreekSeq></word><word seq="21">son.<GreekSeq>22</GreekSeq></word></ASV></verse>
<verse number="16"><ASV><word seq="1">Then<GreekSeq>1</GreekSeq></word><word seq="2">Herod,<GreekSeq>2</GreekSeq></word><word seq="3">when he saw<GreekSeq>3</GreekSeq></word><word seq="4">that<GreekSeq>4</GreekSeq></word><word seq="5">he was mocked<GreekSeq>5</GreekSeq></word><word seq="6">of<GreekSeq>6</GreekSeq></word><word seq="7">the<GreekSeq>7</GreekSeq></word><word seq="8">Wise-men,<GreekSeq>8</GreekSeq></word><word seq="9">was<GreekSeq>9</GreekSeq></word><word seq="10">exceeding<GreekSeq>10</GreekSeq></word><word seq="11">wroth,<GreekSeq>9</GreekSeq></word><word seq="12">and<GreekSeq>11</GreekSeq></word><word seq="13">sent forth,<GreekSeq>12</GreekSeq></word><word seq="14">and</word><word seq="15">slew<GreekSeq>13</GreekSeq></word><word seq="16">all<GreekSeq>14</GreekSeq></word><word seq="17">the<GreekSeq>15</GreekSeq></word><word seq="18">male children<GreekSeq>16</GreekSeq></word><word seq="19">that<GreekSeq>17</GreekSeq></word><word seq="20">were</word><word seq="21">in<GreekSeq>18</GreekSeq></word><word seq="22">Bethlehem,<GreekSeq>19</GreekSeq></word><word seq="23">and<GreekSeq>20</GreekSeq></word><word seq="24">in<GreekSeq>21</GreekSeq></word><word seq="25">all<GreekSeq>22</GreekSeq></word><word seq="26">the<GreekSeq>23</GreekSeq></word><word seq="27">borders<GreekSeq>24</GreekSeq></word><word seq="28">thereof,<GreekSeq>25</GreekSeq></word><word seq="29">from<GreekSeq>26</GreekSeq></word><word seq="30">two years old<GreekSeq>27</GreekSeq></word><word seq="31">and<GreekSeq>28</GreekSeq></word><word seq="32">under,<GreekSeq>29</GreekSeq></word><word seq="33">according to<GreekSeq>30</GreekSeq></word><word seq="34">the<GreekSeq>31</GreekSeq></word><word seq="35">time<GreekSeq>32</GreekSeq></word><word seq="36">which<GreekSeq>33</GreekSeq></word><word seq="37">he had exactly learned<GreekSeq>34</GreekSeq></word><word seq="38">of<GreekSeq>35</GreekSeq></word><word seq="39">the<GreekSeq>36</GreekSeq></word><word seq="40">Wise-men.<GreekSeq>37</GreekSeq></word></ASV></verse>
<verse number="17"><ASV><word seq="1">Then<GreekSeq>1</GreekSeq></word><word seq="2">was fulfilled<GreekSeq>2</GreekSeq></word><word seq="3">that<GreekSeq>3</GreekSeq></word><word seq="4">which was spoken<GreekSeq>4</GreekSeq></word><word seq="5">through<GreekSeq>5</GreekSeq></word><word seq="6">Jeremiah<GreekSeq>6</GreekSeq></word><word seq="7">the<GreekSeq>7</GreekSeq></word><word seq="8">prophet,<GreekSeq>8</GreekSeq></word><word seq="9">saying,<GreekSeq>9</GreekSeq></word></ASV></verse>
<verse number="18"><ASV><word seq="1">A voice<GreekSeq>1</GreekSeq></word><word seq="2">was heard<GreekSeq>4</GreekSeq></word><word seq="3">in<GreekSeq>2</GreekSeq></word><word seq="4">Ramah,<GreekSeq>3</GreekSeq></word><word seq="5">Weeping<GreekSeq>5</GreekSeq></word><word seq="6">and<GreekSeq>6</GreekSeq></word><word seq="7">great<GreekSeq>8</GreekSeq></word><word seq="8">mourning,<GreekSeq>7</GreekSeq></word><word seq="9">Rachel<GreekSeq>9</GreekSeq></word><word seq="10">weeping for<GreekSeq>10</GreekSeq></word><word seq="11">her<GreekSeq>13</GreekSeq></word><word seq="12">children;<GreekSeq>12</GreekSeq></word><word seq="13">And<GreekSeq>14</GreekSeq></word><word seq="14">she would<GreekSeq>16</GreekSeq></word><word seq="15">not<GreekSeq>15</GreekSeq></word><word seq="16">be comforted,<GreekSeq>17</GreekSeq></word><word seq="17">because<GreekSeq>18</GreekSeq></word><word seq="18">they are<GreekSeq>20</GreekSeq></word><word seq="19">not.<GreekSeq>19</GreekSeq></word></ASV></verse>
<verse number="19"><ASV><word seq="1">But<GreekSeq>2</GreekSeq></word><word seq="2">when<GreekSeq>1</GreekSeq></word><word seq="3">Herod<GreekSeq>4</GreekSeq></word><word seq="4">was dead,<GreekSeq>1</GreekSeq></word><word seq="5">behold,<GreekSeq>5</GreekSeq></word><word seq="6">an angel<GreekSeq>6</GreekSeq></word><word seq="7">of the Lord<GreekSeq>7</GreekSeq></word><word seq="8">appeareth<GreekSeq>8</GreekSeq></word><word seq="9">in<GreekSeq>9</GreekSeq></word><word seq="10">a dream<GreekSeq>10</GreekSeq></word><word seq="11">to Joseph<GreekSeq>11</GreekSeq><GreekSeq>12</GreekSeq></word><word seq="12">in<GreekSeq>13</GreekSeq></word><word seq="13">Egypt,<GreekSeq>14</GreekSeq></word><word seq="14" note="see next verse">saying,</word></ASV></verse>
<verse number="20"><ASV><word seq="1" note="from previous verse">saying,<GreekSeq>1</GreekSeq></word><word seq="2">Arise<GreekSeq>2</GreekSeq></word><word seq="3">and</word><word seq="4">take<GreekSeq>3</GreekSeq></word><word seq="5">the<GreekSeq>4</GreekSeq></word><word seq="6">young child<GreekSeq>5</GreekSeq></word><word seq="7">and<GreekSeq>6</GreekSeq></word><word seq="8">his<GreekSeq>9</GreekSeq></word><word seq="9">mother,<GreekSeq>8</GreekSeq></word><word seq="10">and<GreekSeq>10</GreekSeq></word><word seq="11">go<GreekSeq>11</GreekSeq></word><word seq="12">into<GreekSeq>12</GreekSeq></word><word seq="13">the land<GreekSeq>13</GreekSeq></word><word seq="14">of Israel:<GreekSeq>14</GreekSeq></word><word seq="15">for<GreekSeq>16</GreekSeq></word><word seq="16">they are dead<GreekSeq>15</GreekSeq></word><word seq="17">that sought<GreekSeq>18</GreekSeq></word><word seq="18">the<GreekSeq>19</GreekSeq></word><word seq="19">young child’s<GreekSeq>22</GreekSeq></word><word seq="20">life.<GreekSeq>20</GreekSeq></word></ASV></verse>
<verse number="21"><ASV><word seq="1">And<GreekSeq>2</GreekSeq></word><word seq="2">he<GreekSeq>1</GreekSeq></word><word seq="3">arose<GreekSeq>3</GreekSeq></word><word seq="4">and</word><word seq="5">took<GreekSeq>4</GreekSeq></word><word seq="6">the<GreekSeq>5</GreekSeq></word><word seq="7">young child<GreekSeq>6</GreekSeq></word><word seq="8">and<GreekSeq>7</GreekSeq></word><word seq="9">his<GreekSeq>10</GreekSeq></word><word seq="10">mother,<GreekSeq>9</GreekSeq></word><word seq="11">and<GreekSeq>11</GreekSeq></word><word seq="12">came<GreekSeq>12</GreekSeq></word><word seq="13">into<GreekSeq>13</GreekSeq></word><word seq="14">the land<GreekSeq>14</GreekSeq></word><word seq="15">of Israel.<GreekSeq>15</GreekSeq></word></ASV></verse>
<verse number="22"><ASV><word seq="1">But<GreekSeq>2</GreekSeq></word><word seq="2">when he heard<GreekSeq>1</GreekSeq></word><word seq="3">that<GreekSeq>3</GreekSeq></word><word seq="4">Archelaus<GreekSeq>4</GreekSeq></word><word seq="5">was reigning over<GreekSeq>5</GreekSeq></word><word seq="6">Judaea<GreekSeq>7</GreekSeq></word><word seq="7">in the room of<GreekSeq>8</GreekSeq></word><word seq="8">his<GreekSeq>11</GreekSeq></word><word seq="9">father<GreekSeq>10</GreekSeq></word><word seq="10">Herod,<GreekSeq>12</GreekSeq></word><word seq="11">he was afraid<GreekSeq>13</GreekSeq></word><word seq="12">to go<GreekSeq>15</GreekSeq></word><word seq="13">thither;<GreekSeq>14</GreekSeq></word><word seq="14">and<GreekSeq>17</GreekSeq></word><word seq="15">being warned [of God]<GreekSeq>16</GreekSeq></word><word seq="16">in<GreekSeq>18</GreekSeq></word><word seq="17">a dream,<GreekSeq>19</GreekSeq></word><word seq="18">he withdrew<GreekSeq>20</GreekSeq></word><word seq="19">into<GreekSeq>21</GreekSeq></word><word seq="20">the<GreekSeq>22</GreekSeq></word><word seq="21">parts<GreekSeq>23</GreekSeq></word><word seq="22">of Galilee,<GreekSeq>25</GreekSeq></word></ASV></verse>
<verse number="23"><ASV><word seq="1">and<GreekSeq>1</GreekSeq></word><word seq="2">came<GreekSeq>2</GreekSeq></word><word seq="3">and</word><word seq="4">dwelt<GreekSeq>3</GreekSeq></word><word seq="5">in<GreekSeq>4</GreekSeq></word><word seq="6">a city<GreekSeq>5</GreekSeq></word><word seq="7">called<GreekSeq>6</GreekSeq></word><word seq="8">Nazareth;<GreekSeq>7</GreekSeq></word><word seq="9">that<GreekSeq>8</GreekSeq></word><word seq="10">it might be fulfilled<GreekSeq>9</GreekSeq></word><word seq="11">which was spoken<GreekSeq>11</GreekSeq></word><word seq="12">through<GreekSeq>12</GreekSeq></word><word seq="13">the<GreekSeq>13</GreekSeq></word><word seq="14">prophets,<GreekSeq>14</GreekSeq></word><word seq="15">that<GreekSeq>15</GreekSeq></word><word seq="16">he should be called<GreekSeq>17</GreekSeq></word><word seq="17">a Nazarene.<GreekSeq>16</GreekSeq></word></ASV></verse>
</chapter></book>