<?xml version="1.0" encoding="UTF-8" standalone="no"?><book><chapter number="27">
<verse number="1"><ASV><word seq="1">Now<GreekSeq>2</GreekSeq></word><word seq="2">when<GreekSeq>3</GreekSeq></word><word seq="3">morning<GreekSeq>1</GreekSeq></word><word seq="4">was come,<GreekSeq>3</GreekSeq></word><word seq="5">all<GreekSeq>6</GreekSeq></word><word seq="6">the<GreekSeq>7</GreekSeq></word><word seq="7">chief priests<GreekSeq>8</GreekSeq></word><word seq="8">and<GreekSeq>9</GreekSeq></word><word seq="9">the<GreekSeq>10</GreekSeq></word><word seq="10">elders<GreekSeq>11</GreekSeq></word><word seq="11">of the<GreekSeq>12</GreekSeq></word><word seq="12">people<GreekSeq>13</GreekSeq></word><word seq="13">took<GreekSeq>5</GreekSeq></word><word seq="14">counsel<GreekSeq>4</GreekSeq></word><word seq="15">against<GreekSeq>14</GreekSeq></word><word seq="16">Jesus<GreekSeq>16</GreekSeq></word><word seq="17">to put<GreekSeq>17</GreekSeq><GreekSeq>18</GreekSeq></word><word seq="18">him<GreekSeq>19</GreekSeq></word><word seq="19">to death:<GreekSeq>18</GreekSeq></word></ASV></verse>
<verse number="2"><ASV><word seq="1">and<GreekSeq>1</GreekSeq></word><word seq="2">they bound<GreekSeq>2</GreekSeq></word><word seq="3">him,<GreekSeq>3</GreekSeq></word><word seq="4">and</word><word seq="5">led [him] away,<GreekSeq>4</GreekSeq></word><word seq="6">and<GreekSeq>5</GreekSeq></word><word seq="7">delivered [him] up<GreekSeq>6</GreekSeq></word><word seq="8">to Pilate<GreekSeq>7</GreekSeq></word><word seq="9">the<GreekSeq>8</GreekSeq></word><word seq="10">governor.<GreekSeq>9</GreekSeq></word></ASV></verse>
<verse number="3"><ASV><word seq="1">Then<GreekSeq>1</GreekSeq></word><word seq="2">Judas,<GreekSeq>3</GreekSeq></word><word seq="3">who betrayed<GreekSeq>5</GreekSeq></word><word seq="4">him,<GreekSeq>6</GreekSeq></word><word seq="5">when he saw<GreekSeq>2</GreekSeq></word><word seq="6">that<GreekSeq>7</GreekSeq></word><word seq="7">he was condemned,<GreekSeq>8</GreekSeq></word><word seq="8">repented himself,<GreekSeq>9</GreekSeq></word><word seq="9">and</word><word seq="10">brought back<GreekSeq>10</GreekSeq></word><word seq="11">the<GreekSeq>11</GreekSeq></word><word seq="12">thirty<GreekSeq>12</GreekSeq></word><word seq="13">pieces of silver<GreekSeq>13</GreekSeq></word><word seq="14">to the<GreekSeq>14</GreekSeq></word><word seq="15">chief priests<GreekSeq>15</GreekSeq></word><word seq="16">and<GreekSeq>16</GreekSeq></word><word seq="17">elders,<GreekSeq>17</GreekSeq></word></ASV></verse>
<verse number="4"><ASV><word seq="1">saying,<GreekSeq>1</GreekSeq></word><word seq="2">I have sinned<GreekSeq>2</GreekSeq></word><word seq="3">in that I betrayed<GreekSeq>3</GreekSeq></word><word seq="4">innocent<GreekSeq>5</GreekSeq></word><word seq="5">blood.<GreekSeq>4</GreekSeq></word><word seq="6">But<GreekSeq>7</GreekSeq></word><word seq="7">they<GreekSeq>6</GreekSeq></word><word seq="8">said,<GreekSeq>8</GreekSeq></word><word seq="9">What<GreekSeq>9</GreekSeq></word><word seq="10">is that</word><word seq="11">to<GreekSeq>10</GreekSeq></word><word seq="12">us?<GreekSeq>11</GreekSeq></word><word seq="13">see<GreekSeq>13</GreekSeq></word><word seq="14">thou<GreekSeq>12</GreekSeq></word><word seq="15">to it.</word></ASV></verse>
<verse number="5"><ASV><word seq="1">And<GreekSeq>1</GreekSeq></word><word seq="2">he cast down<GreekSeq>2</GreekSeq></word><word seq="3">the<GreekSeq>3</GreekSeq></word><word seq="4">pieces of silver<GreekSeq>4</GreekSeq></word><word seq="5">into<GreekSeq>5</GreekSeq></word><word seq="6">the<GreekSeq>6</GreekSeq></word><word seq="7">sanctuary,<GreekSeq>7</GreekSeq></word><word seq="8">and</word><word seq="9">departed;<GreekSeq>8</GreekSeq></word><word seq="10">and<GreekSeq>9</GreekSeq></word><word seq="11">he went away<GreekSeq>10</GreekSeq></word><word seq="12">and</word><word seq="13">hanged himself.<GreekSeq>11</GreekSeq></word></ASV></verse>
<verse number="6"><ASV><word seq="1">And<GreekSeq>2</GreekSeq></word><word seq="2">the<GreekSeq>1</GreekSeq></word><word seq="3">chief priests<GreekSeq>3</GreekSeq></word><word seq="4">took<GreekSeq>4</GreekSeq></word><word seq="5">the<GreekSeq>5</GreekSeq></word><word seq="6">pieces of silver,<GreekSeq>6</GreekSeq></word><word seq="7">and</word><word seq="8">said,<GreekSeq>7</GreekSeq></word><word seq="9">It is<GreekSeq>9</GreekSeq></word><word seq="10">not<GreekSeq>8</GreekSeq></word><word seq="11">lawful<GreekSeq>9</GreekSeq></word><word seq="12">to put<GreekSeq>10</GreekSeq></word><word seq="13">them<GreekSeq>11</GreekSeq></word><word seq="14">into<GreekSeq>12</GreekSeq></word><word seq="15">the<GreekSeq>13</GreekSeq></word><word seq="16">treasury,<GreekSeq>14</GreekSeq></word><word seq="17">since<GreekSeq>15</GreekSeq></word><word seq="18">it is<GreekSeq>18</GreekSeq></word><word seq="19">the price<GreekSeq>16</GreekSeq></word><word seq="20">of blood.<GreekSeq>17</GreekSeq></word></ASV></verse>
<verse number="7"><ASV><word seq="1">And<GreekSeq>2</GreekSeq></word><word seq="2">they took<GreekSeq>3</GreekSeq></word><word seq="3">counsel,<GreekSeq>1</GreekSeq></word><word seq="4">and</word><word seq="5">bought<GreekSeq>4</GreekSeq></word><word seq="6">with<GreekSeq>5</GreekSeq></word><word seq="7">them<GreekSeq>6</GreekSeq></word><word seq="8">the<GreekSeq>7</GreekSeq></word><word seq="9">potter’s<GreekSeq>10</GreekSeq></word><word seq="10">field,<GreekSeq>8</GreekSeq></word><word seq="11">to bury<GreekSeq>11</GreekSeq><GreekSeq>12</GreekSeq></word><word seq="12">strangers<GreekSeq>13</GreekSeq><GreekSeq>14</GreekSeq></word><word seq="13">in.</word></ASV></verse>
<verse number="8"><ASV><word seq="1">Wherefore<GreekSeq>1</GreekSeq></word><word seq="2">that<GreekSeq>5</GreekSeq></word><word seq="3">field<GreekSeq>4</GreekSeq></word><word seq="4">was called,<GreekSeq>2</GreekSeq></word><word seq="5">The field<GreekSeq>6</GreekSeq></word><word seq="6">of blood,<GreekSeq>7</GreekSeq></word><word seq="7">unto<GreekSeq>8</GreekSeq></word><word seq="8">this day.<GreekSeq>10</GreekSeq></word></ASV></verse>
<verse number="9"><ASV><word seq="1">Then<GreekSeq>1</GreekSeq></word><word seq="2">was fulfilled<GreekSeq>2</GreekSeq></word><word seq="3">that<GreekSeq>3</GreekSeq></word><word seq="4">which was spoken<GreekSeq>4</GreekSeq></word><word seq="5">through<GreekSeq>5</GreekSeq></word><word seq="6">Jeremiah<GreekSeq>6</GreekSeq></word><word seq="7">the<GreekSeq>7</GreekSeq></word><word seq="8">prophet,<GreekSeq>8</GreekSeq></word><word seq="9">saying,<GreekSeq>9</GreekSeq></word><word seq="10">And<GreekSeq>10</GreekSeq></word><word seq="11">they took<GreekSeq>11</GreekSeq></word><word seq="12">the<GreekSeq>12</GreekSeq></word><word seq="13">thirty<GreekSeq>13</GreekSeq></word><word seq="14">pieces of silver,<GreekSeq>14</GreekSeq></word><word seq="15">the<GreekSeq>15</GreekSeq></word><word seq="16">price<GreekSeq>16</GreekSeq></word><word seq="17">of him<GreekSeq>17</GreekSeq></word><word seq="18">that was priced,<GreekSeq>18</GreekSeq></word><word seq="19">whom<GreekSeq>19</GreekSeq></word><word seq="20">certain</word><word seq="21">of<GreekSeq>21</GreekSeq></word><word seq="22">the children<GreekSeq>22</GreekSeq></word><word seq="23">of Israel<GreekSeq>23</GreekSeq></word><word seq="24">did price;<GreekSeq>20</GreekSeq></word></ASV></verse>
<verse number="10"><ASV><word seq="1">and<GreekSeq>1</GreekSeq></word><word seq="2">they gave<GreekSeq>2</GreekSeq></word><word seq="3">them<GreekSeq>3</GreekSeq></word><word seq="4">for<GreekSeq>4</GreekSeq></word><word seq="5">the<GreekSeq>5</GreekSeq></word><word seq="6">potter’s<GreekSeq>8</GreekSeq></word><word seq="7">field,<GreekSeq>6</GreekSeq></word><word seq="8">as<GreekSeq>9</GreekSeq></word><word seq="9">the Lord<GreekSeq>12</GreekSeq></word><word seq="10">appointed<GreekSeq>10</GreekSeq></word><word seq="11">me.<GreekSeq>11</GreekSeq></word></ASV></verse>
<verse number="11"><ASV><word seq="1">Now<GreekSeq>2</GreekSeq></word><word seq="2">Jesus<GreekSeq>3</GreekSeq></word><word seq="3">stood<GreekSeq>4</GreekSeq></word><word seq="4">before<GreekSeq>5</GreekSeq></word><word seq="5">the<GreekSeq>6</GreekSeq></word><word seq="6">governor:<GreekSeq>7</GreekSeq></word><word seq="7">and<GreekSeq>8</GreekSeq></word><word seq="8">the<GreekSeq>11</GreekSeq></word><word seq="9">governor<GreekSeq>12</GreekSeq></word><word seq="10">asked<GreekSeq>9</GreekSeq></word><word seq="11">him,<GreekSeq>10</GreekSeq></word><word seq="12">saying,<GreekSeq>13</GreekSeq></word><word seq="13">Art<GreekSeq>15</GreekSeq></word><word seq="14">thou<GreekSeq>14</GreekSeq></word><word seq="15">the<GreekSeq>16</GreekSeq></word><word seq="16">King<GreekSeq>17</GreekSeq></word><word seq="17">of the<GreekSeq>18</GreekSeq></word><word seq="18">Jews?<GreekSeq>19</GreekSeq></word><word seq="19">And<GreekSeq>21</GreekSeq></word><word seq="20">Jesus<GreekSeq>22</GreekSeq></word><word seq="21">said<GreekSeq>23</GreekSeq></word><word seq="22">unto him,</word><word seq="23">Thou<GreekSeq>24</GreekSeq></word><word seq="24">sayest.<GreekSeq>25</GreekSeq></word></ASV></verse>
<verse number="12"><ASV><word seq="1">And<GreekSeq>1</GreekSeq></word><word seq="2">when<GreekSeq>2</GreekSeq><GreekSeq>3</GreekSeq></word><word seq="3">he<GreekSeq>5</GreekSeq></word><word seq="4">was accused<GreekSeq>4</GreekSeq></word><word seq="5">by<GreekSeq>6</GreekSeq></word><word seq="6">the<GreekSeq>7</GreekSeq></word><word seq="7">chief priests<GreekSeq>8</GreekSeq></word><word seq="8">and<GreekSeq>9</GreekSeq></word><word seq="9">elders,<GreekSeq>10</GreekSeq></word><word seq="10">he answered<GreekSeq>12</GreekSeq></word><word seq="11">nothing.<GreekSeq>11</GreekSeq></word></ASV></verse>
<verse number="13"><ASV><word seq="1">Then<GreekSeq>1</GreekSeq></word><word seq="2">saith<GreekSeq>2</GreekSeq></word><word seq="3">Pilate<GreekSeq>5</GreekSeq></word><word seq="4">unto him,<GreekSeq>3</GreekSeq></word><word seq="5">Hearest thou<GreekSeq>7</GreekSeq></word><word seq="6">not<GreekSeq>6</GreekSeq></word><word seq="7">how many things<GreekSeq>8</GreekSeq></word><word seq="8">they witness against<GreekSeq>10</GreekSeq></word><word seq="9">thee?<GreekSeq>9</GreekSeq></word></ASV></verse>
<verse number="14"><ASV><word seq="1">And<GreekSeq>1</GreekSeq></word><word seq="2">he gave<GreekSeq>3</GreekSeq></word><word seq="3">him<GreekSeq>4</GreekSeq></word><word seq="4">no<GreekSeq>2</GreekSeq></word><word seq="5">answer,<GreekSeq>3</GreekSeq></word><word seq="6">not even<GreekSeq>6</GreekSeq></word><word seq="7">to<GreekSeq>5</GreekSeq></word><word seq="8">one<GreekSeq>7</GreekSeq></word><word seq="9">word:<GreekSeq>8</GreekSeq></word><word seq="10">insomuch that<GreekSeq>9</GreekSeq></word><word seq="11">the<GreekSeq>11</GreekSeq></word><word seq="12">governor<GreekSeq>12</GreekSeq></word><word seq="13">marvelled<GreekSeq>10</GreekSeq></word><word seq="14">greatly.<GreekSeq>13</GreekSeq></word></ASV></verse>
<verse number="15"><ASV><word seq="1">Now<GreekSeq>2</GreekSeq></word><word seq="2">at<GreekSeq>1</GreekSeq></word><word seq="3">the feast<GreekSeq>3</GreekSeq></word><word seq="4">the<GreekSeq>5</GreekSeq></word><word seq="5">governor<GreekSeq>6</GreekSeq></word><word seq="6">was wont<GreekSeq>4</GreekSeq></word><word seq="7">to release<GreekSeq>7</GreekSeq></word><word seq="8">unto the<GreekSeq>9</GreekSeq></word><word seq="9">multitude<GreekSeq>10</GreekSeq></word><word seq="10">one<GreekSeq>8</GreekSeq></word><word seq="11">prisoner,<GreekSeq>11</GreekSeq></word><word seq="12">whom<GreekSeq>12</GreekSeq></word><word seq="13">they would.<GreekSeq>13</GreekSeq></word></ASV></verse>
<verse number="16"><ASV><word seq="1">And<GreekSeq>2</GreekSeq></word><word seq="2">they had<GreekSeq>1</GreekSeq></word><word seq="3">then<GreekSeq>3</GreekSeq></word><word seq="4">a notable<GreekSeq>5</GreekSeq></word><word seq="5">prisoner,<GreekSeq>4</GreekSeq></word><word seq="6">called<GreekSeq>6</GreekSeq></word><word seq="7">Barabbas.<GreekSeq>8</GreekSeq></word></ASV></verse>
<verse number="17"><ASV><word seq="1">When<GreekSeq>1</GreekSeq></word><word seq="2">therefore<GreekSeq>2</GreekSeq></word><word seq="3">they<GreekSeq>3</GreekSeq></word><word seq="4">were gathered together,<GreekSeq>1</GreekSeq></word><word seq="5">Pilate<GreekSeq>7</GreekSeq></word><word seq="6">said<GreekSeq>4</GreekSeq></word><word seq="7">unto them,<GreekSeq>5</GreekSeq></word><word seq="8">Whom<GreekSeq>8</GreekSeq></word><word seq="9">will ye<GreekSeq>9</GreekSeq></word><word seq="10">that I release<GreekSeq>10</GreekSeq></word><word seq="11">unto you?<GreekSeq>11</GreekSeq></word><word seq="12">Barabbas,<GreekSeq>14</GreekSeq></word><word seq="13">or<GreekSeq>15</GreekSeq></word><word seq="14">Jesus<GreekSeq>16</GreekSeq></word><word seq="15">who is called<GreekSeq>18</GreekSeq></word><word seq="16">Christ?<GreekSeq>19</GreekSeq></word></ASV></verse>
<verse number="18"><ASV><word seq="1">For<GreekSeq>2</GreekSeq></word><word seq="2">he knew<GreekSeq>1</GreekSeq></word><word seq="3">that<GreekSeq>3</GreekSeq></word><word seq="4">for<GreekSeq>4</GreekSeq></word><word seq="5">envy<GreekSeq>5</GreekSeq></word><word seq="6">they had delivered<GreekSeq>6</GreekSeq></word><word seq="7">him<GreekSeq>7</GreekSeq></word><word seq="8">up.<GreekSeq>6</GreekSeq></word></ASV></verse>
<verse number="19"><ASV><word seq="1">And<GreekSeq>2</GreekSeq></word><word seq="2">while<GreekSeq>1</GreekSeq></word><word seq="3">he<GreekSeq>3</GreekSeq></word><word seq="4">was sitting<GreekSeq>1</GreekSeq></word><word seq="5">on<GreekSeq>4</GreekSeq></word><word seq="6">the<GreekSeq>5</GreekSeq></word><word seq="7">judgment-seat,<GreekSeq>6</GreekSeq></word><word seq="8">his<GreekSeq>12</GreekSeq></word><word seq="9">wife<GreekSeq>11</GreekSeq></word><word seq="10">sent<GreekSeq>7</GreekSeq></word><word seq="11">unto<GreekSeq>8</GreekSeq></word><word seq="12">him,<GreekSeq>9</GreekSeq></word><word seq="13">saying,<GreekSeq>13</GreekSeq></word><word seq="14">Have</word><word seq="15">thou<GreekSeq>15</GreekSeq></word><word seq="16">nothing [to do]<GreekSeq>14</GreekSeq></word><word seq="17">with that<GreekSeq>19</GreekSeq></word><word seq="18">righteous man;<GreekSeq>17</GreekSeq><GreekSeq>18</GreekSeq></word><word seq="19">for<GreekSeq>21</GreekSeq></word><word seq="20">I have suffered<GreekSeq>22</GreekSeq></word><word seq="21">many things<GreekSeq>20</GreekSeq></word><word seq="22">this day<GreekSeq>23</GreekSeq></word><word seq="23">in<GreekSeq>24</GreekSeq></word><word seq="24">a dream<GreekSeq>25</GreekSeq></word><word seq="25">because of<GreekSeq>26</GreekSeq></word><word seq="26">him.<GreekSeq>27</GreekSeq></word></ASV></verse>
<verse number="20"><ASV><word seq="1">Now<GreekSeq>2</GreekSeq></word><word seq="2">the<GreekSeq>1</GreekSeq></word><word seq="3">chief priests<GreekSeq>3</GreekSeq></word><word seq="4">and<GreekSeq>4</GreekSeq></word><word seq="5">the<GreekSeq>5</GreekSeq></word><word seq="6">elders<GreekSeq>6</GreekSeq></word><word seq="7">persuaded<GreekSeq>7</GreekSeq></word><word seq="8">the<GreekSeq>8</GreekSeq></word><word seq="9">multitudes<GreekSeq>9</GreekSeq></word><word seq="10">that<GreekSeq>10</GreekSeq></word><word seq="11">they should ask<GreekSeq>11</GreekSeq></word><word seq="12">for Barabbas,<GreekSeq>13</GreekSeq></word><word seq="13">and<GreekSeq>15</GreekSeq></word><word seq="14">destroy<GreekSeq>17</GreekSeq></word><word seq="15">Jesus.<GreekSeq>16</GreekSeq></word></ASV></verse>
<verse number="21"><ASV><word seq="1">But<GreekSeq>2</GreekSeq></word><word seq="2">the<GreekSeq>3</GreekSeq></word><word seq="3">governor<GreekSeq>4</GreekSeq></word><word seq="4">answered<GreekSeq>1</GreekSeq></word><word seq="5">and</word><word seq="6">said<GreekSeq>5</GreekSeq></word><word seq="7">unto them,<GreekSeq>6</GreekSeq></word><word seq="8">Which<GreekSeq>7</GreekSeq></word><word seq="9">of<GreekSeq>9</GreekSeq></word><word seq="10">the<GreekSeq>10</GreekSeq></word><word seq="11">two<GreekSeq>11</GreekSeq></word><word seq="12">will ye<GreekSeq>8</GreekSeq></word><word seq="13">that</word><word seq="14">I release<GreekSeq>12</GreekSeq></word><word seq="15">unto you?<GreekSeq>13</GreekSeq></word><word seq="16">And<GreekSeq>15</GreekSeq></word><word seq="17">they<GreekSeq>14</GreekSeq></word><word seq="18">said,<GreekSeq>16</GreekSeq></word><word seq="19">Barabbas.<GreekSeq>18</GreekSeq></word></ASV></verse>
<verse number="22"><ASV><word seq="1">Pilate<GreekSeq>4</GreekSeq></word><word seq="2">saith<GreekSeq>1</GreekSeq></word><word seq="3">unto them,<GreekSeq>2</GreekSeq></word><word seq="4">What<GreekSeq>5</GreekSeq></word><word seq="5">then<GreekSeq>6</GreekSeq></word><word seq="6">shall I do<GreekSeq>7</GreekSeq></word><word seq="7">unto Jesus<GreekSeq>8</GreekSeq></word><word seq="8">who is called<GreekSeq>10</GreekSeq></word><word seq="9">Christ?<GreekSeq>11</GreekSeq></word><word seq="10">They<GreekSeq>12</GreekSeq></word><word seq="11">all<GreekSeq>13</GreekSeq></word><word seq="12">say,<GreekSeq>12</GreekSeq></word><word seq="13">Let him be crucified.<GreekSeq>14</GreekSeq></word></ASV></verse>
<verse number="23"><ASV><word seq="1">And<GreekSeq>2</GreekSeq></word><word seq="2">he<GreekSeq>1</GreekSeq></word><word seq="3">said,<GreekSeq>3</GreekSeq></word><word seq="4">Why,<GreekSeq>5</GreekSeq></word><word seq="5">what<GreekSeq>4</GreekSeq></word><word seq="6">evil<GreekSeq>6</GreekSeq></word><word seq="7">hath he done?<GreekSeq>7</GreekSeq></word><word seq="8">But<GreekSeq>9</GreekSeq></word><word seq="9">they<GreekSeq>8</GreekSeq></word><word seq="10">cried out<GreekSeq>11</GreekSeq></word><word seq="11">exceedingly,<GreekSeq>10</GreekSeq></word><word seq="12">saying,<GreekSeq>12</GreekSeq></word><word seq="13">Let him be crucified.<GreekSeq>13</GreekSeq></word></ASV></verse>
<verse number="24"><ASV><word seq="1">So<GreekSeq>2</GreekSeq></word><word seq="2">when<GreekSeq>1</GreekSeq></word><word seq="3">Pilate<GreekSeq>4</GreekSeq></word><word seq="4">saw<GreekSeq>1</GreekSeq></word><word seq="5">that<GreekSeq>5</GreekSeq></word><word seq="6">he prevailed<GreekSeq>7</GreekSeq></word><word seq="7">nothing,<GreekSeq>6</GreekSeq></word><word seq="8">but<GreekSeq>8</GreekSeq></word><word seq="9">rather<GreekSeq>9</GreekSeq></word><word seq="10">that</word><word seq="11">a tumult<GreekSeq>10</GreekSeq></word><word seq="12">was arising,<GreekSeq>11</GreekSeq></word><word seq="13">he took<GreekSeq>12</GreekSeq></word><word seq="14">water,<GreekSeq>13</GreekSeq></word><word seq="15">and</word><word seq="16">washed<GreekSeq>14</GreekSeq></word><word seq="17">his</word><word seq="18">hands<GreekSeq>16</GreekSeq></word><word seq="19">before<GreekSeq>17</GreekSeq></word><word seq="20">the<GreekSeq>18</GreekSeq></word><word seq="21">multitude,<GreekSeq>19</GreekSeq></word><word seq="22">saying,<GreekSeq>20</GreekSeq></word><word seq="23">I am<GreekSeq>22</GreekSeq></word><word seq="24">innocent<GreekSeq>21</GreekSeq></word><word seq="25">of<GreekSeq>23</GreekSeq></word><word seq="26">the<GreekSeq>24</GreekSeq></word><word seq="27">blood<GreekSeq>25</GreekSeq></word><word seq="28">of this<GreekSeq>26</GreekSeq></word><word seq="29">righteous man;</word><word seq="30">see<GreekSeq>28</GreekSeq></word><word seq="31">ye<GreekSeq>27</GreekSeq></word><word seq="32">[to it].<GreekSeq>28</GreekSeq></word></ASV></verse>
<verse number="25"><ASV><word seq="1">And<GreekSeq>1</GreekSeq></word><word seq="2">all<GreekSeq>3</GreekSeq></word><word seq="3">the<GreekSeq>4</GreekSeq></word><word seq="4">people<GreekSeq>5</GreekSeq></word><word seq="5">answered<GreekSeq>2</GreekSeq></word><word seq="6">and</word><word seq="7">said,<GreekSeq>6</GreekSeq></word><word seq="8">His<GreekSeq>9</GreekSeq></word><word seq="9">blood<GreekSeq>8</GreekSeq></word><word seq="10">be</word><word seq="11">on<GreekSeq>10</GreekSeq></word><word seq="12">us,<GreekSeq>11</GreekSeq></word><word seq="13">and<GreekSeq>12</GreekSeq></word><word seq="14">on<GreekSeq>13</GreekSeq></word><word seq="15">our<GreekSeq>16</GreekSeq></word><word seq="16">children.<GreekSeq>15</GreekSeq></word></ASV></verse>
<verse number="26"><ASV><word seq="1">Then<GreekSeq>1</GreekSeq></word><word seq="2">released he<GreekSeq>2</GreekSeq></word><word seq="3">unto them<GreekSeq>3</GreekSeq></word><word seq="4">Barabbas;<GreekSeq>5</GreekSeq></word><word seq="5">but<GreekSeq>7</GreekSeq></word><word seq="6">Jesus<GreekSeq>8</GreekSeq></word><word seq="7">he scourged<GreekSeq>9</GreekSeq></word><word seq="8">and</word><word seq="9">delivered<GreekSeq>10</GreekSeq></word><word seq="10">to be crucified.<GreekSeq>11</GreekSeq><GreekSeq>12</GreekSeq></word></ASV></verse>
<verse number="27"><ASV><word seq="1">Then<GreekSeq>1</GreekSeq></word><word seq="2">the<GreekSeq>2</GreekSeq></word><word seq="3">soldiers<GreekSeq>3</GreekSeq></word><word seq="4">of the<GreekSeq>4</GreekSeq></word><word seq="5">governor<GreekSeq>5</GreekSeq></word><word seq="6">took<GreekSeq>6</GreekSeq></word><word seq="7">Jesus<GreekSeq>8</GreekSeq></word><word seq="8">into<GreekSeq>9</GreekSeq></word><word seq="9">the<GreekSeq>10</GreekSeq></word><word seq="10">Praetorium,<GreekSeq>11</GreekSeq></word><word seq="11">and</word><word seq="12">gathered<GreekSeq>12</GreekSeq></word><word seq="13">unto<GreekSeq>13</GreekSeq></word><word seq="14">him<GreekSeq>14</GreekSeq></word><word seq="15">the<GreekSeq>16</GreekSeq></word><word seq="16">whole<GreekSeq>15</GreekSeq></word><word seq="17">band.<GreekSeq>17</GreekSeq></word></ASV></verse>
<verse number="28"><ASV><word seq="1">And<GreekSeq>1</GreekSeq></word><word seq="2">they stripped<GreekSeq>2</GreekSeq></word><word seq="3">him,<GreekSeq>3</GreekSeq></word><word seq="4">and</word><word seq="5">put on<GreekSeq>6</GreekSeq></word><word seq="6">him<GreekSeq>7</GreekSeq></word><word seq="7">a scarlet<GreekSeq>5</GreekSeq></word><word seq="8">robe.<GreekSeq>4</GreekSeq></word></ASV></verse>
<verse number="29"><ASV><word seq="1">And<GreekSeq>1</GreekSeq></word><word seq="2">they platted<GreekSeq>2</GreekSeq></word><word seq="3">a crown<GreekSeq>3</GreekSeq></word><word seq="4">of<GreekSeq>4</GreekSeq></word><word seq="5">thorns<GreekSeq>5</GreekSeq></word><word seq="6">and</word><word seq="7">put<GreekSeq>6</GreekSeq></word><word seq="8">it</word><word seq="9">upon<GreekSeq>7</GreekSeq></word><word seq="10">his<GreekSeq>10</GreekSeq></word><word seq="11">head,<GreekSeq>9</GreekSeq></word><word seq="12">and<GreekSeq>11</GreekSeq></word><word seq="13">a reed<GreekSeq>12</GreekSeq></word><word seq="14">in<GreekSeq>13</GreekSeq></word><word seq="15">his<GreekSeq>16</GreekSeq></word><word seq="16">right hand;<GreekSeq>14</GreekSeq><GreekSeq>15</GreekSeq></word><word seq="17">and<GreekSeq>17</GreekSeq></word><word seq="18">they kneeled down<GreekSeq>18</GreekSeq></word><word seq="19">before<GreekSeq>19</GreekSeq></word><word seq="20">him,<GreekSeq>20</GreekSeq></word><word seq="21">and</word><word seq="22">mocked<GreekSeq>21</GreekSeq></word><word seq="23">him,<GreekSeq>22</GreekSeq></word><word seq="24">saying,<GreekSeq>23</GreekSeq></word><word seq="25">Hail,<GreekSeq>24</GreekSeq></word><word seq="26">King<GreekSeq>25</GreekSeq></word><word seq="27">of the<GreekSeq>26</GreekSeq></word><word seq="28">Jews!<GreekSeq>27</GreekSeq></word></ASV></verse>
<verse number="30"><ASV><word seq="1">And<GreekSeq>1</GreekSeq></word><word seq="2">they spat<GreekSeq>2</GreekSeq></word><word seq="3">upon<GreekSeq>3</GreekSeq></word><word seq="4">him,<GreekSeq>4</GreekSeq></word><word seq="5">and</word><word seq="6">took<GreekSeq>5</GreekSeq></word><word seq="7">the<GreekSeq>6</GreekSeq></word><word seq="8">reed<GreekSeq>7</GreekSeq></word><word seq="9">and<GreekSeq>8</GreekSeq></word><word seq="10">smote<GreekSeq>9</GreekSeq></word><word seq="11">him<GreekSeq>13</GreekSeq></word><word seq="12">on<GreekSeq>10</GreekSeq></word><word seq="13">the<GreekSeq>11</GreekSeq></word><word seq="14">head.<GreekSeq>12</GreekSeq></word></ASV></verse>
<verse number="31"><ASV><word seq="1">And<GreekSeq>1</GreekSeq></word><word seq="2">when<GreekSeq>2</GreekSeq></word><word seq="3">they had mocked<GreekSeq>3</GreekSeq></word><word seq="4">him,<GreekSeq>4</GreekSeq></word><word seq="5">they took off<GreekSeq>5</GreekSeq></word><word seq="6">from him<GreekSeq>6</GreekSeq></word><word seq="7">the<GreekSeq>7</GreekSeq></word><word seq="8">robe,<GreekSeq>8</GreekSeq></word><word seq="9">and<GreekSeq>9</GreekSeq></word><word seq="10">put on<GreekSeq>10</GreekSeq></word><word seq="11">him<GreekSeq>11</GreekSeq></word><word seq="12">his<GreekSeq>14</GreekSeq></word><word seq="13">garments,<GreekSeq>13</GreekSeq></word><word seq="14">and<GreekSeq>15</GreekSeq></word><word seq="15">led<GreekSeq>16</GreekSeq></word><word seq="16">him<GreekSeq>17</GreekSeq></word><word seq="17">away<GreekSeq>16</GreekSeq></word><word seq="18">to crucify<GreekSeq>20</GreekSeq></word><word seq="19">him.</word></ASV></verse>
<verse number="32"><ASV><word seq="1">And<GreekSeq>2</GreekSeq></word><word seq="2">as they came out,<GreekSeq>1</GreekSeq></word><word seq="3">they found<GreekSeq>3</GreekSeq></word><word seq="4">a man<GreekSeq>4</GreekSeq></word><word seq="5">of Cyrene,<GreekSeq>5</GreekSeq></word><word seq="6">Simon<GreekSeq>7</GreekSeq></word><word seq="7">by name:<GreekSeq>6</GreekSeq></word><word seq="8">him<GreekSeq>8</GreekSeq></word><word seq="9">they compelled<GreekSeq>9</GreekSeq></word><word seq="10">to go with them,</word><word seq="11">that<GreekSeq>10</GreekSeq></word><word seq="12">he might bear<GreekSeq>11</GreekSeq></word><word seq="13">his<GreekSeq>14</GreekSeq></word><word seq="14">cross.<GreekSeq>13</GreekSeq></word></ASV></verse>
<verse number="33"><ASV><word seq="1">And<GreekSeq>1</GreekSeq></word><word seq="2">when they were come<GreekSeq>2</GreekSeq></word><word seq="3">unto<GreekSeq>3</GreekSeq></word><word seq="4">a place<GreekSeq>4</GreekSeq></word><word seq="5">called<GreekSeq>5</GreekSeq></word><word seq="6">Golgotha,<GreekSeq>6</GreekSeq></word><word seq="7">that<GreekSeq>7</GreekSeq></word><word seq="8">is<GreekSeq>8</GreekSeq></word><word seq="9">to say,<GreekSeq>11</GreekSeq></word><word seq="10">The place<GreekSeq>10</GreekSeq></word><word seq="11">of a skull,<GreekSeq>9</GreekSeq></word></ASV></verse>
<verse number="34"><ASV><word seq="1">they gave<GreekSeq>1</GreekSeq></word><word seq="2">him<GreekSeq>2</GreekSeq></word><word seq="3">wine<GreekSeq>4</GreekSeq></word><word seq="4">to drink<GreekSeq>3</GreekSeq></word><word seq="5">mingled<GreekSeq>7</GreekSeq></word><word seq="6">with<GreekSeq>5</GreekSeq></word><word seq="7">gall:<GreekSeq>6</GreekSeq></word><word seq="8">and<GreekSeq>8</GreekSeq></word><word seq="9">when he had tasted<GreekSeq>9</GreekSeq></word><word seq="10">it,</word><word seq="11">he would<GreekSeq>11</GreekSeq></word><word seq="12">not<GreekSeq>10</GreekSeq></word><word seq="13">drink.<GreekSeq>12</GreekSeq></word></ASV></verse>
<verse number="35"><ASV><word seq="1">And<GreekSeq>2</GreekSeq></word><word seq="2">when they had crucified<GreekSeq>1</GreekSeq></word><word seq="3">him,<GreekSeq>3</GreekSeq></word><word seq="4">they parted<GreekSeq>4</GreekSeq></word><word seq="5">his<GreekSeq>7</GreekSeq></word><word seq="6">garments<GreekSeq>6</GreekSeq></word><word seq="7">among them,<GreekSeq>4</GreekSeq></word><word seq="8">casting<GreekSeq>8</GreekSeq></word><word seq="9">lots;<GreekSeq>9</GreekSeq></word></ASV></verse>
<verse number="36"><ASV><word seq="1">and<GreekSeq>1</GreekSeq></word><word seq="2">they sat<GreekSeq>2</GreekSeq></word><word seq="3">and</word><word seq="4">watched<GreekSeq>3</GreekSeq></word><word seq="5">him<GreekSeq>4</GreekSeq></word><word seq="6">there.<GreekSeq>5</GreekSeq></word></ASV></verse>
<verse number="37"><ASV><word seq="1">And<GreekSeq>1</GreekSeq></word><word seq="2">they set up<GreekSeq>2</GreekSeq></word><word seq="3">over<GreekSeq>3</GreekSeq></word><word seq="4">his<GreekSeq>6</GreekSeq></word><word seq="5">head<GreekSeq>5</GreekSeq></word><word seq="6">his<GreekSeq>9</GreekSeq></word><word seq="7">accusation<GreekSeq>8</GreekSeq></word><word seq="8">written,<GreekSeq>10</GreekSeq></word><word seq="9">THIS<GreekSeq>11</GreekSeq></word><word seq="10">IS<GreekSeq>12</GreekSeq></word><word seq="11">JESUS<GreekSeq>13</GreekSeq></word><word seq="12">THE<GreekSeq>14</GreekSeq></word><word seq="13">KING<GreekSeq>15</GreekSeq></word><word seq="14">OF THE<GreekSeq>16</GreekSeq></word><word seq="15">JEWS.<GreekSeq>17</GreekSeq></word></ASV></verse>
<verse number="38"><ASV><word seq="1">Then<GreekSeq>1</GreekSeq></word><word seq="2">are there crucified<GreekSeq>2</GreekSeq></word><word seq="3">with<GreekSeq>3</GreekSeq></word><word seq="4">him<GreekSeq>4</GreekSeq></word><word seq="5">two<GreekSeq>5</GreekSeq></word><word seq="6">robbers,<GreekSeq>6</GreekSeq></word><word seq="7">one<GreekSeq>7</GreekSeq></word><word seq="8">on<GreekSeq>8</GreekSeq></word><word seq="9">the</word><word seq="10">right hand<GreekSeq>9</GreekSeq></word><word seq="11">and<GreekSeq>10</GreekSeq></word><word seq="12">one<GreekSeq>11</GreekSeq></word><word seq="13">on<GreekSeq>12</GreekSeq></word><word seq="14">the</word><word seq="15">left.<GreekSeq>13</GreekSeq></word></ASV></verse>
<verse number="39"><ASV><word seq="1">And<GreekSeq>2</GreekSeq></word><word seq="2">they<GreekSeq>1</GreekSeq></word><word seq="3">that passed by<GreekSeq>3</GreekSeq></word><word seq="4">railed<GreekSeq>4</GreekSeq></word><word seq="5">on him,<GreekSeq>5</GreekSeq></word><word seq="6">wagging<GreekSeq>6</GreekSeq></word><word seq="7">their<GreekSeq>9</GreekSeq></word><word seq="8">heads,<GreekSeq>8</GreekSeq></word></ASV></verse>
<verse number="40"><ASV><word seq="1">and<GreekSeq>1</GreekSeq></word><word seq="2">saying,<GreekSeq>2</GreekSeq></word><word seq="3">Thou<GreekSeq>3</GreekSeq></word><word seq="4">that destroyest<GreekSeq>4</GreekSeq></word><word seq="5">the<GreekSeq>5</GreekSeq></word><word seq="6">temple,<GreekSeq>6</GreekSeq></word><word seq="7">and<GreekSeq>7</GreekSeq></word><word seq="8">buildest<GreekSeq>11</GreekSeq></word><word seq="9">it</word><word seq="10">in<GreekSeq>8</GreekSeq></word><word seq="11">three<GreekSeq>9</GreekSeq></word><word seq="12">days,<GreekSeq>10</GreekSeq></word><word seq="13">save<GreekSeq>12</GreekSeq></word><word seq="14">thyself:<GreekSeq>13</GreekSeq></word><word seq="15">if<GreekSeq>14</GreekSeq></word><word seq="16">thou art<GreekSeq>16</GreekSeq></word><word seq="17">the Son<GreekSeq>15</GreekSeq></word><word seq="18">of God,<GreekSeq>18</GreekSeq></word><word seq="19">come down<GreekSeq>20</GreekSeq></word><word seq="20">from<GreekSeq>21</GreekSeq></word><word seq="21">the<GreekSeq>22</GreekSeq></word><word seq="22">cross.<GreekSeq>23</GreekSeq></word></ASV></verse>
<verse number="41"><ASV><word seq="1">In like manner<GreekSeq>1</GreekSeq></word><word seq="2">also<GreekSeq>2</GreekSeq></word><word seq="3">the<GreekSeq>3</GreekSeq></word><word seq="4">chief priests<GreekSeq>4</GreekSeq></word><word seq="5">mocking<GreekSeq>5</GreekSeq></word><word seq="6">him,</word><word seq="7">with<GreekSeq>6</GreekSeq></word><word seq="8">the<GreekSeq>7</GreekSeq></word><word seq="9">scribes<GreekSeq>8</GreekSeq></word><word seq="10">and<GreekSeq>9</GreekSeq></word><word seq="11">elders,<GreekSeq>10</GreekSeq></word><word seq="12">said,<GreekSeq>11</GreekSeq></word></ASV></verse>
<verse number="42"><ASV><word seq="1">He saved<GreekSeq>2</GreekSeq></word><word seq="2">others;<GreekSeq>1</GreekSeq></word><word seq="3">himself<GreekSeq>3</GreekSeq></word><word seq="4">he cannot<GreekSeq>4</GreekSeq><GreekSeq>5</GreekSeq></word><word seq="5">save.<GreekSeq>6</GreekSeq></word><word seq="6">He is<GreekSeq>9</GreekSeq></word><word seq="7">the King<GreekSeq>7</GreekSeq></word><word seq="8">of Israel;<GreekSeq>8</GreekSeq></word><word seq="9">let him<GreekSeq>10</GreekSeq></word><word seq="10">now<GreekSeq>11</GreekSeq></word><word seq="11">come down<GreekSeq>10</GreekSeq></word><word seq="12">from<GreekSeq>12</GreekSeq></word><word seq="13">the<GreekSeq>13</GreekSeq></word><word seq="14">cross,<GreekSeq>14</GreekSeq></word><word seq="15">and<GreekSeq>15</GreekSeq></word><word seq="16">we will believe<GreekSeq>16</GreekSeq></word><word seq="17">on<GreekSeq>17</GreekSeq></word><word seq="18">him.<GreekSeq>18</GreekSeq></word></ASV></verse>
<verse number="43"><ASV><word seq="1">He trusteth<GreekSeq>1</GreekSeq></word><word seq="2">on<GreekSeq>2</GreekSeq></word><word seq="3">God;<GreekSeq>4</GreekSeq></word><word seq="4">let him deliver<GreekSeq>5</GreekSeq></word><word seq="5">him</word><word seq="6">now,<GreekSeq>6</GreekSeq></word><word seq="7">if<GreekSeq>7</GreekSeq></word><word seq="8">he desireth<GreekSeq>8</GreekSeq></word><word seq="9">him:<GreekSeq>9</GreekSeq></word><word seq="10">for<GreekSeq>11</GreekSeq></word><word seq="11">he said,<GreekSeq>10</GreekSeq></word><word seq="12">I am<GreekSeq>14</GreekSeq></word><word seq="13">the Son<GreekSeq>15</GreekSeq></word><word seq="14">of God.<GreekSeq>13</GreekSeq></word></ASV></verse>
<verse number="44"><ASV><word seq="1">And<GreekSeq>2</GreekSeq></word><word seq="2">the<GreekSeq>5</GreekSeq></word><word seq="3">robbers<GreekSeq>6</GreekSeq></word><word seq="4">also<GreekSeq>4</GreekSeq></word><word seq="5">that were crucified<GreekSeq>8</GreekSeq></word><word seq="6">with<GreekSeq>9</GreekSeq></word><word seq="7">him<GreekSeq>10</GreekSeq></word><word seq="8">cast<GreekSeq>11</GreekSeq></word><word seq="9">upon him<GreekSeq>12</GreekSeq></word><word seq="10">the<GreekSeq>1</GreekSeq></word><word seq="11">same<GreekSeq>3</GreekSeq></word><word seq="12">reproach.<GreekSeq>11</GreekSeq></word></ASV></verse>
<verse number="45"><ASV><word seq="1">Now<GreekSeq>2</GreekSeq></word><word seq="2">from<GreekSeq>1</GreekSeq></word><word seq="3">the</word><word seq="4">sixth<GreekSeq>3</GreekSeq></word><word seq="5">hour<GreekSeq>4</GreekSeq></word><word seq="6">there was<GreekSeq>6</GreekSeq></word><word seq="7">darkness<GreekSeq>5</GreekSeq></word><word seq="8">over<GreekSeq>7</GreekSeq></word><word seq="9">all<GreekSeq>8</GreekSeq></word><word seq="10">the<GreekSeq>9</GreekSeq></word><word seq="11">land<GreekSeq>10</GreekSeq></word><word seq="12">until<GreekSeq>11</GreekSeq></word><word seq="13">the</word><word seq="14">ninth<GreekSeq>13</GreekSeq></word><word seq="15">hour.<GreekSeq>12</GreekSeq></word></ASV></verse>
<verse number="46"><ASV><word seq="1">And<GreekSeq>2</GreekSeq></word><word seq="2">about<GreekSeq>1</GreekSeq></word><word seq="3">the<GreekSeq>3</GreekSeq></word><word seq="4">ninth<GreekSeq>4</GreekSeq></word><word seq="5">hour<GreekSeq>5</GreekSeq></word><word seq="6">Jesus<GreekSeq>8</GreekSeq></word><word seq="7">cried<GreekSeq>6</GreekSeq></word><word seq="8">with a loud<GreekSeq>10</GreekSeq></word><word seq="9">voice,<GreekSeq>9</GreekSeq></word><word seq="10">saying,<GreekSeq>11</GreekSeq></word><word seq="11">Eli,<GreekSeq>12</GreekSeq></word><word seq="12">Eli,<GreekSeq>13</GreekSeq></word><word seq="13">lama<GreekSeq>14</GreekSeq></word><word seq="14">sabachthani?<GreekSeq>15</GreekSeq></word><word seq="15">that<GreekSeq>16</GreekSeq></word><word seq="16">is,<GreekSeq>17</GreekSeq></word><word seq="17">My<GreekSeq>19</GreekSeq></word><word seq="18">God,<GreekSeq>18</GreekSeq></word><word seq="19">my<GreekSeq>21</GreekSeq></word><word seq="20">God,<GreekSeq>20</GreekSeq></word><word seq="21">why<GreekSeq>22</GreekSeq></word><word seq="22">hast thou forsaken<GreekSeq>24</GreekSeq></word><word seq="23">me?<GreekSeq>23</GreekSeq></word></ASV></verse>
<verse number="47"><ASV><word seq="1">And<GreekSeq>2</GreekSeq></word><word seq="2">some<GreekSeq>1</GreekSeq></word><word seq="3">of them<GreekSeq>3</GreekSeq></word><word seq="4">that stood<GreekSeq>5</GreekSeq></word><word seq="5">there,<GreekSeq>4</GreekSeq></word><word seq="6">when they heard<GreekSeq>6</GreekSeq></word><word seq="7">it,</word><word seq="8">said,<GreekSeq>7</GreekSeq></word><word seq="9">This man<GreekSeq>11</GreekSeq></word><word seq="10">calleth<GreekSeq>10</GreekSeq></word><word seq="11">Elijah.<GreekSeq>9</GreekSeq></word></ASV></verse>
<verse number="48"><ASV><word seq="1">And<GreekSeq>1</GreekSeq></word><word seq="2">straightway<GreekSeq>2</GreekSeq></word><word seq="3">one<GreekSeq>4</GreekSeq></word><word seq="4">of<GreekSeq>5</GreekSeq></word><word seq="5">them<GreekSeq>6</GreekSeq></word><word seq="6">ran,<GreekSeq>3</GreekSeq></word><word seq="7">and<GreekSeq>7</GreekSeq></word><word seq="8">took<GreekSeq>8</GreekSeq></word><word seq="9">a sponge,<GreekSeq>9</GreekSeq></word><word seq="10">and</word><word seq="11">filled<GreekSeq>10</GreekSeq></word><word seq="12">it</word><word seq="13">with vinegar,<GreekSeq>12</GreekSeq></word><word seq="14">and<GreekSeq>13</GreekSeq></word><word seq="15">put [it] on<GreekSeq>14</GreekSeq></word><word seq="16">a reed,<GreekSeq>15</GreekSeq></word><word seq="17">and</word><word seq="18">gave<GreekSeq>16</GreekSeq></word><word seq="19">him<GreekSeq>17</GreekSeq></word><word seq="20">to drink.<GreekSeq>16</GreekSeq></word></ASV></verse>
<verse number="49"><ASV><word seq="1">And<GreekSeq>2</GreekSeq></word><word seq="2">the<GreekSeq>1</GreekSeq></word><word seq="3">rest<GreekSeq>3</GreekSeq></word><word seq="4">said,<GreekSeq>4</GreekSeq></word><word seq="5">Let be;<GreekSeq>5</GreekSeq></word><word seq="6">let us see<GreekSeq>6</GreekSeq></word><word seq="7">whether<GreekSeq>7</GreekSeq></word><word seq="8">Elijah<GreekSeq>9</GreekSeq></word><word seq="9">cometh<GreekSeq>8</GreekSeq></word><word seq="10">to save<GreekSeq>10</GreekSeq></word><word seq="11">him.<GreekSeq>11</GreekSeq></word></ASV></verse>
<verse number="50"><ASV><word seq="1">And<GreekSeq>2</GreekSeq></word><word seq="2">Jesus<GreekSeq>3</GreekSeq></word><word seq="3">cried<GreekSeq>5</GreekSeq></word><word seq="4">again<GreekSeq>4</GreekSeq></word><word seq="5">with a loud<GreekSeq>7</GreekSeq></word><word seq="6">voice,<GreekSeq>6</GreekSeq></word><word seq="7">and</word><word seq="8">yielded up<GreekSeq>8</GreekSeq></word><word seq="9">his</word><word seq="10">spirit.<GreekSeq>10</GreekSeq></word></ASV></verse>
<verse number="51"><ASV><word seq="1">And<GreekSeq>1</GreekSeq></word><word seq="2">behold,<GreekSeq>2</GreekSeq></word><word seq="3">the<GreekSeq>3</GreekSeq></word><word seq="4">veil<GreekSeq>4</GreekSeq></word><word seq="5">of the<GreekSeq>5</GreekSeq></word><word seq="6">temple<GreekSeq>6</GreekSeq></word><word seq="7">was rent<GreekSeq>7</GreekSeq></word><word seq="8">in<GreekSeq>12</GreekSeq></word><word seq="9">two<GreekSeq>13</GreekSeq></word><word seq="10">from<GreekSeq>8</GreekSeq></word><word seq="11">the</word><word seq="12">top<GreekSeq>9</GreekSeq></word><word seq="13">to<GreekSeq>10</GreekSeq></word><word seq="14">the</word><word seq="15">bottom;<GreekSeq>11</GreekSeq></word><word seq="16">and<GreekSeq>14</GreekSeq></word><word seq="17">the<GreekSeq>15</GreekSeq></word><word seq="18">earth<GreekSeq>16</GreekSeq></word><word seq="19">did quake;<GreekSeq>17</GreekSeq></word><word seq="20">and<GreekSeq>18</GreekSeq></word><word seq="21">the<GreekSeq>19</GreekSeq></word><word seq="22">rocks<GreekSeq>20</GreekSeq></word><word seq="23">were rent;<GreekSeq>21</GreekSeq></word></ASV></verse>
<verse number="52"><ASV><word seq="1">and<GreekSeq>1</GreekSeq></word><word seq="2">the<GreekSeq>2</GreekSeq></word><word seq="3">tombs<GreekSeq>3</GreekSeq></word><word seq="4">were opened;<GreekSeq>4</GreekSeq></word><word seq="5">and<GreekSeq>5</GreekSeq></word><word seq="6">many<GreekSeq>6</GreekSeq></word><word seq="7">bodies<GreekSeq>7</GreekSeq></word><word seq="8">of the<GreekSeq>8</GreekSeq></word><word seq="9">saints<GreekSeq>10</GreekSeq></word><word seq="10">that had fallen asleep<GreekSeq>9</GreekSeq></word><word seq="11">were raised;<GreekSeq>11</GreekSeq></word></ASV></verse>
<verse number="53"><ASV><word seq="1">and<GreekSeq>1</GreekSeq></word><word seq="2">coming forth<GreekSeq>2</GreekSeq></word><word seq="3">out of<GreekSeq>3</GreekSeq></word><word seq="4">the<GreekSeq>4</GreekSeq></word><word seq="5">tombs<GreekSeq>5</GreekSeq></word><word seq="6">after<GreekSeq>6</GreekSeq></word><word seq="7">his<GreekSeq>9</GreekSeq></word><word seq="8">resurrection<GreekSeq>8</GreekSeq></word><word seq="9">they entered<GreekSeq>10</GreekSeq></word><word seq="10">into<GreekSeq>11</GreekSeq></word><word seq="11">the<GreekSeq>12</GreekSeq></word><word seq="12">holy<GreekSeq>13</GreekSeq></word><word seq="13">city<GreekSeq>14</GreekSeq></word><word seq="14">and<GreekSeq>15</GreekSeq></word><word seq="15">appeared<GreekSeq>16</GreekSeq></word><word seq="16">unto many.<GreekSeq>17</GreekSeq></word></ASV></verse>
<verse number="54"><ASV><word seq="1">Now<GreekSeq>2</GreekSeq></word><word seq="2">the<GreekSeq>1</GreekSeq></word><word seq="3">centurion,<GreekSeq>3</GreekSeq></word><word seq="4">and<GreekSeq>4</GreekSeq></word><word seq="5">they<GreekSeq>5</GreekSeq></word><word seq="6">that were</word><word seq="7">with<GreekSeq>6</GreekSeq></word><word seq="8">him<GreekSeq>7</GreekSeq></word><word seq="9">watching<GreekSeq>8</GreekSeq></word><word seq="10">Jesus,<GreekSeq>10</GreekSeq></word><word seq="11">when they saw<GreekSeq>11</GreekSeq></word><word seq="12">the<GreekSeq>12</GreekSeq></word><word seq="13">earthquake,<GreekSeq>13</GreekSeq></word><word seq="14">and<GreekSeq>14</GreekSeq></word><word seq="15">the things<GreekSeq>15</GreekSeq></word><word seq="16">that were done,<GreekSeq>16</GreekSeq></word><word seq="17">feared<GreekSeq>17</GreekSeq></word><word seq="18">exceedingly,<GreekSeq>18</GreekSeq></word><word seq="19">saying,<GreekSeq>19</GreekSeq></word><word seq="20">Truly<GreekSeq>20</GreekSeq></word><word seq="21">this<GreekSeq>24</GreekSeq></word><word seq="22">was<GreekSeq>23</GreekSeq></word><word seq="23">the Son<GreekSeq>22</GreekSeq></word><word seq="24">of God.<GreekSeq>21</GreekSeq></word></ASV></verse>
<verse number="55"><ASV><word seq="1">And<GreekSeq>2</GreekSeq></word><word seq="2">many<GreekSeq>5</GreekSeq></word><word seq="3">women<GreekSeq>4</GreekSeq></word><word seq="4">were<GreekSeq>1</GreekSeq></word><word seq="5">there<GreekSeq>3</GreekSeq></word><word seq="6">beholding<GreekSeq>8</GreekSeq></word><word seq="7">from<GreekSeq>6</GreekSeq></word><word seq="8">afar,<GreekSeq>7</GreekSeq></word><word seq="9">who<GreekSeq>9</GreekSeq></word><word seq="10">had followed<GreekSeq>10</GreekSeq></word><word seq="11">Jesus<GreekSeq>12</GreekSeq></word><word seq="12">from<GreekSeq>13</GreekSeq></word><word seq="13">Galilee,<GreekSeq>15</GreekSeq></word><word seq="14">ministering<GreekSeq>16</GreekSeq></word><word seq="15">unto him:<GreekSeq>17</GreekSeq></word></ASV></verse>
<verse number="56"><ASV><word seq="1">among<GreekSeq>1</GreekSeq></word><word seq="2">whom<GreekSeq>2</GreekSeq></word><word seq="3">was<GreekSeq>3</GreekSeq></word><word seq="4">Mary<GreekSeq>4</GreekSeq></word><word seq="5">Magdalene,<GreekSeq>6</GreekSeq></word><word seq="6">and<GreekSeq>7</GreekSeq></word><word seq="7">Mary<GreekSeq>8</GreekSeq></word><word seq="8">the<GreekSeq>9</GreekSeq></word><word seq="9">mother<GreekSeq>14</GreekSeq></word><word seq="10">of James<GreekSeq>11</GreekSeq></word><word seq="11">and<GreekSeq>12</GreekSeq></word><word seq="12">[Joses],<GreekSeq>13</GreekSeq></word><word seq="13">and<GreekSeq>15</GreekSeq></word><word seq="14">the<GreekSeq>16</GreekSeq></word><word seq="15">mother<GreekSeq>17</GreekSeq></word><word seq="16">of the<GreekSeq>18</GreekSeq></word><word seq="17">sons<GreekSeq>19</GreekSeq></word><word seq="18">of Zebedee.<GreekSeq>20</GreekSeq></word></ASV></verse>
<verse number="57"><ASV><word seq="1">And<GreekSeq>2</GreekSeq></word><word seq="2">when<GreekSeq>3</GreekSeq></word><word seq="3">even<GreekSeq>1</GreekSeq></word><word seq="4">was come,<GreekSeq>3</GreekSeq></word><word seq="5">there came<GreekSeq>4</GreekSeq></word><word seq="6">a rich<GreekSeq>6</GreekSeq></word><word seq="7">man<GreekSeq>5</GreekSeq></word><word seq="8">from<GreekSeq>7</GreekSeq></word><word seq="9">Arimathaea,<GreekSeq>8</GreekSeq></word><word seq="10">named<GreekSeq>9</GreekSeq></word><word seq="11">Joseph,<GreekSeq>10</GreekSeq></word><word seq="12">who<GreekSeq>11</GreekSeq></word><word seq="13">also<GreekSeq>12</GreekSeq></word><word seq="14">himself<GreekSeq>13</GreekSeq></word><word seq="15">was<GreekSeq>14</GreekSeq></word><word seq="16">Jesus’<GreekSeq>16</GreekSeq></word><word seq="17">disciple:<GreekSeq>14</GreekSeq></word></ASV></verse>
<verse number="58"><ASV><word seq="1">this man<GreekSeq>1</GreekSeq></word><word seq="2">went to<GreekSeq>2</GreekSeq></word><word seq="3">Pilate,<GreekSeq>4</GreekSeq></word><word seq="4">and</word><word seq="5">asked<GreekSeq>5</GreekSeq></word><word seq="6">for the<GreekSeq>6</GreekSeq></word><word seq="7">body<GreekSeq>7</GreekSeq></word><word seq="8">of Jesus.<GreekSeq>9</GreekSeq></word><word seq="9">Then<GreekSeq>10</GreekSeq></word><word seq="10">Pilate<GreekSeq>12</GreekSeq></word><word seq="11">commanded<GreekSeq>13</GreekSeq></word><word seq="12">it</word><word seq="13">to be given up.<GreekSeq>14</GreekSeq></word></ASV></verse>
<verse number="59"><ASV><word seq="1">And<GreekSeq>1</GreekSeq></word><word seq="2">Joseph<GreekSeq>6</GreekSeq></word><word seq="3">took<GreekSeq>2</GreekSeq></word><word seq="4">the<GreekSeq>3</GreekSeq></word><word seq="5">body,<GreekSeq>4</GreekSeq></word><word seq="6">and</word><word seq="7">wrapped<GreekSeq>7</GreekSeq></word><word seq="8">it<GreekSeq>8</GreekSeq></word><word seq="9">in<GreekSeq>9</GreekSeq></word><word seq="10">a clean<GreekSeq>11</GreekSeq></word><word seq="11">linen cloth,<GreekSeq>10</GreekSeq></word></ASV></verse>
<verse number="60"><ASV><word seq="1">and<GreekSeq>1</GreekSeq></word><word seq="2">laid<GreekSeq>2</GreekSeq></word><word seq="3">it<GreekSeq>3</GreekSeq></word><word seq="4">in<GreekSeq>4</GreekSeq></word><word seq="5">his own<GreekSeq>7</GreekSeq></word><word seq="6">new<GreekSeq>6</GreekSeq></word><word seq="7">tomb,<GreekSeq>8</GreekSeq></word><word seq="8">which<GreekSeq>9</GreekSeq></word><word seq="9">he had hewn out<GreekSeq>10</GreekSeq></word><word seq="10">in<GreekSeq>11</GreekSeq></word><word seq="11">the<GreekSeq>12</GreekSeq></word><word seq="12">rock:<GreekSeq>13</GreekSeq></word><word seq="13">and<GreekSeq>14</GreekSeq></word><word seq="14">he rolled<GreekSeq>15</GreekSeq></word><word seq="15">a great<GreekSeq>17</GreekSeq></word><word seq="16">stone<GreekSeq>16</GreekSeq></word><word seq="17">to the<GreekSeq>18</GreekSeq></word><word seq="18">door<GreekSeq>19</GreekSeq></word><word seq="19">of the<GreekSeq>20</GreekSeq></word><word seq="20">tomb,<GreekSeq>21</GreekSeq></word><word seq="21">and</word><word seq="22">departed.<GreekSeq>22</GreekSeq></word></ASV></verse>
<verse number="61"><ASV><word seq="1">And<GreekSeq>2</GreekSeq></word><word seq="2">Mary<GreekSeq>4</GreekSeq></word><word seq="3">Magdalene<GreekSeq>6</GreekSeq></word><word seq="4">was<GreekSeq>1</GreekSeq></word><word seq="5">there,<GreekSeq>3</GreekSeq></word><word seq="6">and<GreekSeq>7</GreekSeq></word><word seq="7">the<GreekSeq>8</GreekSeq></word><word seq="8">other<GreekSeq>9</GreekSeq></word><word seq="9">Mary,<GreekSeq>10</GreekSeq></word><word seq="10">sitting<GreekSeq>11</GreekSeq></word><word seq="11">over against<GreekSeq>12</GreekSeq></word><word seq="12">the<GreekSeq>13</GreekSeq></word><word seq="13">sepulchre.<GreekSeq>14</GreekSeq></word></ASV></verse>
<verse number="62"><ASV><word seq="1">Now<GreekSeq>2</GreekSeq></word><word seq="2">on the<GreekSeq>1</GreekSeq></word><word seq="3">morrow,<GreekSeq>3</GreekSeq></word><word seq="4">which<GreekSeq>4</GreekSeq></word><word seq="5">is<GreekSeq>5</GreekSeq></word><word seq="6">the day</word><word seq="7">after<GreekSeq>6</GreekSeq></word><word seq="8">the<GreekSeq>7</GreekSeq></word><word seq="9">Preparation,<GreekSeq>8</GreekSeq></word><word seq="10">the<GreekSeq>10</GreekSeq></word><word seq="11">chief priests<GreekSeq>11</GreekSeq></word><word seq="12">and<GreekSeq>12</GreekSeq></word><word seq="13">the<GreekSeq>13</GreekSeq></word><word seq="14">Pharisees<GreekSeq>14</GreekSeq></word><word seq="15">were gathered together<GreekSeq>9</GreekSeq></word><word seq="16">unto<GreekSeq>15</GreekSeq></word><word seq="17">Pilate,<GreekSeq>16</GreekSeq></word></ASV></verse>
<verse number="63"><ASV><word seq="1">saying,<GreekSeq>1</GreekSeq></word><word seq="2">Sir,<GreekSeq>2</GreekSeq></word><word seq="3">we remember<GreekSeq>3</GreekSeq></word><word seq="4">that<GreekSeq>4</GreekSeq></word><word seq="5">that<GreekSeq>5</GreekSeq></word><word seq="6">deceiver<GreekSeq>6</GreekSeq><GreekSeq>7</GreekSeq></word><word seq="7">said<GreekSeq>8</GreekSeq></word><word seq="8">while he was<GreekSeq>10</GreekSeq></word><word seq="9">yet<GreekSeq>9</GreekSeq></word><word seq="10">alive,<GreekSeq>10</GreekSeq></word><word seq="11">After<GreekSeq>11</GreekSeq></word><word seq="12">three<GreekSeq>12</GreekSeq></word><word seq="13">days<GreekSeq>13</GreekSeq></word><word seq="14">I rise again.<GreekSeq>14</GreekSeq></word></ASV></verse>
<verse number="64"><ASV><word seq="1">Command<GreekSeq>1</GreekSeq></word><word seq="2">therefore<GreekSeq>2</GreekSeq></word><word seq="3">that<GreekSeq>3</GreekSeq></word><word seq="4">the<GreekSeq>4</GreekSeq></word><word seq="5">sepulchre<GreekSeq>5</GreekSeq></word><word seq="6">be made sure<GreekSeq>3</GreekSeq></word><word seq="7">until<GreekSeq>6</GreekSeq></word><word seq="8">the<GreekSeq>7</GreekSeq></word><word seq="9">third<GreekSeq>8</GreekSeq></word><word seq="10">day,<GreekSeq>9</GreekSeq></word><word seq="11">lest haply<GreekSeq>10</GreekSeq></word><word seq="12">his<GreekSeq>14</GreekSeq></word><word seq="13">disciples<GreekSeq>13</GreekSeq></word><word seq="14">come<GreekSeq>11</GreekSeq></word><word seq="15">and</word><word seq="16">steal<GreekSeq>15</GreekSeq></word><word seq="17">him<GreekSeq>16</GreekSeq></word><word seq="18">away,</word><word seq="19">and<GreekSeq>17</GreekSeq></word><word seq="20">say<GreekSeq>18</GreekSeq></word><word seq="21">unto the<GreekSeq>19</GreekSeq></word><word seq="22">people,<GreekSeq>20</GreekSeq></word><word seq="23">He is risen<GreekSeq>21</GreekSeq></word><word seq="24">from<GreekSeq>22</GreekSeq></word><word seq="25">the<GreekSeq>23</GreekSeq></word><word seq="26">dead:<GreekSeq>24</GreekSeq></word><word seq="27">and<GreekSeq>25</GreekSeq></word><word seq="28">the<GreekSeq>27</GreekSeq></word><word seq="29">last<GreekSeq>28</GreekSeq></word><word seq="30">error<GreekSeq>29</GreekSeq></word><word seq="31">will be<GreekSeq>26</GreekSeq></word><word seq="32">worse than<GreekSeq>30</GreekSeq></word><word seq="33">the<GreekSeq>31</GreekSeq></word><word seq="34">first.<GreekSeq>32</GreekSeq></word></ASV></verse>
<verse number="65"><ASV><word seq="1">Pilate<GreekSeq>4</GreekSeq></word><word seq="2">said<GreekSeq>1</GreekSeq></word><word seq="3">unto them,<GreekSeq>2</GreekSeq></word><word seq="4">Ye have<GreekSeq>5</GreekSeq></word><word seq="5">a guard:<GreekSeq>6</GreekSeq></word><word seq="6">go,<GreekSeq>7</GreekSeq></word><word seq="7">make it [as]sure<GreekSeq>8</GreekSeq></word><word seq="8">as<GreekSeq>9</GreekSeq></word><word seq="9">ye can.<GreekSeq>10</GreekSeq></word></ASV></verse>
<verse number="66"><ASV><word seq="1">So<GreekSeq>2</GreekSeq></word><word seq="2">they<GreekSeq>1</GreekSeq></word><word seq="3">went,<GreekSeq>3</GreekSeq></word><word seq="4">and</word><word seq="5">made<GreekSeq>4</GreekSeq></word><word seq="6">the<GreekSeq>5</GreekSeq></word><word seq="7">sepulchre<GreekSeq>6</GreekSeq></word><word seq="8">sure,<GreekSeq>4</GreekSeq></word><word seq="9">sealing<GreekSeq>7</GreekSeq></word><word seq="10">the<GreekSeq>8</GreekSeq></word><word seq="11">stone,<GreekSeq>9</GreekSeq></word><word seq="12">the<GreekSeq>11</GreekSeq></word><word seq="13">guard<GreekSeq>12</GreekSeq></word><word seq="14">being</word><word seq="15">with<GreekSeq>10</GreekSeq></word><word seq="16">them.</word></ASV></verse>
</chapter></book>