<?xml version="1.0" encoding="UTF-8" standalone="no"?><book><chapter number="6">
<verse number="1"><ASV><word seq="1">Take heed<GreekSeq>1</GreekSeq></word><word seq="2">that ye do<GreekSeq>7</GreekSeq></word><word seq="3">not<GreekSeq>6</GreekSeq></word><word seq="4">your<GreekSeq>5</GreekSeq></word><word seq="5">righteousness<GreekSeq>4</GreekSeq></word><word seq="6">before<GreekSeq>8</GreekSeq></word><word seq="7">men,<GreekSeq>10</GreekSeq></word><word seq="8">to be seen<GreekSeq>13</GreekSeq></word><word seq="9">of them:<GreekSeq>14</GreekSeq></word><word seq="10" note="εἰ δὲ μή (γε) Strong Code (1490)">else<GreekSeq>15</GreekSeq><GreekSeq>16</GreekSeq><GreekSeq>17</GreekSeq><GreekSeq>18</GreekSeq></word><word seq="11">ye have<GreekSeq>21</GreekSeq></word><word seq="12">no<GreekSeq>20</GreekSeq></word><word seq="13">reward<GreekSeq>19</GreekSeq></word><word seq="14">with<GreekSeq>22</GreekSeq></word><word seq="15">your<GreekSeq>25</GreekSeq></word><word seq="16">Father<GreekSeq>24</GreekSeq></word><word seq="17">who<GreekSeq>26</GreekSeq></word><word seq="18">is</word><word seq="19">in<GreekSeq>27</GreekSeq></word><word seq="20">heaven.<GreekSeq>29</GreekSeq></word></ASV></verse>
<verse number="2"><ASV><word seq="1">When<GreekSeq>1</GreekSeq></word><word seq="2">therefore<GreekSeq>2</GreekSeq></word><word seq="3">thou doest<GreekSeq>3</GreekSeq></word><word seq="4">alms,<GreekSeq>4</GreekSeq></word><word seq="5">sound<GreekSeq>6</GreekSeq></word><word seq="6">not<GreekSeq>5</GreekSeq></word><word seq="7">a trumpet<GreekSeq>6</GreekSeq></word><word seq="8">before<GreekSeq>7</GreekSeq></word><word seq="9">thee,<GreekSeq>8</GreekSeq></word><word seq="10">as<GreekSeq>9</GreekSeq></word><word seq="11">the<GreekSeq>10</GreekSeq></word><word seq="12">hypocrites<GreekSeq>11</GreekSeq></word><word seq="13">do<GreekSeq>12</GreekSeq></word><word seq="14">in<GreekSeq>13</GreekSeq></word><word seq="15">the<GreekSeq>14</GreekSeq></word><word seq="16">synagogues<GreekSeq>15</GreekSeq></word><word seq="17">and<GreekSeq>16</GreekSeq></word><word seq="18">in<GreekSeq>17</GreekSeq></word><word seq="19">the<GreekSeq>18</GreekSeq></word><word seq="20">streets,<GreekSeq>19</GreekSeq></word><word seq="21">that<GreekSeq>20</GreekSeq></word><word seq="22">they may have glory<GreekSeq>21</GreekSeq></word><word seq="23">of<GreekSeq>22</GreekSeq></word><word seq="24">men.<GreekSeq>24</GreekSeq></word><word seq="25">Verily<GreekSeq>25</GreekSeq></word><word seq="26">I say<GreekSeq>26</GreekSeq></word><word seq="27">unto you,<GreekSeq>27</GreekSeq></word><word seq="28">They have received<GreekSeq>28</GreekSeq></word><word seq="29">their<GreekSeq>31</GreekSeq></word><word seq="30">reward.<GreekSeq>30</GreekSeq></word></ASV></verse>
<verse number="3"><ASV><word seq="1">But<GreekSeq>2</GreekSeq></word><word seq="2">when<GreekSeq>3</GreekSeq></word><word seq="3">thou<GreekSeq>1</GreekSeq></word><word seq="4">doest<GreekSeq>3</GreekSeq></word><word seq="5">alms,<GreekSeq>4</GreekSeq></word><word seq="6">let<GreekSeq>6</GreekSeq></word><word seq="7">not<GreekSeq>5</GreekSeq></word><word seq="8">thy<GreekSeq>9</GreekSeq></word><word seq="9">left hand<GreekSeq>7</GreekSeq><GreekSeq>8</GreekSeq></word><word seq="10">know<GreekSeq>6</GreekSeq></word><word seq="11">what<GreekSeq>10</GreekSeq></word><word seq="12">thy<GreekSeq>14</GreekSeq></word><word seq="13">right hand<GreekSeq>12</GreekSeq><GreekSeq>13</GreekSeq></word><word seq="14">doeth:<GreekSeq>11</GreekSeq></word></ASV></verse>
<verse number="4"><ASV><word seq="1">that<GreekSeq>1</GreekSeq></word><word seq="2">thine<GreekSeq>3</GreekSeq></word><word seq="3">alms<GreekSeq>5</GreekSeq></word><word seq="4">may be<GreekSeq>2</GreekSeq></word><word seq="5">in<GreekSeq>6</GreekSeq></word><word seq="6">secret:<GreekSeq>8</GreekSeq></word><word seq="7">and<GreekSeq>9</GreekSeq></word><word seq="8">thy<GreekSeq>12</GreekSeq></word><word seq="9">Father<GreekSeq>11</GreekSeq></word><word seq="10">who seeth<GreekSeq>14</GreekSeq></word><word seq="11">in<GreekSeq>15</GreekSeq></word><word seq="12">secret<GreekSeq>17</GreekSeq></word><word seq="13">shall recompense<GreekSeq>18</GreekSeq></word><word seq="14">thee.<GreekSeq>19</GreekSeq></word></ASV></verse>
<verse number="5"><ASV><word seq="1">And<GreekSeq>1</GreekSeq></word><word seq="2">when<GreekSeq>2</GreekSeq></word><word seq="3">ye pray,<GreekSeq>3</GreekSeq></word><word seq="4">ye shall<GreekSeq>5</GreekSeq></word><word seq="5">not<GreekSeq>4</GreekSeq></word><word seq="6">be<GreekSeq>5</GreekSeq></word><word seq="7">as<GreekSeq>6</GreekSeq></word><word seq="8">the<GreekSeq>7</GreekSeq></word><word seq="9">hypocrites:<GreekSeq>8</GreekSeq></word><word seq="10">for<GreekSeq>9</GreekSeq></word><word seq="11">they love<GreekSeq>10</GreekSeq></word><word seq="12">to stand<GreekSeq>20</GreekSeq></word><word seq="13">and</word><word seq="14">pray<GreekSeq>21</GreekSeq></word><word seq="15">in<GreekSeq>11</GreekSeq></word><word seq="16">the<GreekSeq>12</GreekSeq></word><word seq="17">synagogues<GreekSeq>13</GreekSeq></word><word seq="18">and<GreekSeq>14</GreekSeq></word><word seq="19">in<GreekSeq>15</GreekSeq></word><word seq="20">the<GreekSeq>16</GreekSeq></word><word seq="21">corners<GreekSeq>17</GreekSeq></word><word seq="22">of the<GreekSeq>18</GreekSeq></word><word seq="23">streets,<GreekSeq>19</GreekSeq></word><word seq="24">that<GreekSeq>22</GreekSeq></word><word seq="25">they may be seen<GreekSeq>23</GreekSeq></word><word seq="26">of men.<GreekSeq>25</GreekSeq></word><word seq="27">Verily<GreekSeq>26</GreekSeq></word><word seq="28">I say<GreekSeq>27</GreekSeq></word><word seq="29">unto you,<GreekSeq>28</GreekSeq></word><word seq="30">They have received<GreekSeq>29</GreekSeq></word><word seq="31">their<GreekSeq>32</GreekSeq></word><word seq="32">reward.<GreekSeq>31</GreekSeq></word></ASV></verse>
<verse number="6"><ASV><word seq="1">But<GreekSeq>2</GreekSeq></word><word seq="2">thou,<GreekSeq>1</GreekSeq></word><word seq="3">when<GreekSeq>3</GreekSeq></word><word seq="4">thou prayest,<GreekSeq>4</GreekSeq></word><word seq="5">enter<GreekSeq>5</GreekSeq></word><word seq="6">into<GreekSeq>6</GreekSeq></word><word seq="7">thine<GreekSeq>9</GreekSeq></word><word seq="8">inner chamber,<GreekSeq>8</GreekSeq></word><word seq="9">and<GreekSeq>10</GreekSeq></word><word seq="10">having shut<GreekSeq>11</GreekSeq></word><word seq="11">thy<GreekSeq>14</GreekSeq></word><word seq="12">door,<GreekSeq>13</GreekSeq></word><word seq="13">pray<GreekSeq>15</GreekSeq></word><word seq="14">to<GreekSeq>17</GreekSeq></word><word seq="15">thy<GreekSeq>18</GreekSeq></word><word seq="16">Father<GreekSeq>17</GreekSeq></word><word seq="17">who<GreekSeq>19</GreekSeq></word><word seq="18">is</word><word seq="19">in<GreekSeq>20</GreekSeq></word><word seq="20">secret,<GreekSeq>22</GreekSeq></word><word seq="21">and<GreekSeq>23</GreekSeq></word><word seq="22">thy<GreekSeq>26</GreekSeq></word><word seq="23">Father<GreekSeq>25</GreekSeq></word><word seq="24">who seeth<GreekSeq>28</GreekSeq></word><word seq="25">in<GreekSeq>29</GreekSeq></word><word seq="26">secret<GreekSeq>31</GreekSeq></word><word seq="27">shall recompense<GreekSeq>32</GreekSeq></word><word seq="28">thee.<GreekSeq>33</GreekSeq></word></ASV></verse>
<verse number="7"><ASV><word seq="1">And<GreekSeq>2</GreekSeq></word><word seq="2">in praying<GreekSeq>1</GreekSeq></word><word seq="3">use<GreekSeq>4</GreekSeq></word><word seq="4">not<GreekSeq>3</GreekSeq></word><word seq="5">vain repetitions,<GreekSeq>4</GreekSeq></word><word seq="6">as<GreekSeq>5</GreekSeq></word><word seq="7">the<GreekSeq>6</GreekSeq></word><word seq="8">Gentiles<GreekSeq>7</GreekSeq></word><word seq="9">do:</word><word seq="10">for<GreekSeq>9</GreekSeq></word><word seq="11">they think<GreekSeq>8</GreekSeq></word><word seq="12">that<GreekSeq>10</GreekSeq></word><word seq="13">they shall be heard<GreekSeq>15</GreekSeq></word><word seq="14">for<GreekSeq>11</GreekSeq></word><word seq="15">their<GreekSeq>14</GreekSeq></word><word seq="16">much speaking.<GreekSeq>13</GreekSeq></word></ASV></verse>
<verse number="8"><ASV><word seq="1">Be<GreekSeq>3</GreekSeq></word><word seq="2">not<GreekSeq>1</GreekSeq></word><word seq="3">therefore<GreekSeq>2</GreekSeq></word><word seq="4">like<GreekSeq>3</GreekSeq></word><word seq="5">unto them:<GreekSeq>4</GreekSeq></word><word seq="6">for<GreekSeq>6</GreekSeq></word><word seq="7">your<GreekSeq>9</GreekSeq></word><word seq="8">Father<GreekSeq>8</GreekSeq></word><word seq="9">knoweth<GreekSeq>5</GreekSeq></word><word seq="10">what things<GreekSeq>10</GreekSeq></word><word seq="11">ye have<GreekSeq>12</GreekSeq></word><word seq="12">need of,<GreekSeq>11</GreekSeq></word><word seq="13">before<GreekSeq>13</GreekSeq></word><word seq="14">ye<GreekSeq>15</GreekSeq></word><word seq="15">ask<GreekSeq>16</GreekSeq></word><word seq="16">him.<GreekSeq>17</GreekSeq></word></ASV></verse>
<verse number="9"><ASV><word seq="1">After this manner<GreekSeq>1</GreekSeq></word><word seq="2">therefore<GreekSeq>2</GreekSeq></word><word seq="3">pray<GreekSeq>3</GreekSeq></word><word seq="4">ye:<GreekSeq>4</GreekSeq></word><word seq="5">Our<GreekSeq>6</GreekSeq></word><word seq="6">Father<GreekSeq>5</GreekSeq></word><word seq="7">who<GreekSeq>7</GreekSeq></word><word seq="8">art</word><word seq="9">in<GreekSeq>8</GreekSeq></word><word seq="10">heaven,<GreekSeq>10</GreekSeq></word><word seq="11">Hallowed<GreekSeq>11</GreekSeq></word><word seq="12">be</word><word seq="13">thy<GreekSeq>14</GreekSeq></word><word seq="14">name.<GreekSeq>13</GreekSeq></word></ASV></verse>
<verse number="10"><ASV><word seq="1">Thy<GreekSeq>4</GreekSeq></word><word seq="2">kingdom<GreekSeq>3</GreekSeq></word><word seq="3">come.<GreekSeq>1</GreekSeq></word><word seq="4">Thy<GreekSeq>8</GreekSeq></word><word seq="5">will<GreekSeq>7</GreekSeq></word><word seq="6">be done,<GreekSeq>5</GreekSeq></word><word seq="7">as<GreekSeq>9</GreekSeq></word><word seq="8">in<GreekSeq>10</GreekSeq></word><word seq="9">heaven,<GreekSeq>11</GreekSeq></word><word seq="10">so<GreekSeq>12</GreekSeq></word><word seq="11">on<GreekSeq>13</GreekSeq></word><word seq="12">earth.<GreekSeq>14</GreekSeq></word></ASV></verse>
<verse number="11"><ASV><word seq="1">Give<GreekSeq>6</GreekSeq></word><word seq="2">us<GreekSeq>7</GreekSeq></word><word seq="3">this day<GreekSeq>8</GreekSeq></word><word seq="4">our<GreekSeq>3</GreekSeq></word><word seq="5">daily<GreekSeq>5</GreekSeq></word><word seq="6">bread.<GreekSeq>2</GreekSeq></word></ASV></verse>
<verse number="12"><ASV><word seq="1">And<GreekSeq>1</GreekSeq></word><word seq="2">forgive<GreekSeq>2</GreekSeq></word><word seq="3">us<GreekSeq>3</GreekSeq></word><word seq="4">our<GreekSeq>6</GreekSeq></word><word seq="5">debts,<GreekSeq>5</GreekSeq></word><word seq="6">as<GreekSeq>7</GreekSeq></word><word seq="7">we<GreekSeq>9</GreekSeq></word><word seq="8">also<GreekSeq>8</GreekSeq></word><word seq="9">have forgiven<GreekSeq>10</GreekSeq></word><word seq="10">our<GreekSeq>13</GreekSeq></word><word seq="11">debtors.<GreekSeq>12</GreekSeq></word></ASV></verse>
<verse number="13"><ASV><word seq="1">And<GreekSeq>1</GreekSeq></word><word seq="2">bring<GreekSeq>3</GreekSeq></word><word seq="3">us<GreekSeq>4</GreekSeq></word><word seq="4">not<GreekSeq>2</GreekSeq></word><word seq="5">into<GreekSeq>5</GreekSeq></word><word seq="6">temptation,<GreekSeq>6</GreekSeq></word><word seq="7">but<GreekSeq>7</GreekSeq></word><word seq="8">deliver<GreekSeq>8</GreekSeq></word><word seq="9">us<GreekSeq>9</GreekSeq></word><word seq="10">from<GreekSeq>10</GreekSeq></word><word seq="11">the<GreekSeq>11</GreekSeq></word><word seq="12">evil [one].<GreekSeq>12</GreekSeq></word></ASV></verse>
<verse number="14"><ASV><word seq="1">For<GreekSeq>2</GreekSeq></word><word seq="2">if<GreekSeq>1</GreekSeq></word><word seq="3">ye forgive<GreekSeq>3</GreekSeq></word><word seq="4">men<GreekSeq>5</GreekSeq></word><word seq="5">their<GreekSeq>8</GreekSeq></word><word seq="6">trespasses,<GreekSeq>7</GreekSeq></word><word seq="7">your<GreekSeq>14</GreekSeq></word><word seq="8">heavenly<GreekSeq>16</GreekSeq></word><word seq="9">Father<GreekSeq>13</GreekSeq></word><word seq="10">will<GreekSeq>9</GreekSeq></word><word seq="11">also<GreekSeq>10</GreekSeq></word><word seq="12">forgive<GreekSeq>9</GreekSeq></word><word seq="13">you.<GreekSeq>11</GreekSeq></word></ASV></verse>
<verse number="15"><ASV><word seq="1">But<GreekSeq>2</GreekSeq></word><word seq="2">if<GreekSeq>1</GreekSeq></word><word seq="3">ye forgive<GreekSeq>4</GreekSeq></word><word seq="4">not<GreekSeq>3</GreekSeq></word><word seq="5">men<GreekSeq>6</GreekSeq></word><word seq="6">their trespasses,</word><word seq="7">neither<GreekSeq>7</GreekSeq></word><word seq="8">will<GreekSeq>11</GreekSeq></word><word seq="9">your<GreekSeq>10</GreekSeq></word><word seq="10">Father<GreekSeq>9</GreekSeq></word><word seq="11">forgive<GreekSeq>11</GreekSeq></word><word seq="12">your<GreekSeq>14</GreekSeq></word><word seq="13">trespasses.<GreekSeq>13</GreekSeq></word></ASV></verse>
<verse number="16"><ASV><word seq="1">Moreover<GreekSeq>2</GreekSeq></word><word seq="2">when<GreekSeq>1</GreekSeq></word><word seq="3">ye fast,<GreekSeq>3</GreekSeq></word><word seq="4">be<GreekSeq>5</GreekSeq></word><word seq="5">not,<GreekSeq>4</GreekSeq></word><word seq="6">as<GreekSeq>6</GreekSeq></word><word seq="7">the<GreekSeq>7</GreekSeq></word><word seq="8">hypocrites,<GreekSeq>8</GreekSeq></word><word seq="9">of a sad countenance:<GreekSeq>9</GreekSeq></word><word seq="10">for<GreekSeq>11</GreekSeq></word><word seq="11">they disfigure<GreekSeq>10</GreekSeq></word><word seq="12">their<GreekSeq>14</GreekSeq></word><word seq="13">faces,<GreekSeq>13</GreekSeq></word><word seq="14">that<GreekSeq>15</GreekSeq></word><word seq="15">they may be seen<GreekSeq>16</GreekSeq></word><word seq="16">of men<GreekSeq>18</GreekSeq></word><word seq="17">to fast.<GreekSeq>19</GreekSeq></word><word seq="18">Verily<GreekSeq>20</GreekSeq></word><word seq="19">I say<GreekSeq>21</GreekSeq></word><word seq="20">unto you,<GreekSeq>22</GreekSeq></word><word seq="21">They have received<GreekSeq>23</GreekSeq></word><word seq="22">their<GreekSeq>26</GreekSeq></word><word seq="23">reward.<GreekSeq>25</GreekSeq></word></ASV></verse>
<verse number="17"><ASV><word seq="1">But<GreekSeq>2</GreekSeq></word><word seq="2">thou,<GreekSeq>1</GreekSeq></word><word seq="3">when thou fastest,<GreekSeq>3</GreekSeq></word><word seq="4">anoint<GreekSeq>4</GreekSeq></word><word seq="5">thy<GreekSeq>5</GreekSeq></word><word seq="6">head,<GreekSeq>7</GreekSeq></word><word seq="7">and<GreekSeq>8</GreekSeq></word><word seq="8">wash<GreekSeq>12</GreekSeq></word><word seq="9">thy<GreekSeq>11</GreekSeq></word><word seq="10">face;<GreekSeq>10</GreekSeq></word></ASV></verse>
<verse number="18"><ASV><word seq="1">that<GreekSeq>1</GreekSeq></word><word seq="2">thou be<GreekSeq>3</GreekSeq></word><word seq="3">not<GreekSeq>2</GreekSeq></word><word seq="4">seen<GreekSeq>3</GreekSeq></word><word seq="5">of men<GreekSeq>5</GreekSeq></word><word seq="6">to fast,<GreekSeq>6</GreekSeq></word><word seq="7">but<GreekSeq>7</GreekSeq></word><word seq="8">of<GreekSeq>9</GreekSeq></word><word seq="9">thy<GreekSeq>10</GreekSeq></word><word seq="10">Father<GreekSeq>9</GreekSeq></word><word seq="11">who<GreekSeq>11</GreekSeq></word><word seq="12">is</word><word seq="13">in<GreekSeq>12</GreekSeq></word><word seq="14">secret:<GreekSeq>14</GreekSeq></word><word seq="15">and<GreekSeq>15</GreekSeq></word><word seq="16">thy<GreekSeq>18</GreekSeq></word><word seq="17">Father,<GreekSeq>17</GreekSeq></word><word seq="18">who seeth<GreekSeq>20</GreekSeq></word><word seq="19">in<GreekSeq>21</GreekSeq></word><word seq="20">secret,<GreekSeq>23</GreekSeq></word><word seq="21">shall recompense<GreekSeq>24</GreekSeq></word><word seq="22">thee.<GreekSeq>25</GreekSeq></word></ASV></verse>
<verse number="19"><ASV><word seq="1">Lay<GreekSeq>2</GreekSeq></word><word seq="2">not<GreekSeq>1</GreekSeq></word><word seq="3">up<GreekSeq>2</GreekSeq></word><word seq="4">for yourselves<GreekSeq>3</GreekSeq></word><word seq="5">treasures<GreekSeq>4</GreekSeq></word><word seq="6">upon<GreekSeq>5</GreekSeq></word><word seq="7">the<GreekSeq>6</GreekSeq></word><word seq="8">earth,<GreekSeq>7</GreekSeq></word><word seq="9">where<GreekSeq>8</GreekSeq></word><word seq="10">moth<GreekSeq>9</GreekSeq></word><word seq="11">and<GreekSeq>10</GreekSeq></word><word seq="12">rust<GreekSeq>11</GreekSeq></word><word seq="13">consume,<GreekSeq>12</GreekSeq></word><word seq="14">and<GreekSeq>13</GreekSeq></word><word seq="15">where<GreekSeq>14</GreekSeq></word><word seq="16">thieves<GreekSeq>15</GreekSeq></word><word seq="17">break through<GreekSeq>16</GreekSeq></word><word seq="18">and<GreekSeq>17</GreekSeq></word><word seq="19">steal:<GreekSeq>18</GreekSeq></word></ASV></verse>
<verse number="20"><ASV><word seq="1">but<GreekSeq>2</GreekSeq></word><word seq="2">lay up<GreekSeq>1</GreekSeq></word><word seq="3">for yourselves<GreekSeq>3</GreekSeq></word><word seq="4">treasures<GreekSeq>4</GreekSeq></word><word seq="5">in<GreekSeq>5</GreekSeq></word><word seq="6">heaven,<GreekSeq>6</GreekSeq></word><word seq="7">where<GreekSeq>7</GreekSeq></word><word seq="8">neither<GreekSeq>8</GreekSeq></word><word seq="9">moth<GreekSeq>9</GreekSeq></word><word seq="10">nor<GreekSeq>10</GreekSeq></word><word seq="11">rust<GreekSeq>11</GreekSeq></word><word seq="12">doth consume,<GreekSeq>12</GreekSeq></word><word seq="13">and<GreekSeq>13</GreekSeq></word><word seq="14">where<GreekSeq>14</GreekSeq></word><word seq="15">thieves<GreekSeq>15</GreekSeq></word><word seq="16">do</word><word seq="17">not<GreekSeq>16</GreekSeq></word><word seq="18">break through<GreekSeq>17</GreekSeq></word><word seq="19">nor<GreekSeq>18</GreekSeq></word><word seq="20">steal:<GreekSeq>19</GreekSeq></word></ASV></verse>
<verse number="21"><ASV><word seq="1">for<GreekSeq>2</GreekSeq></word><word seq="2">where<GreekSeq>1</GreekSeq></word><word seq="3">thy<GreekSeq>6</GreekSeq></word><word seq="4">treasure<GreekSeq>5</GreekSeq></word><word seq="5">is,<GreekSeq>3</GreekSeq></word><word seq="6">there<GreekSeq>7</GreekSeq></word><word seq="7">will<GreekSeq>8</GreekSeq></word><word seq="8">thy<GreekSeq>12</GreekSeq></word><word seq="9">heart<GreekSeq>11</GreekSeq></word><word seq="10">be<GreekSeq>8</GreekSeq></word><word seq="11">also.<GreekSeq>9</GreekSeq></word></ASV></verse>
<verse number="22"><ASV><word seq="1">The<GreekSeq>1</GreekSeq></word><word seq="2">lamp<GreekSeq>2</GreekSeq></word><word seq="3">of the<GreekSeq>3</GreekSeq></word><word seq="4">body<GreekSeq>4</GreekSeq></word><word seq="5">is<GreekSeq>5</GreekSeq></word><word seq="6">the<GreekSeq>6</GreekSeq></word><word seq="7">eye:<GreekSeq>7</GreekSeq></word><word seq="8">if<GreekSeq>8</GreekSeq></word><word seq="9">therefore<GreekSeq>9</GreekSeq></word><word seq="10">thine<GreekSeq>13</GreekSeq></word><word seq="11">eye<GreekSeq>12</GreekSeq></word><word seq="12">be<GreekSeq>10</GreekSeq></word><word seq="13">single,<GreekSeq>14</GreekSeq></word><word seq="14">thy<GreekSeq>18</GreekSeq></word><word seq="15">whole<GreekSeq>15</GreekSeq></word><word seq="16">body<GreekSeq>17</GreekSeq></word><word seq="17">shall be<GreekSeq>20</GreekSeq></word><word seq="18">full of light.<GreekSeq>19</GreekSeq></word></ASV></verse>
<verse number="23"><ASV><word seq="1">But<GreekSeq>2</GreekSeq></word><word seq="2">if<GreekSeq>1</GreekSeq></word><word seq="3">thine<GreekSeq>5</GreekSeq></word><word seq="4">eye<GreekSeq>4</GreekSeq></word><word seq="5">be<GreekSeq>7</GreekSeq></word><word seq="6">evil,<GreekSeq>6</GreekSeq></word><word seq="7">thy<GreekSeq>11</GreekSeq></word><word seq="8">whole<GreekSeq>8</GreekSeq></word><word seq="9">body<GreekSeq>10</GreekSeq></word><word seq="10">shall be<GreekSeq>13</GreekSeq></word><word seq="11">full of darkness.<GreekSeq>12</GreekSeq></word><word seq="12">If<GreekSeq>14</GreekSeq></word><word seq="13">therefore<GreekSeq>15</GreekSeq></word><word seq="14">the<GreekSeq>16</GreekSeq></word><word seq="15">light<GreekSeq>17</GreekSeq></word><word seq="16">that<GreekSeq>18</GreekSeq></word><word seq="17">is</word><word seq="18">in<GreekSeq>19</GreekSeq></word><word seq="19">thee<GreekSeq>20</GreekSeq></word><word seq="20">be<GreekSeq>22</GreekSeq></word><word seq="21">darkness,<GreekSeq>21</GreekSeq></word><word seq="22">how great<GreekSeq>25</GreekSeq></word><word seq="23">is</word><word seq="24">the<GreekSeq>23</GreekSeq></word><word seq="25">darkness!<GreekSeq>24</GreekSeq></word></ASV></verse>
<verse number="24"><ASV><word seq="1">No man<GreekSeq>1</GreekSeq></word><word seq="2">can<GreekSeq>2</GreekSeq></word><word seq="3">serve<GreekSeq>5</GreekSeq></word><word seq="4">two<GreekSeq>3</GreekSeq></word><word seq="5">masters:<GreekSeq>4</GreekSeq></word><word seq="6">for<GreekSeq>7</GreekSeq></word><word seq="7">either<GreekSeq>6</GreekSeq></word><word seq="8">he will hate<GreekSeq>10</GreekSeq></word><word seq="9">the<GreekSeq>8</GreekSeq></word><word seq="10">one,<GreekSeq>9</GreekSeq></word><word seq="11">and<GreekSeq>11</GreekSeq></word><word seq="12">love<GreekSeq>14</GreekSeq></word><word seq="13">the<GreekSeq>12</GreekSeq></word><word seq="14">other;<GreekSeq>13</GreekSeq></word><word seq="15">or else<GreekSeq>15</GreekSeq></word><word seq="16">he will hold to<GreekSeq>17</GreekSeq></word><word seq="17">one,<GreekSeq>16</GreekSeq></word><word seq="18">and<GreekSeq>18</GreekSeq></word><word seq="19">despise<GreekSeq>21</GreekSeq></word><word seq="20">the<GreekSeq>19</GreekSeq></word><word seq="21">other.<GreekSeq>20</GreekSeq></word><word seq="22">Ye cannot<GreekSeq>22</GreekSeq><GreekSeq>23</GreekSeq></word><word seq="23">serve<GreekSeq>25</GreekSeq></word><word seq="24">God<GreekSeq>24</GreekSeq></word><word seq="25">and<GreekSeq>26</GreekSeq></word><word seq="26">mammon.<GreekSeq>27</GreekSeq></word></ASV></verse>
<verse number="25"><ASV><word seq="1">Therefore<GreekSeq>1</GreekSeq><GreekSeq>2</GreekSeq></word><word seq="2">I say<GreekSeq>3</GreekSeq></word><word seq="3">unto you,<GreekSeq>4</GreekSeq></word><word seq="4">Be<GreekSeq>6</GreekSeq></word><word seq="5">not<GreekSeq>5</GreekSeq></word><word seq="6">anxious for<GreekSeq>6</GreekSeq></word><word seq="7">your<GreekSeq>9</GreekSeq></word><word seq="8">life,<GreekSeq>8</GreekSeq></word><word seq="9">what<GreekSeq>10</GreekSeq></word><word seq="10">ye shall eat,<GreekSeq>11</GreekSeq></word><word seq="11">or<GreekSeq>12</GreekSeq></word><word seq="12">what<GreekSeq>13</GreekSeq></word><word seq="13">ye shall drink;<GreekSeq>14</GreekSeq></word><word seq="14">nor yet<GreekSeq>15</GreekSeq></word><word seq="15">for<GreekSeq>17</GreekSeq></word><word seq="16">your<GreekSeq>18</GreekSeq></word><word seq="17">body,<GreekSeq>17</GreekSeq></word><word seq="18">what<GreekSeq>19</GreekSeq></word><word seq="19">ye shall put on.<GreekSeq>20</GreekSeq></word><word seq="20">Is<GreekSeq>25</GreekSeq></word><word seq="21">not<GreekSeq>21</GreekSeq></word><word seq="22">the<GreekSeq>22</GreekSeq></word><word seq="23">life<GreekSeq>23</GreekSeq></word><word seq="24">more than<GreekSeq>24</GreekSeq></word><word seq="25">the<GreekSeq>26</GreekSeq></word><word seq="26">food,<GreekSeq>27</GreekSeq></word><word seq="27">and<GreekSeq>28</GreekSeq></word><word seq="28">the<GreekSeq>29</GreekSeq></word><word seq="29">body<GreekSeq>30</GreekSeq></word><word seq="30">[than] the<GreekSeq>31</GreekSeq></word><word seq="31">raiment?<GreekSeq>32</GreekSeq></word></ASV></verse>
<verse number="26"><ASV><word seq="1">Behold<GreekSeq>1</GreekSeq></word><word seq="2">the<GreekSeq>3</GreekSeq></word><word seq="3">birds<GreekSeq>4</GreekSeq></word><word seq="4">of the<GreekSeq>5</GreekSeq></word><word seq="5">heaven,<GreekSeq>6</GreekSeq></word><word seq="6">that<GreekSeq>7</GreekSeq></word><word seq="7">they sow<GreekSeq>9</GreekSeq></word><word seq="8">not,<GreekSeq>8</GreekSeq></word><word seq="9">neither<GreekSeq>10</GreekSeq></word><word seq="10">do they reap,<GreekSeq>11</GreekSeq></word><word seq="11">nor<GreekSeq>12</GreekSeq></word><word seq="12">gather<GreekSeq>13</GreekSeq></word><word seq="13">into<GreekSeq>14</GreekSeq></word><word seq="14">barns;<GreekSeq>15</GreekSeq></word><word seq="15">and<GreekSeq>16</GreekSeq></word><word seq="16">your<GreekSeq>19</GreekSeq></word><word seq="17">heavenly<GreekSeq>21</GreekSeq></word><word seq="18">Father<GreekSeq>18</GreekSeq></word><word seq="19">feedeth<GreekSeq>22</GreekSeq></word><word seq="20">them.<GreekSeq>23</GreekSeq></word><word seq="21">Are<GreekSeq>27</GreekSeq></word><word seq="22">not<GreekSeq>24</GreekSeq></word><word seq="23">ye<GreekSeq>25</GreekSeq></word><word seq="24">of much more<GreekSeq>26</GreekSeq></word><word seq="25">value than<GreekSeq>27</GreekSeq></word><word seq="26">they?<GreekSeq>28</GreekSeq></word></ASV></verse>
<verse number="27"><ASV><word seq="1">And<GreekSeq>2</GreekSeq></word><word seq="2">which<GreekSeq>1</GreekSeq></word><word seq="3">of<GreekSeq>3</GreekSeq></word><word seq="4">you<GreekSeq>4</GreekSeq></word><word seq="5">by being anxious<GreekSeq>5</GreekSeq></word><word seq="6">can<GreekSeq>6</GreekSeq></word><word seq="7">add<GreekSeq>7</GreekSeq></word><word seq="8">one<GreekSeq>13</GreekSeq></word><word seq="9">cubit<GreekSeq>12</GreekSeq></word><word seq="10">unto<GreekSeq>8</GreekSeq></word><word seq="11">the<GreekSeq>9</GreekSeq></word><word seq="12">measure<GreekSeq>10</GreekSeq></word><word seq="13">of</word><word seq="14">his<GreekSeq>11</GreekSeq></word><word seq="15">life?</word></ASV></verse>
<verse number="28"><ASV><word seq="1">And<GreekSeq>1</GreekSeq></word><word seq="2">why<GreekSeq>4</GreekSeq></word><word seq="3">are ye anxious<GreekSeq>5</GreekSeq></word><word seq="4">concerning<GreekSeq>2</GreekSeq></word><word seq="5">raiment?<GreekSeq>3</GreekSeq></word><word seq="6">Consider<GreekSeq>6</GreekSeq></word><word seq="7">the<GreekSeq>7</GreekSeq></word><word seq="8">lilies<GreekSeq>8</GreekSeq></word><word seq="9">of the<GreekSeq>9</GreekSeq></word><word seq="10">field,<GreekSeq>10</GreekSeq></word><word seq="11">how<GreekSeq>11</GreekSeq></word><word seq="12">they grow;<GreekSeq>12</GreekSeq></word><word seq="13">they toil<GreekSeq>14</GreekSeq></word><word seq="14">not,<GreekSeq>13</GreekSeq></word><word seq="15">neither<GreekSeq>15</GreekSeq></word><word seq="16">do they spin:<GreekSeq>16</GreekSeq></word></ASV></verse>
<verse number="29"><ASV><word seq="1">yet<GreekSeq>2</GreekSeq></word><word seq="2">I say<GreekSeq>1</GreekSeq></word><word seq="3">unto you,<GreekSeq>3</GreekSeq></word><word seq="4">that<GreekSeq>4</GreekSeq></word><word seq="5">even<GreekSeq>5</GreekSeq></word><word seq="6">Solomon<GreekSeq>6</GreekSeq></word><word seq="7">in<GreekSeq>7</GreekSeq></word><word seq="8">all<GreekSeq>8</GreekSeq></word><word seq="9">his<GreekSeq>11</GreekSeq></word><word seq="10">glory<GreekSeq>10</GreekSeq></word><word seq="11">was<GreekSeq>12</GreekSeq></word><word seq="12">not<GreekSeq>5</GreekSeq></word><word seq="13">arrayed<GreekSeq>12</GreekSeq></word><word seq="14">like<GreekSeq>13</GreekSeq></word><word seq="15">one<GreekSeq>14</GreekSeq></word><word seq="16">of these.<GreekSeq>15</GreekSeq></word></ASV></verse>
<verse number="30"><ASV><word seq="1">But<GreekSeq>2</GreekSeq></word><word seq="2">if<GreekSeq>1</GreekSeq></word><word seq="3">God<GreekSeq>15</GreekSeq></word><word seq="4">doth</word><word seq="5">so<GreekSeq>16</GreekSeq></word><word seq="6">clothe<GreekSeq>17</GreekSeq></word><word seq="7">the<GreekSeq>3</GreekSeq></word><word seq="8">grass<GreekSeq>4</GreekSeq></word><word seq="9">of the<GreekSeq>5</GreekSeq></word><word seq="10">field,<GreekSeq>6</GreekSeq></word><word seq="11">which<GreekSeq>8</GreekSeq></word><word seq="12">to-day<GreekSeq>7</GreekSeq></word><word seq="13">is,<GreekSeq>8</GreekSeq></word><word seq="14">and<GreekSeq>9</GreekSeq></word><word seq="15">to-morrow<GreekSeq>10</GreekSeq></word><word seq="16">is cast<GreekSeq>13</GreekSeq></word><word seq="17">into<GreekSeq>11</GreekSeq></word><word seq="18">the oven,<GreekSeq>12</GreekSeq></word><word seq="19">shall he</word><word seq="20">not<GreekSeq>18</GreekSeq></word><word seq="21">much<GreekSeq>19</GreekSeq></word><word seq="22">more<GreekSeq>20</GreekSeq></word><word seq="23">clothe</word><word seq="24">you,<GreekSeq>21</GreekSeq></word><word seq="25">O ye of little faith?<GreekSeq>22</GreekSeq></word></ASV></verse>
<verse number="31"><ASV><word seq="1">Be<GreekSeq>3</GreekSeq></word><word seq="2">not<GreekSeq>1</GreekSeq></word><word seq="3">therefore<GreekSeq>2</GreekSeq></word><word seq="4">anxious,<GreekSeq>3</GreekSeq></word><word seq="5">saying,<GreekSeq>4</GreekSeq></word><word seq="6">What<GreekSeq>5</GreekSeq></word><word seq="7">shall we eat?<GreekSeq>6</GreekSeq></word><word seq="8">or,<GreekSeq>7</GreekSeq></word><word seq="9">What<GreekSeq>8</GreekSeq></word><word seq="10">shall we drink?<GreekSeq>9</GreekSeq></word><word seq="11">or,<GreekSeq>10</GreekSeq></word><word seq="12">Wherewithal<GreekSeq>11</GreekSeq></word><word seq="13">shall we be clothed?<GreekSeq>12</GreekSeq></word></ASV></verse>
<verse number="32"><ASV><word seq="1">For<GreekSeq>2</GreekSeq></word><word seq="2">[after] all<GreekSeq>1</GreekSeq></word><word seq="3">these things<GreekSeq>3</GreekSeq></word><word seq="4">do</word><word seq="5">the<GreekSeq>4</GreekSeq></word><word seq="6">Gentiles<GreekSeq>5</GreekSeq></word><word seq="7">seek;<GreekSeq>6</GreekSeq></word><word seq="8">for<GreekSeq>8</GreekSeq></word><word seq="9">your<GreekSeq>11</GreekSeq></word><word seq="10">heavenly<GreekSeq>13</GreekSeq></word><word seq="11">Father<GreekSeq>10</GreekSeq></word><word seq="12">knoweth<GreekSeq>7</GreekSeq></word><word seq="13">that<GreekSeq>14</GreekSeq></word><word seq="14">ye have need<GreekSeq>15</GreekSeq></word><word seq="15">of all<GreekSeq>17</GreekSeq></word><word seq="16">these things.<GreekSeq>16</GreekSeq></word></ASV></verse>
<verse number="33"><ASV><word seq="1">But<GreekSeq>2</GreekSeq></word><word seq="2">seek ye<GreekSeq>1</GreekSeq></word><word seq="3">first<GreekSeq>3</GreekSeq></word><word seq="4">[his]<GreekSeq>7</GreekSeq></word><word seq="5">kingdom,<GreekSeq>5</GreekSeq></word><word seq="6">and<GreekSeq>8</GreekSeq></word><word seq="7">his<GreekSeq>11</GreekSeq></word><word seq="8">righteousness;<GreekSeq>10</GreekSeq></word><word seq="9">and<GreekSeq>12</GreekSeq></word><word seq="10">all<GreekSeq>14</GreekSeq></word><word seq="11">these things<GreekSeq>13</GreekSeq></word><word seq="12">shall be added<GreekSeq>15</GreekSeq></word><word seq="13">unto you.<GreekSeq>16</GreekSeq></word></ASV></verse>
<verse number="34"><ASV><word seq="1">Be<GreekSeq>3</GreekSeq></word><word seq="2">not<GreekSeq>1</GreekSeq></word><word seq="3">therefore<GreekSeq>2</GreekSeq></word><word seq="4">anxious<GreekSeq>3</GreekSeq></word><word seq="5">for<GreekSeq>4</GreekSeq></word><word seq="6">the<GreekSeq>5</GreekSeq></word><word seq="7">morrow:<GreekSeq>6</GreekSeq></word><word seq="8">for<GreekSeq>8</GreekSeq></word><word seq="9">the<GreekSeq>7</GreekSeq></word><word seq="10">morrow<GreekSeq>9</GreekSeq></word><word seq="11">will be anxious<GreekSeq>10</GreekSeq></word><word seq="12">for itself.<GreekSeq>11</GreekSeq></word><word seq="13">Sufficient<GreekSeq>12</GreekSeq></word><word seq="14">unto the<GreekSeq>13</GreekSeq></word><word seq="15">day<GreekSeq>14</GreekSeq></word><word seq="16">is</word><word seq="17">the<GreekSeq>15</GreekSeq></word><word seq="18">evil<GreekSeq>16</GreekSeq></word><word seq="19">thereof.<GreekSeq>17</GreekSeq></word></ASV></verse>
</chapter></book>