<?xml version="1.0" encoding="UTF-8" standalone="no"?><book><chapter number="23">
<verse number="1"><ASV><word seq="1">Then<GreekSeq>1</GreekSeq></word><word seq="2">spake<GreekSeq>4</GreekSeq></word><word seq="3">Jesus<GreekSeq>3</GreekSeq></word><word seq="4">to the<GreekSeq>5</GreekSeq></word><word seq="5">multitudes<GreekSeq>6</GreekSeq></word><word seq="6">and<GreekSeq>7</GreekSeq></word><word seq="7">to<GreekSeq>9</GreekSeq></word><word seq="8">his<GreekSeq>10</GreekSeq></word><word seq="9">disciples,<GreekSeq>9</GreekSeq></word></ASV></verse>
<verse number="2"><ASV><word seq="1">saying,<GreekSeq>1</GreekSeq></word><word seq="2">The<GreekSeq>7</GreekSeq></word><word seq="3">scribes<GreekSeq>8</GreekSeq></word><word seq="4">and<GreekSeq>9</GreekSeq></word><word seq="5">the<GreekSeq>10</GreekSeq></word><word seq="6">Pharisees<GreekSeq>11</GreekSeq></word><word seq="7">sit<GreekSeq>6</GreekSeq></word><word seq="8">on<GreekSeq>2</GreekSeq></word><word seq="9">Moses’<GreekSeq>4</GreekSeq></word><word seq="10">seat:<GreekSeq>5</GreekSeq></word></ASV></verse>
<verse number="3"><ASV><word seq="1">all things<GreekSeq>1</GreekSeq></word><word seq="2">therefore<GreekSeq>2</GreekSeq></word><word seq="3">whatsoever<GreekSeq>3</GreekSeq><GreekSeq>4</GreekSeq></word><word seq="4">they bid<GreekSeq>5</GreekSeq></word><word seq="5">you,<GreekSeq>6</GreekSeq></word><word seq="6">these</word><word seq="7">do<GreekSeq>7</GreekSeq></word><word seq="8">and<GreekSeq>8</GreekSeq></word><word seq="9">observe:<GreekSeq>9</GreekSeq></word><word seq="10">but<GreekSeq>11</GreekSeq></word><word seq="11">do<GreekSeq>16</GreekSeq></word><word seq="12">not<GreekSeq>15</GreekSeq></word><word seq="13">ye<GreekSeq>16</GreekSeq></word><word seq="14">after<GreekSeq>10</GreekSeq></word><word seq="15">their<GreekSeq>14</GreekSeq></word><word seq="16">works;<GreekSeq>13</GreekSeq></word><word seq="17">for<GreekSeq>18</GreekSeq></word><word seq="18">they say,<GreekSeq>17</GreekSeq></word><word seq="19">and<GreekSeq>19</GreekSeq></word><word seq="20">do<GreekSeq>21</GreekSeq></word><word seq="21">not.<GreekSeq>20</GreekSeq></word></ASV></verse>
<verse number="4"><ASV><word seq="1">Yea,<GreekSeq>2</GreekSeq></word><word seq="2">they bind<GreekSeq>1</GreekSeq></word><word seq="3">heavy<GreekSeq>4</GreekSeq></word><word seq="4">burdens<GreekSeq>3</GreekSeq></word><word seq="5">and<GreekSeq>5</GreekSeq></word><word seq="6">grievous to be borne,<GreekSeq>6</GreekSeq></word><word seq="7">and<GreekSeq>7</GreekSeq></word><word seq="8">lay<GreekSeq>8</GreekSeq></word><word seq="9">them</word><word seq="10">on<GreekSeq>9</GreekSeq></word><word seq="11">men’s<GreekSeq>13</GreekSeq></word><word seq="12">shoulders;<GreekSeq>11</GreekSeq></word><word seq="13">but<GreekSeq>15</GreekSeq></word><word seq="14">they themselves<GreekSeq>14</GreekSeq></word><word seq="15">will<GreekSeq>20</GreekSeq></word><word seq="16">not<GreekSeq>19</GreekSeq></word><word seq="17">move<GreekSeq>21</GreekSeq></word><word seq="18">them<GreekSeq>22</GreekSeq></word><word seq="19">with<GreekSeq>17</GreekSeq></word><word seq="20">their<GreekSeq>18</GreekSeq></word><word seq="21">finger.<GreekSeq>17</GreekSeq></word></ASV></verse>
<verse number="5"><ASV><word seq="1">But<GreekSeq>2</GreekSeq></word><word seq="2">all<GreekSeq>1</GreekSeq></word><word seq="3">their<GreekSeq>5</GreekSeq></word><word seq="4">works<GreekSeq>4</GreekSeq></word><word seq="5">they do<GreekSeq>6</GreekSeq></word><word seq="6">to be seen<GreekSeq>9</GreekSeq></word><word seq="7">of<GreekSeq>7</GreekSeq></word><word seq="8">men:<GreekSeq>11</GreekSeq></word><word seq="9">for<GreekSeq>13</GreekSeq></word><word seq="10">they make broad<GreekSeq>12</GreekSeq></word><word seq="11">their<GreekSeq>16</GreekSeq></word><word seq="12">phylacteries,<GreekSeq>15</GreekSeq></word><word seq="13">and<GreekSeq>17</GreekSeq></word><word seq="14">enlarge<GreekSeq>18</GreekSeq></word><word seq="15">the<GreekSeq>19</GreekSeq></word><word seq="16">borders<GreekSeq>20</GreekSeq></word><word seq="17">of their garments,</word></ASV></verse>
<verse number="6"><ASV><word seq="1">and<GreekSeq>2</GreekSeq></word><word seq="2">love<GreekSeq>1</GreekSeq></word><word seq="3">the<GreekSeq>3</GreekSeq></word><word seq="4">chief place<GreekSeq>4</GreekSeq></word><word seq="5">at<GreekSeq>5</GreekSeq></word><word seq="6">feasts,<GreekSeq>7</GreekSeq></word><word seq="7">and<GreekSeq>8</GreekSeq></word><word seq="8">the<GreekSeq>9</GreekSeq></word><word seq="9">chief seats<GreekSeq>10</GreekSeq></word><word seq="10">in<GreekSeq>11</GreekSeq></word><word seq="11">the<GreekSeq>12</GreekSeq></word><word seq="12">synagogues,<GreekSeq>13</GreekSeq></word></ASV></verse>
<verse number="7"><ASV><word seq="1">and<GreekSeq>1</GreekSeq></word><word seq="2">the<GreekSeq>2</GreekSeq></word><word seq="3">salutations<GreekSeq>3</GreekSeq></word><word seq="4">in<GreekSeq>4</GreekSeq></word><word seq="5">the<GreekSeq>5</GreekSeq></word><word seq="6">marketplaces,<GreekSeq>6</GreekSeq></word><word seq="7">and<GreekSeq>7</GreekSeq></word><word seq="8">to be called<GreekSeq>8</GreekSeq></word><word seq="9">of<GreekSeq>9</GreekSeq></word><word seq="10">men,<GreekSeq>11</GreekSeq></word><word seq="11">Rabbi.<GreekSeq>12</GreekSeq></word></ASV></verse>
<verse number="8"><ASV><word seq="1">But<GreekSeq>2</GreekSeq></word><word seq="2">be<GreekSeq>4</GreekSeq></word><word seq="3">not<GreekSeq>3</GreekSeq></word><word seq="4">ye<GreekSeq>1</GreekSeq></word><word seq="5">called<GreekSeq>4</GreekSeq></word><word seq="6">Rabbi:<GreekSeq>5</GreekSeq></word><word seq="7">for<GreekSeq>7</GreekSeq></word><word seq="8">one<GreekSeq>6</GreekSeq></word><word seq="9">is<GreekSeq>8</GreekSeq></word><word seq="10">your<GreekSeq>9</GreekSeq></word><word seq="11">teacher,<GreekSeq>11</GreekSeq></word><word seq="12">and<GreekSeq>13</GreekSeq></word><word seq="13">all<GreekSeq>12</GreekSeq></word><word seq="14">ye<GreekSeq>14</GreekSeq></word><word seq="15">are<GreekSeq>16</GreekSeq></word><word seq="16">brethren.<GreekSeq>15</GreekSeq></word></ASV></verse>
<verse number="9"><ASV><word seq="1">And<GreekSeq>1</GreekSeq></word><word seq="2">call<GreekSeq>4</GreekSeq></word><word seq="3">no<GreekSeq>3</GreekSeq></word><word seq="4">man</word><word seq="5">your<GreekSeq>5</GreekSeq></word><word seq="6">father<GreekSeq>2</GreekSeq></word><word seq="7">on<GreekSeq>6</GreekSeq></word><word seq="8">the<GreekSeq>7</GreekSeq></word><word seq="9">earth:<GreekSeq>8</GreekSeq></word><word seq="10">for<GreekSeq>10</GreekSeq></word><word seq="11">one<GreekSeq>9</GreekSeq></word><word seq="12">is<GreekSeq>11</GreekSeq></word><word seq="13">your<GreekSeq>12</GreekSeq></word><word seq="14">Father, <GreekSeq>14</GreekSeq></word><word seq="15">even he who is in</word><word seq="16">heaven.<GreekSeq>16</GreekSeq></word></ASV></verse>
<verse number="10"><ASV><word seq="1">Neither<GreekSeq>1</GreekSeq></word><word seq="2">be ye called<GreekSeq>2</GreekSeq></word><word seq="3">masters:<GreekSeq>3</GreekSeq></word><word seq="4">for<GreekSeq>4</GreekSeq></word><word seq="5">one<GreekSeq>8</GreekSeq></word><word seq="6">is<GreekSeq>7</GreekSeq></word><word seq="7">your<GreekSeq>6</GreekSeq></word><word seq="8">master,<GreekSeq>5</GreekSeq></word><word seq="9">even</word><word seq="10">the<GreekSeq>9</GreekSeq></word><word seq="11">Christ.<GreekSeq>10</GreekSeq></word></ASV></verse>
<verse number="11"><ASV><word seq="1">But<GreekSeq>2</GreekSeq></word><word seq="2">he<GreekSeq>1</GreekSeq></word><word seq="3">that is</word><word seq="4">greatest<GreekSeq>3</GreekSeq></word><word seq="5">among you<GreekSeq>4</GreekSeq></word><word seq="6">shall be<GreekSeq>5</GreekSeq></word><word seq="7">your<GreekSeq>6</GreekSeq></word><word seq="8">servant.<GreekSeq>7</GreekSeq></word></ASV></verse>
<verse number="12"><ASV><word seq="1">And<GreekSeq>2</GreekSeq></word><word seq="2">whosoever<GreekSeq>1</GreekSeq></word><word seq="3">shall exalt<GreekSeq>3</GreekSeq></word><word seq="4">himself<GreekSeq>4</GreekSeq></word><word seq="5">shall be humbled;<GreekSeq>5</GreekSeq></word><word seq="6">and<GreekSeq>6</GreekSeq></word><word seq="7">whosoever<GreekSeq>7</GreekSeq></word><word seq="8">shall humble<GreekSeq>8</GreekSeq></word><word seq="9">himself<GreekSeq>9</GreekSeq></word><word seq="10">shall be exalted.<GreekSeq>10</GreekSeq></word></ASV></verse>
<verse number="13"><ASV><word seq="1">But<GreekSeq>2</GreekSeq></word><word seq="2">woe<GreekSeq>1</GreekSeq></word><word seq="3">unto you,<GreekSeq>3</GreekSeq></word><word seq="4">scribes<GreekSeq>4</GreekSeq></word><word seq="5">and<GreekSeq>5</GreekSeq></word><word seq="6">Pharisees,<GreekSeq>6</GreekSeq></word><word seq="7">hypocrites!<GreekSeq>7</GreekSeq></word><word seq="8">because<GreekSeq>8</GreekSeq></word><word seq="9">ye shut<GreekSeq>9</GreekSeq></word><word seq="10">the<GreekSeq>10</GreekSeq></word><word seq="11">kingdom<GreekSeq>11</GreekSeq></word><word seq="12">of heaven<GreekSeq>13</GreekSeq></word><word seq="13">against<GreekSeq>14</GreekSeq></word><word seq="14">men:<GreekSeq>16</GreekSeq></word><word seq="15">for<GreekSeq>18</GreekSeq></word><word seq="16">ye<GreekSeq>17</GreekSeq></word><word seq="17">enter<GreekSeq>20</GreekSeq></word><word seq="18">not<GreekSeq>19</GreekSeq></word><word seq="19">in yourselves,<GreekSeq>20</GreekSeq></word><word seq="20">neither<GreekSeq>21</GreekSeq></word><word seq="21">suffer ye<GreekSeq>24</GreekSeq></word><word seq="22">them<GreekSeq>22</GreekSeq></word><word seq="23">that are entering in<GreekSeq>23</GreekSeq></word><word seq="24">to enter.<GreekSeq>25</GreekSeq></word></ASV></verse>
<verse number="14"><ASV><word seq="1">No verse in this Greek version.<GreekSeq>1</GreekSeq></word></ASV></verse>
<verse number="15"><ASV><word seq="1">Woe<GreekSeq>1</GreekSeq></word><word seq="2">unto you,<GreekSeq>2</GreekSeq></word><word seq="3">scribes<GreekSeq>3</GreekSeq></word><word seq="4">and<GreekSeq>4</GreekSeq></word><word seq="5">Pharisees,<GreekSeq>5</GreekSeq></word><word seq="6">hypocrites!<GreekSeq>6</GreekSeq></word><word seq="7">for<GreekSeq>7</GreekSeq></word><word seq="8">ye compass<GreekSeq>8</GreekSeq></word><word seq="9">sea<GreekSeq>10</GreekSeq></word><word seq="10">and<GreekSeq>11</GreekSeq></word><word seq="11">land<GreekSeq>13</GreekSeq></word><word seq="12">to make<GreekSeq>14</GreekSeq></word><word seq="13">one<GreekSeq>15</GreekSeq></word><word seq="14">proselyte;<GreekSeq>16</GreekSeq></word><word seq="15">and<GreekSeq>17</GreekSeq></word><word seq="16">when<GreekSeq>18</GreekSeq></word><word seq="17">he is become<GreekSeq>19</GreekSeq></word><word seq="18">so,</word><word seq="19">ye make<GreekSeq>20</GreekSeq></word><word seq="20">him<GreekSeq>21</GreekSeq></word><word seq="21">twofold more<GreekSeq>24</GreekSeq></word><word seq="22">a son<GreekSeq>22</GreekSeq></word><word seq="23">of hell<GreekSeq>23</GreekSeq></word><word seq="24">than<GreekSeq>24</GreekSeq></word><word seq="25">yourselves.<GreekSeq>25</GreekSeq></word></ASV></verse>
<verse number="16"><ASV><word seq="1">Woe<GreekSeq>1</GreekSeq></word><word seq="2">unto you,<GreekSeq>2</GreekSeq></word><word seq="3">ye</word><word seq="4">blind<GreekSeq>4</GreekSeq></word><word seq="5">guides,<GreekSeq>3</GreekSeq></word><word seq="6">that say,<GreekSeq>6</GreekSeq></word><word seq="7">Whosoever<GreekSeq>7</GreekSeq><GreekSeq>8</GreekSeq></word><word seq="8">shall swear<GreekSeq>9</GreekSeq></word><word seq="9">by<GreekSeq>10</GreekSeq></word><word seq="10">the<GreekSeq>11</GreekSeq></word><word seq="11">temple,<GreekSeq>12</GreekSeq></word><word seq="12">it is<GreekSeq>14</GreekSeq></word><word seq="13">nothing;<GreekSeq>13</GreekSeq></word><word seq="14">but<GreekSeq>16</GreekSeq></word><word seq="15">whosoever<GreekSeq>15</GreekSeq><GreekSeq>17</GreekSeq></word><word seq="16">shall swear<GreekSeq>18</GreekSeq></word><word seq="17">by<GreekSeq>19</GreekSeq></word><word seq="18">the<GreekSeq>20</GreekSeq></word><word seq="19">gold<GreekSeq>21</GreekSeq></word><word seq="20">of the<GreekSeq>22</GreekSeq></word><word seq="21">temple,<GreekSeq>23</GreekSeq></word><word seq="22">he is a debtor.<GreekSeq>24</GreekSeq></word></ASV></verse>
<verse number="17"><ASV><word seq="1">Ye fools<GreekSeq>1</GreekSeq></word><word seq="2">and<GreekSeq>2</GreekSeq></word><word seq="3">blind:<GreekSeq>3</GreekSeq></word><word seq="4">for<GreekSeq>5</GreekSeq></word><word seq="5">which<GreekSeq>4</GreekSeq></word><word seq="6">is<GreekSeq>7</GreekSeq></word><word seq="7">greater,<GreekSeq>6</GreekSeq></word><word seq="8">the<GreekSeq>8</GreekSeq></word><word seq="9">gold,<GreekSeq>9</GreekSeq></word><word seq="10">or<GreekSeq>10</GreekSeq></word><word seq="11">the<GreekSeq>11</GreekSeq></word><word seq="12">temple<GreekSeq>12</GreekSeq></word><word seq="13">that hath sanctified<GreekSeq>14</GreekSeq></word><word seq="14">the<GreekSeq>15</GreekSeq></word><word seq="15">gold?<GreekSeq>16</GreekSeq></word></ASV></verse>
<verse number="18"><ASV><word seq="1">And,<GreekSeq>1</GreekSeq></word><word seq="2">Whosoever<GreekSeq>2</GreekSeq><GreekSeq>3</GreekSeq></word><word seq="3">shall swear<GreekSeq>4</GreekSeq></word><word seq="4">by<GreekSeq>5</GreekSeq></word><word seq="5">the<GreekSeq>6</GreekSeq></word><word seq="6">altar,<GreekSeq>7</GreekSeq></word><word seq="7">it is<GreekSeq>9</GreekSeq></word><word seq="8">nothing;<GreekSeq>8</GreekSeq></word><word seq="9">but<GreekSeq>11</GreekSeq></word><word seq="10">whosoever<GreekSeq>10</GreekSeq><GreekSeq>12</GreekSeq></word><word seq="11">shall swear<GreekSeq>13</GreekSeq></word><word seq="12">by<GreekSeq>14</GreekSeq></word><word seq="13">the<GreekSeq>15</GreekSeq></word><word seq="14">gift<GreekSeq>16</GreekSeq></word><word seq="15">that<GreekSeq>17</GreekSeq></word><word seq="16">is</word><word seq="17">upon<GreekSeq>18</GreekSeq></word><word seq="18">it,<GreekSeq>19</GreekSeq></word><word seq="19">he is a debtor.<GreekSeq>20</GreekSeq></word></ASV></verse>
<verse number="19"><ASV><word seq="1">Ye blind:<GreekSeq>1</GreekSeq></word><word seq="2">for<GreekSeq>3</GreekSeq></word><word seq="3">which<GreekSeq>2</GreekSeq></word><word seq="4">is</word><word seq="5">greater,<GreekSeq>4</GreekSeq></word><word seq="6">the<GreekSeq>5</GreekSeq></word><word seq="7">gift,<GreekSeq>6</GreekSeq></word><word seq="8">or<GreekSeq>7</GreekSeq></word><word seq="9">the<GreekSeq>8</GreekSeq></word><word seq="10">altar<GreekSeq>9</GreekSeq></word><word seq="11">that sanctifieth<GreekSeq>11</GreekSeq></word><word seq="12">the<GreekSeq>12</GreekSeq></word><word seq="13">gift?<GreekSeq>13</GreekSeq></word></ASV></verse>
<verse number="20"><ASV><word seq="1">He<GreekSeq>1</GreekSeq></word><word seq="2">therefore<GreekSeq>2</GreekSeq></word><word seq="3">that sweareth<GreekSeq>3</GreekSeq></word><word seq="4">by<GreekSeq>4</GreekSeq></word><word seq="5">the<GreekSeq>5</GreekSeq></word><word seq="6">altar,<GreekSeq>6</GreekSeq></word><word seq="7">sweareth<GreekSeq>7</GreekSeq></word><word seq="8">by<GreekSeq>8</GreekSeq></word><word seq="9">it,<GreekSeq>9</GreekSeq></word><word seq="10">and<GreekSeq>10</GreekSeq></word><word seq="11">by<GreekSeq>11</GreekSeq></word><word seq="12">all<GreekSeq>12</GreekSeq></word><word seq="13">things<GreekSeq>13</GreekSeq></word><word seq="14">thereon.<GreekSeq>14</GreekSeq><GreekSeq>15</GreekSeq></word></ASV></verse>
<verse number="21"><ASV><word seq="1">And<GreekSeq>1</GreekSeq></word><word seq="2">he<GreekSeq>2</GreekSeq></word><word seq="3">that sweareth<GreekSeq>3</GreekSeq></word><word seq="4">by<GreekSeq>4</GreekSeq></word><word seq="5">the<GreekSeq>5</GreekSeq></word><word seq="6">temple,<GreekSeq>6</GreekSeq></word><word seq="7">sweareth<GreekSeq>7</GreekSeq></word><word seq="8">by<GreekSeq>8</GreekSeq></word><word seq="9">it,<GreekSeq>9</GreekSeq></word><word seq="10">and<GreekSeq>10</GreekSeq></word><word seq="11">by<GreekSeq>11</GreekSeq></word><word seq="12">him<GreekSeq>12</GreekSeq></word><word seq="13">that dwelleth<GreekSeq>13</GreekSeq></word><word seq="14">therein.<GreekSeq>14</GreekSeq></word></ASV></verse>
<verse number="22"><ASV><word seq="1">And<GreekSeq>1</GreekSeq></word><word seq="2">he<GreekSeq>2</GreekSeq></word><word seq="3">that sweareth<GreekSeq>3</GreekSeq></word><word seq="4">by<GreekSeq>4</GreekSeq></word><word seq="5">the<GreekSeq>5</GreekSeq></word><word seq="6">heaven,<GreekSeq>6</GreekSeq></word><word seq="7">sweareth<GreekSeq>7</GreekSeq></word><word seq="8">by<GreekSeq>8</GreekSeq></word><word seq="9">the<GreekSeq>9</GreekSeq></word><word seq="10">throne<GreekSeq>10</GreekSeq></word><word seq="11">of God,<GreekSeq>12</GreekSeq></word><word seq="12">and<GreekSeq>13</GreekSeq></word><word seq="13">by<GreekSeq>14</GreekSeq></word><word seq="14">him<GreekSeq>15</GreekSeq></word><word seq="15">that sitteth<GreekSeq>16</GreekSeq></word><word seq="16">thereon.<GreekSeq>17</GreekSeq><GreekSeq>18</GreekSeq></word></ASV></verse>
<verse number="23"><ASV><word seq="1">Woe<GreekSeq>1</GreekSeq></word><word seq="2">unto you,<GreekSeq>2</GreekSeq></word><word seq="3">scribes<GreekSeq>3</GreekSeq></word><word seq="4">and<GreekSeq>4</GreekSeq></word><word seq="5">Pharisees,<GreekSeq>5</GreekSeq></word><word seq="6">hypocrites!<GreekSeq>6</GreekSeq></word><word seq="7">for<GreekSeq>7</GreekSeq></word><word seq="8">ye tithe<GreekSeq>8</GreekSeq></word><word seq="9">mint<GreekSeq>10</GreekSeq></word><word seq="10">and<GreekSeq>11</GreekSeq></word><word seq="11">anise<GreekSeq>13</GreekSeq></word><word seq="12">and<GreekSeq>14</GreekSeq></word><word seq="13">cummin,<GreekSeq>16</GreekSeq></word><word seq="14">and<GreekSeq>17</GreekSeq></word><word seq="15">have left [undone]<GreekSeq>18</GreekSeq></word><word seq="16">the<GreekSeq>19</GreekSeq></word><word seq="17">weightier<GreekSeq>20</GreekSeq></word><word seq="18">matters</word><word seq="19">of the<GreekSeq>21</GreekSeq></word><word seq="20">law,<GreekSeq>22</GreekSeq></word><word seq="21">justice,<GreekSeq>24</GreekSeq></word><word seq="22">and<GreekSeq>25</GreekSeq></word><word seq="23">mercy,<GreekSeq>27</GreekSeq></word><word seq="24">and<GreekSeq>28</GreekSeq></word><word seq="25">faith:<GreekSeq>30</GreekSeq></word><word seq="26">but<GreekSeq>32</GreekSeq></word><word seq="27">these<GreekSeq>31</GreekSeq></word><word seq="28">[ye] ought<GreekSeq>33</GreekSeq></word><word seq="29">to have done,<GreekSeq>34</GreekSeq></word><word seq="30">and<GreekSeq>35</GreekSeq></word><word seq="31">not<GreekSeq>36</GreekSeq></word><word seq="32">to have left<GreekSeq>37</GreekSeq></word><word seq="33">the other<GreekSeq>35</GreekSeq></word><word seq="34">undone.<GreekSeq>37</GreekSeq></word></ASV></verse>
<verse number="24"><ASV><word seq="1">Ye blind<GreekSeq>2</GreekSeq></word><word seq="2">guides,<GreekSeq>1</GreekSeq></word><word seq="3">that strain out<GreekSeq>4</GreekSeq></word><word seq="4">the<GreekSeq>5</GreekSeq></word><word seq="5">gnat,<GreekSeq>6</GreekSeq></word><word seq="6">and<GreekSeq>8</GreekSeq></word><word seq="7">swallow<GreekSeq>10</GreekSeq></word><word seq="8">the<GreekSeq>7</GreekSeq></word><word seq="9">camel!<GreekSeq>9</GreekSeq></word></ASV></verse>
<verse number="25"><ASV><word seq="1">Woe<GreekSeq>1</GreekSeq></word><word seq="2">unto you,<GreekSeq>2</GreekSeq></word><word seq="3">scribes<GreekSeq>3</GreekSeq></word><word seq="4">and<GreekSeq>4</GreekSeq></word><word seq="5">Pharisees,<GreekSeq>5</GreekSeq></word><word seq="6">hypocrites!<GreekSeq>6</GreekSeq></word><word seq="7">for<GreekSeq>7</GreekSeq></word><word seq="8">ye cleanse<GreekSeq>8</GreekSeq></word><word seq="9">the<GreekSeq>9</GreekSeq></word><word seq="10">outside<GreekSeq>10</GreekSeq></word><word seq="11">of the<GreekSeq>11</GreekSeq></word><word seq="12">cup<GreekSeq>12</GreekSeq></word><word seq="13">and<GreekSeq>13</GreekSeq></word><word seq="14">of the<GreekSeq>14</GreekSeq></word><word seq="15">platter,<GreekSeq>15</GreekSeq></word><word seq="16">but<GreekSeq>17</GreekSeq></word><word seq="17">within<GreekSeq>16</GreekSeq></word><word seq="18">they are full<GreekSeq>18</GreekSeq></word><word seq="19">from<GreekSeq>19</GreekSeq></word><word seq="20">extortion<GreekSeq>20</GreekSeq></word><word seq="21">and<GreekSeq>21</GreekSeq></word><word seq="22">excess.<GreekSeq>22</GreekSeq></word></ASV></verse>
<verse number="26"><ASV><word seq="1">Thou blind<GreekSeq>2</GreekSeq></word><word seq="2">Pharisee,<GreekSeq>1</GreekSeq></word><word seq="3">cleanse<GreekSeq>3</GreekSeq></word><word seq="4">first<GreekSeq>4</GreekSeq></word><word seq="5">the<GreekSeq>5</GreekSeq></word><word seq="6">inside<GreekSeq>6</GreekSeq></word><word seq="7">of the<GreekSeq>7</GreekSeq></word><word seq="8">cup<GreekSeq>8</GreekSeq></word><word seq="9">and of the platter,</word><word seq="10">that<GreekSeq>9</GreekSeq></word><word seq="11">the<GreekSeq>12</GreekSeq></word><word seq="12">outside<GreekSeq>13</GreekSeq></word><word seq="13">thereof<GreekSeq>14</GreekSeq></word><word seq="14">may become<GreekSeq>10</GreekSeq></word><word seq="15">clean<GreekSeq>15</GreekSeq></word><word seq="16">also.<GreekSeq>11</GreekSeq></word></ASV></verse>
<verse number="27"><ASV><word seq="1">Woe<GreekSeq>1</GreekSeq></word><word seq="2">unto you,<GreekSeq>2</GreekSeq></word><word seq="3">scribes<GreekSeq>3</GreekSeq></word><word seq="4">and<GreekSeq>4</GreekSeq></word><word seq="5">Pharisees,<GreekSeq>5</GreekSeq></word><word seq="6">hypocrites!<GreekSeq>6</GreekSeq></word><word seq="7">for<GreekSeq>7</GreekSeq></word><word seq="8">ye are like unto<GreekSeq>8</GreekSeq></word><word seq="9">whited<GreekSeq>10</GreekSeq></word><word seq="10">sepulchres,<GreekSeq>9</GreekSeq></word><word seq="11">which<GreekSeq>11</GreekSeq></word><word seq="12">outwardly<GreekSeq>12</GreekSeq></word><word seq="13">appear<GreekSeq>14</GreekSeq></word><word seq="14">beautiful,<GreekSeq>15</GreekSeq></word><word seq="15">but<GreekSeq>17</GreekSeq></word><word seq="16">inwardly<GreekSeq>16</GreekSeq></word><word seq="17">are full of<GreekSeq>18</GreekSeq></word><word seq="18">dead men’s<GreekSeq>20</GreekSeq></word><word seq="19">bones,<GreekSeq>19</GreekSeq></word><word seq="20">and<GreekSeq>21</GreekSeq></word><word seq="21">of all<GreekSeq>22</GreekSeq></word><word seq="22">uncleanness.<GreekSeq>23</GreekSeq></word></ASV></verse>
<verse number="28"><ASV><word seq="1">Even so<GreekSeq>1</GreekSeq></word><word seq="2">ye<GreekSeq>3</GreekSeq></word><word seq="3">also<GreekSeq>2</GreekSeq></word><word seq="4">outwardly<GreekSeq>4</GreekSeq></word><word seq="5">appear<GreekSeq>6</GreekSeq></word><word seq="6">righteous<GreekSeq>9</GreekSeq></word><word seq="7">unto men,<GreekSeq>8</GreekSeq></word><word seq="8">but<GreekSeq>11</GreekSeq></word><word seq="9">inwardly<GreekSeq>10</GreekSeq></word><word seq="10">ye are<GreekSeq>12</GreekSeq></word><word seq="11">full<GreekSeq>13</GreekSeq></word><word seq="12">of hypocrisy<GreekSeq>14</GreekSeq></word><word seq="13">and<GreekSeq>15</GreekSeq></word><word seq="14">iniquity.<GreekSeq>16</GreekSeq></word></ASV></verse>
<verse number="29"><ASV><word seq="1">Woe<GreekSeq>1</GreekSeq></word><word seq="2">unto you,<GreekSeq>2</GreekSeq></word><word seq="3">scribes<GreekSeq>3</GreekSeq></word><word seq="4">and<GreekSeq>4</GreekSeq></word><word seq="5">Pharisees,<GreekSeq>5</GreekSeq></word><word seq="6">hypocrites!<GreekSeq>6</GreekSeq></word><word seq="7">for<GreekSeq>7</GreekSeq></word><word seq="8">ye build<GreekSeq>8</GreekSeq></word><word seq="9">the<GreekSeq>9</GreekSeq></word><word seq="10">sepulchres<GreekSeq>10</GreekSeq></word><word seq="11">of the<GreekSeq>11</GreekSeq></word><word seq="12">prophets,<GreekSeq>12</GreekSeq></word><word seq="13">and<GreekSeq>13</GreekSeq></word><word seq="14">garnish<GreekSeq>14</GreekSeq></word><word seq="15">the<GreekSeq>15</GreekSeq></word><word seq="16">tombs<GreekSeq>16</GreekSeq></word><word seq="17">of the<GreekSeq>17</GreekSeq></word><word seq="18">righteous,<GreekSeq>18</GreekSeq></word></ASV></verse>
<verse number="30"><ASV><word seq="1">and<GreekSeq>1</GreekSeq></word><word seq="2">say,<GreekSeq>2</GreekSeq></word><word seq="3">If<GreekSeq>3</GreekSeq></word><word seq="4">we had been<GreekSeq>4</GreekSeq></word><word seq="5">in<GreekSeq>5</GreekSeq></word><word seq="6">the<GreekSeq>6</GreekSeq></word><word seq="7">days<GreekSeq>7</GreekSeq></word><word seq="8">of<GreekSeq>9</GreekSeq></word><word seq="9">our<GreekSeq>10</GreekSeq></word><word seq="10">fathers,<GreekSeq>9</GreekSeq></word><word seq="11">we should<GreekSeq>13</GreekSeq></word><word seq="12">not<GreekSeq>11</GreekSeq></word><word seq="13">have been<GreekSeq>13</GreekSeq></word><word seq="14">partakers<GreekSeq>15</GreekSeq></word><word seq="15">with them<GreekSeq>14</GreekSeq></word><word seq="16">in<GreekSeq>16</GreekSeq></word><word seq="17">the<GreekSeq>17</GreekSeq></word><word seq="18">blood<GreekSeq>18</GreekSeq></word><word seq="19">of the<GreekSeq>19</GreekSeq></word><word seq="20">prophets.<GreekSeq>20</GreekSeq></word></ASV></verse>
<verse number="31"><ASV><word seq="1">Wherefore<GreekSeq>1</GreekSeq></word><word seq="2">ye witness<GreekSeq>2</GreekSeq></word><word seq="3">to yourselves,<GreekSeq>3</GreekSeq></word><word seq="4">that<GreekSeq>4</GreekSeq></word><word seq="5">ye are<GreekSeq>6</GreekSeq></word><word seq="6">sons<GreekSeq>5</GreekSeq></word><word seq="7">of them<GreekSeq>7</GreekSeq></word><word seq="8">that slew<GreekSeq>8</GreekSeq></word><word seq="9">the<GreekSeq>9</GreekSeq></word><word seq="10">prophets.<GreekSeq>10</GreekSeq></word></ASV></verse>
<verse number="32"><ASV><word seq="1">Fill<GreekSeq>3</GreekSeq></word><word seq="2">ye<GreekSeq>2</GreekSeq></word><word seq="3">up<GreekSeq>3</GreekSeq></word><word seq="4">then</word><word seq="5">the<GreekSeq>4</GreekSeq></word><word seq="6">measure<GreekSeq>5</GreekSeq></word><word seq="7">of<GreekSeq>7</GreekSeq></word><word seq="8">your<GreekSeq>8</GreekSeq></word><word seq="9">fathers.<GreekSeq>7</GreekSeq></word></ASV></verse>
<verse number="33"><ASV><word seq="1">Ye serpents,<GreekSeq>1</GreekSeq></word><word seq="2">ye offspring<GreekSeq>2</GreekSeq></word><word seq="3">of vipers,<GreekSeq>3</GreekSeq></word><word seq="4">how<GreekSeq>4</GreekSeq></word><word seq="5">shall ye escape<GreekSeq>5</GreekSeq></word><word seq="6">the<GreekSeq>7</GreekSeq></word><word seq="7">judgment<GreekSeq>8</GreekSeq></word><word seq="8">of hell?<GreekSeq>10</GreekSeq></word></ASV></verse>
<verse number="34"><ASV><word seq="1">Therefore,<GreekSeq>1</GreekSeq><GreekSeq>2</GreekSeq></word><word seq="2">behold,<GreekSeq>3</GreekSeq></word><word seq="3">I<GreekSeq>4</GreekSeq></word><word seq="4">send<GreekSeq>5</GreekSeq></word><word seq="5">unto<GreekSeq>6</GreekSeq></word><word seq="6">you<GreekSeq>7</GreekSeq></word><word seq="7">prophets,<GreekSeq>8</GreekSeq></word><word seq="8">and<GreekSeq>9</GreekSeq></word><word seq="9">wise men,<GreekSeq>10</GreekSeq></word><word seq="10">and<GreekSeq>11</GreekSeq></word><word seq="11">scribes:<GreekSeq>12</GreekSeq></word><word seq="12">some</word><word seq="13">of<GreekSeq>13</GreekSeq></word><word seq="14">them<GreekSeq>14</GreekSeq></word><word seq="15">shall ye kill<GreekSeq>15</GreekSeq></word><word seq="16">and<GreekSeq>16</GreekSeq></word><word seq="17">crucify;<GreekSeq>17</GreekSeq></word><word seq="18">and<GreekSeq>18</GreekSeq></word><word seq="19">some</word><word seq="20">of<GreekSeq>19</GreekSeq></word><word seq="21">them<GreekSeq>20</GreekSeq></word><word seq="22">shall ye scourge<GreekSeq>21</GreekSeq></word><word seq="23">in<GreekSeq>22</GreekSeq></word><word seq="24">your<GreekSeq>25</GreekSeq></word><word seq="25">synagogues,<GreekSeq>24</GreekSeq></word><word seq="26">and<GreekSeq>26</GreekSeq></word><word seq="27">persecute<GreekSeq>27</GreekSeq></word><word seq="28">from<GreekSeq>28</GreekSeq></word><word seq="29">city<GreekSeq>29</GreekSeq></word><word seq="30">to<GreekSeq>30</GreekSeq></word><word seq="31">city:<GreekSeq>31</GreekSeq></word></ASV></verse>
<verse number="35"><ASV><word seq="1">that<GreekSeq>1</GreekSeq></word><word seq="2">upon<GreekSeq>3</GreekSeq></word><word seq="3">you<GreekSeq>4</GreekSeq></word><word seq="4">may come<GreekSeq>2</GreekSeq></word><word seq="5">all<GreekSeq>5</GreekSeq></word><word seq="6">the righteous<GreekSeq>7</GreekSeq></word><word seq="7">blood<GreekSeq>6</GreekSeq></word><word seq="8">shed<GreekSeq>8</GreekSeq></word><word seq="9">on<GreekSeq>9</GreekSeq></word><word seq="10">the<GreekSeq>10</GreekSeq></word><word seq="11">earth,<GreekSeq>11</GreekSeq></word><word seq="12">from<GreekSeq>12</GreekSeq></word><word seq="13">the<GreekSeq>13</GreekSeq></word><word seq="14">blood<GreekSeq>14</GreekSeq></word><word seq="15">of Abel<GreekSeq>15</GreekSeq></word><word seq="16">the<GreekSeq>16</GreekSeq></word><word seq="17">righteous<GreekSeq>17</GreekSeq></word><word seq="18">unto<GreekSeq>18</GreekSeq></word><word seq="19">the<GreekSeq>19</GreekSeq></word><word seq="20">blood<GreekSeq>20</GreekSeq></word><word seq="21">of Zachariah<GreekSeq>21</GreekSeq></word><word seq="22">son<GreekSeq>22</GreekSeq></word><word seq="23">of Barachiah,<GreekSeq>23</GreekSeq></word><word seq="24">whom<GreekSeq>24</GreekSeq></word><word seq="25">ye slew<GreekSeq>25</GreekSeq></word><word seq="26">between<GreekSeq>26</GreekSeq></word><word seq="27">the<GreekSeq>27</GreekSeq></word><word seq="28">sanctuary<GreekSeq>28</GreekSeq></word><word seq="29">and<GreekSeq>29</GreekSeq></word><word seq="30">the<GreekSeq>30</GreekSeq></word><word seq="31">altar.<GreekSeq>31</GreekSeq></word></ASV></verse>
<verse number="36"><ASV><word seq="1">Verily<GreekSeq>1</GreekSeq></word><word seq="2">I say<GreekSeq>2</GreekSeq></word><word seq="3">unto you,<GreekSeq>3</GreekSeq></word><word seq="4">All<GreekSeq>6</GreekSeq></word><word seq="5">these things<GreekSeq>5</GreekSeq></word><word seq="6">shall come<GreekSeq>4</GreekSeq></word><word seq="7">upon<GreekSeq>7</GreekSeq></word><word seq="8">this<GreekSeq>10</GreekSeq></word><word seq="9">generation.<GreekSeq>9</GreekSeq></word></ASV></verse>
<verse number="37"><ASV><word seq="1">O Jerusalem,<GreekSeq>1</GreekSeq></word><word seq="2">Jerusalem,<GreekSeq>2</GreekSeq></word><word seq="3">that killeth<GreekSeq>4</GreekSeq></word><word seq="4">the<GreekSeq>5</GreekSeq></word><word seq="5">prophets,<GreekSeq>6</GreekSeq></word><word seq="6">and<GreekSeq>7</GreekSeq></word><word seq="7">stoneth<GreekSeq>8</GreekSeq></word><word seq="8">them<GreekSeq>9</GreekSeq></word><word seq="9">that are sent<GreekSeq>10</GreekSeq></word><word seq="10">unto<GreekSeq>11</GreekSeq></word><word seq="11">her!<GreekSeq>12</GreekSeq></word><word seq="12">how often<GreekSeq>13</GreekSeq></word><word seq="13">would I<GreekSeq>14</GreekSeq></word><word seq="14">have gathered<GreekSeq>15</GreekSeq></word><word seq="15">thy<GreekSeq>18</GreekSeq></word><word seq="16">children<GreekSeq>17</GreekSeq></word><word seq="17">together,<GreekSeq>15</GreekSeq></word><word seq="18">even as<GreekSeq>20</GreekSeq></word><word seq="19">a hen<GreekSeq>21</GreekSeq></word><word seq="20">gathereth<GreekSeq>22</GreekSeq></word><word seq="21">her<GreekSeq>25</GreekSeq></word><word seq="22">chickens<GreekSeq>24</GreekSeq></word><word seq="23">under<GreekSeq>26</GreekSeq></word><word seq="24">her</word><word seq="25">wings,<GreekSeq>28</GreekSeq></word><word seq="26">and<GreekSeq>29</GreekSeq></word><word seq="27">ye would<GreekSeq>31</GreekSeq></word><word seq="28">not!<GreekSeq>30</GreekSeq></word></ASV></verse>
<verse number="38"><ASV><word seq="1">Behold,<GreekSeq>1</GreekSeq></word><word seq="2">your<GreekSeq>6</GreekSeq></word><word seq="3">house<GreekSeq>5</GreekSeq></word><word seq="4">is left<GreekSeq>2</GreekSeq></word><word seq="5">unto you<GreekSeq>3</GreekSeq></word><word seq="6">desolate.<GreekSeq>7</GreekSeq></word></ASV></verse>
<verse number="39"><ASV><word seq="1">For<GreekSeq>2</GreekSeq></word><word seq="2">I say<GreekSeq>1</GreekSeq></word><word seq="3">unto you,<GreekSeq>3</GreekSeq></word><word seq="4">Ye shall<GreekSeq>7</GreekSeq></word><word seq="5" note="οὐ μή Strong Code (3364)">not<GreekSeq>4</GreekSeq><GreekSeq>5</GreekSeq></word><word seq="6">see<GreekSeq>7</GreekSeq></word><word seq="7">me<GreekSeq>6</GreekSeq></word><word seq="8">henceforth,<GreekSeq>8</GreekSeq><GreekSeq>9</GreekSeq></word><word seq="9">till<GreekSeq>10</GreekSeq></word><word seq="10">ye shall say,<GreekSeq>12</GreekSeq></word><word seq="11">Blessed<GreekSeq>13</GreekSeq></word><word seq="12">is</word><word seq="13">he<GreekSeq>14</GreekSeq></word><word seq="14">that cometh<GreekSeq>15</GreekSeq></word><word seq="15">in<GreekSeq>16</GreekSeq></word><word seq="16">the name<GreekSeq>17</GreekSeq></word><word seq="17">of the Lord.<GreekSeq>18</GreekSeq></word></ASV></verse>
</chapter></book>