<?xml version="1.0" encoding="UTF-8" standalone="no"?><book><chapter number="28">
<verse number="1"><ASV><word seq="1">Now<GreekSeq>2</GreekSeq></word><word seq="2">late<GreekSeq>1</GreekSeq></word><word seq="3">on the sabbath day,<GreekSeq>3</GreekSeq></word><word seq="4">as it began to dawn<GreekSeq>5</GreekSeq></word><word seq="5">toward<GreekSeq>6</GreekSeq></word><word seq="6">the</word><word seq="7">first<GreekSeq>7</GreekSeq></word><word seq="8">[day] of the week,<GreekSeq>8</GreekSeq></word><word seq="9">came<GreekSeq>9</GreekSeq></word><word seq="10">Mary<GreekSeq>10</GreekSeq></word><word seq="11">Magdalene<GreekSeq>12</GreekSeq></word><word seq="12">and<GreekSeq>13</GreekSeq></word><word seq="13">the<GreekSeq>14</GreekSeq></word><word seq="14">other<GreekSeq>15</GreekSeq></word><word seq="15">Mary<GreekSeq>16</GreekSeq></word><word seq="16">to see<GreekSeq>17</GreekSeq></word><word seq="17">the<GreekSeq>18</GreekSeq></word><word seq="18">sepulchre.<GreekSeq>19</GreekSeq></word></ASV></verse>
<verse number="2"><ASV><word seq="1">And<GreekSeq>1</GreekSeq></word><word seq="2">behold,<GreekSeq>2</GreekSeq></word><word seq="3">there was<GreekSeq>4</GreekSeq></word><word seq="4">a great<GreekSeq>5</GreekSeq></word><word seq="5">earthquake;<GreekSeq>3</GreekSeq></word><word seq="6">for<GreekSeq>7</GreekSeq></word><word seq="7">an angel<GreekSeq>6</GreekSeq></word><word seq="8">of the Lord<GreekSeq>8</GreekSeq></word><word seq="9">descended<GreekSeq>9</GreekSeq></word><word seq="10">from<GreekSeq>10</GreekSeq></word><word seq="11">heaven,<GreekSeq>11</GreekSeq></word><word seq="12">and<GreekSeq>12</GreekSeq></word><word seq="13">came<GreekSeq>13</GreekSeq></word><word seq="14">and</word><word seq="15">rolled away<GreekSeq>14</GreekSeq></word><word seq="16">the<GreekSeq>15</GreekSeq></word><word seq="17">stone,<GreekSeq>16</GreekSeq></word><word seq="18">and<GreekSeq>17</GreekSeq></word><word seq="19">sat<GreekSeq>18</GreekSeq></word><word seq="20">upon<GreekSeq>19</GreekSeq></word><word seq="21">it.<GreekSeq>20</GreekSeq></word></ASV></verse>
<verse number="3"><ASV><word seq="1">His<GreekSeq>5</GreekSeq></word><word seq="2">appearance<GreekSeq>4</GreekSeq></word><word seq="3">was<GreekSeq>1</GreekSeq></word><word seq="4">as<GreekSeq>6</GreekSeq></word><word seq="5">lightning,<GreekSeq>7</GreekSeq></word><word seq="6">and<GreekSeq>8</GreekSeq></word><word seq="7">his<GreekSeq>11</GreekSeq></word><word seq="8">raiment<GreekSeq>10</GreekSeq></word><word seq="9">white<GreekSeq>12</GreekSeq></word><word seq="10">as<GreekSeq>13</GreekSeq></word><word seq="11">snow:<GreekSeq>14</GreekSeq></word></ASV></verse>
<verse number="4"><ASV><word seq="1">and<GreekSeq>2</GreekSeq></word><word seq="2">for<GreekSeq>1</GreekSeq></word><word seq="3">fear<GreekSeq>4</GreekSeq></word><word seq="4">of him<GreekSeq>5</GreekSeq></word><word seq="5">the<GreekSeq>7</GreekSeq></word><word seq="6">watchers<GreekSeq>8</GreekSeq></word><word seq="7">did quake,<GreekSeq>6</GreekSeq></word><word seq="8">and<GreekSeq>9</GreekSeq></word><word seq="9">became<GreekSeq>10</GreekSeq></word><word seq="10">as<GreekSeq>11</GreekSeq></word><word seq="11">dead [men].<GreekSeq>12</GreekSeq></word></ASV></verse>
<verse number="5"><ASV><word seq="1">And<GreekSeq>2</GreekSeq></word><word seq="2">the<GreekSeq>3</GreekSeq></word><word seq="3">angel<GreekSeq>4</GreekSeq></word><word seq="4">answered<GreekSeq>1</GreekSeq></word><word seq="5">and</word><word seq="6">said<GreekSeq>5</GreekSeq></word><word seq="7">unto the<GreekSeq>6</GreekSeq></word><word seq="8">women,<GreekSeq>7</GreekSeq></word><word seq="9">Fear<GreekSeq>9</GreekSeq></word><word seq="10">not<GreekSeq>8</GreekSeq></word><word seq="11">ye;<GreekSeq>10</GreekSeq></word><word seq="12">for<GreekSeq>12</GreekSeq></word><word seq="13">I know<GreekSeq>11</GreekSeq></word><word seq="14">that<GreekSeq>13</GreekSeq></word><word seq="15">ye seek<GreekSeq>17</GreekSeq></word><word seq="16">Jesus,<GreekSeq>14</GreekSeq></word><word seq="17">who hath been crucified.<GreekSeq>16</GreekSeq></word></ASV></verse>
<verse number="6"><ASV><word seq="1">He is<GreekSeq>2</GreekSeq></word><word seq="2">not<GreekSeq>1</GreekSeq></word><word seq="3">here;<GreekSeq>3</GreekSeq></word><word seq="4">for<GreekSeq>5</GreekSeq></word><word seq="5">he is risen,<GreekSeq>4</GreekSeq></word><word seq="6">even as<GreekSeq>6</GreekSeq></word><word seq="7">he said.<GreekSeq>7</GreekSeq></word><word seq="8">Come,<GreekSeq>8</GreekSeq></word><word seq="9">see<GreekSeq>9</GreekSeq></word><word seq="10">the<GreekSeq>10</GreekSeq></word><word seq="11">place<GreekSeq>11</GreekSeq></word><word seq="12">where<GreekSeq>12</GreekSeq></word><word seq="13">[the Lord] lay.<GreekSeq>13</GreekSeq></word></ASV></verse>
<verse number="7"><ASV><word seq="1">And<GreekSeq>1</GreekSeq></word><word seq="2">go<GreekSeq>3</GreekSeq></word><word seq="3">quickly,<GreekSeq>2</GreekSeq></word><word seq="4">and</word><word seq="5">tell<GreekSeq>4</GreekSeq></word><word seq="6">his<GreekSeq>7</GreekSeq></word><word seq="7">disciples,<GreekSeq>6</GreekSeq></word><word seq="8">He is risen<GreekSeq>9</GreekSeq></word><word seq="9">from<GreekSeq>10</GreekSeq></word><word seq="10">the<GreekSeq>11</GreekSeq></word><word seq="11">dead;<GreekSeq>12</GreekSeq></word><word seq="12">and<GreekSeq>13</GreekSeq></word><word seq="13">lo,<GreekSeq>14</GreekSeq></word><word seq="14">he goeth before<GreekSeq>15</GreekSeq></word><word seq="15">you<GreekSeq>16</GreekSeq></word><word seq="16">into<GreekSeq>17</GreekSeq></word><word seq="17">Galilee;<GreekSeq>19</GreekSeq></word><word seq="18">there<GreekSeq>20</GreekSeq></word><word seq="19">shall ye see<GreekSeq>22</GreekSeq></word><word seq="20">him:<GreekSeq>21</GreekSeq></word><word seq="21">lo,<GreekSeq>23</GreekSeq></word><word seq="22">I have told<GreekSeq>24</GreekSeq></word><word seq="23">you.<GreekSeq>25</GreekSeq></word></ASV></verse>
<verse number="8"><ASV><word seq="1">And<GreekSeq>1</GreekSeq></word><word seq="2">they departed<GreekSeq>2</GreekSeq></word><word seq="3">quickly<GreekSeq>3</GreekSeq></word><word seq="4">from<GreekSeq>4</GreekSeq></word><word seq="5">the<GreekSeq>5</GreekSeq></word><word seq="6">tomb<GreekSeq>6</GreekSeq></word><word seq="7">with<GreekSeq>7</GreekSeq></word><word seq="8">fear<GreekSeq>8</GreekSeq></word><word seq="9">and<GreekSeq>9</GreekSeq></word><word seq="10">great<GreekSeq>11</GreekSeq></word><word seq="11">joy,<GreekSeq>10</GreekSeq></word><word seq="12">and</word><word seq="13">ran<GreekSeq>12</GreekSeq></word><word seq="14">to bring<GreekSeq>13</GreekSeq></word><word seq="15">his<GreekSeq>16</GreekSeq></word><word seq="16">disciples<GreekSeq>15</GreekSeq></word><word seq="17">word.<GreekSeq>13</GreekSeq></word></ASV></verse>
<verse number="9"><ASV><word seq="1">And<GreekSeq>1</GreekSeq></word><word seq="2">behold,<GreekSeq>2</GreekSeq></word><word seq="3">Jesus<GreekSeq>3</GreekSeq></word><word seq="4">met<GreekSeq>4</GreekSeq></word><word seq="5">them,<GreekSeq>5</GreekSeq></word><word seq="6">saying,<GreekSeq>6</GreekSeq></word><word seq="7">All hail.<GreekSeq>7</GreekSeq></word><word seq="8">And<GreekSeq>9</GreekSeq></word><word seq="9">they<GreekSeq>8</GreekSeq></word><word seq="10">came<GreekSeq>10</GreekSeq></word><word seq="11">and</word><word seq="12">took hold of<GreekSeq>11</GreekSeq></word><word seq="13">his<GreekSeq>12</GreekSeq></word><word seq="14">feet,<GreekSeq>14</GreekSeq></word><word seq="15">and<GreekSeq>15</GreekSeq></word><word seq="16">worshipped<GreekSeq>16</GreekSeq></word><word seq="17">him.<GreekSeq>17</GreekSeq></word></ASV></verse>
<verse number="10"><ASV><word seq="1">Then<GreekSeq>1</GreekSeq></word><word seq="2">saith<GreekSeq>2</GreekSeq></word><word seq="3">Jesus<GreekSeq>5</GreekSeq></word><word seq="4">unto them,<GreekSeq>3</GreekSeq></word><word seq="5">Fear<GreekSeq>7</GreekSeq></word><word seq="6">not:<GreekSeq>6</GreekSeq></word><word seq="7">go<GreekSeq>8</GreekSeq></word><word seq="8">tell<GreekSeq>9</GreekSeq></word><word seq="9">my<GreekSeq>12</GreekSeq></word><word seq="10">brethren<GreekSeq>11</GreekSeq></word><word seq="11">that<GreekSeq>13</GreekSeq></word><word seq="12">they depart<GreekSeq>14</GreekSeq></word><word seq="13">into<GreekSeq>15</GreekSeq></word><word seq="14">Galilee,<GreekSeq>17</GreekSeq></word><word seq="15">and there<GreekSeq>18</GreekSeq></word><word seq="16">shall they see<GreekSeq>20</GreekSeq></word><word seq="17">me.<GreekSeq>19</GreekSeq></word></ASV></verse>
<verse number="11"><ASV><word seq="1">Now<GreekSeq>2</GreekSeq></word><word seq="2">while<GreekSeq>1</GreekSeq></word><word seq="3">they<GreekSeq>3</GreekSeq></word><word seq="4">were going,<GreekSeq>1</GreekSeq></word><word seq="5">behold,<GreekSeq>4</GreekSeq></word><word seq="6">some<GreekSeq>5</GreekSeq></word><word seq="7">of the<GreekSeq>6</GreekSeq></word><word seq="8">guard<GreekSeq>7</GreekSeq></word><word seq="9">came<GreekSeq>8</GreekSeq></word><word seq="10">into<GreekSeq>9</GreekSeq></word><word seq="11">the<GreekSeq>10</GreekSeq></word><word seq="12">city,<GreekSeq>11</GreekSeq></word><word seq="13">and</word><word seq="14">told<GreekSeq>12</GreekSeq></word><word seq="15">unto the<GreekSeq>13</GreekSeq></word><word seq="16">chief priests<GreekSeq>14</GreekSeq></word><word seq="17">all<GreekSeq>15</GreekSeq></word><word seq="18">the things<GreekSeq>16</GreekSeq></word><word seq="19">that were come to pass.<GreekSeq>17</GreekSeq></word></ASV></verse>
<verse number="12"><ASV><word seq="1">And<GreekSeq>1</GreekSeq></word><word seq="2">when they were assembled<GreekSeq>2</GreekSeq></word><word seq="3">with<GreekSeq>3</GreekSeq></word><word seq="4">the<GreekSeq>4</GreekSeq></word><word seq="5">elders,<GreekSeq>5</GreekSeq></word><word seq="6">and<GreekSeq>7</GreekSeq></word><word seq="7">had taken<GreekSeq>8</GreekSeq></word><word seq="8">counsel,<GreekSeq>6</GreekSeq></word><word seq="9">they gave<GreekSeq>11</GreekSeq></word><word seq="10">much<GreekSeq>10</GreekSeq></word><word seq="11">money<GreekSeq>9</GreekSeq></word><word seq="12">unto the<GreekSeq>12</GreekSeq></word><word seq="13">soldiers,<GreekSeq>13</GreekSeq></word></ASV></verse>
<verse number="13"><ASV><word seq="1">saying,<GreekSeq>1</GreekSeq></word><word seq="2">Say ye,<GreekSeq>2</GreekSeq></word><word seq="3">His<GreekSeq>6</GreekSeq></word><word seq="4">disciples<GreekSeq>5</GreekSeq></word><word seq="5">came<GreekSeq>8</GreekSeq></word><word seq="6">by night,<GreekSeq>7</GreekSeq></word><word seq="7">and</word><word seq="8">stole<GreekSeq>9</GreekSeq></word><word seq="9">him<GreekSeq>10</GreekSeq></word><word seq="10">away</word><word seq="11">while<GreekSeq>12</GreekSeq></word><word seq="12">we<GreekSeq>11</GreekSeq></word><word seq="13">slept.<GreekSeq>12</GreekSeq></word></ASV></verse>
<verse number="14"><ASV><word seq="1">And<GreekSeq>1</GreekSeq></word><word seq="2">if<GreekSeq>2</GreekSeq></word><word seq="3">this<GreekSeq>4</GreekSeq></word><word seq="4">come<GreekSeq>3</GreekSeq></word><word seq="5">to<GreekSeq>5</GreekSeq></word><word seq="6">the<GreekSeq>6</GreekSeq></word><word seq="7">governor’s<GreekSeq>7</GreekSeq></word><word seq="8">ears,<GreekSeq>3</GreekSeq></word><word seq="9">we<GreekSeq>8</GreekSeq></word><word seq="10">will persuade<GreekSeq>9</GreekSeq></word><word seq="11">him,<GreekSeq>10</GreekSeq></word><word seq="12">and<GreekSeq>11</GreekSeq></word><word seq="13">rid<GreekSeq>13</GreekSeq></word><word seq="14">you<GreekSeq>12</GreekSeq></word><word seq="15">of care.<GreekSeq>13</GreekSeq></word></ASV></verse>
<verse number="15"><ASV><word seq="1">So<GreekSeq>2</GreekSeq></word><word seq="2">they<GreekSeq>1</GreekSeq></word><word seq="3">took<GreekSeq>3</GreekSeq></word><word seq="4">the<GreekSeq>4</GreekSeq></word><word seq="5">money,<GreekSeq>5</GreekSeq></word><word seq="6">and</word><word seq="7">did<GreekSeq>6</GreekSeq></word><word seq="8">as<GreekSeq>7</GreekSeq></word><word seq="9">they were taught:<GreekSeq>8</GreekSeq></word><word seq="10">and</word><word seq="11">this<GreekSeq>13</GreekSeq></word><word seq="12">saying<GreekSeq>12</GreekSeq></word><word seq="13">was spread abroad<GreekSeq>10</GreekSeq></word><word seq="14">among<GreekSeq>14</GreekSeq></word><word seq="15">the Jews,<GreekSeq>15</GreekSeq></word><word seq="16">and continueth</word><word seq="17">until<GreekSeq>16</GreekSeq></word><word seq="18">this<GreekSeq>18</GreekSeq></word><word seq="19">day.<GreekSeq>19</GreekSeq></word></ASV></verse>
<verse number="16"><ASV><word seq="1">But<GreekSeq>2</GreekSeq></word><word seq="2">the<GreekSeq>1</GreekSeq></word><word seq="3">eleven<GreekSeq>3</GreekSeq></word><word seq="4">disciples<GreekSeq>4</GreekSeq></word><word seq="5">went<GreekSeq>5</GreekSeq></word><word seq="6">into<GreekSeq>6</GreekSeq></word><word seq="7">Galilee,<GreekSeq>8</GreekSeq></word><word seq="8">unto<GreekSeq>9</GreekSeq></word><word seq="9">the<GreekSeq>10</GreekSeq></word><word seq="10">mountain<GreekSeq>11</GreekSeq></word><word seq="11">where<GreekSeq>12</GreekSeq></word><word seq="12">Jesus<GreekSeq>16</GreekSeq></word><word seq="13">had appointed<GreekSeq>13</GreekSeq></word><word seq="14">them.<GreekSeq>14</GreekSeq></word></ASV></verse>
<verse number="17"><ASV><word seq="1">And<GreekSeq>1</GreekSeq></word><word seq="2">when they saw<GreekSeq>2</GreekSeq></word><word seq="3">him,<GreekSeq>3</GreekSeq></word><word seq="4">they worshipped <GreekSeq>4</GreekSeq></word><word seq="5">him;</word><word seq="6">but<GreekSeq>6</GreekSeq></word><word seq="7">some<GreekSeq>5</GreekSeq></word><word seq="8">doubted.<GreekSeq>7</GreekSeq></word></ASV></verse>
<verse number="18"><ASV><word seq="1">And<GreekSeq>1</GreekSeq></word><word seq="2">Jesus<GreekSeq>4</GreekSeq></word><word seq="3">came to<GreekSeq>2</GreekSeq></word><word seq="4">them and</word><word seq="5">spake<GreekSeq>5</GreekSeq></word><word seq="6">unto them,<GreekSeq>6</GreekSeq></word><word seq="7">saying,<GreekSeq>7</GreekSeq></word><word seq="8">All<GreekSeq>10</GreekSeq></word><word seq="9">authority<GreekSeq>11</GreekSeq></word><word seq="10">hath been given<GreekSeq>8</GreekSeq></word><word seq="11">unto me<GreekSeq>9</GreekSeq></word><word seq="12">in<GreekSeq>12</GreekSeq></word><word seq="13">heaven<GreekSeq>13</GreekSeq></word><word seq="14">and<GreekSeq>14</GreekSeq></word><word seq="15">on<GreekSeq>15</GreekSeq></word><word seq="16">earth.<GreekSeq>17</GreekSeq></word></ASV></verse>
<verse number="19"><ASV><word seq="1">Go ye<GreekSeq>1</GreekSeq></word><word seq="2">therefore,<GreekSeq>2</GreekSeq></word><word seq="3">and</word><word seq="4">make disciples of<GreekSeq>3</GreekSeq></word><word seq="5">all<GreekSeq>4</GreekSeq></word><word seq="6">the<GreekSeq>5</GreekSeq></word><word seq="7">nations,<GreekSeq>6</GreekSeq></word><word seq="8">baptizing<GreekSeq>7</GreekSeq></word><word seq="9">them<GreekSeq>8</GreekSeq></word><word seq="10">into<GreekSeq>9</GreekSeq></word><word seq="11">the<GreekSeq>10</GreekSeq></word><word seq="12">name<GreekSeq>11</GreekSeq></word><word seq="13">of the<GreekSeq>12</GreekSeq></word><word seq="14">Father<GreekSeq>13</GreekSeq></word><word seq="15">and<GreekSeq>14</GreekSeq></word><word seq="16">of the<GreekSeq>15</GreekSeq></word><word seq="17">Son<GreekSeq>16</GreekSeq></word><word seq="18">and<GreekSeq>17</GreekSeq></word><word seq="19">of the<GreekSeq>18</GreekSeq></word><word seq="20">Holy<GreekSeq>19</GreekSeq></word><word seq="21">Spirit:<GreekSeq>20</GreekSeq></word></ASV></verse>
<verse number="20"><ASV><word seq="1">teaching<GreekSeq>1</GreekSeq></word><word seq="2">them<GreekSeq>2</GreekSeq></word><word seq="3">to observe<GreekSeq>3</GreekSeq></word><word seq="4">all things<GreekSeq>4</GreekSeq></word><word seq="5">whatsoever<GreekSeq>5</GreekSeq></word><word seq="6">I commanded<GreekSeq>6</GreekSeq></word><word seq="7">you:<GreekSeq>7</GreekSeq></word><word seq="8">and<GreekSeq>8</GreekSeq></word><word seq="9">lo,<GreekSeq>9</GreekSeq></word><word seq="10">I<GreekSeq>10</GreekSeq></word><word seq="11">am<GreekSeq>13</GreekSeq></word><word seq="12">with<GreekSeq>11</GreekSeq></word><word seq="13">you<GreekSeq>12</GreekSeq></word><word seq="14">always,<GreekSeq>14</GreekSeq><GreekSeq>16</GreekSeq></word><word seq="15">even unto<GreekSeq>17</GreekSeq></word><word seq="16">the<GreekSeq>18</GreekSeq></word><word seq="17">end<GreekSeq>19</GreekSeq></word><word seq="18">of the<GreekSeq>20</GreekSeq></word><word seq="19">world.<GreekSeq>21</GreekSeq></word></ASV></verse>
</chapter></book>