<?xml version="1.0" encoding="UTF-8" standalone="no"?><book><chapter number="11">
<verse number="1"><ASV><word seq="1">And<GreekSeq>1</GreekSeq></word><word seq="2">there was given<GreekSeq>2</GreekSeq></word><word seq="3">me<GreekSeq>3</GreekSeq></word><word seq="4">a reed<GreekSeq>4</GreekSeq></word><word seq="5">like<GreekSeq>5</GreekSeq></word><word seq="6">unto a rod:<GreekSeq>6</GreekSeq></word><word seq="7">and</word><word seq="8">one said,<GreekSeq>7</GreekSeq></word><word seq="9">Rise,<GreekSeq>8</GreekSeq></word><word seq="10">and<GreekSeq>9</GreekSeq></word><word seq="11">measure<GreekSeq>10</GreekSeq></word><word seq="12">the<GreekSeq>11</GreekSeq></word><word seq="13">temple<GreekSeq>12</GreekSeq></word><word seq="14">of God,<GreekSeq>14</GreekSeq></word><word seq="15">and<GreekSeq>15</GreekSeq></word><word seq="16">the<GreekSeq>16</GreekSeq></word><word seq="17">altar,<GreekSeq>17</GreekSeq></word><word seq="18">and<GreekSeq>18</GreekSeq></word><word seq="19">them<GreekSeq>19</GreekSeq></word><word seq="20">that worship<GreekSeq>20</GreekSeq></word><word seq="21">therein.<GreekSeq>21</GreekSeq><GreekSeq>22</GreekSeq></word></ASV></verse>
<verse number="2"><ASV><word seq="1">And<GreekSeq>1</GreekSeq></word><word seq="2">the<GreekSeq>2</GreekSeq></word><word seq="3">court<GreekSeq>3</GreekSeq></word><word seq="4">which<GreekSeq>4</GreekSeq></word><word seq="5">is</word><word seq="6">without<GreekSeq>5</GreekSeq></word><word seq="7">the<GreekSeq>6</GreekSeq></word><word seq="8">temple<GreekSeq>7</GreekSeq></word><word seq="9">leave<GreekSeq>8</GreekSeq></word><word seq="10">without,<GreekSeq>9</GreekSeq></word><word seq="11">and<GreekSeq>10</GreekSeq></word><word seq="12">measure<GreekSeq>13</GreekSeq></word><word seq="13">it<GreekSeq>12</GreekSeq></word><word seq="14">not;<GreekSeq>11</GreekSeq></word><word seq="15">for<GreekSeq>14</GreekSeq></word><word seq="16">it hath been given<GreekSeq>15</GreekSeq></word><word seq="17">unto the<GreekSeq>16</GreekSeq></word><word seq="18">nations:<GreekSeq>17</GreekSeq></word><word seq="19">and<GreekSeq>18</GreekSeq></word><word seq="20">the<GreekSeq>19</GreekSeq></word><word seq="21">holy<GreekSeq>22</GreekSeq></word><word seq="22">city<GreekSeq>20</GreekSeq></word><word seq="23">shall they tread under foot<GreekSeq>23</GreekSeq></word><word seq="24">forty<GreekSeq>25</GreekSeq></word><word seq="25">and<GreekSeq>26</GreekSeq></word><word seq="26">two<GreekSeq>27</GreekSeq></word><word seq="27">months.<GreekSeq>24</GreekSeq></word></ASV></verse>
<verse number="3"><ASV><word seq="1">And<GreekSeq>1</GreekSeq></word><word seq="2">I will give unto<GreekSeq>2</GreekSeq></word><word seq="3">my<GreekSeq>6</GreekSeq></word><word seq="4">two<GreekSeq>4</GreekSeq></word><word seq="5">witnesses,<GreekSeq>5</GreekSeq></word><word seq="6">and<GreekSeq>7</GreekSeq></word><word seq="7">they shall prophesy<GreekSeq>8</GreekSeq></word><word seq="8">a thousand<GreekSeq>10</GreekSeq></word><word seq="9">two hundred<GreekSeq>11</GreekSeq></word><word seq="10">and</word><word seq="11">threescore<GreekSeq>12</GreekSeq></word><word seq="12">days,<GreekSeq>9</GreekSeq></word><word seq="13">clothed<GreekSeq>13</GreekSeq></word><word seq="14">in sackcloth.<GreekSeq>14</GreekSeq></word></ASV></verse>
<verse number="4"><ASV><word seq="1">These<GreekSeq>1</GreekSeq></word><word seq="2">are<GreekSeq>2</GreekSeq></word><word seq="3">the<GreekSeq>3</GreekSeq></word><word seq="4">two<GreekSeq>4</GreekSeq></word><word seq="5">olive trees<GreekSeq>5</GreekSeq></word><word seq="6">and<GreekSeq>6</GreekSeq></word><word seq="7">the<GreekSeq>7</GreekSeq></word><word seq="8">two<GreekSeq>8</GreekSeq></word><word seq="9">candlesticks,<GreekSeq>9</GreekSeq></word><word seq="10">standing<GreekSeq>16</GreekSeq></word><word seq="11">before<GreekSeq>11</GreekSeq></word><word seq="12">the<GreekSeq>12</GreekSeq></word><word seq="13">Lord<GreekSeq>13</GreekSeq></word><word seq="14">of the<GreekSeq>14</GreekSeq></word><word seq="15">earth.<GreekSeq>15</GreekSeq></word></ASV></verse>
<verse number="5"><ASV><word seq="1">And<GreekSeq>1</GreekSeq></word><word seq="2">if<GreekSeq>2</GreekSeq></word><word seq="3">any man<GreekSeq>3</GreekSeq></word><word seq="4">desireth<GreekSeq>5</GreekSeq></word><word seq="5">to hurt<GreekSeq>6</GreekSeq></word><word seq="6">them,<GreekSeq>4</GreekSeq></word><word seq="7">fire<GreekSeq>7</GreekSeq></word><word seq="8">proceedeth<GreekSeq>8</GreekSeq></word><word seq="9">out of<GreekSeq>9</GreekSeq></word><word seq="10">their<GreekSeq>12</GreekSeq></word><word seq="11">mouth<GreekSeq>11</GreekSeq></word><word seq="12">and<GreekSeq>13</GreekSeq></word><word seq="13">devoureth<GreekSeq>14</GreekSeq></word><word seq="14">their<GreekSeq>17</GreekSeq></word><word seq="15">enemies;<GreekSeq>16</GreekSeq></word><word seq="16">and<GreekSeq>18</GreekSeq></word><word seq="17">if<GreekSeq>19</GreekSeq></word><word seq="18">any man<GreekSeq>20</GreekSeq></word><word seq="19">shall desire<GreekSeq>21</GreekSeq></word><word seq="20">to hurt<GreekSeq>23</GreekSeq></word><word seq="21">them,<GreekSeq>22</GreekSeq></word><word seq="22">in this manner<GreekSeq>24</GreekSeq></word><word seq="23">must<GreekSeq>25</GreekSeq></word><word seq="24">he<GreekSeq>26</GreekSeq></word><word seq="25">be killed.<GreekSeq>27</GreekSeq></word></ASV></verse>
<verse number="6"><ASV><word seq="1">These<GreekSeq>1</GreekSeq></word><word seq="2">have<GreekSeq>2</GreekSeq></word><word seq="3">the<GreekSeq>3</GreekSeq></word><word seq="4">power<GreekSeq>4</GreekSeq></word><word seq="5">to shut<GreekSeq>5</GreekSeq></word><word seq="6">the<GreekSeq>6</GreekSeq></word><word seq="7">heaven,<GreekSeq>7</GreekSeq></word><word seq="8">that<GreekSeq>8</GreekSeq></word><word seq="9">it rain<GreekSeq>10</GreekSeq><GreekSeq>11</GreekSeq></word><word seq="10">not<GreekSeq>9</GreekSeq></word><word seq="11">during the<GreekSeq>12</GreekSeq></word><word seq="12">days<GreekSeq>13</GreekSeq></word><word seq="13">of<GreekSeq>15</GreekSeq></word><word seq="14">their<GreekSeq>16</GreekSeq></word><word seq="15">prophecy:<GreekSeq>15</GreekSeq></word><word seq="16">and<GreekSeq>17</GreekSeq></word><word seq="17">they have<GreekSeq>19</GreekSeq></word><word seq="18">power<GreekSeq>18</GreekSeq></word><word seq="19">over<GreekSeq>20</GreekSeq></word><word seq="20">the<GreekSeq>21</GreekSeq></word><word seq="21">waters<GreekSeq>22</GreekSeq></word><word seq="22">to turn<GreekSeq>23</GreekSeq></word><word seq="23">them<GreekSeq>24</GreekSeq></word><word seq="24">into<GreekSeq>25</GreekSeq></word><word seq="25">blood,<GreekSeq>26</GreekSeq></word><word seq="26">and<GreekSeq>27</GreekSeq></word><word seq="27">to smite<GreekSeq>28</GreekSeq></word><word seq="28">the<GreekSeq>29</GreekSeq></word><word seq="29">earth<GreekSeq>30</GreekSeq></word><word seq="30">with<GreekSeq>31</GreekSeq></word><word seq="31">every<GreekSeq>32</GreekSeq></word><word seq="32">plague,<GreekSeq>33</GreekSeq></word><word seq="33">as often as<GreekSeq>34</GreekSeq><GreekSeq>35</GreekSeq></word><word seq="34">they shall desire.<GreekSeq>36</GreekSeq></word></ASV></verse>
<verse number="7"><ASV><word seq="1">And<GreekSeq>1</GreekSeq></word><word seq="2">when<GreekSeq>2</GreekSeq></word><word seq="3">they shall have finished<GreekSeq>3</GreekSeq></word><word seq="4">their<GreekSeq>6</GreekSeq></word><word seq="5">testimony,<GreekSeq>5</GreekSeq></word><word seq="6">the<GreekSeq>7</GreekSeq></word><word seq="7">beast<GreekSeq>8</GreekSeq></word><word seq="8">that cometh up<GreekSeq>10</GreekSeq></word><word seq="9">out of<GreekSeq>11</GreekSeq></word><word seq="10">the<GreekSeq>12</GreekSeq></word><word seq="11">abyss<GreekSeq>13</GreekSeq></word><word seq="12">shall make<GreekSeq>14</GreekSeq></word><word seq="13">war<GreekSeq>17</GreekSeq></word><word seq="14">with<GreekSeq>15</GreekSeq></word><word seq="15">them,<GreekSeq>16</GreekSeq></word><word seq="16">and<GreekSeq>18</GreekSeq></word><word seq="17">overcome<GreekSeq>19</GreekSeq></word><word seq="18">them,<GreekSeq>20</GreekSeq></word><word seq="19">and<GreekSeq>21</GreekSeq></word><word seq="20">kill<GreekSeq>22</GreekSeq></word><word seq="21">them.<GreekSeq>23</GreekSeq></word></ASV></verse>
<verse number="8"><ASV><word seq="1">And<GreekSeq>1</GreekSeq></word><word seq="2">their<GreekSeq>4</GreekSeq></word><word seq="3">dead bodies<GreekSeq>3</GreekSeq></word><word seq="4">lie</word><word seq="5">in<GreekSeq>5</GreekSeq></word><word seq="6">the<GreekSeq>6</GreekSeq></word><word seq="7">street<GreekSeq>7</GreekSeq></word><word seq="8">of the<GreekSeq>8</GreekSeq></word><word seq="9">great<GreekSeq>11</GreekSeq></word><word seq="10">city,<GreekSeq>9</GreekSeq></word><word seq="11">which<GreekSeq>12</GreekSeq></word><word seq="12">spiritually<GreekSeq>14</GreekSeq></word><word seq="13">is called<GreekSeq>13</GreekSeq></word><word seq="14">Sodom<GreekSeq>15</GreekSeq></word><word seq="15">and<GreekSeq>16</GreekSeq></word><word seq="16">Egypt,<GreekSeq>17</GreekSeq></word><word seq="17">where<GreekSeq>18</GreekSeq></word><word seq="18">also<GreekSeq>19</GreekSeq></word><word seq="19">their<GreekSeq>22</GreekSeq></word><word seq="20">Lord<GreekSeq>21</GreekSeq></word><word seq="21">was crucified.<GreekSeq>23</GreekSeq></word></ASV></verse>
<verse number="9"><ASV><word seq="1">And<GreekSeq>1</GreekSeq></word><word seq="2">from among<GreekSeq>3</GreekSeq></word><word seq="3">the<GreekSeq>4</GreekSeq></word><word seq="4">peoples<GreekSeq>5</GreekSeq></word><word seq="5">and<GreekSeq>6</GreekSeq></word><word seq="6">tribes<GreekSeq>7</GreekSeq></word><word seq="7">and<GreekSeq>8</GreekSeq></word><word seq="8">tongues<GreekSeq>9</GreekSeq></word><word seq="9">and<GreekSeq>10</GreekSeq></word><word seq="10">nations<GreekSeq>11</GreekSeq></word><word seq="11">men do  look upon<GreekSeq>2</GreekSeq></word><word seq="12">their<GreekSeq>14</GreekSeq></word><word seq="13">dead bodies<GreekSeq>13</GreekSeq></word><word seq="14">three<GreekSeq>16</GreekSeq></word><word seq="15">days<GreekSeq>15</GreekSeq></word><word seq="16">and<GreekSeq>17</GreekSeq></word><word seq="17">a half,<GreekSeq>18</GreekSeq></word><word seq="18">and<GreekSeq>19</GreekSeq></word><word seq="19">suffer<GreekSeq>24</GreekSeq></word><word seq="20">not<GreekSeq>23</GreekSeq></word><word seq="21">their<GreekSeq>22</GreekSeq></word><word seq="22">dead bodies<GreekSeq>21</GreekSeq></word><word seq="23">to be laid<GreekSeq>25</GreekSeq></word><word seq="24">in<GreekSeq>26</GreekSeq></word><word seq="25">a tomb.<GreekSeq>27</GreekSeq></word></ASV></verse>
<verse number="10"><ASV><word seq="1">And<GreekSeq>1</GreekSeq></word><word seq="2">they<GreekSeq>2</GreekSeq></word><word seq="3">that dwell<GreekSeq>3</GreekSeq></word><word seq="4">on<GreekSeq>4</GreekSeq></word><word seq="5">the<GreekSeq>5</GreekSeq></word><word seq="6">earth<GreekSeq>6</GreekSeq></word><word seq="7">rejoice<GreekSeq>7</GreekSeq></word><word seq="8">over<GreekSeq>8</GreekSeq></word><word seq="9">them,<GreekSeq>9</GreekSeq></word><word seq="10">and<GreekSeq>10</GreekSeq></word><word seq="11">make merry;<GreekSeq>11</GreekSeq></word><word seq="12">and<GreekSeq>12</GreekSeq></word><word seq="13">they shall send<GreekSeq>14</GreekSeq></word><word seq="14">gifts<GreekSeq>13</GreekSeq></word><word seq="15">one to another;<GreekSeq>15</GreekSeq></word><word seq="16">because<GreekSeq>16</GreekSeq></word><word seq="17">these<GreekSeq>17</GreekSeq></word><word seq="18">two<GreekSeq>19</GreekSeq></word><word seq="19">prophets<GreekSeq>20</GreekSeq></word><word seq="20">tormented<GreekSeq>21</GreekSeq></word><word seq="21">them<GreekSeq>22</GreekSeq></word><word seq="22">that dwell<GreekSeq>23</GreekSeq></word><word seq="23">on<GreekSeq>24</GreekSeq></word><word seq="24">the<GreekSeq>25</GreekSeq></word><word seq="25">earth.<GreekSeq>26</GreekSeq></word></ASV></verse>
<verse number="11"><ASV><word seq="1">And<GreekSeq>1</GreekSeq></word><word seq="2">after<GreekSeq>2</GreekSeq></word><word seq="3">the<GreekSeq>3</GreekSeq></word><word seq="4">three<GreekSeq>4</GreekSeq></word><word seq="5">days<GreekSeq>5</GreekSeq></word><word seq="6">and<GreekSeq>6</GreekSeq></word><word seq="7">a half<GreekSeq>7</GreekSeq></word><word seq="8">the breath<GreekSeq>8</GreekSeq></word><word seq="9">of life<GreekSeq>9</GreekSeq></word><word seq="10">from<GreekSeq>10</GreekSeq></word><word seq="11">God<GreekSeq>12</GreekSeq></word><word seq="12">entered<GreekSeq>13</GreekSeq></word><word seq="13">into<GreekSeq>14</GreekSeq></word><word seq="14">them,<GreekSeq>15</GreekSeq></word><word seq="15">and<GreekSeq>16</GreekSeq></word><word seq="16">they stood<GreekSeq>17</GreekSeq></word><word seq="17">upon<GreekSeq>18</GreekSeq></word><word seq="18">their<GreekSeq>21</GreekSeq></word><word seq="19">feet;<GreekSeq>20</GreekSeq></word><word seq="20">and<GreekSeq>22</GreekSeq></word><word seq="21">great<GreekSeq>24</GreekSeq></word><word seq="22">fear<GreekSeq>23</GreekSeq></word><word seq="23">fell<GreekSeq>25</GreekSeq></word><word seq="24">upon<GreekSeq>26</GreekSeq></word><word seq="25">them<GreekSeq>27</GreekSeq></word><word seq="26">that beheld<GreekSeq>28</GreekSeq></word><word seq="27">them.<GreekSeq>29</GreekSeq></word></ASV></verse>
<verse number="12"><ASV><word seq="1">And<GreekSeq>1</GreekSeq></word><word seq="2">they heard<GreekSeq>2</GreekSeq></word><word seq="3">a great<GreekSeq>4</GreekSeq></word><word seq="4">voice<GreekSeq>3</GreekSeq></word><word seq="5">from<GreekSeq>5</GreekSeq></word><word seq="6">heaven<GreekSeq>7</GreekSeq></word><word seq="7">saying<GreekSeq>8</GreekSeq></word><word seq="8">unto them,<GreekSeq>9</GreekSeq></word><word seq="9">Come up<GreekSeq>10</GreekSeq></word><word seq="10">hither.<GreekSeq>11</GreekSeq></word><word seq="11">And<GreekSeq>12</GreekSeq></word><word seq="12">they went up<GreekSeq>13</GreekSeq></word><word seq="13">into<GreekSeq>14</GreekSeq></word><word seq="14">heaven<GreekSeq>16</GreekSeq></word><word seq="15">in<GreekSeq>17</GreekSeq></word><word seq="16">the<GreekSeq>18</GreekSeq></word><word seq="17">cloud;<GreekSeq>19</GreekSeq></word><word seq="18">and<GreekSeq>20</GreekSeq></word><word seq="19">their<GreekSeq>25</GreekSeq></word><word seq="20">enemies<GreekSeq>24</GreekSeq></word><word seq="21">beheld<GreekSeq>21</GreekSeq></word><word seq="22">them.<GreekSeq>22</GreekSeq></word></ASV></verse>
<verse number="13"><ASV><word seq="1">And<GreekSeq>1</GreekSeq></word><word seq="2">in<GreekSeq>2</GreekSeq></word><word seq="3">that<GreekSeq>3</GreekSeq></word><word seq="4">hour<GreekSeq>5</GreekSeq></word><word seq="5">there was<GreekSeq>6</GreekSeq></word><word seq="6">a great<GreekSeq>8</GreekSeq></word><word seq="7">earthquake,<GreekSeq>7</GreekSeq></word><word seq="8">and<GreekSeq>9</GreekSeq></word><word seq="9">the<GreekSeq>10</GreekSeq></word><word seq="10">tenth part<GreekSeq>11</GreekSeq></word><word seq="11">of the<GreekSeq>12</GreekSeq></word><word seq="12">city<GreekSeq>13</GreekSeq></word><word seq="13">fell;<GreekSeq>14</GreekSeq></word><word seq="14">and<GreekSeq>15</GreekSeq></word><word seq="15">there were killed<GreekSeq>16</GreekSeq></word><word seq="16">in<GreekSeq>17</GreekSeq></word><word seq="17">the<GreekSeq>18</GreekSeq></word><word seq="18">earthquake<GreekSeq>19</GreekSeq></word><word seq="19">seven<GreekSeq>23</GreekSeq></word><word seq="20">thousand<GreekSeq>22</GreekSeq></word><word seq="21">persons:<GreekSeq>21</GreekSeq></word><word seq="22">and<GreekSeq>24</GreekSeq></word><word seq="23">the<GreekSeq>25</GreekSeq></word><word seq="24">rest<GreekSeq>26</GreekSeq></word><word seq="25">were<GreekSeq>28</GreekSeq></word><word seq="26">affrighted,<GreekSeq>27</GreekSeq></word><word seq="27">and<GreekSeq>29</GreekSeq></word><word seq="28">gave<GreekSeq>30</GreekSeq></word><word seq="29">glory<GreekSeq>31</GreekSeq></word><word seq="30">to the<GreekSeq>32</GreekSeq></word><word seq="31">God<GreekSeq>33</GreekSeq></word><word seq="32">of heaven.<GreekSeq>35</GreekSeq></word></ASV></verse>
<verse number="14"><ASV><word seq="1">The<GreekSeq>1</GreekSeq></word><word seq="2">second<GreekSeq>4</GreekSeq></word><word seq="3">Woe<GreekSeq>2</GreekSeq></word><word seq="4">is past:<GreekSeq>5</GreekSeq></word><word seq="5">behold,<GreekSeq>6</GreekSeq></word><word seq="6">the<GreekSeq>7</GreekSeq></word><word seq="7">third<GreekSeq>10</GreekSeq></word><word seq="8">Woe<GreekSeq>8</GreekSeq></word><word seq="9">cometh<GreekSeq>11</GreekSeq></word><word seq="10">quickly.<GreekSeq>12</GreekSeq></word></ASV></verse>
<verse number="15"><ASV><word seq="1">And<GreekSeq>1</GreekSeq></word><word seq="2">the<GreekSeq>2</GreekSeq></word><word seq="3">seventh<GreekSeq>3</GreekSeq></word><word seq="4">angel<GreekSeq>4</GreekSeq></word><word seq="5">sounded;<GreekSeq>5</GreekSeq></word><word seq="6">and<GreekSeq>6</GreekSeq></word><word seq="7">there followed<GreekSeq>7</GreekSeq></word><word seq="8">great<GreekSeq>9</GreekSeq></word><word seq="9">voices<GreekSeq>8</GreekSeq></word><word seq="10">in<GreekSeq>10</GreekSeq></word><word seq="11">heaven,<GreekSeq>12</GreekSeq></word><word seq="12">and</word><word seq="13">they said,<GreekSeq>13</GreekSeq></word><word seq="14">The<GreekSeq>15</GreekSeq></word><word seq="15">kingdom<GreekSeq>16</GreekSeq></word><word seq="16">of the<GreekSeq>17</GreekSeq></word><word seq="17">world<GreekSeq>18</GreekSeq></word><word seq="18">is become<GreekSeq>14</GreekSeq></word><word seq="19">the kingdom</word><word seq="20">of<GreekSeq>20</GreekSeq></word><word seq="21">our<GreekSeq>21</GreekSeq></word><word seq="22">Lord,<GreekSeq>20</GreekSeq></word><word seq="23">and<GreekSeq>22</GreekSeq></word><word seq="24">of<GreekSeq>24</GreekSeq></word><word seq="25">his<GreekSeq>25</GreekSeq></word><word seq="26">Christ:<GreekSeq>24</GreekSeq></word><word seq="27">and<GreekSeq>26</GreekSeq></word><word seq="28">he shall reign<GreekSeq>27</GreekSeq></word><word seq="29">for<GreekSeq>28</GreekSeq></word><word seq="30">ever<GreekSeq>30</GreekSeq></word><word seq="31">and</word><word seq="32">ever.<GreekSeq>32</GreekSeq></word></ASV></verse>
<verse number="16"><ASV><word seq="1">And<GreekSeq>1</GreekSeq></word><word seq="2">the<GreekSeq>2</GreekSeq></word><word seq="3">four<GreekSeq>4</GreekSeq></word><word seq="4">and</word><word seq="5">twenty<GreekSeq>3</GreekSeq></word><word seq="6">elders,<GreekSeq>5</GreekSeq></word><word seq="7">who sit<GreekSeq>10</GreekSeq></word><word seq="8">before<GreekSeq>7</GreekSeq></word><word seq="9">God<GreekSeq>9</GreekSeq></word><word seq="10">on<GreekSeq>11</GreekSeq></word><word seq="11">their<GreekSeq>14</GreekSeq></word><word seq="12">thrones,<GreekSeq>13</GreekSeq></word><word seq="13">fell<GreekSeq>15</GreekSeq></word><word seq="14">upon<GreekSeq>16</GreekSeq></word><word seq="15">their<GreekSeq>19</GreekSeq></word><word seq="16">faces<GreekSeq>18</GreekSeq></word><word seq="17">and<GreekSeq>20</GreekSeq></word><word seq="18">worshipped<GreekSeq>21</GreekSeq></word><word seq="19">God,<GreekSeq>23</GreekSeq></word></ASV></verse>
<verse number="17"><ASV><word seq="1">saying,<GreekSeq>1</GreekSeq></word><word seq="2">We give<GreekSeq>2</GreekSeq></word><word seq="3">thee<GreekSeq>3</GreekSeq></word><word seq="4">thanks,<GreekSeq>2</GreekSeq></word><word seq="5">O Lord<GreekSeq>4</GreekSeq></word><word seq="6">God,<GreekSeq>6</GreekSeq></word><word seq="7">the<GreekSeq>7</GreekSeq></word><word seq="8">Almighty,<GreekSeq>8</GreekSeq></word><word seq="9">who art<GreekSeq>10</GreekSeq></word><word seq="10">and<GreekSeq>11</GreekSeq></word><word seq="11">who<GreekSeq>12</GreekSeq></word><word seq="12">wast;<GreekSeq>13</GreekSeq></word><word seq="13">because<GreekSeq>14</GreekSeq></word><word seq="14">thou hast taken<GreekSeq>15</GreekSeq></word><word seq="15">thy<GreekSeq>18</GreekSeq></word><word seq="16">great<GreekSeq>20</GreekSeq></word><word seq="17">power,<GreekSeq>17</GreekSeq></word><word seq="18">and<GreekSeq>21</GreekSeq></word><word seq="19">didst reign.<GreekSeq>22</GreekSeq></word></ASV></verse>
<verse number="18"><ASV><word seq="1">And<GreekSeq>1</GreekSeq></word><word seq="2">the<GreekSeq>2</GreekSeq></word><word seq="3">nations<GreekSeq>3</GreekSeq></word><word seq="4">were wroth,<GreekSeq>4</GreekSeq></word><word seq="5">and<GreekSeq>5</GreekSeq></word><word seq="6">thy<GreekSeq>9</GreekSeq></word><word seq="7">wrath<GreekSeq>8</GreekSeq></word><word seq="8">came,<GreekSeq>6</GreekSeq></word><word seq="9">and<GreekSeq>10</GreekSeq></word><word seq="10">the<GreekSeq>11</GreekSeq></word><word seq="11">time<GreekSeq>12</GreekSeq></word><word seq="12">of the<GreekSeq>13</GreekSeq></word><word seq="13">dead<GreekSeq>14</GreekSeq></word><word seq="14">to be judged,<GreekSeq>15</GreekSeq></word><word seq="15">and<GreekSeq>16</GreekSeq></word><word seq="16">the time</word><word seq="17">to give<GreekSeq>17</GreekSeq></word><word seq="18">their</word><word seq="19">reward<GreekSeq>19</GreekSeq></word><word seq="20">to<GreekSeq>21</GreekSeq></word><word seq="21">thy<GreekSeq>22</GreekSeq></word><word seq="22">servants<GreekSeq>21</GreekSeq></word><word seq="23">the<GreekSeq>23</GreekSeq></word><word seq="24">prophets,<GreekSeq>24</GreekSeq></word><word seq="25">and<GreekSeq>25</GreekSeq></word><word seq="26">to the<GreekSeq>26</GreekSeq></word><word seq="27">saints,<GreekSeq>27</GreekSeq></word><word seq="28">and<GreekSeq>28</GreekSeq></word><word seq="29">to them<GreekSeq>29</GreekSeq></word><word seq="30">that fear<GreekSeq>30</GreekSeq></word><word seq="31">thy<GreekSeq>33</GreekSeq></word><word seq="32">name,<GreekSeq>32</GreekSeq></word><word seq="33">the<GreekSeq>34</GreekSeq></word><word seq="34">small<GreekSeq>35</GreekSeq></word><word seq="35">and<GreekSeq>36</GreekSeq></word><word seq="36">the<GreekSeq>37</GreekSeq></word><word seq="37">great;<GreekSeq>38</GreekSeq></word><word seq="38">and<GreekSeq>39</GreekSeq></word><word seq="39">to destroy<GreekSeq>40</GreekSeq></word><word seq="40">them<GreekSeq>41</GreekSeq></word><word seq="41">that destroy<GreekSeq>42</GreekSeq></word><word seq="42">the<GreekSeq>43</GreekSeq></word><word seq="43">earth.<GreekSeq>44</GreekSeq></word></ASV></verse>
<verse number="19"><ASV><word seq="1">And<GreekSeq>1</GreekSeq></word><word seq="2">there was opened<GreekSeq>2</GreekSeq></word><word seq="3">the<GreekSeq>3</GreekSeq></word><word seq="4">temple<GreekSeq>4</GreekSeq></word><word seq="5">of God<GreekSeq>6</GreekSeq></word><word seq="6">that<GreekSeq>7</GreekSeq></word><word seq="7">is</word><word seq="8">in<GreekSeq>8</GreekSeq></word><word seq="9">heaven;<GreekSeq>10</GreekSeq></word><word seq="10">and<GreekSeq>11</GreekSeq></word><word seq="11">there was seen<GreekSeq>12</GreekSeq></word><word seq="12">in<GreekSeq>18</GreekSeq></word><word seq="13">his<GreekSeq>21</GreekSeq></word><word seq="14">temple<GreekSeq>20</GreekSeq></word><word seq="15">the<GreekSeq>13</GreekSeq></word><word seq="16">ark<GreekSeq>14</GreekSeq></word><word seq="17">of<GreekSeq>16</GreekSeq></word><word seq="18">his<GreekSeq>17</GreekSeq></word><word seq="19">covenant;<GreekSeq>16</GreekSeq></word><word seq="20">and<GreekSeq>22</GreekSeq></word><word seq="21">there followed<GreekSeq>23</GreekSeq></word><word seq="22">lightnings,<GreekSeq>24</GreekSeq></word><word seq="23">and<GreekSeq>25</GreekSeq></word><word seq="24">voices,<GreekSeq>26</GreekSeq></word><word seq="25">and<GreekSeq>27</GreekSeq></word><word seq="26">thunders,<GreekSeq>28</GreekSeq></word><word seq="27">and<GreekSeq>29</GreekSeq></word><word seq="28">an earthquake,<GreekSeq>30</GreekSeq></word><word seq="29">and<GreekSeq>31</GreekSeq></word><word seq="30">great<GreekSeq>33</GreekSeq></word><word seq="31">hail.<GreekSeq>32</GreekSeq></word></ASV></verse>
</chapter></book>