<?xml version="1.0" encoding="UTF-8" standalone="no"?><book><chapter number="1">
<verse number="1"><ASV><word seq="1">The Revelation<GreekSeq>1</GreekSeq></word><word seq="2">of Jesus<GreekSeq>2</GreekSeq></word><word seq="3">Christ,<GreekSeq>3</GreekSeq></word><word seq="4">which<GreekSeq>4</GreekSeq></word><word seq="5">God<GreekSeq>8</GreekSeq></word><word seq="6">gave<GreekSeq>5</GreekSeq></word><word seq="7">him<GreekSeq>6</GreekSeq></word><word seq="8">to show<GreekSeq>9</GreekSeq></word><word seq="9">unto<GreekSeq>11</GreekSeq></word><word seq="10">his<GreekSeq>12</GreekSeq></word><word seq="11">servants,<GreekSeq>11</GreekSeq></word><word seq="12">even</word><word seq="13">the things which<GreekSeq>13</GreekSeq></word><word seq="14">must<GreekSeq>14</GreekSeq></word><word seq="15">shortly<GreekSeq>16</GreekSeq><GreekSeq>17</GreekSeq></word><word seq="16">come to pass:<GreekSeq>15</GreekSeq></word><word seq="17">and<GreekSeq>18</GreekSeq></word><word seq="18">he sent<GreekSeq>20</GreekSeq></word><word seq="19">and</word><word seq="20">signified<GreekSeq>19</GreekSeq></word><word seq="21">it</word><word seq="22">by<GreekSeq>21</GreekSeq></word><word seq="23">his<GreekSeq>24</GreekSeq></word><word seq="24">angel<GreekSeq>23</GreekSeq></word><word seq="25">unto<GreekSeq>26</GreekSeq></word><word seq="26">his<GreekSeq>27</GreekSeq></word><word seq="27">servant<GreekSeq>26</GreekSeq></word><word seq="28">John;<GreekSeq>28</GreekSeq></word></ASV></verse>
<verse number="2"><ASV><word seq="1">who<GreekSeq>1</GreekSeq></word><word seq="2">bare witness<GreekSeq>2</GreekSeq></word><word seq="3">of the<GreekSeq>3</GreekSeq></word><word seq="4">word<GreekSeq>4</GreekSeq></word><word seq="5">of God,<GreekSeq>6</GreekSeq></word><word seq="6">and<GreekSeq>7</GreekSeq></word><word seq="7">of the<GreekSeq>8</GreekSeq></word><word seq="8">testimony<GreekSeq>9</GreekSeq></word><word seq="9">of Jesus<GreekSeq>10</GreekSeq></word><word seq="10">Christ,<GreekSeq>11</GreekSeq></word><word seq="11">even</word><word seq="12">of all things that<GreekSeq>12</GreekSeq></word><word seq="13">he saw.<GreekSeq>13</GreekSeq></word></ASV></verse>
<verse number="3"><ASV><word seq="1">Blessed<GreekSeq>1</GreekSeq></word><word seq="2">is</word><word seq="3">he<GreekSeq>2</GreekSeq></word><word seq="4">that readeth,<GreekSeq>3</GreekSeq></word><word seq="5">and<GreekSeq>4</GreekSeq></word><word seq="6">they<GreekSeq>5</GreekSeq></word><word seq="7">that hear<GreekSeq>6</GreekSeq></word><word seq="8">the<GreekSeq>7</GreekSeq></word><word seq="9">words<GreekSeq>8</GreekSeq></word><word seq="10">of the<GreekSeq>9</GreekSeq></word><word seq="11">prophecy,<GreekSeq>10</GreekSeq></word><word seq="12">and<GreekSeq>11</GreekSeq></word><word seq="13">keep<GreekSeq>12</GreekSeq></word><word seq="14">the things<GreekSeq>13</GreekSeq></word><word seq="15">that are written<GreekSeq>16</GreekSeq></word><word seq="16">therein:<GreekSeq>14</GreekSeq><GreekSeq>15</GreekSeq></word><word seq="17">for<GreekSeq>18</GreekSeq></word><word seq="18">the<GreekSeq>17</GreekSeq></word><word seq="19">time<GreekSeq>19</GreekSeq></word><word seq="20">is</word><word seq="21">at hand.<GreekSeq>20</GreekSeq></word></ASV></verse>
<verse number="4"><ASV><word seq="1">John<GreekSeq>1</GreekSeq></word><word seq="2">to the<GreekSeq>2</GreekSeq></word><word seq="3">seven<GreekSeq>3</GreekSeq></word><word seq="4">churches<GreekSeq>4</GreekSeq></word><word seq="5">that<GreekSeq>5</GreekSeq></word><word seq="6">are</word><word seq="7">in<GreekSeq>6</GreekSeq></word><word seq="8">Asia:<GreekSeq>8</GreekSeq></word><word seq="9">Grace<GreekSeq>9</GreekSeq></word><word seq="10">to you<GreekSeq>10</GreekSeq></word><word seq="11">and<GreekSeq>11</GreekSeq></word><word seq="12">peace,<GreekSeq>12</GreekSeq></word><word seq="13">from<GreekSeq>13</GreekSeq></word><word seq="14">him<GreekSeq>14</GreekSeq></word><word seq="15">who is<GreekSeq>15</GreekSeq></word><word seq="16">and<GreekSeq>16</GreekSeq></word><word seq="17">who<GreekSeq>17</GreekSeq></word><word seq="18">was<GreekSeq>18</GreekSeq></word><word seq="19">and<GreekSeq>19</GreekSeq></word><word seq="20">who is to come;<GreekSeq>21</GreekSeq></word><word seq="21">and<GreekSeq>22</GreekSeq></word><word seq="22">from<GreekSeq>23</GreekSeq></word><word seq="23">the<GreekSeq>24</GreekSeq></word><word seq="24">seven<GreekSeq>25</GreekSeq></word><word seq="25">Spirits<GreekSeq>26</GreekSeq></word><word seq="26">that<GreekSeq>27</GreekSeq></word><word seq="27">are</word><word seq="28">before<GreekSeq>28</GreekSeq></word><word seq="29">his<GreekSeq>31</GreekSeq></word><word seq="30">throne;<GreekSeq>30</GreekSeq></word></ASV></verse>
<verse number="5"><ASV><word seq="1">and<GreekSeq>1</GreekSeq></word><word seq="2">from<GreekSeq>2</GreekSeq></word><word seq="3">Jesus<GreekSeq>3</GreekSeq></word><word seq="4">Christ,<GreekSeq>4</GreekSeq></word><word seq="5">who is</word><word seq="6">the<GreekSeq>5</GreekSeq></word><word seq="7">faithful<GreekSeq>8</GreekSeq></word><word seq="8">witness,<GreekSeq>6</GreekSeq></word><word seq="9">the<GreekSeq>9</GreekSeq></word><word seq="10">firstborn<GreekSeq>10</GreekSeq></word><word seq="11">of the<GreekSeq>11</GreekSeq></word><word seq="12">dead,<GreekSeq>12</GreekSeq></word><word seq="13">and<GreekSeq>13</GreekSeq></word><word seq="14">the<GreekSeq>14</GreekSeq></word><word seq="15">ruler<GreekSeq>15</GreekSeq></word><word seq="16">of the<GreekSeq>16</GreekSeq></word><word seq="17">kings<GreekSeq>17</GreekSeq></word><word seq="18">of the<GreekSeq>18</GreekSeq></word><word seq="19">earth.<GreekSeq>19</GreekSeq></word><word seq="20">Unto him<GreekSeq>20</GreekSeq></word><word seq="21">that loveth<GreekSeq>21</GreekSeq></word><word seq="22">us,<GreekSeq>22</GreekSeq></word><word seq="23">and<GreekSeq>23</GreekSeq></word><word seq="24">loosed<GreekSeq>24</GreekSeq></word><word seq="25">us<GreekSeq>25</GreekSeq></word><word seq="26">from<GreekSeq>26</GreekSeq></word><word seq="27">our<GreekSeq>29</GreekSeq></word><word seq="28">sins<GreekSeq>28</GreekSeq></word><word seq="29">by<GreekSeq>30</GreekSeq></word><word seq="30">his<GreekSeq>33</GreekSeq></word><word seq="31">blood;<GreekSeq>32</GreekSeq></word></ASV></verse>
<verse number="6"><ASV><word seq="1">and<GreekSeq>1</GreekSeq></word><word seq="2">he made<GreekSeq>2</GreekSeq></word><word seq="3">to be</word><word seq="4">us<GreekSeq>3</GreekSeq></word><word seq="5">a kingdom,<GreekSeq>4</GreekSeq></word><word seq="6">to be</word><word seq="7">priests<GreekSeq>5</GreekSeq></word><word seq="8">unto<GreekSeq>7</GreekSeq></word><word seq="9">his<GreekSeq>10</GreekSeq></word><word seq="10">God<GreekSeq>7</GreekSeq></word><word seq="11">and<GreekSeq>8</GreekSeq></word><word seq="12">Father;<GreekSeq>9</GreekSeq></word><word seq="13">to him<GreekSeq>11</GreekSeq></word><word seq="14">be</word><word seq="15">the<GreekSeq>12</GreekSeq></word><word seq="16">glory<GreekSeq>13</GreekSeq></word><word seq="17">and<GreekSeq>14</GreekSeq></word><word seq="18">the<GreekSeq>15</GreekSeq></word><word seq="19">dominion<GreekSeq>16</GreekSeq></word><word seq="20">for<GreekSeq>17</GreekSeq></word><word seq="21">ever<GreekSeq>19</GreekSeq></word><word seq="22">and</word><word seq="23">ever.<GreekSeq>21</GreekSeq></word><word seq="24">Amen.<GreekSeq>22</GreekSeq></word></ASV></verse>
<verse number="7"><ASV><word seq="1">Behold,<GreekSeq>1</GreekSeq></word><word seq="2">he cometh<GreekSeq>2</GreekSeq></word><word seq="3">with<GreekSeq>3</GreekSeq></word><word seq="4">the<GreekSeq>4</GreekSeq></word><word seq="5">clouds;<GreekSeq>5</GreekSeq></word><word seq="6">and<GreekSeq>6</GreekSeq></word><word seq="7">every<GreekSeq>9</GreekSeq></word><word seq="8">eye<GreekSeq>10</GreekSeq></word><word seq="9">shall see<GreekSeq>7</GreekSeq></word><word seq="10">him,<GreekSeq>8</GreekSeq></word><word seq="11">and<GreekSeq>11</GreekSeq></word><word seq="12">they that<GreekSeq>12</GreekSeq></word><word seq="13">pierced<GreekSeq>14</GreekSeq></word><word seq="14">him;<GreekSeq>13</GreekSeq></word><word seq="15">and<GreekSeq>15</GreekSeq></word><word seq="16">all<GreekSeq>19</GreekSeq></word><word seq="17">the<GreekSeq>20</GreekSeq></word><word seq="18">tribes<GreekSeq>21</GreekSeq></word><word seq="19">of the<GreekSeq>22</GreekSeq></word><word seq="20">earth<GreekSeq>23</GreekSeq></word><word seq="21">shall mourn<GreekSeq>16</GreekSeq></word><word seq="22">over<GreekSeq>17</GreekSeq></word><word seq="23">him.<GreekSeq>18</GreekSeq></word><word seq="24">Even so,<GreekSeq>24</GreekSeq></word><word seq="25">Amen.<GreekSeq>25</GreekSeq></word></ASV></verse>
<verse number="8"><ASV><word seq="1">I<GreekSeq>1</GreekSeq></word><word seq="2">am<GreekSeq>2</GreekSeq></word><word seq="3">the<GreekSeq>3</GreekSeq></word><word seq="4">Alpha<GreekSeq>4</GreekSeq></word><word seq="5">and<GreekSeq>5</GreekSeq></word><word seq="6">the<GreekSeq>6</GreekSeq></word><word seq="7">Omega,<GreekSeq>7</GreekSeq></word><word seq="8">saith<GreekSeq>8</GreekSeq></word><word seq="9">the<GreekSeq>10</GreekSeq></word><word seq="10">Lord<GreekSeq>9</GreekSeq></word><word seq="11">God,<GreekSeq>11</GreekSeq></word><word seq="12">who is<GreekSeq>13</GreekSeq></word><word seq="13">and<GreekSeq>14</GreekSeq></word><word seq="14">who<GreekSeq>15</GreekSeq></word><word seq="15">was<GreekSeq>16</GreekSeq></word><word seq="16">and<GreekSeq>17</GreekSeq></word><word seq="17">who is to come,<GreekSeq>19</GreekSeq></word><word seq="18">the<GreekSeq>20</GreekSeq></word><word seq="19">Almighty.<GreekSeq>21</GreekSeq></word></ASV></verse>
<verse number="9"><ASV><word seq="1">I<GreekSeq>1</GreekSeq></word><word seq="2">John,<GreekSeq>2</GreekSeq></word><word seq="3">your<GreekSeq>5</GreekSeq></word><word seq="4">brother<GreekSeq>4</GreekSeq></word><word seq="5">and<GreekSeq>6</GreekSeq></word><word seq="6">partaker with<GreekSeq>7</GreekSeq></word><word seq="7">you</word><word seq="8">in<GreekSeq>8</GreekSeq></word><word seq="9">the<GreekSeq>9</GreekSeq></word><word seq="10">tribulation<GreekSeq>10</GreekSeq></word><word seq="11">and<GreekSeq>11</GreekSeq></word><word seq="12">kingdom<GreekSeq>12</GreekSeq></word><word seq="13">and<GreekSeq>13</GreekSeq></word><word seq="14">patience<GreekSeq>14</GreekSeq></word><word seq="15">which are</word><word seq="16">in<GreekSeq>15</GreekSeq></word><word seq="17">Jesus,<GreekSeq>16</GreekSeq></word><word seq="18">was<GreekSeq>17</GreekSeq></word><word seq="19">in<GreekSeq>18</GreekSeq></word><word seq="20">the<GreekSeq>19</GreekSeq></word><word seq="21">isle<GreekSeq>20</GreekSeq></word><word seq="22">that is called<GreekSeq>22</GreekSeq></word><word seq="23">Patmos,<GreekSeq>23</GreekSeq></word><word seq="24">for<GreekSeq>24</GreekSeq></word><word seq="25">the<GreekSeq>25</GreekSeq></word><word seq="26">word<GreekSeq>26</GreekSeq></word><word seq="27">of God<GreekSeq>28</GreekSeq></word><word seq="28">and<GreekSeq>29</GreekSeq></word><word seq="29">the<GreekSeq>30</GreekSeq></word><word seq="30">testimony<GreekSeq>31</GreekSeq></word><word seq="31">of Jesus.<GreekSeq>32</GreekSeq></word></ASV></verse>
<verse number="10"><ASV><word seq="1">I was<GreekSeq>1</GreekSeq></word><word seq="2">in<GreekSeq>2</GreekSeq></word><word seq="3">the Spirit<GreekSeq>3</GreekSeq></word><word seq="4">on<GreekSeq>4</GreekSeq></word><word seq="5">the<GreekSeq>5</GreekSeq></word><word seq="6">Lord’s<GreekSeq>6</GreekSeq></word><word seq="7">day,<GreekSeq>7</GreekSeq></word><word seq="8">and<GreekSeq>8</GreekSeq></word><word seq="9">I heard<GreekSeq>9</GreekSeq></word><word seq="10">behind<GreekSeq>10</GreekSeq></word><word seq="11">me<GreekSeq>11</GreekSeq></word><word seq="12">a great<GreekSeq>13</GreekSeq></word><word seq="13">voice,<GreekSeq>12</GreekSeq></word><word seq="14">as<GreekSeq>14</GreekSeq></word><word seq="15">of a trumpet<GreekSeq>15</GreekSeq></word></ASV></verse>
<verse number="11"><ASV><word seq="1">saying,<GreekSeq>1</GreekSeq></word><word seq="2">What<GreekSeq>2</GreekSeq></word><word seq="3">thou seest,<GreekSeq>3</GreekSeq></word><word seq="4">write<GreekSeq>4</GreekSeq></word><word seq="5">in<GreekSeq>5</GreekSeq></word><word seq="6">a book<GreekSeq>6</GreekSeq></word><word seq="7">and<GreekSeq>7</GreekSeq></word><word seq="8">send<GreekSeq>8</GreekSeq></word><word seq="9">it</word><word seq="10">to the<GreekSeq>9</GreekSeq></word><word seq="11">seven<GreekSeq>10</GreekSeq></word><word seq="12">churches:<GreekSeq>11</GreekSeq></word><word seq="13">unto<GreekSeq>12</GreekSeq></word><word seq="14">Ephesus,<GreekSeq>13</GreekSeq></word><word seq="15">and<GreekSeq>14</GreekSeq></word><word seq="16">unto<GreekSeq>15</GreekSeq></word><word seq="17">Smyrna,<GreekSeq>16</GreekSeq></word><word seq="18">and<GreekSeq>17</GreekSeq></word><word seq="19">unto<GreekSeq>18</GreekSeq></word><word seq="20">Pergamum,<GreekSeq>19</GreekSeq></word><word seq="21">and<GreekSeq>20</GreekSeq></word><word seq="22">unto<GreekSeq>21</GreekSeq></word><word seq="23">Thyatira,<GreekSeq>22</GreekSeq></word><word seq="24">and<GreekSeq>23</GreekSeq></word><word seq="25">unto<GreekSeq>24</GreekSeq></word><word seq="26">Sardis,<GreekSeq>25</GreekSeq></word><word seq="27">and<GreekSeq>26</GreekSeq></word><word seq="28">unto<GreekSeq>27</GreekSeq></word><word seq="29">Philadelphia,<GreekSeq>28</GreekSeq></word><word seq="30">and<GreekSeq>29</GreekSeq></word><word seq="31">unto<GreekSeq>30</GreekSeq></word><word seq="32">Laodicea.<GreekSeq>31</GreekSeq></word></ASV></verse>
<verse number="12"><ASV><word seq="1">And<GreekSeq>1</GreekSeq></word><word seq="2">I turned<GreekSeq>2</GreekSeq></word><word seq="3">to see<GreekSeq>3</GreekSeq></word><word seq="4">the<GreekSeq>4</GreekSeq></word><word seq="5">voice<GreekSeq>5</GreekSeq></word><word seq="6">that<GreekSeq>6</GreekSeq></word><word seq="7">spake<GreekSeq>7</GreekSeq></word><word seq="8">with<GreekSeq>8</GreekSeq></word><word seq="9">me.<GreekSeq>9</GreekSeq></word><word seq="10">And<GreekSeq>10</GreekSeq></word><word seq="11">having turned<GreekSeq>11</GreekSeq></word><word seq="12">I saw<GreekSeq>12</GreekSeq></word><word seq="13">seven<GreekSeq>13</GreekSeq></word><word seq="14">golden<GreekSeq>15</GreekSeq></word><word seq="15">candlesticks;<GreekSeq>14</GreekSeq></word></ASV></verse>
<verse number="13"><ASV><word seq="1">and<GreekSeq>1</GreekSeq></word><word seq="2">in<GreekSeq>2</GreekSeq></word><word seq="3">the midst<GreekSeq>3</GreekSeq></word><word seq="4">of the<GreekSeq>4</GreekSeq></word><word seq="5">candlesticks<GreekSeq>5</GreekSeq></word><word seq="6">one like<GreekSeq>6</GreekSeq></word><word seq="7">unto a son<GreekSeq>7</GreekSeq></word><word seq="8">of man,<GreekSeq>8</GreekSeq></word><word seq="9">clothed<GreekSeq>9</GreekSeq></word><word seq="10">with a garment</word><word seq="11">down to the foot,<GreekSeq>10</GreekSeq></word><word seq="12">and<GreekSeq>11</GreekSeq></word><word seq="13">girt about<GreekSeq>12</GreekSeq></word><word seq="14">at<GreekSeq>13</GreekSeq></word><word seq="15">the<GreekSeq>14</GreekSeq></word><word seq="16">breasts<GreekSeq>15</GreekSeq></word><word seq="17">with a<GreekSeq>16</GreekSeq></word><word seq="18">golden<GreekSeq>17</GreekSeq></word><word seq="19">girdle.<GreekSeq>16</GreekSeq></word></ASV></verse>
<verse number="14"><ASV><word seq="1">And<GreekSeq>2</GreekSeq></word><word seq="2">his<GreekSeq>4</GreekSeq></word><word seq="3">head<GreekSeq>3</GreekSeq></word><word seq="4">and<GreekSeq>5</GreekSeq></word><word seq="5">his</word><word seq="6">hair<GreekSeq>7</GreekSeq></word><word seq="7">were</word><word seq="8">white<GreekSeq>8</GreekSeq></word><word seq="9">as<GreekSeq>9</GreekSeq></word><word seq="10">white<GreekSeq>11</GreekSeq></word><word seq="11">wool,<GreekSeq>10</GreekSeq></word><word seq="12">white</word><word seq="13">as<GreekSeq>12</GreekSeq></word><word seq="14">snow;<GreekSeq>13</GreekSeq></word><word seq="15">and<GreekSeq>14</GreekSeq></word><word seq="16">his<GreekSeq>17</GreekSeq></word><word seq="17">eyes<GreekSeq>16</GreekSeq></word><word seq="18">were</word><word seq="19">as<GreekSeq>18</GreekSeq></word><word seq="20">a flame<GreekSeq>19</GreekSeq></word><word seq="21">of fire;<GreekSeq>20</GreekSeq></word></ASV></verse>
<verse number="15"><ASV><word seq="1">and<GreekSeq>1</GreekSeq></word><word seq="2">his<GreekSeq>4</GreekSeq></word><word seq="3">feet<GreekSeq>3</GreekSeq></word><word seq="4">like<GreekSeq>5</GreekSeq></word><word seq="5">unto burnished brass,<GreekSeq>6</GreekSeq></word><word seq="6">as if<GreekSeq>7</GreekSeq></word><word seq="7">it had been refined<GreekSeq>10</GreekSeq></word><word seq="8">in<GreekSeq>8</GreekSeq></word><word seq="9">a furnace;<GreekSeq>9</GreekSeq></word><word seq="10">and<GreekSeq>11</GreekSeq></word><word seq="11">his<GreekSeq>14</GreekSeq></word><word seq="12">voice<GreekSeq>13</GreekSeq></word><word seq="13">as<GreekSeq>15</GreekSeq></word><word seq="14">the voice<GreekSeq>16</GreekSeq></word><word seq="15">of many<GreekSeq>18</GreekSeq></word><word seq="16">waters.<GreekSeq>17</GreekSeq></word></ASV></verse>
<verse number="16"><ASV><word seq="1">And<GreekSeq>1</GreekSeq></word><word seq="2">he had<GreekSeq>2</GreekSeq></word><word seq="3">in<GreekSeq>3</GreekSeq></word><word seq="4">his<GreekSeq>7</GreekSeq></word><word seq="5">right<GreekSeq>5</GreekSeq></word><word seq="6">hand<GreekSeq>6</GreekSeq></word><word seq="7">seven<GreekSeq>9</GreekSeq></word><word seq="8">stars:<GreekSeq>8</GreekSeq></word><word seq="9">and<GreekSeq>10</GreekSeq></word><word seq="10">out of<GreekSeq>11</GreekSeq></word><word seq="11">his<GreekSeq>14</GreekSeq></word><word seq="12">mouth<GreekSeq>13</GreekSeq></word><word seq="13">proceeded<GreekSeq>18</GreekSeq></word><word seq="14">a sharp<GreekSeq>17</GreekSeq></word><word seq="15">two-edged<GreekSeq>16</GreekSeq></word><word seq="16">sword:<GreekSeq>15</GreekSeq></word><word seq="17">and<GreekSeq>19</GreekSeq></word><word seq="18">his<GreekSeq>22</GreekSeq></word><word seq="19">countenance<GreekSeq>21</GreekSeq></word><word seq="20">was</word><word seq="21">as<GreekSeq>23</GreekSeq></word><word seq="22">the<GreekSeq>24</GreekSeq></word><word seq="23">sun<GreekSeq>25</GreekSeq></word><word seq="24">shineth<GreekSeq>26</GreekSeq></word><word seq="25">in<GreekSeq>27</GreekSeq></word><word seq="26">his<GreekSeq>30</GreekSeq></word><word seq="27">strength.<GreekSeq>29</GreekSeq></word></ASV></verse>
<verse number="17"><ASV><word seq="1">And<GreekSeq>1</GreekSeq></word><word seq="2">when<GreekSeq>2</GreekSeq></word><word seq="3">I saw<GreekSeq>3</GreekSeq></word><word seq="4">him,<GreekSeq>4</GreekSeq></word><word seq="5">I fell<GreekSeq>5</GreekSeq></word><word seq="6">at<GreekSeq>6</GreekSeq></word><word seq="7">his<GreekSeq>9</GreekSeq></word><word seq="8">feet<GreekSeq>8</GreekSeq></word><word seq="9">as<GreekSeq>10</GreekSeq></word><word seq="10">one dead.<GreekSeq>11</GreekSeq></word><word seq="11">And<GreekSeq>12</GreekSeq></word><word seq="12">he laid<GreekSeq>13</GreekSeq></word><word seq="13">his<GreekSeq>16</GreekSeq></word><word seq="14">right hand<GreekSeq>14</GreekSeq><GreekSeq>15</GreekSeq></word><word seq="15">upon<GreekSeq>17</GreekSeq></word><word seq="16">me,<GreekSeq>18</GreekSeq></word><word seq="17">saying,<GreekSeq>19</GreekSeq></word><word seq="18">Fear<GreekSeq>21</GreekSeq></word><word seq="19">not;<GreekSeq>20</GreekSeq></word><word seq="20">I<GreekSeq>22</GreekSeq></word><word seq="21">am<GreekSeq>23</GreekSeq></word><word seq="22">the<GreekSeq>24</GreekSeq></word><word seq="23">first<GreekSeq>25</GreekSeq></word><word seq="24">and<GreekSeq>26</GreekSeq></word><word seq="25">the<GreekSeq>27</GreekSeq></word><word seq="26">last,<GreekSeq>28</GreekSeq></word></ASV></verse>
<verse number="18"><ASV><word seq="1">and<GreekSeq>1</GreekSeq></word><word seq="2">the<GreekSeq>2</GreekSeq></word><word seq="3">Living one;<GreekSeq>3</GreekSeq></word><word seq="4">and<GreekSeq>4</GreekSeq></word><word seq="5">I was<GreekSeq>5</GreekSeq></word><word seq="6">dead,<GreekSeq>6</GreekSeq></word><word seq="7">and<GreekSeq>7</GreekSeq></word><word seq="8">behold,<GreekSeq>8</GreekSeq></word><word seq="9">I am<GreekSeq>10</GreekSeq></word><word seq="10">alive<GreekSeq>9</GreekSeq></word><word seq="11">for<GreekSeq>11</GreekSeq></word><word seq="12">evermore,<GreekSeq>13</GreekSeq><GreekSeq>15</GreekSeq></word><word seq="13">and<GreekSeq>16</GreekSeq></word><word seq="14">I have<GreekSeq>17</GreekSeq></word><word seq="15">the<GreekSeq>18</GreekSeq></word><word seq="16">keys<GreekSeq>19</GreekSeq></word><word seq="17">of death<GreekSeq>21</GreekSeq></word><word seq="18">and<GreekSeq>22</GreekSeq></word><word seq="19">of Hades.<GreekSeq>24</GreekSeq></word></ASV></verse>
<verse number="19"><ASV><word seq="1">Write<GreekSeq>1</GreekSeq></word><word seq="2">therefore<GreekSeq>2</GreekSeq></word><word seq="3">the things which<GreekSeq>3</GreekSeq></word><word seq="4">thou sawest,<GreekSeq>4</GreekSeq></word><word seq="5">and<GreekSeq>5</GreekSeq></word><word seq="6">the things which<GreekSeq>6</GreekSeq></word><word seq="7">are,<GreekSeq>7</GreekSeq></word><word seq="8">and<GreekSeq>8</GreekSeq></word><word seq="9">the things which<GreekSeq>9</GreekSeq></word><word seq="10">shall<GreekSeq>10</GreekSeq></word><word seq="11">come to pass<GreekSeq>11</GreekSeq></word><word seq="12">hereafter;<GreekSeq>12</GreekSeq><GreekSeq>13</GreekSeq></word></ASV></verse>
<verse number="20"><ASV><word seq="1">the<GreekSeq>1</GreekSeq></word><word seq="2">mystery<GreekSeq>2</GreekSeq></word><word seq="3">of the<GreekSeq>3</GreekSeq></word><word seq="4">seven<GreekSeq>4</GreekSeq></word><word seq="5">stars<GreekSeq>5</GreekSeq></word><word seq="6">which<GreekSeq>6</GreekSeq></word><word seq="7">thou sawest<GreekSeq>7</GreekSeq></word><word seq="8">in<GreekSeq>8</GreekSeq></word><word seq="9">my<GreekSeq>11</GreekSeq></word><word seq="10">right hand,<GreekSeq>9</GreekSeq><GreekSeq>10</GreekSeq></word><word seq="11">and<GreekSeq>12</GreekSeq></word><word seq="12">the<GreekSeq>13</GreekSeq></word><word seq="13">seven<GreekSeq>14</GreekSeq></word><word seq="14">golden<GreekSeq>17</GreekSeq></word><word seq="15">candlesticks.<GreekSeq>15</GreekSeq></word><word seq="16">The<GreekSeq>18</GreekSeq></word><word seq="17">seven<GreekSeq>19</GreekSeq></word><word seq="18">stars<GreekSeq>20</GreekSeq></word><word seq="19">are<GreekSeq>25</GreekSeq></word><word seq="20">the angels<GreekSeq>21</GreekSeq></word><word seq="21">of the<GreekSeq>22</GreekSeq></word><word seq="22">seven<GreekSeq>23</GreekSeq></word><word seq="23">churches:<GreekSeq>24</GreekSeq></word><word seq="24">and<GreekSeq>26</GreekSeq></word><word seq="25">the<GreekSeq>27</GreekSeq></word><word seq="26">seven<GreekSeq>30</GreekSeq></word><word seq="27">candlesticks<GreekSeq>28</GreekSeq></word><word seq="28">are<GreekSeq>33</GreekSeq></word><word seq="29">seven<GreekSeq>31</GreekSeq></word><word seq="30">churches.<GreekSeq>32</GreekSeq></word></ASV></verse>
</chapter></book>