<?xml version="1.0" encoding="UTF-8" standalone="no"?><book><chapter number="9">
<verse number="1"><ASV><word seq="1">And<GreekSeq>1</GreekSeq></word><word seq="2">the<GreekSeq>2</GreekSeq></word><word seq="3">fifth<GreekSeq>3</GreekSeq></word><word seq="4">angel<GreekSeq>4</GreekSeq></word><word seq="5">sounded,<GreekSeq>5</GreekSeq></word><word seq="6">and<GreekSeq>6</GreekSeq></word><word seq="7">I saw<GreekSeq>7</GreekSeq></word><word seq="8">a star<GreekSeq>8</GreekSeq></word><word seq="9">from<GreekSeq>9</GreekSeq></word><word seq="10">heaven<GreekSeq>11</GreekSeq></word><word seq="11">fallen<GreekSeq>12</GreekSeq></word><word seq="12">unto<GreekSeq>13</GreekSeq></word><word seq="13">the<GreekSeq>14</GreekSeq></word><word seq="14">earth:<GreekSeq>15</GreekSeq></word><word seq="15">and<GreekSeq>16</GreekSeq></word><word seq="16">there was given<GreekSeq>17</GreekSeq></word><word seq="17">to him<GreekSeq>18</GreekSeq></word><word seq="18">the<GreekSeq>19</GreekSeq></word><word seq="19">key<GreekSeq>20</GreekSeq></word><word seq="20">of the<GreekSeq>21</GreekSeq></word><word seq="21">pit<GreekSeq>22</GreekSeq></word><word seq="22">of the<GreekSeq>23</GreekSeq></word><word seq="23">abyss.<GreekSeq>24</GreekSeq></word></ASV></verse>
<verse number="2"><ASV><word seq="1">And<GreekSeq>1</GreekSeq></word><word seq="2">he opened<GreekSeq>2</GreekSeq></word><word seq="3">the<GreekSeq>3</GreekSeq></word><word seq="4">pit<GreekSeq>4</GreekSeq></word><word seq="5">of the<GreekSeq>5</GreekSeq></word><word seq="6">abyss;<GreekSeq>6</GreekSeq></word><word seq="7">and<GreekSeq>7</GreekSeq></word><word seq="8">there went up<GreekSeq>8</GreekSeq></word><word seq="9">a smoke<GreekSeq>9</GreekSeq></word><word seq="10">out of<GreekSeq>10</GreekSeq></word><word seq="11">the<GreekSeq>11</GreekSeq></word><word seq="12">pit,<GreekSeq>12</GreekSeq></word><word seq="13">as<GreekSeq>13</GreekSeq></word><word seq="14">the smoke<GreekSeq>14</GreekSeq></word><word seq="15">of a great<GreekSeq>16</GreekSeq></word><word seq="16">furnace;<GreekSeq>15</GreekSeq></word><word seq="17">and<GreekSeq>17</GreekSeq></word><word seq="18">the<GreekSeq>19</GreekSeq></word><word seq="19">sun<GreekSeq>20</GreekSeq></word><word seq="20">and<GreekSeq>21</GreekSeq></word><word seq="21">the<GreekSeq>22</GreekSeq></word><word seq="22">air<GreekSeq>23</GreekSeq></word><word seq="23">were darkened<GreekSeq>18</GreekSeq></word><word seq="24">by reason of<GreekSeq>24</GreekSeq></word><word seq="25">the<GreekSeq>25</GreekSeq></word><word seq="26">smoke<GreekSeq>26</GreekSeq></word><word seq="27">of the<GreekSeq>27</GreekSeq></word><word seq="28">pit.<GreekSeq>28</GreekSeq></word></ASV></verse>
<verse number="3"><ASV><word seq="1">And<GreekSeq>1</GreekSeq></word><word seq="2">out of<GreekSeq>2</GreekSeq></word><word seq="3">the<GreekSeq>3</GreekSeq></word><word seq="4">smoke<GreekSeq>4</GreekSeq></word><word seq="5">came forth<GreekSeq>5</GreekSeq></word><word seq="6">locusts<GreekSeq>6</GreekSeq></word><word seq="7">upon<GreekSeq>7</GreekSeq></word><word seq="8">the<GreekSeq>8</GreekSeq></word><word seq="9">earth;<GreekSeq>9</GreekSeq></word><word seq="10">and<GreekSeq>10</GreekSeq></word><word seq="11">power<GreekSeq>13</GreekSeq></word><word seq="12">was given<GreekSeq>11</GreekSeq></word><word seq="13">them,<GreekSeq>12</GreekSeq></word><word seq="14">as<GreekSeq>14</GreekSeq></word><word seq="15">the<GreekSeq>17</GreekSeq></word><word seq="16">scorpions<GreekSeq>18</GreekSeq></word><word seq="17">of the<GreekSeq>19</GreekSeq></word><word seq="18">earth<GreekSeq>20</GreekSeq></word><word seq="19">have<GreekSeq>15</GreekSeq></word><word seq="20">power.<GreekSeq>16</GreekSeq></word></ASV></verse>
<verse number="4"><ASV><word seq="1">And<GreekSeq>1</GreekSeq></word><word seq="2">it was said<GreekSeq>2</GreekSeq></word><word seq="3">unto them<GreekSeq>3</GreekSeq></word><word seq="4">that<GreekSeq>4</GreekSeq></word><word seq="5">they should<GreekSeq>6</GreekSeq></word><word seq="6">not<GreekSeq>5</GreekSeq></word><word seq="7">hurt<GreekSeq>6</GreekSeq></word><word seq="8">the<GreekSeq>7</GreekSeq></word><word seq="9">grass<GreekSeq>8</GreekSeq></word><word seq="10">of the<GreekSeq>9</GreekSeq></word><word seq="11">earth,<GreekSeq>10</GreekSeq></word><word seq="12">neither<GreekSeq>11</GreekSeq></word><word seq="13">any<GreekSeq>12</GreekSeq></word><word seq="14">green [thing],<GreekSeq>13</GreekSeq></word><word seq="15">neither<GreekSeq>14</GreekSeq></word><word seq="16">any<GreekSeq>15</GreekSeq></word><word seq="17">tree,<GreekSeq>16</GreekSeq></word><word seq="18" note="εἰ μή Strong Code (1508)">but only<GreekSeq>17</GreekSeq><GreekSeq>18</GreekSeq></word><word seq="19">such<GreekSeq>21</GreekSeq></word><word seq="20">men<GreekSeq>20</GreekSeq></word><word seq="21">as</word><word seq="22">have<GreekSeq>23</GreekSeq></word><word seq="23">not<GreekSeq>22</GreekSeq></word><word seq="24">the<GreekSeq>24</GreekSeq></word><word seq="25">seal<GreekSeq>25</GreekSeq></word><word seq="26">of God<GreekSeq>27</GreekSeq></word><word seq="27">on<GreekSeq>28</GreekSeq></word><word seq="28">their</word><word seq="29">foreheads.<GreekSeq>30</GreekSeq></word></ASV></verse>
<verse number="5"><ASV><word seq="1">And<GreekSeq>1</GreekSeq></word><word seq="2">it was given<GreekSeq>2</GreekSeq></word><word seq="3">them<GreekSeq>3</GreekSeq></word><word seq="4">that<GreekSeq>4</GreekSeq></word><word seq="5">they should<GreekSeq>6</GreekSeq></word><word seq="6">not<GreekSeq>5</GreekSeq></word><word seq="7">kill<GreekSeq>6</GreekSeq></word><word seq="8">them,<GreekSeq>7</GreekSeq></word><word seq="9">but<GreekSeq>8</GreekSeq></word><word seq="10">that<GreekSeq>9</GreekSeq></word><word seq="11">they should be tormented<GreekSeq>10</GreekSeq></word><word seq="12">five<GreekSeq>12</GreekSeq></word><word seq="13">months:<GreekSeq>11</GreekSeq></word><word seq="14">and<GreekSeq>13</GreekSeq></word><word seq="15">their<GreekSeq>16</GreekSeq></word><word seq="16">torment<GreekSeq>15</GreekSeq></word><word seq="17">was</word><word seq="18">as<GreekSeq>17</GreekSeq></word><word seq="19">the torment<GreekSeq>18</GreekSeq></word><word seq="20">of a scorpion,<GreekSeq>19</GreekSeq></word><word seq="21">when<GreekSeq>20</GreekSeq></word><word seq="22">it striketh<GreekSeq>21</GreekSeq></word><word seq="23">a man.<GreekSeq>22</GreekSeq></word></ASV></verse>
<verse number="6"><ASV><word seq="1">And<GreekSeq>1</GreekSeq></word><word seq="2">in<GreekSeq>2</GreekSeq></word><word seq="3">those<GreekSeq>5</GreekSeq></word><word seq="4">days<GreekSeq>4</GreekSeq></word><word seq="5">men<GreekSeq>8</GreekSeq></word><word seq="6">shall seek<GreekSeq>6</GreekSeq></word><word seq="7">death,<GreekSeq>10</GreekSeq></word><word seq="8">and<GreekSeq>11</GreekSeq></word><word seq="9">shall<GreekSeq>14</GreekSeq></word><word seq="10" note="οὐ μή Strong Code (3364)">in no wise<GreekSeq>12</GreekSeq><GreekSeq>13</GreekSeq></word><word seq="11">find<GreekSeq>14</GreekSeq></word><word seq="12">it;<GreekSeq>15</GreekSeq></word><word seq="13">and<GreekSeq>16</GreekSeq></word><word seq="14">they shall desire<GreekSeq>17</GreekSeq></word><word seq="15">to die,<GreekSeq>18</GreekSeq></word><word seq="16">and<GreekSeq>19</GreekSeq></word><word seq="17">death<GreekSeq>22</GreekSeq></word><word seq="18">fleeth<GreekSeq>20</GreekSeq></word><word seq="19">from<GreekSeq>23</GreekSeq></word><word seq="20">them.<GreekSeq>24</GreekSeq></word></ASV></verse>
<verse number="7"><ASV><word seq="1">And<GreekSeq>1</GreekSeq></word><word seq="2">the<GreekSeq>2</GreekSeq></word><word seq="3">shapes<GreekSeq>3</GreekSeq></word><word seq="4">of the<GreekSeq>4</GreekSeq></word><word seq="5">locusts<GreekSeq>5</GreekSeq></word><word seq="6">were</word><word seq="7">like<GreekSeq>6</GreekSeq></word><word seq="8">unto horses<GreekSeq>7</GreekSeq></word><word seq="9">prepared<GreekSeq>8</GreekSeq></word><word seq="10">for<GreekSeq>9</GreekSeq></word><word seq="11">war;<GreekSeq>10</GreekSeq></word><word seq="12">and<GreekSeq>11</GreekSeq></word><word seq="13">upon<GreekSeq>12</GreekSeq></word><word seq="14">their<GreekSeq>15</GreekSeq></word><word seq="15">heads<GreekSeq>14</GreekSeq></word><word seq="16">as<GreekSeq>16</GreekSeq></word><word seq="17">it were</word><word seq="18">crowns<GreekSeq>17</GreekSeq></word><word seq="19">like<GreekSeq>18</GreekSeq></word><word seq="20">unto gold,<GreekSeq>19</GreekSeq></word><word seq="21">and<GreekSeq>20</GreekSeq></word><word seq="22">their<GreekSeq>23</GreekSeq></word><word seq="23">faces<GreekSeq>22</GreekSeq></word><word seq="24">were</word><word seq="25">as<GreekSeq>24</GreekSeq></word><word seq="26">men’s<GreekSeq>26</GreekSeq></word><word seq="27">faces.<GreekSeq>25</GreekSeq></word></ASV></verse>
<verse number="8"><ASV><word seq="1">And<GreekSeq>1</GreekSeq></word><word seq="2">they had<GreekSeq>2</GreekSeq></word><word seq="3">hair<GreekSeq>3</GreekSeq></word><word seq="4">as<GreekSeq>4</GreekSeq></word><word seq="5">the hair<GreekSeq>5</GreekSeq></word><word seq="6">of women,<GreekSeq>6</GreekSeq></word><word seq="7">and<GreekSeq>7</GreekSeq></word><word seq="8">their<GreekSeq>10</GreekSeq></word><word seq="9">teeth<GreekSeq>9</GreekSeq></word><word seq="10">were<GreekSeq>13</GreekSeq></word><word seq="11">as<GreekSeq>11</GreekSeq></word><word seq="12">the teeth</word><word seq="13">of lions.<GreekSeq>12</GreekSeq></word></ASV></verse>
<verse number="9"><ASV><word seq="1">And<GreekSeq>1</GreekSeq></word><word seq="2">they had<GreekSeq>2</GreekSeq></word><word seq="3">breastplates,<GreekSeq>3</GreekSeq></word><word seq="4">as<GreekSeq>4</GreekSeq></word><word seq="5">it were</word><word seq="6">breastplates<GreekSeq>5</GreekSeq></word><word seq="7">of iron;<GreekSeq>6</GreekSeq></word><word seq="8">and<GreekSeq>7</GreekSeq></word><word seq="9">the<GreekSeq>8</GreekSeq></word><word seq="10">sound<GreekSeq>9</GreekSeq></word><word seq="11">of<GreekSeq>11</GreekSeq></word><word seq="12">their<GreekSeq>12</GreekSeq></word><word seq="13">wings<GreekSeq>11</GreekSeq></word><word seq="14">was</word><word seq="15">as<GreekSeq>13</GreekSeq></word><word seq="16">the sound<GreekSeq>14</GreekSeq></word><word seq="17">of chariots,<GreekSeq>15</GreekSeq></word><word seq="18">of many<GreekSeq>17</GreekSeq></word><word seq="19">horses<GreekSeq>16</GreekSeq></word><word seq="20">rushing<GreekSeq>18</GreekSeq></word><word seq="21">to<GreekSeq>19</GreekSeq></word><word seq="22">war.<GreekSeq>20</GreekSeq></word></ASV></verse>
<verse number="10"><ASV><word seq="1">And<GreekSeq>1</GreekSeq></word><word seq="2">they have<GreekSeq>2</GreekSeq></word><word seq="3">tails<GreekSeq>3</GreekSeq></word><word seq="4">like<GreekSeq>4</GreekSeq></word><word seq="5">unto scorpions,<GreekSeq>5</GreekSeq></word><word seq="6">and<GreekSeq>6</GreekSeq></word><word seq="7">stings;<GreekSeq>7</GreekSeq></word><word seq="8">and<GreekSeq>8</GreekSeq></word><word seq="9">in<GreekSeq>9</GreekSeq></word><word seq="10">their<GreekSeq>12</GreekSeq></word><word seq="11">tails<GreekSeq>11</GreekSeq></word><word seq="12">is</word><word seq="13">their<GreekSeq>15</GreekSeq></word><word seq="14">power<GreekSeq>14</GreekSeq></word><word seq="15">to hurt<GreekSeq>16</GreekSeq></word><word seq="16">men<GreekSeq>18</GreekSeq></word><word seq="17">five<GreekSeq>20</GreekSeq></word><word seq="18">months.<GreekSeq>19</GreekSeq></word></ASV></verse>
<verse number="11"><ASV><word seq="1">They have<GreekSeq>1</GreekSeq></word><word seq="2">over<GreekSeq>2</GreekSeq></word><word seq="3">them<GreekSeq>3</GreekSeq></word><word seq="4">as king<GreekSeq>4</GreekSeq></word><word seq="5">the<GreekSeq>5</GreekSeq></word><word seq="6">angel<GreekSeq>6</GreekSeq></word><word seq="7">of the<GreekSeq>7</GreekSeq></word><word seq="8">abyss:<GreekSeq>8</GreekSeq></word><word seq="9">his<GreekSeq>10</GreekSeq></word><word seq="10">name<GreekSeq>9</GreekSeq></word><word seq="11">in Hebrew<GreekSeq>11</GreekSeq></word><word seq="12">is</word><word seq="13">Abaddon,<GreekSeq>12</GreekSeq></word><word seq="14">and<GreekSeq>13</GreekSeq></word><word seq="15">in<GreekSeq>14</GreekSeq></word><word seq="16">the<GreekSeq>15</GreekSeq></word><word seq="17">Greek [tongue]<GreekSeq>16</GreekSeq></word><word seq="18">he hath<GreekSeq>18</GreekSeq></word><word seq="19">the name<GreekSeq>17</GreekSeq></word><word seq="20">Apollyon.<GreekSeq>19</GreekSeq></word></ASV></verse>
<verse number="12"><ASV><word seq="1">The<GreekSeq>1</GreekSeq></word><word seq="2">first<GreekSeq>4</GreekSeq></word><word seq="3">Woe<GreekSeq>2</GreekSeq></word><word seq="4">is past:<GreekSeq>5</GreekSeq></word><word seq="5">behold,<GreekSeq>6</GreekSeq></word><word seq="6">there come<GreekSeq>7</GreekSeq></word><word seq="7">yet<GreekSeq>8</GreekSeq></word><word seq="8">two<GreekSeq>9</GreekSeq></word><word seq="9">Woes<GreekSeq>10</GreekSeq></word><word seq="10">hereafter.<GreekSeq>11</GreekSeq><GreekSeq>12</GreekSeq></word></ASV></verse>
<verse number="13"><ASV><word seq="1">And<GreekSeq>1</GreekSeq></word><word seq="2">the<GreekSeq>2</GreekSeq></word><word seq="3">sixth<GreekSeq>3</GreekSeq></word><word seq="4">angel<GreekSeq>4</GreekSeq></word><word seq="5">sounded,<GreekSeq>5</GreekSeq></word><word seq="6">and<GreekSeq>6</GreekSeq></word><word seq="7">I heard<GreekSeq>7</GreekSeq></word><word seq="8">a<GreekSeq>9</GreekSeq></word><word seq="9">voice<GreekSeq>8</GreekSeq></word><word seq="10">from<GreekSeq>10</GreekSeq></word><word seq="11">the<GreekSeq>11</GreekSeq></word><word seq="12">horns<GreekSeq>13</GreekSeq></word><word seq="13">of the<GreekSeq>14</GreekSeq></word><word seq="14">golden<GreekSeq>17</GreekSeq></word><word seq="15">altar<GreekSeq>15</GreekSeq></word><word seq="16">which is</word><word seq="17">before<GreekSeq>19</GreekSeq></word><word seq="18">God,<GreekSeq>21</GreekSeq></word></ASV></verse>
<verse number="14"><ASV><word seq="1">one saying<GreekSeq>1</GreekSeq></word><word seq="2">to the<GreekSeq>2</GreekSeq></word><word seq="3">sixth<GreekSeq>3</GreekSeq></word><word seq="4">angel<GreekSeq>4</GreekSeq></word><word seq="5">that had<GreekSeq>6</GreekSeq></word><word seq="6">the<GreekSeq>7</GreekSeq></word><word seq="7">trumpet,<GreekSeq>8</GreekSeq></word><word seq="8">Loose<GreekSeq>9</GreekSeq></word><word seq="9">the<GreekSeq>10</GreekSeq></word><word seq="10">four<GreekSeq>11</GreekSeq></word><word seq="11">angels<GreekSeq>12</GreekSeq></word><word seq="12">that are bound<GreekSeq>14</GreekSeq></word><word seq="13">at<GreekSeq>15</GreekSeq></word><word seq="14">the<GreekSeq>16</GreekSeq></word><word seq="15">great<GreekSeq>19</GreekSeq></word><word seq="16">river<GreekSeq>17</GreekSeq></word><word seq="17">Euphrates.<GreekSeq>20</GreekSeq></word></ASV></verse>
<verse number="15"><ASV><word seq="1">And<GreekSeq>1</GreekSeq></word><word seq="2">the<GreekSeq>3</GreekSeq></word><word seq="3">four<GreekSeq>4</GreekSeq></word><word seq="4">angels<GreekSeq>5</GreekSeq></word><word seq="5">were loosed,<GreekSeq>2</GreekSeq></word><word seq="6">that had been prepared<GreekSeq>7</GreekSeq></word><word seq="7">for<GreekSeq>8</GreekSeq></word><word seq="8">the<GreekSeq>9</GreekSeq></word><word seq="9">hour<GreekSeq>10</GreekSeq></word><word seq="10">and<GreekSeq>11</GreekSeq></word><word seq="11">day<GreekSeq>12</GreekSeq></word><word seq="12">and<GreekSeq>13</GreekSeq></word><word seq="13">month<GreekSeq>14</GreekSeq></word><word seq="14">and<GreekSeq>15</GreekSeq></word><word seq="15">year,<GreekSeq>16</GreekSeq></word><word seq="16">that<GreekSeq>17</GreekSeq></word><word seq="17">they should kill<GreekSeq>18</GreekSeq></word><word seq="18">the<GreekSeq>19</GreekSeq></word><word seq="19">third part<GreekSeq>20</GreekSeq></word><word seq="20">of men.<GreekSeq>22</GreekSeq></word></ASV></verse>
<verse number="16"><ASV><word seq="1">And<GreekSeq>1</GreekSeq></word><word seq="2">the<GreekSeq>2</GreekSeq></word><word seq="3">number<GreekSeq>3</GreekSeq></word><word seq="4">of the<GreekSeq>4</GreekSeq></word><word seq="5">armies<GreekSeq>5</GreekSeq></word><word seq="6">of the<GreekSeq>6</GreekSeq></word><word seq="7">horsemen<GreekSeq>7</GreekSeq></word><word seq="8">was</word><word seq="9">twice<GreekSeq>8</GreekSeq></word><word seq="10">ten thousand<GreekSeq>9</GreekSeq></word><word seq="11">times ten thousand:<GreekSeq>10</GreekSeq></word><word seq="12">I heard<GreekSeq>11</GreekSeq></word><word seq="13">the<GreekSeq>12</GreekSeq></word><word seq="14">number<GreekSeq>13</GreekSeq></word><word seq="15">of them.<GreekSeq>14</GreekSeq></word></ASV></verse>
<verse number="17"><ASV><word seq="1">And<GreekSeq>1</GreekSeq></word><word seq="2">thus<GreekSeq>2</GreekSeq></word><word seq="3">I saw<GreekSeq>3</GreekSeq></word><word seq="4">the<GreekSeq>4</GreekSeq></word><word seq="5">horses<GreekSeq>5</GreekSeq></word><word seq="6">in<GreekSeq>6</GreekSeq></word><word seq="7">the<GreekSeq>7</GreekSeq></word><word seq="8">vision,<GreekSeq>8</GreekSeq></word><word seq="9">and<GreekSeq>9</GreekSeq></word><word seq="10">them<GreekSeq>10</GreekSeq></word><word seq="11">that sat<GreekSeq>11</GreekSeq></word><word seq="12">on<GreekSeq>12</GreekSeq></word><word seq="13">them,<GreekSeq>13</GreekSeq></word><word seq="14">having<GreekSeq>14</GreekSeq></word><word seq="15">breastplates<GreekSeq>15</GreekSeq></word><word seq="16">as</word><word seq="17">of fire<GreekSeq>16</GreekSeq></word><word seq="18">and<GreekSeq>17</GreekSeq></word><word seq="19">of hyacinth<GreekSeq>18</GreekSeq></word><word seq="20">and<GreekSeq>19</GreekSeq></word><word seq="21">of brimstone:<GreekSeq>20</GreekSeq></word><word seq="22">and<GreekSeq>21</GreekSeq></word><word seq="23">the<GreekSeq>22</GreekSeq></word><word seq="24">heads<GreekSeq>23</GreekSeq></word><word seq="25">of the<GreekSeq>24</GreekSeq></word><word seq="26">horses<GreekSeq>25</GreekSeq></word><word seq="27">are</word><word seq="28">as<GreekSeq>26</GreekSeq></word><word seq="29">the heads<GreekSeq>27</GreekSeq></word><word seq="30">of lions;<GreekSeq>28</GreekSeq></word><word seq="31">and<GreekSeq>29</GreekSeq></word><word seq="32">out of<GreekSeq>30</GreekSeq></word><word seq="33">their<GreekSeq>33</GreekSeq></word><word seq="34">mouths<GreekSeq>32</GreekSeq></word><word seq="35">proceedeth<GreekSeq>34</GreekSeq></word><word seq="36">fire<GreekSeq>35</GreekSeq></word><word seq="37">and<GreekSeq>36</GreekSeq></word><word seq="38">smoke<GreekSeq>37</GreekSeq></word><word seq="39">and<GreekSeq>38</GreekSeq></word><word seq="40">brimstone.<GreekSeq>39</GreekSeq></word></ASV></verse>
<verse number="18"><ASV><word seq="1">By<GreekSeq>1</GreekSeq></word><word seq="2">these<GreekSeq>5</GreekSeq></word><word seq="3">three<GreekSeq>3</GreekSeq></word><word seq="4">plagues<GreekSeq>4</GreekSeq></word><word seq="5">was</word><word seq="6">the<GreekSeq>7</GreekSeq></word><word seq="7">third part<GreekSeq>8</GreekSeq></word><word seq="8">of men<GreekSeq>10</GreekSeq></word><word seq="9">killed,<GreekSeq>6</GreekSeq></word><word seq="10">by<GreekSeq>11</GreekSeq></word><word seq="11">the<GreekSeq>12</GreekSeq></word><word seq="12">fire<GreekSeq>13</GreekSeq></word><word seq="13">and<GreekSeq>14</GreekSeq></word><word seq="14">the<GreekSeq>15</GreekSeq></word><word seq="15">smoke<GreekSeq>16</GreekSeq></word><word seq="16">and<GreekSeq>17</GreekSeq></word><word seq="17">the<GreekSeq>18</GreekSeq></word><word seq="18">brimstone,<GreekSeq>19</GreekSeq></word><word seq="19">which proceeded out<GreekSeq>21</GreekSeq></word><word seq="20">of<GreekSeq>22</GreekSeq></word><word seq="21">their<GreekSeq>25</GreekSeq></word><word seq="22">mouths.<GreekSeq>24</GreekSeq></word></ASV></verse>
<verse number="19"><ASV><word seq="1">For<GreekSeq>2</GreekSeq></word><word seq="2">the<GreekSeq>1</GreekSeq></word><word seq="3">power<GreekSeq>3</GreekSeq></word><word seq="4">of the<GreekSeq>4</GreekSeq></word><word seq="5">horses<GreekSeq>5</GreekSeq></word><word seq="6">is<GreekSeq>10</GreekSeq></word><word seq="7">in<GreekSeq>6</GreekSeq></word><word seq="8">their<GreekSeq>9</GreekSeq></word><word seq="9">mouth,<GreekSeq>8</GreekSeq></word><word seq="10">and<GreekSeq>11</GreekSeq></word><word seq="11">in<GreekSeq>12</GreekSeq></word><word seq="12">their<GreekSeq>15</GreekSeq></word><word seq="13">tails:<GreekSeq>14</GreekSeq></word><word seq="14">for<GreekSeq>17</GreekSeq></word><word seq="15">their<GreekSeq>19</GreekSeq></word><word seq="16">tails<GreekSeq>18</GreekSeq></word><word seq="17">are</word><word seq="18">like<GreekSeq>20</GreekSeq></word><word seq="19">unto serpents,<GreekSeq>21</GreekSeq></word><word seq="20">and</word><word seq="21">have<GreekSeq>22</GreekSeq></word><word seq="22">heads;<GreekSeq>23</GreekSeq></word><word seq="23">and<GreekSeq>24</GreekSeq></word><word seq="24">with<GreekSeq>25</GreekSeq></word><word seq="25">them<GreekSeq>26</GreekSeq></word><word seq="26">they hurt.<GreekSeq>27</GreekSeq></word></ASV></verse>
<verse number="20"><ASV><word seq="1">And<GreekSeq>1</GreekSeq></word><word seq="2">the<GreekSeq>2</GreekSeq></word><word seq="3">rest<GreekSeq>3</GreekSeq></word><word seq="4">of mankind,<GreekSeq>5</GreekSeq></word><word seq="5">who<GreekSeq>6</GreekSeq></word><word seq="6">were<GreekSeq>8</GreekSeq></word><word seq="7">not<GreekSeq>7</GreekSeq></word><word seq="8">killed<GreekSeq>8</GreekSeq></word><word seq="9">with<GreekSeq>9</GreekSeq></word><word seq="10">these<GreekSeq>12</GreekSeq></word><word seq="11">plagues,<GreekSeq>11</GreekSeq></word><word seq="12">repented<GreekSeq>14</GreekSeq></word><word seq="13">not<GreekSeq>13</GreekSeq></word><word seq="14">of<GreekSeq>15</GreekSeq></word><word seq="15">the<GreekSeq>16</GreekSeq></word><word seq="16">works<GreekSeq>17</GreekSeq></word><word seq="17">of<GreekSeq>19</GreekSeq></word><word seq="18">their<GreekSeq>20</GreekSeq></word><word seq="19">hands,<GreekSeq>19</GreekSeq></word><word seq="20">that<GreekSeq>21</GreekSeq></word><word seq="21">they should<GreekSeq>23</GreekSeq></word><word seq="22">not<GreekSeq>22</GreekSeq></word><word seq="23">worship<GreekSeq>23</GreekSeq></word><word seq="24">demons,<GreekSeq>25</GreekSeq></word><word seq="25">and<GreekSeq>26</GreekSeq></word><word seq="26">the<GreekSeq>27</GreekSeq></word><word seq="27">idols<GreekSeq>28</GreekSeq></word><word seq="28">of gold,<GreekSeq>30</GreekSeq></word><word seq="29">and<GreekSeq>31</GreekSeq></word><word seq="30">of silver,<GreekSeq>33</GreekSeq></word><word seq="31">and<GreekSeq>34</GreekSeq></word><word seq="32">of brass,<GreekSeq>36</GreekSeq></word><word seq="33">and<GreekSeq>37</GreekSeq></word><word seq="34">of stone,<GreekSeq>39</GreekSeq></word><word seq="35">and<GreekSeq>40</GreekSeq></word><word seq="36">of wood;<GreekSeq>42</GreekSeq></word><word seq="37">which<GreekSeq>43</GreekSeq></word><word seq="38">can<GreekSeq>46</GreekSeq></word><word seq="39">neither<GreekSeq>44</GreekSeq></word><word seq="40">see,<GreekSeq>45</GreekSeq></word><word seq="41">nor<GreekSeq>47</GreekSeq></word><word seq="42">hear,<GreekSeq>48</GreekSeq></word><word seq="43">nor<GreekSeq>49</GreekSeq></word><word seq="44">walk:<GreekSeq>50</GreekSeq></word></ASV></verse>
<verse number="21"><ASV><word seq="1">and<GreekSeq>1</GreekSeq></word><word seq="2">they repented<GreekSeq>3</GreekSeq></word><word seq="3">not<GreekSeq>2</GreekSeq></word><word seq="4">of<GreekSeq>4</GreekSeq></word><word seq="5">their<GreekSeq>7</GreekSeq></word><word seq="6">murders,<GreekSeq>6</GreekSeq></word><word seq="7">nor<GreekSeq>8</GreekSeq></word><word seq="8">of<GreekSeq>9</GreekSeq></word><word seq="9">their<GreekSeq>12</GreekSeq></word><word seq="10">sorceries,<GreekSeq>11</GreekSeq></word><word seq="11">nor<GreekSeq>13</GreekSeq></word><word seq="12">of<GreekSeq>14</GreekSeq></word><word seq="13">their<GreekSeq>17</GreekSeq></word><word seq="14">fornication,<GreekSeq>16</GreekSeq></word><word seq="15">nor<GreekSeq>18</GreekSeq></word><word seq="16">of<GreekSeq>19</GreekSeq></word><word seq="17">their<GreekSeq>22</GreekSeq></word><word seq="18">thefts.<GreekSeq>21</GreekSeq></word></ASV></verse>
</chapter></book>