<?xml version="1.0" encoding="UTF-8" standalone="no"?><book><chapter number="18">
<verse number="1"><ASV><word seq="1">After<GreekSeq>1</GreekSeq></word><word seq="2">these things<GreekSeq>2</GreekSeq></word><word seq="3">I saw<GreekSeq>3</GreekSeq></word><word seq="4">another<GreekSeq>4</GreekSeq></word><word seq="5">angel<GreekSeq>5</GreekSeq></word><word seq="6">coming down<GreekSeq>6</GreekSeq></word><word seq="7">out of<GreekSeq>7</GreekSeq></word><word seq="8">heaven,<GreekSeq>9</GreekSeq></word><word seq="9">having<GreekSeq>10</GreekSeq></word><word seq="10">great<GreekSeq>12</GreekSeq></word><word seq="11">authority;<GreekSeq>11</GreekSeq></word><word seq="12">and<GreekSeq>13</GreekSeq></word><word seq="13">the<GreekSeq>14</GreekSeq></word><word seq="14">earth<GreekSeq>15</GreekSeq></word><word seq="15">was lightened<GreekSeq>16</GreekSeq></word><word seq="16">with<GreekSeq>17</GreekSeq></word><word seq="17">his<GreekSeq>20</GreekSeq></word><word seq="18">glory.<GreekSeq>19</GreekSeq></word></ASV></verse>
<verse number="2"><ASV><word seq="1">And<GreekSeq>1</GreekSeq></word><word seq="2">he cried<GreekSeq>2</GreekSeq></word><word seq="3">with<GreekSeq>3</GreekSeq></word><word seq="4">a mighty<GreekSeq>4</GreekSeq></word><word seq="5">voice,<GreekSeq>5</GreekSeq></word><word seq="6">saying,<GreekSeq>6</GreekSeq></word><word seq="7">Fallen,<GreekSeq>7</GreekSeq></word><word seq="8">fallen<GreekSeq>8</GreekSeq></word><word seq="9">is</word><word seq="10">Babylon<GreekSeq>9</GreekSeq></word><word seq="11">the<GreekSeq>10</GreekSeq></word><word seq="12">great,<GreekSeq>11</GreekSeq></word><word seq="13">and<GreekSeq>12</GreekSeq></word><word seq="14">is become<GreekSeq>13</GreekSeq></word><word seq="15">a habitation<GreekSeq>14</GreekSeq></word><word seq="16">of demons,<GreekSeq>15</GreekSeq></word><word seq="17">and<GreekSeq>16</GreekSeq></word><word seq="18">a hold<GreekSeq>17</GreekSeq></word><word seq="19">of every<GreekSeq>18</GreekSeq></word><word seq="20">unclean<GreekSeq>20</GreekSeq></word><word seq="21">spirit,<GreekSeq>19</GreekSeq></word><word seq="22">and<GreekSeq>21</GreekSeq></word><word seq="23">a hold<GreekSeq>22</GreekSeq></word><word seq="24">of every<GreekSeq>23</GreekSeq></word><word seq="25">unclean<GreekSeq>25</GreekSeq></word><word seq="26">and<GreekSeq>26</GreekSeq></word><word seq="27">hateful<GreekSeq>32</GreekSeq></word><word seq="28">bird.<GreekSeq>24</GreekSeq></word></ASV></verse>
<verse number="3"><ASV><word seq="1">For<GreekSeq>1</GreekSeq></word><word seq="2">by<GreekSeq>2</GreekSeq></word><word seq="3">the<GreekSeq>3</GreekSeq></word><word seq="4">wine<GreekSeq>4</GreekSeq></word><word seq="5">of the<GreekSeq>5</GreekSeq></word><word seq="6">wrath<GreekSeq>6</GreekSeq></word><word seq="7">of<GreekSeq>8</GreekSeq></word><word seq="8">her<GreekSeq>9</GreekSeq></word><word seq="9">fornication<GreekSeq>8</GreekSeq></word><word seq="10">all<GreekSeq>11</GreekSeq></word><word seq="11">the<GreekSeq>12</GreekSeq></word><word seq="12">nations<GreekSeq>13</GreekSeq></word><word seq="13">[are fallen];<GreekSeq>10</GreekSeq></word><word seq="14">and<GreekSeq>14</GreekSeq></word><word seq="15">the<GreekSeq>15</GreekSeq></word><word seq="16">kings<GreekSeq>16</GreekSeq></word><word seq="17">of the<GreekSeq>17</GreekSeq></word><word seq="18">earth<GreekSeq>18</GreekSeq></word><word seq="19">committed fornication<GreekSeq>21</GreekSeq></word><word seq="20">with<GreekSeq>19</GreekSeq></word><word seq="21">her,<GreekSeq>20</GreekSeq></word><word seq="22">and<GreekSeq>22</GreekSeq></word><word seq="23">the<GreekSeq>23</GreekSeq></word><word seq="24">merchants<GreekSeq>24</GreekSeq></word><word seq="25">of the<GreekSeq>25</GreekSeq></word><word seq="26">earth<GreekSeq>26</GreekSeq></word><word seq="27">waxed rich<GreekSeq>33</GreekSeq></word><word seq="28">by<GreekSeq>27</GreekSeq></word><word seq="29">the<GreekSeq>28</GreekSeq></word><word seq="30">power<GreekSeq>29</GreekSeq></word><word seq="31">of<GreekSeq>31</GreekSeq></word><word seq="32">her<GreekSeq>32</GreekSeq></word><word seq="33">wantonness.<GreekSeq>31</GreekSeq></word></ASV></verse>
<verse number="4"><ASV><word seq="1">And<GreekSeq>1</GreekSeq></word><word seq="2">I heard<GreekSeq>2</GreekSeq></word><word seq="3">another<GreekSeq>3</GreekSeq></word><word seq="4">voice<GreekSeq>4</GreekSeq></word><word seq="5">from<GreekSeq>5</GreekSeq></word><word seq="6">heaven,<GreekSeq>7</GreekSeq></word><word seq="7">saying,<GreekSeq>8</GreekSeq></word><word seq="8">Come forth,<GreekSeq>9</GreekSeq></word><word seq="9">my<GreekSeq>12</GreekSeq></word><word seq="10">people,<GreekSeq>11</GreekSeq></word><word seq="11">out of<GreekSeq>13</GreekSeq></word><word seq="12">her,<GreekSeq>14</GreekSeq></word><word seq="13">that<GreekSeq>15</GreekSeq></word><word seq="14">ye have<GreekSeq>17</GreekSeq></word><word seq="15">no<GreekSeq>16</GreekSeq></word><word seq="16">fellowship with<GreekSeq>17</GreekSeq></word><word seq="17">her<GreekSeq>20</GreekSeq></word><word seq="18">sins,<GreekSeq>19</GreekSeq></word><word seq="19">and<GreekSeq>21</GreekSeq></word><word seq="20">that<GreekSeq>26</GreekSeq></word><word seq="21">ye receive<GreekSeq>28</GreekSeq></word><word seq="22">not<GreekSeq>27</GreekSeq></word><word seq="23">of<GreekSeq>22</GreekSeq></word><word seq="24">her<GreekSeq>25</GreekSeq></word><word seq="25">plagues:<GreekSeq>24</GreekSeq></word></ASV></verse>
<verse number="5"><ASV><word seq="1">for<GreekSeq>1</GreekSeq></word><word seq="2">her<GreekSeq>3</GreekSeq></word><word seq="3">sins<GreekSeq>5</GreekSeq></word><word seq="4">have reached<GreekSeq>2</GreekSeq></word><word seq="5">even</word><word seq="6">unto<GreekSeq>6</GreekSeq></word><word seq="7">heaven,<GreekSeq>8</GreekSeq></word><word seq="8">and<GreekSeq>9</GreekSeq></word><word seq="9">God<GreekSeq>12</GreekSeq></word><word seq="10">hath remembered<GreekSeq>10</GreekSeq></word><word seq="11">her<GreekSeq>15</GreekSeq></word><word seq="12">iniquities.<GreekSeq>14</GreekSeq></word></ASV></verse>
<verse number="6"><ASV><word seq="1">Render unto<GreekSeq>1</GreekSeq></word><word seq="2">her<GreekSeq>2</GreekSeq></word><word seq="3">even as<GreekSeq>3</GreekSeq></word><word seq="4">she<GreekSeq>5</GreekSeq></word><word seq="5">rendered,<GreekSeq>6</GreekSeq></word><word seq="6">and<GreekSeq>7</GreekSeq></word><word seq="7">double<GreekSeq>8</GreekSeq></word><word seq="8">unto her</word><word seq="9">the<GreekSeq>9</GreekSeq></word><word seq="10">double<GreekSeq>10</GreekSeq></word><word seq="11">according to<GreekSeq>11</GreekSeq></word><word seq="12">her<GreekSeq>14</GreekSeq></word><word seq="13">works:<GreekSeq>13</GreekSeq></word><word seq="14">in<GreekSeq>15</GreekSeq></word><word seq="15">the<GreekSeq>16</GreekSeq></word><word seq="16">cup<GreekSeq>17</GreekSeq></word><word seq="17">which<GreekSeq>18</GreekSeq></word><word seq="18">she mingled,<GreekSeq>19</GreekSeq></word><word seq="19">mingle<GreekSeq>20</GreekSeq></word><word seq="20">unto her<GreekSeq>21</GreekSeq></word><word seq="21">double.<GreekSeq>22</GreekSeq></word></ASV></verse>
<verse number="7"><ASV><word seq="1">How much soever<GreekSeq>1</GreekSeq></word><word seq="2">she glorified<GreekSeq>2</GreekSeq></word><word seq="3">herself,<GreekSeq>3</GreekSeq></word><word seq="4">and<GreekSeq>4</GreekSeq></word><word seq="5">waxed wanton,<GreekSeq>5</GreekSeq></word><word seq="6">so much<GreekSeq>6</GreekSeq></word><word seq="7">give<GreekSeq>7</GreekSeq></word><word seq="8">her<GreekSeq>8</GreekSeq></word><word seq="9">of torment<GreekSeq>9</GreekSeq></word><word seq="10">and<GreekSeq>10</GreekSeq></word><word seq="11">mourning:<GreekSeq>11</GreekSeq></word><word seq="12">for<GreekSeq>12</GreekSeq></word><word seq="13">she saith<GreekSeq>17</GreekSeq></word><word seq="14">in<GreekSeq>13</GreekSeq></word><word seq="15">her<GreekSeq>16</GreekSeq></word><word seq="16">heart,<GreekSeq>15</GreekSeq></word><word seq="17">I sit<GreekSeq>19</GreekSeq></word><word seq="18">a queen,<GreekSeq>20</GreekSeq></word><word seq="19">and<GreekSeq>21</GreekSeq></word><word seq="20">am<GreekSeq>24</GreekSeq></word><word seq="21">no<GreekSeq>23</GreekSeq></word><word seq="22">widow,<GreekSeq>22</GreekSeq></word><word seq="23">and<GreekSeq>25</GreekSeq></word><word seq="24">shall<GreekSeq>29</GreekSeq></word><word seq="25" note="οὐ μή Strong Code (3364)">in no wise<GreekSeq>27</GreekSeq><GreekSeq>28</GreekSeq></word><word seq="26">see<GreekSeq>29</GreekSeq></word><word seq="27">mourning.<GreekSeq>26</GreekSeq></word></ASV></verse>
<verse number="8"><ASV><word seq="1">Therefore<GreekSeq>1</GreekSeq><GreekSeq>2</GreekSeq></word><word seq="2">in<GreekSeq>3</GreekSeq></word><word seq="3">one<GreekSeq>4</GreekSeq></word><word seq="4">day<GreekSeq>5</GreekSeq></word><word seq="5">shall<GreekSeq>6</GreekSeq></word><word seq="6">her<GreekSeq>9</GreekSeq></word><word seq="7">plagues<GreekSeq>8</GreekSeq></word><word seq="8">come,<GreekSeq>6</GreekSeq></word><word seq="9">death,<GreekSeq>10</GreekSeq></word><word seq="10">and<GreekSeq>11</GreekSeq></word><word seq="11">mourning,<GreekSeq>12</GreekSeq></word><word seq="12">and<GreekSeq>13</GreekSeq></word><word seq="13">famine;<GreekSeq>14</GreekSeq></word><word seq="14">and<GreekSeq>15</GreekSeq></word><word seq="15">she shall be utterly burned<GreekSeq>18</GreekSeq></word><word seq="16">with<GreekSeq>16</GreekSeq></word><word seq="17">fire;<GreekSeq>17</GreekSeq></word><word seq="18">for<GreekSeq>19</GreekSeq></word><word seq="19">strong<GreekSeq>20</GreekSeq></word><word seq="20">is</word><word seq="21">the Lord<GreekSeq>21</GreekSeq></word><word seq="22">God<GreekSeq>23</GreekSeq></word><word seq="23">who judged<GreekSeq>25</GreekSeq></word><word seq="24">her.<GreekSeq>26</GreekSeq></word></ASV></verse>
<verse number="9"><ASV><word seq="1">And<GreekSeq>1</GreekSeq></word><word seq="2">the<GreekSeq>7</GreekSeq></word><word seq="3">kings<GreekSeq>8</GreekSeq></word><word seq="4">of the<GreekSeq>9</GreekSeq></word><word seq="5">earth,<GreekSeq>10</GreekSeq></word><word seq="6">who committed fornication<GreekSeq>14</GreekSeq></word><word seq="7">and<GreekSeq>15</GreekSeq></word><word seq="8">lived wantonly<GreekSeq>16</GreekSeq></word><word seq="9">with<GreekSeq>12</GreekSeq></word><word seq="10">her,<GreekSeq>13</GreekSeq></word><word seq="11">shall weep<GreekSeq>2</GreekSeq></word><word seq="12">and<GreekSeq>3</GreekSeq></word><word seq="13">wail<GreekSeq>4</GreekSeq></word><word seq="14">over<GreekSeq>5</GreekSeq></word><word seq="15">her,<GreekSeq>6</GreekSeq></word><word seq="16">when<GreekSeq>17</GreekSeq></word><word seq="17">they look upon<GreekSeq>18</GreekSeq></word><word seq="18">the<GreekSeq>19</GreekSeq></word><word seq="19">smoke<GreekSeq>20</GreekSeq></word><word seq="20">of<GreekSeq>22</GreekSeq></word><word seq="21">her<GreekSeq>23</GreekSeq></word><word seq="22">burning,<GreekSeq>22</GreekSeq></word></ASV></verse>
<verse number="10"><ASV><word seq="1">standing<GreekSeq>3</GreekSeq></word><word seq="2">afar<GreekSeq>2</GreekSeq></word><word seq="3">off<GreekSeq>1</GreekSeq></word><word seq="4">for<GreekSeq>4</GreekSeq></word><word seq="5">the<GreekSeq>5</GreekSeq></word><word seq="6">fear<GreekSeq>6</GreekSeq></word><word seq="7">of<GreekSeq>8</GreekSeq></word><word seq="8">her<GreekSeq>9</GreekSeq></word><word seq="9">torment,<GreekSeq>8</GreekSeq></word><word seq="10">saying,<GreekSeq>10</GreekSeq></word><word seq="11">Woe,<GreekSeq>11</GreekSeq></word><word seq="12">woe,<GreekSeq>12</GreekSeq></word><word seq="13">the<GreekSeq>13</GreekSeq></word><word seq="14">great<GreekSeq>16</GreekSeq></word><word seq="15">city,<GreekSeq>14</GreekSeq></word><word seq="16">Babylon,<GreekSeq>17</GreekSeq></word><word seq="17">the<GreekSeq>18</GreekSeq></word><word seq="18">strong<GreekSeq>21</GreekSeq></word><word seq="19">city!<GreekSeq>19</GreekSeq></word><word seq="20">for<GreekSeq>22</GreekSeq></word><word seq="21">in one<GreekSeq>23</GreekSeq></word><word seq="22">hour<GreekSeq>24</GreekSeq></word><word seq="23">is<GreekSeq>25</GreekSeq></word><word seq="24">thy<GreekSeq>28</GreekSeq></word><word seq="25">judgment<GreekSeq>27</GreekSeq></word><word seq="26">come.<GreekSeq>25</GreekSeq></word></ASV></verse>
<verse number="11"><ASV><word seq="1">And<GreekSeq>1</GreekSeq></word><word seq="2">the<GreekSeq>2</GreekSeq></word><word seq="3">merchants<GreekSeq>3</GreekSeq></word><word seq="4">of the<GreekSeq>4</GreekSeq></word><word seq="5">earth<GreekSeq>5</GreekSeq></word><word seq="6">weep<GreekSeq>6</GreekSeq></word><word seq="7">and<GreekSeq>7</GreekSeq></word><word seq="8">mourn<GreekSeq>8</GreekSeq></word><word seq="9">over<GreekSeq>9</GreekSeq></word><word seq="10">her,<GreekSeq>10</GreekSeq></word><word seq="11">for<GreekSeq>11</GreekSeq></word><word seq="12">no man<GreekSeq>15</GreekSeq></word><word seq="13">buyeth<GreekSeq>16</GreekSeq></word><word seq="14">their<GreekSeq>14</GreekSeq></word><word seq="15">merchandise<GreekSeq>13</GreekSeq></word><word seq="16">any more;<GreekSeq>17</GreekSeq></word></ASV></verse>
<verse number="12"><ASV><word seq="1">merchandise<GreekSeq>1</GreekSeq></word><word seq="2">of gold,<GreekSeq>2</GreekSeq></word><word seq="3">and<GreekSeq>3</GreekSeq></word><word seq="4">silver,<GreekSeq>4</GreekSeq></word><word seq="5">and<GreekSeq>5</GreekSeq></word><word seq="6">precious<GreekSeq>7</GreekSeq></word><word seq="7">stone,<GreekSeq>6</GreekSeq></word><word seq="8">and<GreekSeq>8</GreekSeq></word><word seq="9">pearls,<GreekSeq>9</GreekSeq></word><word seq="10">and<GreekSeq>10</GreekSeq></word><word seq="11">fine linen,<GreekSeq>11</GreekSeq></word><word seq="12">and<GreekSeq>12</GreekSeq></word><word seq="13">purple,<GreekSeq>13</GreekSeq></word><word seq="14">and<GreekSeq>14</GreekSeq></word><word seq="15">silk,<GreekSeq>15</GreekSeq></word><word seq="16">and<GreekSeq>16</GreekSeq></word><word seq="17">scarlet;<GreekSeq>17</GreekSeq></word><word seq="18">and<GreekSeq>18</GreekSeq></word><word seq="19">all<GreekSeq>19</GreekSeq></word><word seq="20">thyine<GreekSeq>21</GreekSeq></word><word seq="21">wood,<GreekSeq>20</GreekSeq></word><word seq="22">and<GreekSeq>22</GreekSeq></word><word seq="23">every<GreekSeq>23</GreekSeq></word><word seq="24">vessel<GreekSeq>24</GreekSeq></word><word seq="25">of ivory,<GreekSeq>25</GreekSeq></word><word seq="26">and<GreekSeq>26</GreekSeq></word><word seq="27">every<GreekSeq>27</GreekSeq></word><word seq="28">vessel<GreekSeq>28</GreekSeq></word><word seq="29">made</word><word seq="30">of<GreekSeq>29</GreekSeq></word><word seq="31">most precious<GreekSeq>31</GreekSeq></word><word seq="32">wood,<GreekSeq>30</GreekSeq></word><word seq="33">and<GreekSeq>32</GreekSeq></word><word seq="34">of brass,<GreekSeq>33</GreekSeq></word><word seq="35">and<GreekSeq>34</GreekSeq></word><word seq="36">iron,<GreekSeq>35</GreekSeq></word><word seq="37">and<GreekSeq>36</GreekSeq></word><word seq="38">marble;<GreekSeq>37</GreekSeq></word></ASV></verse>
<verse number="13"><ASV><word seq="1">and<GreekSeq>1</GreekSeq></word><word seq="2">cinnamon,<GreekSeq>2</GreekSeq></word><word seq="3">and<GreekSeq>3</GreekSeq></word><word seq="4">spice,<GreekSeq>4</GreekSeq></word><word seq="5">and<GreekSeq>5</GreekSeq></word><word seq="6">incense,<GreekSeq>6</GreekSeq></word><word seq="7">and<GreekSeq>7</GreekSeq></word><word seq="8">ointment,<GreekSeq>8</GreekSeq></word><word seq="9">and<GreekSeq>9</GreekSeq></word><word seq="10">frankincense,<GreekSeq>10</GreekSeq></word><word seq="11">and<GreekSeq>11</GreekSeq></word><word seq="12">wine,<GreekSeq>12</GreekSeq></word><word seq="13">and<GreekSeq>13</GreekSeq></word><word seq="14">oil,<GreekSeq>14</GreekSeq></word><word seq="15">and<GreekSeq>15</GreekSeq></word><word seq="16">fine flour,<GreekSeq>16</GreekSeq></word><word seq="17">and<GreekSeq>17</GreekSeq></word><word seq="18">wheat,<GreekSeq>18</GreekSeq></word><word seq="19">and<GreekSeq>19</GreekSeq></word><word seq="20">cattle,<GreekSeq>20</GreekSeq></word><word seq="21">and<GreekSeq>21</GreekSeq></word><word seq="22">sheep;<GreekSeq>22</GreekSeq></word><word seq="23">and<GreekSeq>23</GreekSeq></word><word seq="24">merchandise</word><word seq="25">of horses<GreekSeq>24</GreekSeq></word><word seq="26">and<GreekSeq>25</GreekSeq></word><word seq="27">chariots<GreekSeq>26</GreekSeq></word><word seq="28">and<GreekSeq>27</GreekSeq></word><word seq="29">slaves;<GreekSeq>28</GreekSeq></word><word seq="30">and<GreekSeq>29</GreekSeq></word><word seq="31">souls<GreekSeq>30</GreekSeq></word><word seq="32">of men.<GreekSeq>31</GreekSeq></word></ASV></verse>
<verse number="14"><ASV><word seq="1">And<GreekSeq>1</GreekSeq></word><word seq="2">the<GreekSeq>2</GreekSeq></word><word seq="3">fruits<GreekSeq>3</GreekSeq></word><word seq="4">which</word><word seq="5">thy<GreekSeq>4</GreekSeq></word><word seq="6">soul<GreekSeq>8</GreekSeq></word><word seq="7">lusted after<GreekSeq>6</GreekSeq></word><word seq="8">are gone<GreekSeq>9</GreekSeq></word><word seq="9">from<GreekSeq>10</GreekSeq></word><word seq="10">thee,<GreekSeq>11</GreekSeq></word><word seq="11">and<GreekSeq>12</GreekSeq></word><word seq="12">all<GreekSeq>13</GreekSeq></word><word seq="13">things<GreekSeq>14</GreekSeq></word><word seq="14">that were</word><word seq="15">dainty<GreekSeq>15</GreekSeq></word><word seq="16">and<GreekSeq>16</GreekSeq></word><word seq="17">sumptuous<GreekSeq>18</GreekSeq></word><word seq="18">are perished<GreekSeq>19</GreekSeq></word><word seq="19">from<GreekSeq>20</GreekSeq></word><word seq="20">thee,<GreekSeq>21</GreekSeq></word><word seq="21">and<GreekSeq>22</GreekSeq></word><word seq="22">men shall find<GreekSeq>27</GreekSeq></word><word seq="23">them<GreekSeq>26</GreekSeq></word><word seq="24">no more<GreekSeq>23</GreekSeq></word><word seq="25" note="οὐ μή Strong Code (3364)">at all.<GreekSeq>24</GreekSeq><GreekSeq>25</GreekSeq></word></ASV></verse>
<verse number="15"><ASV><word seq="1">The<GreekSeq>1</GreekSeq></word><word seq="2">merchants<GreekSeq>2</GreekSeq></word><word seq="3">of these things,<GreekSeq>3</GreekSeq></word><word seq="4">who were made rich<GreekSeq>5</GreekSeq></word><word seq="5">by<GreekSeq>6</GreekSeq></word><word seq="6">her,<GreekSeq>7</GreekSeq></word><word seq="7">shall stand<GreekSeq>10</GreekSeq></word><word seq="8">afar<GreekSeq>9</GreekSeq></word><word seq="9">off<GreekSeq>8</GreekSeq></word><word seq="10">for<GreekSeq>11</GreekSeq></word><word seq="11">the<GreekSeq>12</GreekSeq></word><word seq="12">fear<GreekSeq>13</GreekSeq></word><word seq="13">of<GreekSeq>15</GreekSeq></word><word seq="14">her<GreekSeq>16</GreekSeq></word><word seq="15">torment,<GreekSeq>15</GreekSeq></word><word seq="16">weeping<GreekSeq>17</GreekSeq></word><word seq="17">and<GreekSeq>18</GreekSeq></word><word seq="18">mourning;<GreekSeq>19</GreekSeq></word></ASV></verse>
<verse number="16"><ASV><word seq="1">saying,<GreekSeq>1</GreekSeq></word><word seq="2">Woe,<GreekSeq>2</GreekSeq></word><word seq="3">woe,<GreekSeq>3</GreekSeq></word><word seq="4">the<GreekSeq>4</GreekSeq></word><word seq="5">great<GreekSeq>7</GreekSeq></word><word seq="6">city,<GreekSeq>5</GreekSeq></word><word seq="7">she<GreekSeq>8</GreekSeq></word><word seq="8">that was arrayed<GreekSeq>9</GreekSeq></word><word seq="9">in fine linen<GreekSeq>10</GreekSeq></word><word seq="10">and<GreekSeq>11</GreekSeq></word><word seq="11">purple<GreekSeq>12</GreekSeq></word><word seq="12">and<GreekSeq>13</GreekSeq></word><word seq="13">scarlet,<GreekSeq>14</GreekSeq></word><word seq="14">and<GreekSeq>15</GreekSeq></word><word seq="15">decked<GreekSeq>16</GreekSeq></word><word seq="16">with<GreekSeq>17</GreekSeq></word><word seq="17">gold<GreekSeq>18</GreekSeq></word><word seq="18">and<GreekSeq>19</GreekSeq></word><word seq="19">precious<GreekSeq>21</GreekSeq></word><word seq="20">stone<GreekSeq>20</GreekSeq></word><word seq="21">and<GreekSeq>22</GreekSeq></word><word seq="22">pearl!<GreekSeq>23</GreekSeq></word></ASV></verse>
<verse number="17"><ASV><word seq="1">for<GreekSeq>1</GreekSeq></word><word seq="2">in one<GreekSeq>2</GreekSeq></word><word seq="3">hour<GreekSeq>3</GreekSeq></word><word seq="4">so great<GreekSeq>6</GreekSeq></word><word seq="5">riches<GreekSeq>7</GreekSeq></word><word seq="6">is made desolate.<GreekSeq>4</GreekSeq></word><word seq="7">And<GreekSeq>8</GreekSeq></word><word seq="8">every<GreekSeq>9</GreekSeq></word><word seq="9">shipmaster,<GreekSeq>10</GreekSeq></word><word seq="10">and<GreekSeq>11</GreekSeq></word><word seq="11">every<GreekSeq>12</GreekSeq></word><word seq="12">one<GreekSeq>13</GreekSeq></word><word seq="13">that saileth<GreekSeq>16</GreekSeq></word><word seq="14">any whither,<GreekSeq>15</GreekSeq></word><word seq="15">and<GreekSeq>17</GreekSeq></word><word seq="16">mariners,<GreekSeq>18</GreekSeq></word><word seq="17">and<GreekSeq>19</GreekSeq></word><word seq="18">as many as<GreekSeq>20</GreekSeq></word><word seq="19">gain their living<GreekSeq>23</GreekSeq></word><word seq="20">by sea,<GreekSeq>22</GreekSeq></word><word seq="21">stood<GreekSeq>26</GreekSeq></word><word seq="22">afar<GreekSeq>25</GreekSeq></word><word seq="23">off,<GreekSeq>24</GreekSeq></word></ASV></verse>
<verse number="18"><ASV><word seq="1">and<GreekSeq>1</GreekSeq></word><word seq="2">cried out<GreekSeq>2</GreekSeq></word><word seq="3">as they looked upon<GreekSeq>3</GreekSeq></word><word seq="4">the<GreekSeq>4</GreekSeq></word><word seq="5">smoke<GreekSeq>5</GreekSeq></word><word seq="6">of<GreekSeq>7</GreekSeq></word><word seq="7">her<GreekSeq>8</GreekSeq></word><word seq="8">burning,<GreekSeq>7</GreekSeq></word><word seq="9">saying,<GreekSeq>9</GreekSeq></word><word seq="10">What [city]<GreekSeq>10</GreekSeq></word><word seq="11">is</word><word seq="12">like<GreekSeq>11</GreekSeq></word><word seq="13">the<GreekSeq>12</GreekSeq></word><word seq="14">great<GreekSeq>15</GreekSeq></word><word seq="15">city?<GreekSeq>13</GreekSeq></word></ASV></verse>
<verse number="19"><ASV><word seq="1">And<GreekSeq>1</GreekSeq></word><word seq="2">they cast<GreekSeq>2</GreekSeq></word><word seq="3">dust<GreekSeq>3</GreekSeq></word><word seq="4">on<GreekSeq>4</GreekSeq></word><word seq="5">their<GreekSeq>7</GreekSeq></word><word seq="6">heads,<GreekSeq>6</GreekSeq></word><word seq="7">and<GreekSeq>8</GreekSeq></word><word seq="8">cried,<GreekSeq>9</GreekSeq></word><word seq="9">weeping<GreekSeq>10</GreekSeq></word><word seq="10">and<GreekSeq>11</GreekSeq></word><word seq="11">mourning,<GreekSeq>12</GreekSeq></word><word seq="12">saying,<GreekSeq>13</GreekSeq></word><word seq="13">Woe,<GreekSeq>14</GreekSeq></word><word seq="14">woe,<GreekSeq>15</GreekSeq></word><word seq="15">the<GreekSeq>16</GreekSeq></word><word seq="16">great<GreekSeq>19</GreekSeq></word><word seq="17">city,<GreekSeq>17</GreekSeq></word><word seq="18">wherein<GreekSeq>20</GreekSeq><GreekSeq>21</GreekSeq></word><word seq="19">all<GreekSeq>23</GreekSeq></word><word seq="20">that had<GreekSeq>25</GreekSeq></word><word seq="21">their</word><word seq="22">ships<GreekSeq>27</GreekSeq></word><word seq="23">in<GreekSeq>28</GreekSeq></word><word seq="24">the<GreekSeq>29</GreekSeq></word><word seq="25">sea<GreekSeq>30</GreekSeq></word><word seq="26">were made rich<GreekSeq>22</GreekSeq></word><word seq="27">by reason of<GreekSeq>31</GreekSeq></word><word seq="28">her<GreekSeq>34</GreekSeq></word><word seq="29">costliness!<GreekSeq>33</GreekSeq></word><word seq="30">for<GreekSeq>35</GreekSeq></word><word seq="31">in one<GreekSeq>36</GreekSeq></word><word seq="32">hour<GreekSeq>37</GreekSeq></word><word seq="33">is she made desolate.<GreekSeq>38</GreekSeq></word></ASV></verse>
<verse number="20"><ASV><word seq="1">Rejoice<GreekSeq>1</GreekSeq></word><word seq="2">over<GreekSeq>2</GreekSeq></word><word seq="3">her,<GreekSeq>3</GreekSeq></word><word seq="4">[thou] heaven,<GreekSeq>4</GreekSeq></word><word seq="5">and<GreekSeq>5</GreekSeq></word><word seq="6">[ye] saints,<GreekSeq>6</GreekSeq><GreekSeq>7</GreekSeq></word><word seq="7">and<GreekSeq>8</GreekSeq></word><word seq="8">[ye] apostles,<GreekSeq>10</GreekSeq></word><word seq="9">and<GreekSeq>11</GreekSeq></word><word seq="10">[ye] prophets;<GreekSeq>13</GreekSeq></word><word seq="11">for<GreekSeq>14</GreekSeq></word><word seq="12">God<GreekSeq>17</GreekSeq></word><word seq="13">hath judged<GreekSeq>15</GreekSeq></word><word seq="14">your<GreekSeq>20</GreekSeq></word><word seq="15">judgment<GreekSeq>19</GreekSeq></word><word seq="16">on<GreekSeq>21</GreekSeq></word><word seq="17">her.<GreekSeq>22</GreekSeq></word></ASV></verse>
<verse number="21"><ASV><word seq="1">And<GreekSeq>1</GreekSeq></word><word seq="2">a<GreekSeq>3</GreekSeq></word><word seq="3">strong<GreekSeq>5</GreekSeq></word><word seq="4">angel<GreekSeq>4</GreekSeq></word><word seq="5">took up<GreekSeq>2</GreekSeq></word><word seq="6">a stone<GreekSeq>6</GreekSeq></word><word seq="7">as<GreekSeq>7</GreekSeq></word><word seq="8">it were</word><word seq="9">a great<GreekSeq>9</GreekSeq></word><word seq="10">millstone<GreekSeq>8</GreekSeq></word><word seq="11">and<GreekSeq>10</GreekSeq></word><word seq="12">cast<GreekSeq>11</GreekSeq></word><word seq="13">it</word><word seq="14">into<GreekSeq>12</GreekSeq></word><word seq="15">the<GreekSeq>13</GreekSeq></word><word seq="16">sea,<GreekSeq>14</GreekSeq></word><word seq="17">saying,<GreekSeq>15</GreekSeq></word><word seq="18">Thus<GreekSeq>16</GreekSeq></word><word seq="19">with a mighty<GreekSeq>17</GreekSeq></word><word seq="20">fall</word><word seq="21">shall<GreekSeq>18</GreekSeq></word><word seq="22">Babylon,<GreekSeq>19</GreekSeq></word><word seq="23">the<GreekSeq>20</GreekSeq></word><word seq="24">great<GreekSeq>21</GreekSeq></word><word seq="25">city,<GreekSeq>22</GreekSeq></word><word seq="26">be cast down,<GreekSeq>18</GreekSeq></word><word seq="27">and<GreekSeq>23</GreekSeq></word><word seq="28">shall be found<GreekSeq>26</GreekSeq></word><word seq="29" note="οὐ μή Strong Code (3364)">no<GreekSeq>24</GreekSeq><GreekSeq>25</GreekSeq></word><word seq="30">more<GreekSeq>27</GreekSeq></word><word seq="31">at all.</word></ASV></verse>
<verse number="22"><ASV><word seq="1">And<GreekSeq>1</GreekSeq></word><word seq="2">the voice<GreekSeq>2</GreekSeq></word><word seq="3">of harpers<GreekSeq>3</GreekSeq></word><word seq="4">and<GreekSeq>4</GreekSeq></word><word seq="5">minstrels<GreekSeq>5</GreekSeq></word><word seq="6">and<GreekSeq>6</GreekSeq></word><word seq="7">flute-players<GreekSeq>7</GreekSeq></word><word seq="8">and<GreekSeq>8</GreekSeq></word><word seq="9">trumpeters<GreekSeq>9</GreekSeq></word><word seq="10">shall be heard<GreekSeq>12</GreekSeq></word><word seq="11" note="οὐ μή Strong Code (3364)">no<GreekSeq>10</GreekSeq><GreekSeq>11</GreekSeq></word><word seq="12">more<GreekSeq>15</GreekSeq></word><word seq="13">at all</word><word seq="14">in<GreekSeq>13</GreekSeq></word><word seq="15">thee;<GreekSeq>14</GreekSeq></word><word seq="16">and<GreekSeq>16</GreekSeq></word><word seq="17" note="οὐ μή Strong Code (3364)">no<GreekSeq>21</GreekSeq><GreekSeq>22</GreekSeq></word><word seq="18">craftsman,<GreekSeq>18</GreekSeq></word><word seq="19">of whatsoever<GreekSeq>19</GreekSeq></word><word seq="20">craft,<GreekSeq>20</GreekSeq></word><word seq="21">shall be found<GreekSeq>23</GreekSeq></word><word seq="22">any more<GreekSeq>26</GreekSeq></word><word seq="23">at all</word><word seq="24">in<GreekSeq>24</GreekSeq></word><word seq="25">thee;<GreekSeq>25</GreekSeq></word><word seq="26">and<GreekSeq>27</GreekSeq></word><word seq="27">the voice<GreekSeq>28</GreekSeq></word><word seq="28">of a mill<GreekSeq>29</GreekSeq></word><word seq="29">shall be heard<GreekSeq>32</GreekSeq></word><word seq="30" note="οὐ μή Strong Code (3364)">no<GreekSeq>30</GreekSeq><GreekSeq>31</GreekSeq></word><word seq="31">more<GreekSeq>35</GreekSeq></word><word seq="32">at all</word><word seq="33">in<GreekSeq>33</GreekSeq></word><word seq="34">thee;<GreekSeq>34</GreekSeq></word></ASV></verse>
<verse number="23"><ASV><word seq="1">and<GreekSeq>1</GreekSeq></word><word seq="2">the light<GreekSeq>2</GreekSeq></word><word seq="3">of a lamp<GreekSeq>3</GreekSeq></word><word seq="4">shall shine<GreekSeq>6</GreekSeq></word><word seq="5" note="οὐ μή Strong Code (3364)">no<GreekSeq>4</GreekSeq><GreekSeq>5</GreekSeq></word><word seq="6">more<GreekSeq>9</GreekSeq></word><word seq="7">at all</word><word seq="8">in<GreekSeq>7</GreekSeq></word><word seq="9">thee;<GreekSeq>8</GreekSeq></word><word seq="10">and<GreekSeq>10</GreekSeq></word><word seq="11">the voice<GreekSeq>11</GreekSeq></word><word seq="12">of the bridegroom<GreekSeq>12</GreekSeq></word><word seq="13">and<GreekSeq>13</GreekSeq></word><word seq="14">of the bride<GreekSeq>14</GreekSeq></word><word seq="15">shall be heard<GreekSeq>17</GreekSeq></word><word seq="16" note="οὐ μή Strong Code (3364)">no<GreekSeq>15</GreekSeq><GreekSeq>16</GreekSeq></word><word seq="17">more<GreekSeq>20</GreekSeq></word><word seq="18">at all</word><word seq="19">in<GreekSeq>18</GreekSeq></word><word seq="20">thee:<GreekSeq>19</GreekSeq></word><word seq="21">for<GreekSeq>21</GreekSeq></word><word seq="22">thy<GreekSeq>24</GreekSeq></word><word seq="23">merchants<GreekSeq>23</GreekSeq></word><word seq="24">were<GreekSeq>25</GreekSeq></word><word seq="25">the<GreekSeq>26</GreekSeq></word><word seq="26">princes<GreekSeq>27</GreekSeq></word><word seq="27">of the<GreekSeq>28</GreekSeq></word><word seq="28">earth;<GreekSeq>29</GreekSeq></word><word seq="29">for<GreekSeq>30</GreekSeq></word><word seq="30">with<GreekSeq>31</GreekSeq></word><word seq="31">thy<GreekSeq>34</GreekSeq></word><word seq="32">sorcery<GreekSeq>33</GreekSeq></word><word seq="33">were<GreekSeq>35</GreekSeq></word><word seq="34">all<GreekSeq>36</GreekSeq></word><word seq="35">the<GreekSeq>37</GreekSeq></word><word seq="36">nations<GreekSeq>38</GreekSeq></word><word seq="37">deceived.<GreekSeq>35</GreekSeq></word></ASV></verse>
<verse number="24"><ASV><word seq="1">And<GreekSeq>1</GreekSeq></word><word seq="2">in<GreekSeq>2</GreekSeq></word><word seq="3">her<GreekSeq>3</GreekSeq></word><word seq="4">was found<GreekSeq>8</GreekSeq></word><word seq="5">the blood<GreekSeq>4</GreekSeq></word><word seq="6">of prophets<GreekSeq>5</GreekSeq></word><word seq="7">and<GreekSeq>6</GreekSeq></word><word seq="8">of saints,<GreekSeq>7</GreekSeq></word><word seq="9">and<GreekSeq>9</GreekSeq></word><word seq="10">of all<GreekSeq>10</GreekSeq></word><word seq="11">that have been slain<GreekSeq>12</GreekSeq></word><word seq="12">upon<GreekSeq>13</GreekSeq></word><word seq="13">the<GreekSeq>14</GreekSeq></word><word seq="14">earth.<GreekSeq>15</GreekSeq></word></ASV></verse>
</chapter></book>