<?xml version="1.0" encoding="UTF-8" standalone="no"?><book><chapter number="21">
<verse number="1"><ASV><word seq="1">And<GreekSeq>1</GreekSeq></word><word seq="2">I saw<GreekSeq>2</GreekSeq></word><word seq="3">a new<GreekSeq>4</GreekSeq></word><word seq="4">heaven<GreekSeq>3</GreekSeq></word><word seq="5">and<GreekSeq>5</GreekSeq></word><word seq="6">a new<GreekSeq>7</GreekSeq></word><word seq="7">earth:<GreekSeq>6</GreekSeq></word><word seq="8">for<GreekSeq>9</GreekSeq></word><word seq="9">the<GreekSeq>8</GreekSeq></word><word seq="10">first<GreekSeq>10</GreekSeq></word><word seq="11">heaven<GreekSeq>11</GreekSeq></word><word seq="12">and<GreekSeq>12</GreekSeq></word><word seq="13">the<GreekSeq>13</GreekSeq></word><word seq="14">first<GreekSeq>14</GreekSeq></word><word seq="15">earth<GreekSeq>15</GreekSeq></word><word seq="16">are passed away;<GreekSeq>16</GreekSeq></word><word seq="17">and<GreekSeq>17</GreekSeq></word><word seq="18">the<GreekSeq>18</GreekSeq></word><word seq="19">sea<GreekSeq>19</GreekSeq></word><word seq="20">is<GreekSeq>21</GreekSeq></word><word seq="21">no<GreekSeq>20</GreekSeq></word><word seq="22">more.<GreekSeq>22</GreekSeq></word></ASV></verse>
<verse number="2"><ASV><word seq="1">And<GreekSeq>1</GreekSeq></word><word seq="2">I saw<GreekSeq>8</GreekSeq></word><word seq="3">the<GreekSeq>2</GreekSeq></word><word seq="4">holy<GreekSeq>5</GreekSeq></word><word seq="5">city,<GreekSeq>3</GreekSeq></word><word seq="6">new<GreekSeq>7</GreekSeq></word><word seq="7">Jerusalem,<GreekSeq>6</GreekSeq></word><word seq="8">coming down<GreekSeq>9</GreekSeq></word><word seq="9">out of<GreekSeq>10</GreekSeq></word><word seq="10">heaven<GreekSeq>12</GreekSeq></word><word seq="11">from<GreekSeq>13</GreekSeq></word><word seq="12">God,<GreekSeq>15</GreekSeq></word><word seq="13">made ready<GreekSeq>16</GreekSeq></word><word seq="14">as<GreekSeq>17</GreekSeq></word><word seq="15">a bride<GreekSeq>18</GreekSeq></word><word seq="16">adorned<GreekSeq>19</GreekSeq></word><word seq="17">for<GreekSeq>21</GreekSeq></word><word seq="18">her<GreekSeq>22</GreekSeq></word><word seq="19">husband.<GreekSeq>21</GreekSeq></word></ASV></verse>
<verse number="3"><ASV><word seq="1">And<GreekSeq>1</GreekSeq></word><word seq="2">I heard<GreekSeq>2</GreekSeq></word><word seq="3">a great<GreekSeq>4</GreekSeq></word><word seq="4">voice<GreekSeq>3</GreekSeq></word><word seq="5">out of<GreekSeq>5</GreekSeq></word><word seq="6">the<GreekSeq>6</GreekSeq></word><word seq="7">throne<GreekSeq>7</GreekSeq></word><word seq="8">saying,<GreekSeq>8</GreekSeq></word><word seq="9">Behold,<GreekSeq>9</GreekSeq></word><word seq="10">the<GreekSeq>10</GreekSeq></word><word seq="11">tabernacle<GreekSeq>11</GreekSeq></word><word seq="12">of God<GreekSeq>13</GreekSeq></word><word seq="13">is</word><word seq="14">with<GreekSeq>14</GreekSeq></word><word seq="15">men,<GreekSeq>16</GreekSeq></word><word seq="16">and<GreekSeq>17</GreekSeq></word><word seq="17">he shall dwell<GreekSeq>18</GreekSeq></word><word seq="18">with<GreekSeq>19</GreekSeq></word><word seq="19">them,<GreekSeq>20</GreekSeq></word><word seq="20">and<GreekSeq>21</GreekSeq></word><word seq="21">they<GreekSeq>22</GreekSeq></word><word seq="22">shall be<GreekSeq>25</GreekSeq></word><word seq="23">his<GreekSeq>24</GreekSeq></word><word seq="24">peoples,<GreekSeq>23</GreekSeq></word><word seq="25">and<GreekSeq>26</GreekSeq></word><word seq="26">God<GreekSeq>29</GreekSeq></word><word seq="27">himself<GreekSeq>27</GreekSeq></word><word seq="28">shall be<GreekSeq>32</GreekSeq></word><word seq="29">with<GreekSeq>30</GreekSeq></word><word seq="30">them,<GreekSeq>31</GreekSeq></word><word seq="31">and be</word><word seq="32">their<GreekSeq>33</GreekSeq></word><word seq="33">God:<GreekSeq>34</GreekSeq></word></ASV></verse>
<verse number="4"><ASV><word seq="1">and<GreekSeq>1</GreekSeq></word><word seq="2">he shall wipe away<GreekSeq>2</GreekSeq></word><word seq="3">every<GreekSeq>3</GreekSeq></word><word seq="4">tear<GreekSeq>4</GreekSeq></word><word seq="5">from<GreekSeq>5</GreekSeq></word><word seq="6">their<GreekSeq>8</GreekSeq></word><word seq="7">eyes;<GreekSeq>7</GreekSeq></word><word seq="8">and<GreekSeq>9</GreekSeq></word><word seq="9">death<GreekSeq>11</GreekSeq></word><word seq="10">shall be<GreekSeq>13</GreekSeq></word><word seq="11">no<GreekSeq>12</GreekSeq></word><word seq="12">more;<GreekSeq>14</GreekSeq></word><word seq="13">neither<GreekSeq>15</GreekSeq></word><word seq="14">shall there be<GreekSeq>22</GreekSeq></word><word seq="15">mourning,<GreekSeq>16</GreekSeq></word><word seq="16">nor<GreekSeq>17</GreekSeq></word><word seq="17">crying,<GreekSeq>18</GreekSeq></word><word seq="18">nor<GreekSeq>19</GreekSeq></word><word seq="19">pain,<GreekSeq>20</GreekSeq></word><word seq="20">any more:<GreekSeq>23</GreekSeq></word><word seq="21">the<GreekSeq>25</GreekSeq></word><word seq="22">first<GreekSeq>26</GreekSeq></word><word seq="23">things are passed away.<GreekSeq>27</GreekSeq></word></ASV></verse>
<verse number="5"><ASV><word seq="1">And<GreekSeq>1</GreekSeq></word><word seq="2">he<GreekSeq>3</GreekSeq></word><word seq="3">that sitteth<GreekSeq>4</GreekSeq></word><word seq="4">on<GreekSeq>5</GreekSeq></word><word seq="5">the<GreekSeq>6</GreekSeq></word><word seq="6">throne<GreekSeq>7</GreekSeq></word><word seq="7">said,<GreekSeq>2</GreekSeq></word><word seq="8">Behold,<GreekSeq>8</GreekSeq></word><word seq="9">I make<GreekSeq>10</GreekSeq></word><word seq="10">all things<GreekSeq>11</GreekSeq></word><word seq="11">new.<GreekSeq>9</GreekSeq></word><word seq="12">And<GreekSeq>12</GreekSeq></word><word seq="13">he saith,<GreekSeq>13</GreekSeq></word><word seq="14">Write:<GreekSeq>14</GreekSeq></word><word seq="15">for<GreekSeq>15</GreekSeq></word><word seq="16">these<GreekSeq>16</GreekSeq></word><word seq="17">words<GreekSeq>18</GreekSeq></word><word seq="18">are<GreekSeq>22</GreekSeq></word><word seq="19">faithful<GreekSeq>19</GreekSeq></word><word seq="20">and<GreekSeq>20</GreekSeq></word><word seq="21">true.<GreekSeq>21</GreekSeq></word></ASV></verse>
<verse number="6"><ASV><word seq="1">And<GreekSeq>1</GreekSeq></word><word seq="2">he said<GreekSeq>2</GreekSeq></word><word seq="3">unto me,<GreekSeq>3</GreekSeq></word><word seq="4">They are come to pass.<GreekSeq>4</GreekSeq></word><word seq="5">I<GreekSeq>5</GreekSeq></word><word seq="6">am<GreekSeq>6</GreekSeq></word><word seq="7">the<GreekSeq>7</GreekSeq></word><word seq="8">Alpha<GreekSeq>8</GreekSeq></word><word seq="9">and<GreekSeq>9</GreekSeq></word><word seq="10">the<GreekSeq>10</GreekSeq></word><word seq="11">Omega,<GreekSeq>11</GreekSeq></word><word seq="12">the<GreekSeq>12</GreekSeq></word><word seq="13">beginning<GreekSeq>13</GreekSeq></word><word seq="14">and<GreekSeq>14</GreekSeq></word><word seq="15">the<GreekSeq>15</GreekSeq></word><word seq="16">end.<GreekSeq>16</GreekSeq></word><word seq="17">I<GreekSeq>17</GreekSeq></word><word seq="18">will give<GreekSeq>20</GreekSeq></word><word seq="19">unto him<GreekSeq>18</GreekSeq></word><word seq="20">that is athirst<GreekSeq>19</GreekSeq></word><word seq="21">of<GreekSeq>21</GreekSeq></word><word seq="22">the<GreekSeq>22</GreekSeq></word><word seq="23">fountain<GreekSeq>23</GreekSeq></word><word seq="24">of the<GreekSeq>24</GreekSeq></word><word seq="25">water<GreekSeq>25</GreekSeq></word><word seq="26">of life<GreekSeq>27</GreekSeq></word><word seq="27">freely.<GreekSeq>28</GreekSeq></word></ASV></verse>
<verse number="7"><ASV><word seq="1">He<GreekSeq>1</GreekSeq></word><word seq="2">that overcometh<GreekSeq>2</GreekSeq></word><word seq="3">shall inherit<GreekSeq>3</GreekSeq></word><word seq="4">these things;<GreekSeq>4</GreekSeq></word><word seq="5">and<GreekSeq>5</GreekSeq></word><word seq="6">I will be<GreekSeq>6</GreekSeq></word><word seq="7">[his]<GreekSeq>7</GreekSeq></word><word seq="8">God,<GreekSeq>8</GreekSeq></word><word seq="9">and<GreekSeq>9</GreekSeq></word><word seq="10">he<GreekSeq>10</GreekSeq></word><word seq="11">shall be<GreekSeq>11</GreekSeq></word><word seq="12">my<GreekSeq>12</GreekSeq></word><word seq="13">son.<GreekSeq>13</GreekSeq></word></ASV></verse>
<verse number="8"><ASV><word seq="1">But<GreekSeq>2</GreekSeq></word><word seq="2">for the<GreekSeq>1</GreekSeq></word><word seq="3">fearful,<GreekSeq>3</GreekSeq></word><word seq="4">and<GreekSeq>4</GreekSeq></word><word seq="5">unbelieving,<GreekSeq>5</GreekSeq></word><word seq="6">and<GreekSeq>6</GreekSeq></word><word seq="7">abominable,<GreekSeq>7</GreekSeq></word><word seq="8">and<GreekSeq>8</GreekSeq></word><word seq="9">murderers,<GreekSeq>9</GreekSeq></word><word seq="10">and<GreekSeq>10</GreekSeq></word><word seq="11">fornicators,<GreekSeq>11</GreekSeq></word><word seq="12">and<GreekSeq>12</GreekSeq></word><word seq="13">sorcerers,<GreekSeq>13</GreekSeq></word><word seq="14">and<GreekSeq>14</GreekSeq></word><word seq="15">idolaters,<GreekSeq>15</GreekSeq></word><word seq="16">and<GreekSeq>16</GreekSeq></word><word seq="17">all<GreekSeq>17</GreekSeq></word><word seq="18">liars,<GreekSeq>18</GreekSeq><GreekSeq>19</GreekSeq></word><word seq="19">their<GreekSeq>22</GreekSeq></word><word seq="20">part<GreekSeq>21</GreekSeq></word><word seq="21">shall be</word><word seq="22">in<GreekSeq>23</GreekSeq></word><word seq="23">the<GreekSeq>24</GreekSeq></word><word seq="24">lake<GreekSeq>25</GreekSeq></word><word seq="25">that burneth<GreekSeq>27</GreekSeq></word><word seq="26">with fire<GreekSeq>28</GreekSeq></word><word seq="27">and<GreekSeq>29</GreekSeq></word><word seq="28">brimstone;<GreekSeq>30</GreekSeq></word><word seq="29">which<GreekSeq>31</GreekSeq></word><word seq="30">is<GreekSeq>32</GreekSeq></word><word seq="31">the<GreekSeq>33</GreekSeq></word><word seq="32">second<GreekSeq>36</GreekSeq></word><word seq="33">death.<GreekSeq>34</GreekSeq></word></ASV></verse>
<verse number="9"><ASV><word seq="1">And<GreekSeq>1</GreekSeq></word><word seq="2">there came<GreekSeq>2</GreekSeq></word><word seq="3">one<GreekSeq>3</GreekSeq></word><word seq="4">of<GreekSeq>4</GreekSeq></word><word seq="5">the<GreekSeq>5</GreekSeq></word><word seq="6">seven<GreekSeq>6</GreekSeq></word><word seq="7">angels<GreekSeq>7</GreekSeq></word><word seq="8">who had<GreekSeq>9</GreekSeq></word><word seq="9">the<GreekSeq>10</GreekSeq></word><word seq="10">seven<GreekSeq>11</GreekSeq></word><word seq="11">bowls,<GreekSeq>12</GreekSeq></word><word seq="12">who were laden with<GreekSeq>14</GreekSeq></word><word seq="13">the<GreekSeq>15</GreekSeq></word><word seq="14">seven<GreekSeq>16</GreekSeq></word><word seq="15">last<GreekSeq>19</GreekSeq></word><word seq="16">plagues;<GreekSeq>17</GreekSeq></word><word seq="17">and<GreekSeq>20</GreekSeq></word><word seq="18">he spake<GreekSeq>21</GreekSeq></word><word seq="19">with<GreekSeq>22</GreekSeq></word><word seq="20">me,<GreekSeq>23</GreekSeq></word><word seq="21">saying,<GreekSeq>24</GreekSeq></word><word seq="22">Come hither,<GreekSeq>25</GreekSeq></word><word seq="23">I will show<GreekSeq>26</GreekSeq></word><word seq="24">thee<GreekSeq>27</GreekSeq></word><word seq="25">the<GreekSeq>28</GreekSeq></word><word seq="26">bride,<GreekSeq>29</GreekSeq></word><word seq="27">the<GreekSeq>30</GreekSeq></word><word seq="28">wife<GreekSeq>31</GreekSeq></word><word seq="29">of the<GreekSeq>32</GreekSeq></word><word seq="30">Lamb.<GreekSeq>33</GreekSeq></word></ASV></verse>
<verse number="10"><ASV><word seq="1">And<GreekSeq>1</GreekSeq></word><word seq="2">he carried<GreekSeq>2</GreekSeq></word><word seq="3">me<GreekSeq>3</GreekSeq></word><word seq="4">away<GreekSeq>2</GreekSeq></word><word seq="5">in<GreekSeq>4</GreekSeq></word><word seq="6">the Spirit<GreekSeq>5</GreekSeq></word><word seq="7">to<GreekSeq>6</GreekSeq></word><word seq="8">a mountain<GreekSeq>7</GreekSeq></word><word seq="9">great<GreekSeq>8</GreekSeq></word><word seq="10">and<GreekSeq>9</GreekSeq></word><word seq="11">high,<GreekSeq>10</GreekSeq></word><word seq="12">and<GreekSeq>11</GreekSeq></word><word seq="13">showed<GreekSeq>12</GreekSeq></word><word seq="14">me<GreekSeq>13</GreekSeq></word><word seq="15">the<GreekSeq>14</GreekSeq></word><word seq="16">holy<GreekSeq>17</GreekSeq></word><word seq="17">city<GreekSeq>15</GreekSeq></word><word seq="18">Jerusalem,<GreekSeq>18</GreekSeq></word><word seq="19">coming down<GreekSeq>19</GreekSeq></word><word seq="20">out of<GreekSeq>20</GreekSeq></word><word seq="21">heaven<GreekSeq>22</GreekSeq></word><word seq="22">from<GreekSeq>23</GreekSeq></word><word seq="23">God,<GreekSeq>25</GreekSeq></word></ASV></verse>
<verse number="11"><ASV><word seq="1">having<GreekSeq>1</GreekSeq></word><word seq="2">the<GreekSeq>2</GreekSeq></word><word seq="3">glory<GreekSeq>3</GreekSeq></word><word seq="4">of God:<GreekSeq>5</GreekSeq></word><word seq="5">her<GreekSeq>8</GreekSeq></word><word seq="6">light<GreekSeq>7</GreekSeq></word><word seq="7">was</word><word seq="8">like<GreekSeq>9</GreekSeq></word><word seq="9">unto a stone<GreekSeq>10</GreekSeq></word><word seq="10">most precious,<GreekSeq>11</GreekSeq></word><word seq="11">as<GreekSeq>12</GreekSeq></word><word seq="12">it were</word><word seq="13">a jasper<GreekSeq>14</GreekSeq></word><word seq="14">stone,<GreekSeq>13</GreekSeq></word><word seq="15">clear as crystal:<GreekSeq>15</GreekSeq></word></ASV></verse>
<verse number="12"><ASV><word seq="1">having<GreekSeq>1</GreekSeq></word><word seq="2">a wall<GreekSeq>2</GreekSeq></word><word seq="3">great<GreekSeq>3</GreekSeq></word><word seq="4">and<GreekSeq>4</GreekSeq></word><word seq="5">high;<GreekSeq>5</GreekSeq></word><word seq="6">having<GreekSeq>6</GreekSeq></word><word seq="7">twelve<GreekSeq>8</GreekSeq></word><word seq="8">gates,<GreekSeq>7</GreekSeq></word><word seq="9">and<GreekSeq>9</GreekSeq></word><word seq="10">at<GreekSeq>10</GreekSeq></word><word seq="11">the<GreekSeq>11</GreekSeq></word><word seq="12">gates<GreekSeq>12</GreekSeq></word><word seq="13">twelve<GreekSeq>14</GreekSeq></word><word seq="14">angels;<GreekSeq>13</GreekSeq></word><word seq="15">and<GreekSeq>15</GreekSeq></word><word seq="16">names<GreekSeq>16</GreekSeq></word><word seq="17">written thereon,<GreekSeq>17</GreekSeq></word><word seq="18">which<GreekSeq>18</GreekSeq></word><word seq="19">are<GreekSeq>19</GreekSeq></word><word seq="20">the names</word><word seq="21">of the<GreekSeq>22</GreekSeq></word><word seq="22">twelve<GreekSeq>23</GreekSeq></word><word seq="23">tribes<GreekSeq>24</GreekSeq></word><word seq="24">of the children<GreekSeq>25</GreekSeq></word><word seq="25">of Israel:<GreekSeq>26</GreekSeq></word></ASV></verse>
<verse number="13"><ASV><word seq="1">on<GreekSeq>1</GreekSeq></word><word seq="2">the east<GreekSeq>2</GreekSeq></word><word seq="3">were</word><word seq="4">three<GreekSeq>4</GreekSeq></word><word seq="5">gates;<GreekSeq>3</GreekSeq></word><word seq="6">and<GreekSeq>5</GreekSeq></word><word seq="7">on<GreekSeq>6</GreekSeq></word><word seq="8">the north<GreekSeq>7</GreekSeq></word><word seq="9">three<GreekSeq>9</GreekSeq></word><word seq="10">gates;<GreekSeq>8</GreekSeq></word><word seq="11">and<GreekSeq>10</GreekSeq></word><word seq="12">on<GreekSeq>11</GreekSeq></word><word seq="13">the south<GreekSeq>12</GreekSeq></word><word seq="14">three<GreekSeq>14</GreekSeq></word><word seq="15">gates;<GreekSeq>13</GreekSeq></word><word seq="16">and<GreekSeq>15</GreekSeq></word><word seq="17">on<GreekSeq>16</GreekSeq></word><word seq="18">the west<GreekSeq>17</GreekSeq></word><word seq="19">three<GreekSeq>19</GreekSeq></word><word seq="20">gates.<GreekSeq>18</GreekSeq></word></ASV></verse>
<verse number="14"><ASV><word seq="1">And<GreekSeq>1</GreekSeq></word><word seq="2">the<GreekSeq>2</GreekSeq></word><word seq="3">wall<GreekSeq>3</GreekSeq></word><word seq="4">of the<GreekSeq>4</GreekSeq></word><word seq="5">city<GreekSeq>5</GreekSeq></word><word seq="6">had<GreekSeq>6</GreekSeq></word><word seq="7">twelve<GreekSeq>8</GreekSeq></word><word seq="8">foundations,<GreekSeq>7</GreekSeq></word><word seq="9">and<GreekSeq>9</GreekSeq></word><word seq="10">on<GreekSeq>10</GreekSeq></word><word seq="11">them<GreekSeq>11</GreekSeq></word><word seq="12">twelve<GreekSeq>12</GreekSeq></word><word seq="13">names<GreekSeq>13</GreekSeq></word><word seq="14">of the<GreekSeq>14</GreekSeq></word><word seq="15">twelve<GreekSeq>15</GreekSeq></word><word seq="16">apostles<GreekSeq>16</GreekSeq></word><word seq="17">of the<GreekSeq>17</GreekSeq></word><word seq="18">Lamb.<GreekSeq>18</GreekSeq></word></ASV></verse>
<verse number="15"><ASV><word seq="1">And<GreekSeq>1</GreekSeq></word><word seq="2">he<GreekSeq>2</GreekSeq></word><word seq="3">that spake<GreekSeq>3</GreekSeq></word><word seq="4">with<GreekSeq>4</GreekSeq></word><word seq="5">me<GreekSeq>5</GreekSeq></word><word seq="6">had<GreekSeq>6</GreekSeq></word><word seq="7">for a measure<GreekSeq>7</GreekSeq></word><word seq="8">a golden<GreekSeq>9</GreekSeq></word><word seq="9">reed<GreekSeq>8</GreekSeq></word><word seq="10">to measure<GreekSeq>10</GreekSeq><GreekSeq>11</GreekSeq></word><word seq="11">the<GreekSeq>12</GreekSeq></word><word seq="12">city,<GreekSeq>13</GreekSeq></word><word seq="13">and<GreekSeq>14</GreekSeq></word><word seq="14">the<GreekSeq>15</GreekSeq></word><word seq="15">gates<GreekSeq>16</GreekSeq></word><word seq="16">thereof,<GreekSeq>17</GreekSeq></word><word seq="17">and<GreekSeq>18</GreekSeq></word><word seq="18">the<GreekSeq>19</GreekSeq></word><word seq="19">wall<GreekSeq>20</GreekSeq></word><word seq="20">thereof.<GreekSeq>21</GreekSeq></word></ASV></verse>
<verse number="16"><ASV><word seq="1">And<GreekSeq>1</GreekSeq></word><word seq="2">the<GreekSeq>2</GreekSeq></word><word seq="3">city<GreekSeq>3</GreekSeq></word><word seq="4">lieth<GreekSeq>5</GreekSeq></word><word seq="5">foursquare,<GreekSeq>4</GreekSeq></word><word seq="6">and<GreekSeq>6</GreekSeq></word><word seq="7">the<GreekSeq>7</GreekSeq></word><word seq="8">length<GreekSeq>8</GreekSeq></word><word seq="9">thereof<GreekSeq>9</GreekSeq></word><word seq="10">is</word><word seq="11">as great as<GreekSeq>10</GreekSeq></word><word seq="12">the<GreekSeq>12</GreekSeq></word><word seq="13">breadth:<GreekSeq>13</GreekSeq></word><word seq="14">and<GreekSeq>14</GreekSeq></word><word seq="15">he measured<GreekSeq>15</GreekSeq></word><word seq="16">the<GreekSeq>16</GreekSeq></word><word seq="17">city<GreekSeq>17</GreekSeq></word><word seq="18">with the<GreekSeq>18</GreekSeq></word><word seq="19">reed,<GreekSeq>19</GreekSeq></word><word seq="20">twelve<GreekSeq>22</GreekSeq></word><word seq="21">thousand<GreekSeq>23</GreekSeq></word><word seq="22">furlongs:<GreekSeq>21</GreekSeq></word><word seq="23">the<GreekSeq>24</GreekSeq></word><word seq="24">length<GreekSeq>25</GreekSeq></word><word seq="25">and<GreekSeq>26</GreekSeq></word><word seq="26">the<GreekSeq>27</GreekSeq></word><word seq="27">breadth<GreekSeq>28</GreekSeq></word><word seq="28">and<GreekSeq>29</GreekSeq></word><word seq="29">the<GreekSeq>30</GreekSeq></word><word seq="30">height<GreekSeq>31</GreekSeq></word><word seq="31">thereof<GreekSeq>32</GreekSeq></word><word seq="32">are<GreekSeq>34</GreekSeq></word><word seq="33">equal.<GreekSeq>33</GreekSeq></word></ASV></verse>
<verse number="17"><ASV><word seq="1">And<GreekSeq>1</GreekSeq></word><word seq="2">he measured<GreekSeq>2</GreekSeq></word><word seq="3">the<GreekSeq>3</GreekSeq></word><word seq="4">wall<GreekSeq>4</GreekSeq></word><word seq="5">thereof,<GreekSeq>5</GreekSeq></word><word seq="6">a hundred<GreekSeq>6</GreekSeq></word><word seq="7">and</word><word seq="8">forty<GreekSeq>7</GreekSeq></word><word seq="9">and</word><word seq="10">four<GreekSeq>8</GreekSeq></word><word seq="11">cubits,<GreekSeq>9</GreekSeq></word><word seq="12">according to</word><word seq="13">the measure<GreekSeq>10</GreekSeq></word><word seq="14">of a man,<GreekSeq>11</GreekSeq></word><word seq="15">that<GreekSeq>12</GreekSeq></word><word seq="16">is,<GreekSeq>13</GreekSeq></word><word seq="17">of an angel.<GreekSeq>14</GreekSeq></word></ASV></verse>
<verse number="18"><ASV><word seq="1">And<GreekSeq>1</GreekSeq></word><word seq="2">the<GreekSeq>2</GreekSeq></word><word seq="3">building<GreekSeq>3</GreekSeq></word><word seq="4">of the<GreekSeq>4</GreekSeq></word><word seq="5">wall<GreekSeq>5</GreekSeq></word><word seq="6">thereof<GreekSeq>6</GreekSeq></word><word seq="7">was</word><word seq="8">jasper:<GreekSeq>7</GreekSeq></word><word seq="9">and<GreekSeq>8</GreekSeq></word><word seq="10">the<GreekSeq>9</GreekSeq></word><word seq="11">city<GreekSeq>10</GreekSeq></word><word seq="12">was</word><word seq="13">pure<GreekSeq>12</GreekSeq></word><word seq="14">gold,<GreekSeq>11</GreekSeq></word><word seq="15">like<GreekSeq>13</GreekSeq></word><word seq="16">unto pure<GreekSeq>15</GreekSeq></word><word seq="17">glass.<GreekSeq>14</GreekSeq></word></ASV></verse>
<verse number="19"><ASV><word seq="1">The<GreekSeq>1</GreekSeq></word><word seq="2">foundations<GreekSeq>2</GreekSeq></word><word seq="3">of the<GreekSeq>3</GreekSeq></word><word seq="4">wall<GreekSeq>4</GreekSeq></word><word seq="5">of the<GreekSeq>5</GreekSeq></word><word seq="6">city<GreekSeq>6</GreekSeq></word><word seq="7">were adorned<GreekSeq>10</GreekSeq></word><word seq="8">with all [manner of]<GreekSeq>7</GreekSeq></word><word seq="9">precious<GreekSeq>9</GreekSeq></word><word seq="10">stones.<GreekSeq>8</GreekSeq></word><word seq="11">The<GreekSeq>13</GreekSeq></word><word seq="12">first<GreekSeq>14</GreekSeq></word><word seq="13">foundation<GreekSeq>12</GreekSeq></word><word seq="14">was</word><word seq="15">jasper;<GreekSeq>15</GreekSeq></word><word seq="16">the<GreekSeq>16</GreekSeq></word><word seq="17">second,<GreekSeq>17</GreekSeq></word><word seq="18">sapphire;<GreekSeq>18</GreekSeq></word><word seq="19">the<GreekSeq>19</GreekSeq></word><word seq="20">third,<GreekSeq>20</GreekSeq></word><word seq="21">chalcedony;<GreekSeq>21</GreekSeq></word><word seq="22">the<GreekSeq>22</GreekSeq></word><word seq="23">fourth,<GreekSeq>23</GreekSeq></word><word seq="24">emerald;<GreekSeq>24</GreekSeq></word></ASV></verse>
<verse number="20"><ASV><word seq="1">the<GreekSeq>1</GreekSeq></word><word seq="2">fifth,<GreekSeq>2</GreekSeq></word><word seq="3">sardonyx;<GreekSeq>3</GreekSeq></word><word seq="4">the<GreekSeq>4</GreekSeq></word><word seq="5">sixth,<GreekSeq>5</GreekSeq></word><word seq="6">sardius;<GreekSeq>6</GreekSeq></word><word seq="7">the<GreekSeq>7</GreekSeq></word><word seq="8">seventh,<GreekSeq>8</GreekSeq></word><word seq="9">chrysolite;<GreekSeq>9</GreekSeq></word><word seq="10">the<GreekSeq>10</GreekSeq></word><word seq="11">eighth,<GreekSeq>11</GreekSeq></word><word seq="12">beryl;<GreekSeq>12</GreekSeq></word><word seq="13">the<GreekSeq>13</GreekSeq></word><word seq="14">ninth,<GreekSeq>14</GreekSeq></word><word seq="15">topaz;<GreekSeq>15</GreekSeq></word><word seq="16">the<GreekSeq>16</GreekSeq></word><word seq="17">tenth,<GreekSeq>17</GreekSeq></word><word seq="18">chrysoprase;<GreekSeq>18</GreekSeq></word><word seq="19">the<GreekSeq>19</GreekSeq></word><word seq="20">eleventh,<GreekSeq>20</GreekSeq></word><word seq="21">jacinth;<GreekSeq>21</GreekSeq></word><word seq="22">the<GreekSeq>22</GreekSeq></word><word seq="23">twelfth,<GreekSeq>23</GreekSeq></word><word seq="24">amethyst.<GreekSeq>24</GreekSeq></word></ASV></verse>
<verse number="21"><ASV><word seq="1">And<GreekSeq>1</GreekSeq></word><word seq="2">the<GreekSeq>2</GreekSeq></word><word seq="3">twelve<GreekSeq>3</GreekSeq></word><word seq="4">gates<GreekSeq>4</GreekSeq></word><word seq="5">were</word><word seq="6">twelve<GreekSeq>5</GreekSeq></word><word seq="7">pearls;<GreekSeq>6</GreekSeq></word><word seq="8">each<GreekSeq>7</GreekSeq></word><word seq="9">one<GreekSeq>8</GreekSeq></word><word seq="10">of the<GreekSeq>10</GreekSeq></word><word seq="11">several<GreekSeq>9</GreekSeq></word><word seq="12">gates<GreekSeq>11</GreekSeq></word><word seq="13">was<GreekSeq>12</GreekSeq></word><word seq="14">of<GreekSeq>13</GreekSeq></word><word seq="15">one<GreekSeq>14</GreekSeq></word><word seq="16">pearl:<GreekSeq>15</GreekSeq></word><word seq="17">and<GreekSeq>16</GreekSeq></word><word seq="18">the<GreekSeq>17</GreekSeq></word><word seq="19">street<GreekSeq>18</GreekSeq></word><word seq="20">of the<GreekSeq>19</GreekSeq></word><word seq="21">city<GreekSeq>20</GreekSeq></word><word seq="22">was</word><word seq="23">pure<GreekSeq>22</GreekSeq></word><word seq="24">gold,<GreekSeq>21</GreekSeq></word><word seq="25">as<GreekSeq>23</GreekSeq></word><word seq="26">it were</word><word seq="27">transparent<GreekSeq>25</GreekSeq></word><word seq="28">glass.<GreekSeq>24</GreekSeq></word></ASV></verse>
<verse number="22"><ASV><word seq="1">And<GreekSeq>1</GreekSeq></word><word seq="2">I saw<GreekSeq>4</GreekSeq></word><word seq="3">no<GreekSeq>3</GreekSeq></word><word seq="4">temple<GreekSeq>2</GreekSeq></word><word seq="5">therein:<GreekSeq>5</GreekSeq><GreekSeq>6</GreekSeq></word><word seq="6">for<GreekSeq>8</GreekSeq></word><word seq="7">the<GreekSeq>7</GreekSeq></word><word seq="8">Lord<GreekSeq>9</GreekSeq></word><word seq="9">God<GreekSeq>11</GreekSeq></word><word seq="10">the<GreekSeq>12</GreekSeq></word><word seq="11">Almighty,<GreekSeq>13</GreekSeq></word><word seq="12">and<GreekSeq>17</GreekSeq></word><word seq="13">the<GreekSeq>18</GreekSeq></word><word seq="14">Lamb,<GreekSeq>19</GreekSeq></word><word seq="15">are<GreekSeq>16</GreekSeq></word><word seq="16">the temple<GreekSeq>14</GreekSeq></word><word seq="17">thereof.<GreekSeq>15</GreekSeq></word></ASV></verse>
<verse number="23"><ASV><word seq="1">And<GreekSeq>1</GreekSeq></word><word seq="2">the<GreekSeq>2</GreekSeq></word><word seq="3">city<GreekSeq>3</GreekSeq></word><word seq="4">hath<GreekSeq>6</GreekSeq></word><word seq="5">no<GreekSeq>4</GreekSeq></word><word seq="6">need<GreekSeq>5</GreekSeq></word><word seq="7">of the<GreekSeq>7</GreekSeq></word><word seq="8">sun,<GreekSeq>8</GreekSeq></word><word seq="9">neither<GreekSeq>9</GreekSeq></word><word seq="10">of the<GreekSeq>10</GreekSeq></word><word seq="11">moon,<GreekSeq>11</GreekSeq></word><word seq="12">to shine<GreekSeq>12</GreekSeq><GreekSeq>13</GreekSeq></word><word seq="13">upon it:<GreekSeq>14</GreekSeq></word><word seq="14">for<GreekSeq>16</GreekSeq></word><word seq="15">the<GreekSeq>15</GreekSeq></word><word seq="16">glory<GreekSeq>17</GreekSeq></word><word seq="17">of God<GreekSeq>19</GreekSeq></word><word seq="18">did lighten<GreekSeq>20</GreekSeq></word><word seq="19">it,<GreekSeq>21</GreekSeq></word><word seq="20">and<GreekSeq>22</GreekSeq></word><word seq="21">the<GreekSeq>23</GreekSeq></word><word seq="22">lamp<GreekSeq>24</GreekSeq></word><word seq="23">thereof<GreekSeq>25</GreekSeq></word><word seq="24">is</word><word seq="25">the<GreekSeq>26</GreekSeq></word><word seq="26">Lamb.<GreekSeq>27</GreekSeq></word></ASV></verse>
<verse number="24"><ASV><word seq="1">And<GreekSeq>1</GreekSeq></word><word seq="2">the<GreekSeq>3</GreekSeq></word><word seq="3">nations<GreekSeq>4</GreekSeq></word><word seq="4">shall walk<GreekSeq>2</GreekSeq></word><word seq="5">amidst<GreekSeq>5</GreekSeq></word><word seq="6">the<GreekSeq>6</GreekSeq></word><word seq="7">light<GreekSeq>7</GreekSeq></word><word seq="8">thereof:<GreekSeq>8</GreekSeq></word><word seq="9">and<GreekSeq>9</GreekSeq></word><word seq="10">the<GreekSeq>10</GreekSeq></word><word seq="11">kings<GreekSeq>11</GreekSeq></word><word seq="12">of the<GreekSeq>12</GreekSeq></word><word seq="13">earth<GreekSeq>13</GreekSeq></word><word seq="14">bring<GreekSeq>14</GreekSeq></word><word seq="15">their<GreekSeq>17</GreekSeq></word><word seq="16">glory<GreekSeq>16</GreekSeq></word><word seq="17">into<GreekSeq>18</GreekSeq></word><word seq="18">it.<GreekSeq>19</GreekSeq></word></ASV></verse>
<verse number="25"><ASV><word seq="1">And<GreekSeq>1</GreekSeq></word><word seq="2">the<GreekSeq>2</GreekSeq></word><word seq="3">gates<GreekSeq>3</GreekSeq></word><word seq="4">thereof<GreekSeq>4</GreekSeq></word><word seq="5">shall<GreekSeq>7</GreekSeq></word><word seq="6" note="οὐ μή Strong Code (3364)">in no wise<GreekSeq>5</GreekSeq><GreekSeq>6</GreekSeq></word><word seq="7">be shut<GreekSeq>7</GreekSeq></word><word seq="8">by day<GreekSeq>8</GreekSeq></word><word seq="9">(for<GreekSeq>10</GreekSeq></word><word seq="10">there shall be<GreekSeq>12</GreekSeq></word><word seq="11">no<GreekSeq>11</GreekSeq></word><word seq="12">night<GreekSeq>9</GreekSeq></word><word seq="13">there):<GreekSeq>13</GreekSeq></word></ASV></verse>
<verse number="26"><ASV><word seq="1">and<GreekSeq>1</GreekSeq></word><word seq="2">they shall bring<GreekSeq>2</GreekSeq></word><word seq="3">the<GreekSeq>3</GreekSeq></word><word seq="4">glory<GreekSeq>4</GreekSeq></word><word seq="5">and<GreekSeq>5</GreekSeq></word><word seq="6">the<GreekSeq>6</GreekSeq></word><word seq="7">honor<GreekSeq>7</GreekSeq></word><word seq="8">of the<GreekSeq>8</GreekSeq></word><word seq="9">nations<GreekSeq>9</GreekSeq></word><word seq="10">into<GreekSeq>10</GreekSeq></word><word seq="11">it:<GreekSeq>11</GreekSeq></word></ASV></verse>
<verse number="27"><ASV><word seq="1">and<GreekSeq>1</GreekSeq></word><word seq="2">there shall<GreekSeq>4</GreekSeq></word><word seq="3" note="οὐ μή Strong Code (3364)">in no wise<GreekSeq>2</GreekSeq><GreekSeq>3</GreekSeq></word><word seq="4">enter<GreekSeq>4</GreekSeq></word><word seq="5">into<GreekSeq>5</GreekSeq></word><word seq="6">it<GreekSeq>6</GreekSeq></word><word seq="7">anything<GreekSeq>7</GreekSeq></word><word seq="8">unclean,<GreekSeq>8</GreekSeq></word><word seq="9">or<GreekSeq>9</GreekSeq></word><word seq="10">he<GreekSeq>10</GreekSeq></word><word seq="11">that maketh<GreekSeq>11</GreekSeq></word><word seq="12">an abomination<GreekSeq>12</GreekSeq></word><word seq="13">and<GreekSeq>13</GreekSeq></word><word seq="14">a lie:<GreekSeq>14</GreekSeq></word><word seq="15">but only<GreekSeq>15</GreekSeq><GreekSeq>16</GreekSeq></word><word seq="16">they<GreekSeq>17</GreekSeq></word><word seq="17">that are written<GreekSeq>18</GreekSeq></word><word seq="18">in<GreekSeq>19</GreekSeq></word><word seq="19">the<GreekSeq>20</GreekSeq></word><word seq="20">Lamb’s<GreekSeq>25</GreekSeq></word><word seq="21">book<GreekSeq>21</GreekSeq></word><word seq="22">of life.<GreekSeq>23</GreekSeq></word></ASV></verse>
</chapter></book>