<?xml version="1.0" encoding="UTF-8" standalone="no"?><book><chapter number="13">
<verse number="1"><ASV><word seq="1">Let<GreekSeq>5</GreekSeq></word><word seq="2">every<GreekSeq>1</GreekSeq></word><word seq="3">soul<GreekSeq>2</GreekSeq></word><word seq="4">be in subjection<GreekSeq>5</GreekSeq></word><word seq="5">to the higher<GreekSeq>4</GreekSeq></word><word seq="6">powers:<GreekSeq>3</GreekSeq></word><word seq="7">for<GreekSeq>7</GreekSeq></word><word seq="8">there is<GreekSeq>8</GreekSeq></word><word seq="9">no<GreekSeq>6</GreekSeq></word><word seq="10">power<GreekSeq>9</GreekSeq></word><word seq="11" note="εἰ μή Strong Code (1508)">but<GreekSeq>10</GreekSeq><GreekSeq>11</GreekSeq></word><word seq="12">of<GreekSeq>12</GreekSeq></word><word seq="13">God;<GreekSeq>13</GreekSeq></word><word seq="14">and<GreekSeq>15</GreekSeq></word><word seq="15">the<GreekSeq>14</GreekSeq></word><word seq="16">powers</word><word seq="17">that be<GreekSeq>16</GreekSeq></word><word seq="18">are<GreekSeq>20</GreekSeq></word><word seq="19">ordained<GreekSeq>19</GreekSeq></word><word seq="20">of<GreekSeq>17</GreekSeq></word><word seq="21">God.<GreekSeq>18</GreekSeq></word></ASV></verse>
<verse number="2"><ASV><word seq="1">Therefore<GreekSeq>1</GreekSeq></word><word seq="2">he<GreekSeq>2</GreekSeq></word><word seq="3">that resisteth<GreekSeq>3</GreekSeq></word><word seq="4">the<GreekSeq>4</GreekSeq></word><word seq="5">power,<GreekSeq>5</GreekSeq></word><word seq="6">withstandeth<GreekSeq>10</GreekSeq></word><word seq="7">the<GreekSeq>6</GreekSeq></word><word seq="8">ordinance<GreekSeq>9</GreekSeq></word><word seq="9">of God:<GreekSeq>8</GreekSeq></word><word seq="10">and<GreekSeq>12</GreekSeq></word><word seq="11">they<GreekSeq>11</GreekSeq></word><word seq="12">that withstand<GreekSeq>13</GreekSeq></word><word seq="13">shall receive<GreekSeq>16</GreekSeq></word><word seq="14">to themselves<GreekSeq>14</GreekSeq></word><word seq="15">judgment.<GreekSeq>15</GreekSeq></word></ASV></verse>
<verse number="3"><ASV><word seq="1">For<GreekSeq>2</GreekSeq></word><word seq="2">rulers<GreekSeq>3</GreekSeq></word><word seq="3">are<GreekSeq>5</GreekSeq></word><word seq="4">not<GreekSeq>4</GreekSeq></word><word seq="5">a terror<GreekSeq>6</GreekSeq></word><word seq="6">to the<GreekSeq>7</GreekSeq></word><word seq="7">good<GreekSeq>8</GreekSeq></word><word seq="8">work,<GreekSeq>9</GreekSeq></word><word seq="9">but<GreekSeq>10</GreekSeq></word><word seq="10">to the<GreekSeq>11</GreekSeq></word><word seq="11">evil.<GreekSeq>12</GreekSeq></word><word seq="12">And<GreekSeq>14</GreekSeq></word><word seq="13">wouldest thou<GreekSeq>13</GreekSeq></word><word seq="14">have<GreekSeq>16</GreekSeq></word><word seq="15">no<GreekSeq>15</GreekSeq></word><word seq="16">fear of<GreekSeq>16</GreekSeq></word><word seq="17">the<GreekSeq>17</GreekSeq></word><word seq="18">power?<GreekSeq>18</GreekSeq></word><word seq="19">do<GreekSeq>21</GreekSeq></word><word seq="20">that<GreekSeq>19</GreekSeq></word><word seq="21">which is</word><word seq="22">good,<GreekSeq>20</GreekSeq></word><word seq="23">and<GreekSeq>22</GreekSeq></word><word seq="24">thou shalt have<GreekSeq>23</GreekSeq></word><word seq="25">praise<GreekSeq>24</GreekSeq></word><word seq="26">from<GreekSeq>25</GreekSeq></word><word seq="27">the same:<GreekSeq>26</GreekSeq></word></ASV></verse>
<verse number="4"><ASV><word seq="1">for<GreekSeq>2</GreekSeq></word><word seq="2">he is<GreekSeq>4</GreekSeq></word><word seq="3">a minister<GreekSeq>3</GreekSeq></word><word seq="4">of God<GreekSeq>1</GreekSeq></word><word seq="5">to thee<GreekSeq>5</GreekSeq></word><word seq="6">for<GreekSeq>6</GreekSeq></word><word seq="7">good.<GreekSeq>8</GreekSeq></word><word seq="8">But<GreekSeq>10</GreekSeq></word><word seq="9">if<GreekSeq>9</GreekSeq></word><word seq="10">thou do<GreekSeq>13</GreekSeq></word><word seq="11">that<GreekSeq>11</GreekSeq></word><word seq="12">which is</word><word seq="13">evil,<GreekSeq>12</GreekSeq></word><word seq="14">be afraid;<GreekSeq>14</GreekSeq></word><word seq="15">for<GreekSeq>16</GreekSeq></word><word seq="16">he beareth<GreekSeq>20</GreekSeq></word><word seq="17">not<GreekSeq>15</GreekSeq></word><word seq="18">the<GreekSeq>18</GreekSeq></word><word seq="19">sword<GreekSeq>19</GreekSeq></word><word seq="20">in vain:<GreekSeq>17</GreekSeq></word><word seq="21">for<GreekSeq>22</GreekSeq></word><word seq="22">he is<GreekSeq>24</GreekSeq></word><word seq="23">a minister<GreekSeq>23</GreekSeq></word><word seq="24">of God,<GreekSeq>21</GreekSeq></word><word seq="25">an avenger<GreekSeq>25</GreekSeq></word><word seq="26">for<GreekSeq>26</GreekSeq></word><word seq="27">wrath<GreekSeq>27</GreekSeq></word><word seq="28">to him<GreekSeq>28</GreekSeq></word><word seq="29">that doeth<GreekSeq>31</GreekSeq></word><word seq="30">evil.<GreekSeq>30</GreekSeq></word></ASV></verse>
<verse number="5"><ASV><word seq="1">Wherefore<GreekSeq>1</GreekSeq></word><word seq="2">ye</word><word seq="3">must needs<GreekSeq>2</GreekSeq></word><word seq="4">be in subjection,<GreekSeq>3</GreekSeq></word><word seq="5">not<GreekSeq>4</GreekSeq></word><word seq="6">only<GreekSeq>5</GreekSeq></word><word seq="7">because of<GreekSeq>6</GreekSeq></word><word seq="8">the<GreekSeq>7</GreekSeq></word><word seq="9">wrath,<GreekSeq>8</GreekSeq></word><word seq="10">but<GreekSeq>9</GreekSeq></word><word seq="11">also<GreekSeq>10</GreekSeq></word><word seq="12">for<GreekSeq>11</GreekSeq></word><word seq="13">conscience’<GreekSeq>13</GreekSeq></word><word seq="14">sake.<GreekSeq>11</GreekSeq></word></ASV></verse>
<verse number="6"><ASV><word seq="1">For<GreekSeq>3</GreekSeq></word><word seq="2">for<GreekSeq>1</GreekSeq></word><word seq="3">this<GreekSeq>2</GreekSeq></word><word seq="4">cause</word><word seq="5">ye pay<GreekSeq>6</GreekSeq></word><word seq="6">tribute<GreekSeq>5</GreekSeq></word><word seq="7">also;<GreekSeq>4</GreekSeq></word><word seq="8">for<GreekSeq>8</GreekSeq></word><word seq="9">they are<GreekSeq>10</GreekSeq></word><word seq="10">ministers of<GreekSeq>7</GreekSeq></word><word seq="11">God’s<GreekSeq>9</GreekSeq></word><word seq="12">service,<GreekSeq>7</GreekSeq></word><word seq="13">attending continually<GreekSeq>14</GreekSeq></word><word seq="14">upon<GreekSeq>11</GreekSeq></word><word seq="15">this<GreekSeq>13</GreekSeq></word><word seq="16">very thing.<GreekSeq>12</GreekSeq></word></ASV></verse>
<verse number="7"><ASV><word seq="1">Render<GreekSeq>1</GreekSeq></word><word seq="2">to all<GreekSeq>2</GreekSeq></word><word seq="3">their</word><word seq="4">dues:<GreekSeq>4</GreekSeq></word><word seq="5">tribute<GreekSeq>7</GreekSeq></word><word seq="6">to whom<GreekSeq>5</GreekSeq></word><word seq="7">tribute<GreekSeq>9</GreekSeq></word><word seq="8">is due;</word><word seq="9">custom<GreekSeq>12</GreekSeq></word><word seq="10">to whom<GreekSeq>10</GreekSeq></word><word seq="11">custom;<GreekSeq>14</GreekSeq></word><word seq="12">fear<GreekSeq>17</GreekSeq></word><word seq="13">to whom<GreekSeq>15</GreekSeq></word><word seq="14">fear;<GreekSeq>19</GreekSeq></word><word seq="15">honor<GreekSeq>22</GreekSeq></word><word seq="16">to whom<GreekSeq>20</GreekSeq></word><word seq="17">honor.<GreekSeq>24</GreekSeq></word></ASV></verse>
<verse number="8"><ASV><word seq="1">Owe<GreekSeq>3</GreekSeq></word><word seq="2">no man<GreekSeq>1</GreekSeq></word><word seq="3">anything,<GreekSeq>2</GreekSeq></word><word seq="4" note="εἰ μή Strong Code (1508)">save<GreekSeq>4</GreekSeq><GreekSeq>5</GreekSeq></word><word seq="5">to love<GreekSeq>8</GreekSeq></word><word seq="6">one another:<GreekSeq>7</GreekSeq></word><word seq="7">for<GreekSeq>10</GreekSeq></word><word seq="8">he<GreekSeq>9</GreekSeq></word><word seq="9">that loveth<GreekSeq>11</GreekSeq></word><word seq="10">[his neighbor]<GreekSeq>12</GreekSeq><GreekSeq>13</GreekSeq></word><word seq="11">hath fulfilled<GreekSeq>15</GreekSeq></word><word seq="12">the law.<GreekSeq>14</GreekSeq></word></ASV></verse>
<verse number="9"><ASV><word seq="1">For<GreekSeq>2</GreekSeq></word><word seq="2">this,<GreekSeq>1</GreekSeq></word><word seq="3">Thou shalt<GreekSeq>4</GreekSeq></word><word seq="4">not<GreekSeq>3</GreekSeq></word><word seq="5">commit adultery,<GreekSeq>4</GreekSeq></word><word seq="6">Thou shalt<GreekSeq>6</GreekSeq></word><word seq="7">not<GreekSeq>5</GreekSeq></word><word seq="8">kill,<GreekSeq>6</GreekSeq></word><word seq="9">Thou shalt<GreekSeq>8</GreekSeq></word><word seq="10">not<GreekSeq>7</GreekSeq></word><word seq="11">steal,<GreekSeq>8</GreekSeq></word><word seq="12">Thou shalt<GreekSeq>10</GreekSeq></word><word seq="13">not<GreekSeq>9</GreekSeq></word><word seq="14">covet,<GreekSeq>10</GreekSeq></word><word seq="15">and<GreekSeq>11</GreekSeq></word><word seq="16">if<GreekSeq>12</GreekSeq></word><word seq="17">there be</word><word seq="18">any<GreekSeq>13</GreekSeq></word><word seq="19">other<GreekSeq>14</GreekSeq></word><word seq="20">commandment,<GreekSeq>15</GreekSeq></word><word seq="21">it is summed up<GreekSeq>20</GreekSeq></word><word seq="22">in<GreekSeq>16</GreekSeq></word><word seq="23">this<GreekSeq>19</GreekSeq></word><word seq="24">word,<GreekSeq>18</GreekSeq></word><word seq="25">namely,<GreekSeq>21</GreekSeq><GreekSeq>22</GreekSeq></word><word seq="26">Thou shalt love<GreekSeq>23</GreekSeq></word><word seq="27">thy<GreekSeq>26</GreekSeq></word><word seq="28">neighbor<GreekSeq>25</GreekSeq></word><word seq="29">as<GreekSeq>27</GreekSeq></word><word seq="30">thyself.<GreekSeq>28</GreekSeq></word></ASV></verse>
<verse number="10"><ASV><word seq="1">Love<GreekSeq>2</GreekSeq></word><word seq="2">worketh<GreekSeq>7</GreekSeq></word><word seq="3">no<GreekSeq>6</GreekSeq></word><word seq="4">ill<GreekSeq>5</GreekSeq></word><word seq="5">to [his] neighbor:<GreekSeq>4</GreekSeq></word><word seq="6">love<GreekSeq>12</GreekSeq></word><word seq="7">therefore<GreekSeq>9</GreekSeq></word><word seq="8">is</word><word seq="9">the fulfilment<GreekSeq>8</GreekSeq></word><word seq="10">of the<GreekSeq>9</GreekSeq></word><word seq="11">law.<GreekSeq>10</GreekSeq></word></ASV></verse>
<verse number="11"><ASV><word seq="1">And<GreekSeq>1</GreekSeq></word><word seq="2">this,<GreekSeq>2</GreekSeq></word><word seq="3">knowing<GreekSeq>3</GreekSeq></word><word seq="4">the<GreekSeq>4</GreekSeq></word><word seq="5">season,<GreekSeq>5</GreekSeq></word><word seq="6">that<GreekSeq>6</GreekSeq></word><word seq="7">already<GreekSeq>8</GreekSeq></word><word seq="8">it is</word><word seq="9">time<GreekSeq>7</GreekSeq></word><word seq="10">for you<GreekSeq>9</GreekSeq></word><word seq="11">to awake<GreekSeq>12</GreekSeq></word><word seq="12">out of<GreekSeq>10</GreekSeq></word><word seq="13">sleep:<GreekSeq>11</GreekSeq></word><word seq="14">for<GreekSeq>14</GreekSeq></word><word seq="15">now<GreekSeq>13</GreekSeq></word><word seq="16">is</word><word seq="17">salvation<GreekSeq>18</GreekSeq></word><word seq="18">nearer<GreekSeq>15</GreekSeq></word><word seq="19">to us<GreekSeq>16</GreekSeq></word><word seq="20">than<GreekSeq>19</GreekSeq></word><word seq="21">when<GreekSeq>20</GreekSeq></word><word seq="22">we [first] believed.<GreekSeq>21</GreekSeq></word></ASV></verse>
<verse number="12"><ASV><word seq="1">The<GreekSeq>1</GreekSeq></word><word seq="2">night<GreekSeq>2</GreekSeq></word><word seq="3">is far spent,<GreekSeq>3</GreekSeq></word><word seq="4">and<GreekSeq>5</GreekSeq></word><word seq="5">the<GreekSeq>4</GreekSeq></word><word seq="6">day<GreekSeq>6</GreekSeq></word><word seq="7">is at hand:<GreekSeq>7</GreekSeq></word><word seq="8">let us<GreekSeq>8</GreekSeq></word><word seq="9">therefore<GreekSeq>9</GreekSeq></word><word seq="10">cast off<GreekSeq>8</GreekSeq></word><word seq="11">the<GreekSeq>10</GreekSeq></word><word seq="12">works<GreekSeq>11</GreekSeq></word><word seq="13">of darkness,<GreekSeq>13</GreekSeq></word><word seq="14">and<GreekSeq>15</GreekSeq></word><word seq="15">let us put on<GreekSeq>14</GreekSeq></word><word seq="16">the<GreekSeq>16</GreekSeq></word><word seq="17">armor<GreekSeq>17</GreekSeq></word><word seq="18">of light.<GreekSeq>19</GreekSeq></word></ASV></verse>
<verse number="13"><ASV><word seq="1">Let us walk<GreekSeq>5</GreekSeq></word><word seq="2">becomingly,<GreekSeq>4</GreekSeq></word><word seq="3">as<GreekSeq>1</GreekSeq></word><word seq="4">in<GreekSeq>2</GreekSeq></word><word seq="5">the day;<GreekSeq>3</GreekSeq></word><word seq="6">not<GreekSeq>6</GreekSeq></word><word seq="7">in revelling<GreekSeq>7</GreekSeq></word><word seq="8">and<GreekSeq>8</GreekSeq></word><word seq="9">drunkenness,<GreekSeq>9</GreekSeq></word><word seq="10">not<GreekSeq>10</GreekSeq></word><word seq="11">in chambering<GreekSeq>11</GreekSeq></word><word seq="12">and<GreekSeq>12</GreekSeq></word><word seq="13">wantonness,<GreekSeq>13</GreekSeq></word><word seq="14">not<GreekSeq>14</GreekSeq></word><word seq="15">in strife<GreekSeq>15</GreekSeq></word><word seq="16">and<GreekSeq>16</GreekSeq></word><word seq="17">jealousy.<GreekSeq>17</GreekSeq></word></ASV></verse>
<verse number="14"><ASV><word seq="1">But<GreekSeq>1</GreekSeq></word><word seq="2">put ye on<GreekSeq>2</GreekSeq></word><word seq="3">the<GreekSeq>3</GreekSeq></word><word seq="4">Lord<GreekSeq>4</GreekSeq></word><word seq="5">Jesus<GreekSeq>5</GreekSeq></word><word seq="6">Christ,<GreekSeq>6</GreekSeq></word><word seq="7">and<GreekSeq>7</GreekSeq></word><word seq="8">make<GreekSeq>12</GreekSeq></word><word seq="9">not<GreekSeq>11</GreekSeq></word><word seq="10">provision<GreekSeq>10</GreekSeq></word><word seq="11">for the<GreekSeq>8</GreekSeq></word><word seq="12">flesh,<GreekSeq>9</GreekSeq></word><word seq="13">to [fulfil]<GreekSeq>13</GreekSeq></word><word seq="14">the lusts<GreekSeq>14</GreekSeq></word><word seq="15">thereof.</word></ASV></verse>
</chapter></book>