<?xml version="1.0" encoding="UTF-8" standalone="no"?><book><chapter number="10">
<verse number="1"><ASV><word seq="1">Brethren,<GreekSeq>1</GreekSeq></word><word seq="2">my<GreekSeq>6</GreekSeq></word><word seq="3">heart’s<GreekSeq>7</GreekSeq></word><word seq="4">desire<GreekSeq>4</GreekSeq></word><word seq="5">and<GreekSeq>8</GreekSeq></word><word seq="6">my</word><word seq="7">supplication<GreekSeq>10</GreekSeq></word><word seq="8">to<GreekSeq>11</GreekSeq></word><word seq="9">God<GreekSeq>13</GreekSeq></word><word seq="10">is</word><word seq="11">for<GreekSeq>14</GreekSeq></word><word seq="12">them,<GreekSeq>15</GreekSeq></word><word seq="13">that they may be saved.<GreekSeq>16</GreekSeq><GreekSeq>17</GreekSeq></word></ASV></verse>
<verse number="2"><ASV><word seq="1">For<GreekSeq>2</GreekSeq></word><word seq="2">I bear<GreekSeq>1</GreekSeq></word><word seq="3">them<GreekSeq>3</GreekSeq></word><word seq="4">witness<GreekSeq>1</GreekSeq></word><word seq="5">that<GreekSeq>4</GreekSeq></word><word seq="6">they have<GreekSeq>7</GreekSeq></word><word seq="7">a zeal<GreekSeq>5</GreekSeq></word><word seq="8">for God,<GreekSeq>6</GreekSeq></word><word seq="9">but<GreekSeq>8</GreekSeq></word><word seq="10">not<GreekSeq>9</GreekSeq></word><word seq="11">according to<GreekSeq>10</GreekSeq></word><word seq="12">knowledge.<GreekSeq>11</GreekSeq></word></ASV></verse>
<verse number="3"><ASV><word seq="1">For<GreekSeq>2</GreekSeq></word><word seq="2">being ignorant of<GreekSeq>1</GreekSeq></word><word seq="3">God’s<GreekSeq>5</GreekSeq></word><word seq="4">righteousness,<GreekSeq>6</GreekSeq></word><word seq="5">and<GreekSeq>7</GreekSeq></word><word seq="6">seeking<GreekSeq>11</GreekSeq></word><word seq="7">to establish<GreekSeq>12</GreekSeq></word><word seq="8">their own,<GreekSeq>9</GreekSeq></word><word seq="9">they did<GreekSeq>18</GreekSeq></word><word seq="10">not<GreekSeq>17</GreekSeq></word><word seq="11">subject themselves<GreekSeq>18</GreekSeq></word><word seq="12">to the<GreekSeq>13</GreekSeq></word><word seq="13">righteousness<GreekSeq>14</GreekSeq></word><word seq="14">of God.<GreekSeq>16</GreekSeq></word></ASV></verse>
<verse number="4"><ASV><word seq="1">For<GreekSeq>2</GreekSeq></word><word seq="2">Christ<GreekSeq>4</GreekSeq></word><word seq="3">is</word><word seq="4">the end<GreekSeq>1</GreekSeq></word><word seq="5">of the law<GreekSeq>3</GreekSeq></word><word seq="6">unto<GreekSeq>5</GreekSeq></word><word seq="7">righteousness<GreekSeq>6</GreekSeq></word><word seq="8">to every<GreekSeq>7</GreekSeq></word><word seq="9">one<GreekSeq>8</GreekSeq></word><word seq="10">that believeth.<GreekSeq>9</GreekSeq></word></ASV></verse>
<verse number="5"><ASV><word seq="1">For<GreekSeq>2</GreekSeq></word><word seq="2">Moses<GreekSeq>1</GreekSeq></word><word seq="3">writeth<GreekSeq>3</GreekSeq></word><word seq="4">that<GreekSeq>10</GreekSeq></word><word seq="5">the<GreekSeq>11</GreekSeq></word><word seq="6">man<GreekSeq>14</GreekSeq></word><word seq="7">that doeth<GreekSeq>12</GreekSeq></word><word seq="8">the<GreekSeq>4</GreekSeq></word><word seq="9">righteousness<GreekSeq>5</GreekSeq></word><word seq="10">which<GreekSeq>6</GreekSeq></word><word seq="11">is</word><word seq="12">of<GreekSeq>7</GreekSeq></word><word seq="13">the<GreekSeq>8</GreekSeq></word><word seq="14">law<GreekSeq>9</GreekSeq></word><word seq="15">shall live<GreekSeq>15</GreekSeq></word><word seq="16">thereby.<GreekSeq>16</GreekSeq><GreekSeq>17</GreekSeq></word></ASV></verse>
<verse number="6"><ASV><word seq="1">But<GreekSeq>2</GreekSeq></word><word seq="2">the<GreekSeq>1</GreekSeq></word><word seq="3">righteousness<GreekSeq>5</GreekSeq></word><word seq="4">which is</word><word seq="5">of<GreekSeq>3</GreekSeq></word><word seq="6">faith<GreekSeq>4</GreekSeq></word><word seq="7">saith<GreekSeq>7</GreekSeq></word><word seq="8">thus,<GreekSeq>6</GreekSeq></word><word seq="9">Say<GreekSeq>9</GreekSeq></word><word seq="10">not<GreekSeq>8</GreekSeq></word><word seq="11">in<GreekSeq>10</GreekSeq></word><word seq="12">thy<GreekSeq>13</GreekSeq></word><word seq="13">heart,<GreekSeq>12</GreekSeq></word><word seq="14">Who<GreekSeq>14</GreekSeq></word><word seq="15">shall ascend<GreekSeq>15</GreekSeq></word><word seq="16">into<GreekSeq>16</GreekSeq></word><word seq="17">heaven?<GreekSeq>18</GreekSeq></word><word seq="18">(that<GreekSeq>19</GreekSeq></word><word seq="19">is,<GreekSeq>20</GreekSeq></word><word seq="20">to bring<GreekSeq>22</GreekSeq></word><word seq="21">Christ<GreekSeq>21</GreekSeq></word><word seq="22">down:)<GreekSeq>22</GreekSeq></word></ASV></verse>
<verse number="7"><ASV><word seq="1">or,<GreekSeq>1</GreekSeq></word><word seq="2">Who<GreekSeq>2</GreekSeq></word><word seq="3">shall descend<GreekSeq>3</GreekSeq></word><word seq="4">into<GreekSeq>4</GreekSeq></word><word seq="5">the<GreekSeq>5</GreekSeq></word><word seq="6">abyss?<GreekSeq>6</GreekSeq></word><word seq="7">(that<GreekSeq>7</GreekSeq></word><word seq="8">is,<GreekSeq>8</GreekSeq></word><word seq="9">to bring<GreekSeq>12</GreekSeq></word><word seq="10">Christ<GreekSeq>9</GreekSeq></word><word seq="11">up<GreekSeq>12</GreekSeq></word><word seq="12">from<GreekSeq>10</GreekSeq></word><word seq="13">the dead.)<GreekSeq>11</GreekSeq></word></ASV></verse>
<verse number="8"><ASV><word seq="1">But<GreekSeq>1</GreekSeq></word><word seq="2">what<GreekSeq>2</GreekSeq></word><word seq="3">saith it?<GreekSeq>3</GreekSeq></word><word seq="4">The<GreekSeq>6</GreekSeq></word><word seq="5">word<GreekSeq>7</GreekSeq></word><word seq="6">is<GreekSeq>8</GreekSeq></word><word seq="7">nigh<GreekSeq>4</GreekSeq></word><word seq="8">thee,<GreekSeq>5</GreekSeq></word><word seq="9">in<GreekSeq>9</GreekSeq></word><word seq="10">thy<GreekSeq>12</GreekSeq></word><word seq="11">mouth,<GreekSeq>11</GreekSeq></word><word seq="12">and<GreekSeq>13</GreekSeq></word><word seq="13">in<GreekSeq>14</GreekSeq></word><word seq="14">thy<GreekSeq>17</GreekSeq></word><word seq="15">heart:<GreekSeq>16</GreekSeq></word><word seq="16">that<GreekSeq>18</GreekSeq></word><word seq="17">is,<GreekSeq>19</GreekSeq></word><word seq="18">the<GreekSeq>20</GreekSeq></word><word seq="19">word<GreekSeq>21</GreekSeq></word><word seq="20">of faith,<GreekSeq>23</GreekSeq></word><word seq="21">which<GreekSeq>24</GreekSeq></word><word seq="22">we preach:<GreekSeq>25</GreekSeq></word></ASV></verse>
<verse number="9"><ASV><word seq="1">because<GreekSeq>1</GreekSeq></word><word seq="2">if<GreekSeq>2</GreekSeq></word><word seq="3">thou shalt confess<GreekSeq>3</GreekSeq></word><word seq="4">with<GreekSeq>4</GreekSeq></word><word seq="5">thy<GreekSeq>7</GreekSeq></word><word seq="6">mouth<GreekSeq>6</GreekSeq></word><word seq="7">Jesus<GreekSeq>9</GreekSeq></word><word seq="8">as</word><word seq="9">Lord,<GreekSeq>8</GreekSeq></word><word seq="10">and<GreekSeq>10</GreekSeq></word><word seq="11">shalt believe<GreekSeq>11</GreekSeq></word><word seq="12">in<GreekSeq>12</GreekSeq></word><word seq="13">thy<GreekSeq>15</GreekSeq></word><word seq="14">heart<GreekSeq>14</GreekSeq></word><word seq="15">that<GreekSeq>16</GreekSeq></word><word seq="16">God<GreekSeq>18</GreekSeq></word><word seq="17">raised<GreekSeq>20</GreekSeq></word><word seq="18">him<GreekSeq>19</GreekSeq></word><word seq="19">from<GreekSeq>21</GreekSeq></word><word seq="20">the dead,<GreekSeq>22</GreekSeq></word><word seq="21">thou shalt be saved:<GreekSeq>23</GreekSeq></word></ASV></verse>
<verse number="10"><ASV><word seq="1">for<GreekSeq>2</GreekSeq></word><word seq="2">with the heart<GreekSeq>1</GreekSeq></word><word seq="3">man believeth<GreekSeq>3</GreekSeq></word><word seq="4">unto<GreekSeq>4</GreekSeq></word><word seq="5">righteousness;<GreekSeq>5</GreekSeq></word><word seq="6">and<GreekSeq>7</GreekSeq></word><word seq="7">with the mouth<GreekSeq>6</GreekSeq></word><word seq="8">confession [is made]<GreekSeq>8</GreekSeq></word><word seq="9">unto<GreekSeq>9</GreekSeq></word><word seq="10">salvation.<GreekSeq>10</GreekSeq></word></ASV></verse>
<verse number="11"><ASV><word seq="1">For<GreekSeq>2</GreekSeq></word><word seq="2">the<GreekSeq>3</GreekSeq></word><word seq="3">scripture<GreekSeq>4</GreekSeq></word><word seq="4">saith,<GreekSeq>1</GreekSeq></word><word seq="5">Whosoever<GreekSeq>5</GreekSeq><GreekSeq>6</GreekSeq></word><word seq="6">believeth<GreekSeq>7</GreekSeq></word><word seq="7">on<GreekSeq>8</GreekSeq></word><word seq="8">him<GreekSeq>9</GreekSeq></word><word seq="9">shall<GreekSeq>11</GreekSeq></word><word seq="10">not<GreekSeq>10</GreekSeq></word><word seq="11">be put to shame.<GreekSeq>11</GreekSeq></word></ASV></verse>
<verse number="12"><ASV><word seq="1">For<GreekSeq>2</GreekSeq></word><word seq="2">there is<GreekSeq>3</GreekSeq></word><word seq="3">no<GreekSeq>1</GreekSeq></word><word seq="4">distinction<GreekSeq>4</GreekSeq></word><word seq="5">between<GreekSeq>6</GreekSeq></word><word seq="6">Jew<GreekSeq>5</GreekSeq></word><word seq="7">and<GreekSeq>7</GreekSeq></word><word seq="8">Greek:<GreekSeq>8</GreekSeq></word><word seq="9">for<GreekSeq>10</GreekSeq></word><word seq="10">the<GreekSeq>9</GreekSeq></word><word seq="11">same<GreekSeq>11</GreekSeq></word><word seq="12">Lord is</word><word seq="13">Lord<GreekSeq>12</GreekSeq></word><word seq="14">of all,<GreekSeq>13</GreekSeq></word><word seq="15">and</word><word seq="16">is rich<GreekSeq>14</GreekSeq></word><word seq="17">unto<GreekSeq>15</GreekSeq></word><word seq="18">all<GreekSeq>16</GreekSeq></word><word seq="19">that call upon<GreekSeq>18</GreekSeq></word><word seq="20">him:<GreekSeq>19</GreekSeq></word></ASV></verse>
<verse number="13"><ASV><word seq="1">for,<GreekSeq>2</GreekSeq></word><word seq="2">Whosoever<GreekSeq>3</GreekSeq><GreekSeq>4</GreekSeq></word><word seq="3">shall call upon<GreekSeq>5</GreekSeq></word><word seq="4">the<GreekSeq>6</GreekSeq></word><word seq="5">name<GreekSeq>7</GreekSeq></word><word seq="6">of the Lord<GreekSeq>8</GreekSeq></word><word seq="7">shall be saved.<GreekSeq>9</GreekSeq></word></ASV></verse>
<verse number="14"><ASV><word seq="1">How<GreekSeq>1</GreekSeq></word><word seq="2">then<GreekSeq>2</GreekSeq></word><word seq="3">shall they call on<GreekSeq>3</GreekSeq></word><word seq="4">him</word><word seq="5">in<GreekSeq>4</GreekSeq></word><word seq="6">whom<GreekSeq>5</GreekSeq></word><word seq="7">they have<GreekSeq>7</GreekSeq></word><word seq="8">not<GreekSeq>6</GreekSeq></word><word seq="9">believed?<GreekSeq>7</GreekSeq></word><word seq="10">and<GreekSeq>9</GreekSeq></word><word seq="11">how<GreekSeq>8</GreekSeq></word><word seq="12">shall they believe<GreekSeq>10</GreekSeq></word><word seq="13">in him</word><word seq="14">whom<GreekSeq>11</GreekSeq></word><word seq="15">they have<GreekSeq>13</GreekSeq></word><word seq="16">not<GreekSeq>12</GreekSeq></word><word seq="17">heard?<GreekSeq>13</GreekSeq></word><word seq="18">and<GreekSeq>15</GreekSeq></word><word seq="19">how<GreekSeq>14</GreekSeq></word><word seq="20">shall they hear<GreekSeq>16</GreekSeq></word><word seq="21">without<GreekSeq>17</GreekSeq></word><word seq="22">a preacher?<GreekSeq>18</GreekSeq></word></ASV></verse>
<verse number="15"><ASV><word seq="1">and<GreekSeq>2</GreekSeq></word><word seq="2">how<GreekSeq>1</GreekSeq></word><word seq="3">shall they preach,<GreekSeq>3</GreekSeq></word><word seq="4" note="ἐὰν μή Strong Code (3362)">except<GreekSeq>4</GreekSeq><GreekSeq>5</GreekSeq></word><word seq="5">they be sent?<GreekSeq>6</GreekSeq></word><word seq="6">even as<GreekSeq>7</GreekSeq></word><word seq="7">it is written,<GreekSeq>8</GreekSeq></word><word seq="8">How<GreekSeq>9</GreekSeq></word><word seq="9">beautiful<GreekSeq>10</GreekSeq></word><word seq="10">are</word><word seq="11">the<GreekSeq>11</GreekSeq></word><word seq="12">feet<GreekSeq>12</GreekSeq></word><word seq="13">of them<GreekSeq>13</GreekSeq></word><word seq="14">that bring glad tidings<GreekSeq>14</GreekSeq></word><word seq="15">of good things!<GreekSeq>15</GreekSeq><GreekSeq>16</GreekSeq></word></ASV></verse>
<verse number="16"><ASV><word seq="1">But<GreekSeq>1</GreekSeq></word><word seq="2">they did<GreekSeq>4</GreekSeq></word><word seq="3">not<GreekSeq>2</GreekSeq></word><word seq="4">all<GreekSeq>3</GreekSeq></word><word seq="5">hearken<GreekSeq>4</GreekSeq></word><word seq="6">to the<GreekSeq>5</GreekSeq></word><word seq="7">glad tidings.<GreekSeq>6</GreekSeq></word><word seq="8">For<GreekSeq>8</GreekSeq></word><word seq="9">Isaiah<GreekSeq>7</GreekSeq></word><word seq="10">saith,<GreekSeq>9</GreekSeq></word><word seq="11">Lord,<GreekSeq>10</GreekSeq></word><word seq="12">who<GreekSeq>11</GreekSeq></word><word seq="13">hath believed<GreekSeq>12</GreekSeq></word><word seq="14">our<GreekSeq>15</GreekSeq></word><word seq="15">report?<GreekSeq>14</GreekSeq></word></ASV></verse>
<verse number="17"><ASV><word seq="1">So<GreekSeq>1</GreekSeq></word><word seq="2">belief <GreekSeq>3</GreekSeq></word><word seq="3">[cometh] of<GreekSeq>4</GreekSeq></word><word seq="4">hearing,<GreekSeq>5</GreekSeq></word><word seq="5">and<GreekSeq>7</GreekSeq></word><word seq="6">hearing<GreekSeq>8</GreekSeq></word><word seq="7">by<GreekSeq>9</GreekSeq></word><word seq="8">the word<GreekSeq>10</GreekSeq></word><word seq="9">of Christ.<GreekSeq>11</GreekSeq></word></ASV></verse>
<verse number="18"><ASV><word seq="1">But<GreekSeq>1</GreekSeq></word><word seq="2">I say,<GreekSeq>2</GreekSeq></word><word seq="3">Did</word><word seq="4">they<GreekSeq>5</GreekSeq></word><word seq="5" note="οὐ μή Strong Code (3364) ">not<GreekSeq>3</GreekSeq><GreekSeq>4</GreekSeq></word><word seq="6">hear?<GreekSeq>5</GreekSeq></word><word seq="7">Yea, verily,<GreekSeq>6</GreekSeq></word><word seq="8">Their<GreekSeq>14</GreekSeq></word><word seq="9">sound<GreekSeq>13</GreekSeq></word><word seq="10">went out<GreekSeq>11</GreekSeq></word><word seq="11">into<GreekSeq>7</GreekSeq></word><word seq="12">all<GreekSeq>8</GreekSeq></word><word seq="13">the<GreekSeq>9</GreekSeq></word><word seq="14">earth,<GreekSeq>10</GreekSeq></word><word seq="15">And<GreekSeq>15</GreekSeq></word><word seq="16">their<GreekSeq>23</GreekSeq></word><word seq="17">words<GreekSeq>22</GreekSeq></word><word seq="18">unto<GreekSeq>16</GreekSeq></word><word seq="19">the<GreekSeq>17</GreekSeq></word><word seq="20">ends<GreekSeq>18</GreekSeq></word><word seq="21">of the<GreekSeq>19</GreekSeq></word><word seq="22">world.<GreekSeq>20</GreekSeq></word></ASV></verse>
<verse number="19"><ASV><word seq="1">But<GreekSeq>1</GreekSeq></word><word seq="2">I say,<GreekSeq>2</GreekSeq></word><word seq="3">Did</word><word seq="4">Israel<GreekSeq>4</GreekSeq></word><word seq="5" note="οὐ μή Strong Code (3364) ">not<GreekSeq>3</GreekSeq><GreekSeq>5</GreekSeq></word><word seq="6">know?<GreekSeq>6</GreekSeq></word><word seq="7">First<GreekSeq>7</GreekSeq></word><word seq="8">Moses<GreekSeq>8</GreekSeq></word><word seq="9">saith,<GreekSeq>9</GreekSeq></word><word seq="10">I<GreekSeq>10</GreekSeq></word><word seq="11">will provoke<GreekSeq>11</GreekSeq></word><word seq="12">you<GreekSeq>12</GreekSeq></word><word seq="13">to jealousy<GreekSeq>11</GreekSeq></word><word seq="14">with<GreekSeq>13</GreekSeq></word><word seq="15">that which is</word><word seq="16">no<GreekSeq>14</GreekSeq></word><word seq="17">nation,<GreekSeq>15</GreekSeq></word><word seq="18">With<GreekSeq>16</GreekSeq></word><word seq="19">a nation<GreekSeq>17</GreekSeq></word><word seq="20">void of understanding<GreekSeq>18</GreekSeq></word><word seq="21">will I anger<GreekSeq>19</GreekSeq></word><word seq="22">you.<GreekSeq>20</GreekSeq></word></ASV></verse>
<verse number="20"><ASV><word seq="1">And<GreekSeq>2</GreekSeq></word><word seq="2">Isaiah<GreekSeq>1</GreekSeq></word><word seq="3">is very bold,<GreekSeq>3</GreekSeq></word><word seq="4">and<GreekSeq>4</GreekSeq></word><word seq="5">saith,<GreekSeq>5</GreekSeq></word><word seq="6">I was found<GreekSeq>6</GreekSeq></word><word seq="7">of<GreekSeq>7</GreekSeq></word><word seq="8">them<GreekSeq>8</GreekSeq></word><word seq="9">that sought<GreekSeq>11</GreekSeq></word><word seq="10">me<GreekSeq>9</GreekSeq></word><word seq="11">not;<GreekSeq>10</GreekSeq></word><word seq="12">I became<GreekSeq>13</GreekSeq></word><word seq="13">manifest<GreekSeq>12</GreekSeq></word><word seq="14">unto them<GreekSeq>14</GreekSeq></word><word seq="15">that asked<GreekSeq>17</GreekSeq></word><word seq="16">not<GreekSeq>16</GreekSeq></word><word seq="17">of<GreekSeq>17</GreekSeq></word><word seq="18">me.<GreekSeq>15</GreekSeq></word></ASV></verse>
<verse number="21"><ASV><word seq="1">But<GreekSeq>2</GreekSeq></word><word seq="2">as</word><word seq="3">to<GreekSeq>1</GreekSeq></word><word seq="4">Israel<GreekSeq>4</GreekSeq></word><word seq="5">he saith,<GreekSeq>5</GreekSeq></word><word seq="6">All<GreekSeq>6</GreekSeq></word><word seq="7">the<GreekSeq>7</GreekSeq></word><word seq="8">day<GreekSeq>8</GreekSeq></word><word seq="9">long</word><word seq="10">did I spread out<GreekSeq>9</GreekSeq></word><word seq="11">my<GreekSeq>12</GreekSeq></word><word seq="12">hands<GreekSeq>11</GreekSeq></word><word seq="13">unto<GreekSeq>13</GreekSeq></word><word seq="14">a disobedient<GreekSeq>15</GreekSeq></word><word seq="15">and<GreekSeq>16</GreekSeq></word><word seq="16">gainsaying<GreekSeq>17</GreekSeq></word><word seq="17">people.<GreekSeq>14</GreekSeq></word></ASV></verse>
</chapter></book>