<?xml version="1.0" encoding="UTF-8" standalone="no"?><book><chapter number="6">
<verse number="1"><ASV><word seq="1">What<GreekSeq>1</GreekSeq></word><word seq="2">shall we say<GreekSeq>3</GreekSeq></word><word seq="3">then?<GreekSeq>2</GreekSeq></word><word seq="4">Shall we continue in<GreekSeq>4</GreekSeq></word><word seq="5">sin,<GreekSeq>6</GreekSeq></word><word seq="6">that<GreekSeq>7</GreekSeq></word><word seq="7">grace<GreekSeq>9</GreekSeq></word><word seq="8">may abound?<GreekSeq>10</GreekSeq></word></ASV></verse>
<verse number="2"><ASV><word seq="1">God forbid.<GreekSeq>1</GreekSeq><GreekSeq>2</GreekSeq></word><word seq="2">We<GreekSeq>4</GreekSeq></word><word seq="3">who<GreekSeq>3</GreekSeq></word><word seq="4">died<GreekSeq>4</GreekSeq></word><word seq="5">to sin,<GreekSeq>6</GreekSeq></word><word seq="6">how<GreekSeq>7</GreekSeq></word><word seq="7">shall we<GreekSeq>9</GreekSeq></word><word seq="8">any longer<GreekSeq>8</GreekSeq></word><word seq="9">live<GreekSeq>9</GreekSeq></word><word seq="10">therein?<GreekSeq>10</GreekSeq><GreekSeq>11</GreekSeq></word></ASV></verse>
<verse number="3"><ASV><word seq="1">Or<GreekSeq>1</GreekSeq></word><word seq="2">are ye ignorant<GreekSeq>2</GreekSeq></word><word seq="3">that<GreekSeq>3</GreekSeq></word><word seq="4">all<GreekSeq>4</GreekSeq></word><word seq="5">we<GreekSeq>5</GreekSeq></word><word seq="6">who<GreekSeq>4</GreekSeq></word><word seq="7">were baptized<GreekSeq>5</GreekSeq></word><word seq="8">into<GreekSeq>6</GreekSeq></word><word seq="9">Christ<GreekSeq>7</GreekSeq></word><word seq="10">Jesus<GreekSeq>8</GreekSeq></word><word seq="11">were baptized<GreekSeq>13</GreekSeq></word><word seq="12">into<GreekSeq>9</GreekSeq></word><word seq="13">his<GreekSeq>12</GreekSeq></word><word seq="14">death?<GreekSeq>11</GreekSeq></word></ASV></verse>
<verse number="4"><ASV><word seq="1">We were buried<GreekSeq>1</GreekSeq></word><word seq="2">therefore<GreekSeq>2</GreekSeq></word><word seq="3">with<GreekSeq>1</GreekSeq></word><word seq="4">him<GreekSeq>3</GreekSeq></word><word seq="5">through<GreekSeq>4</GreekSeq></word><word seq="6">baptism<GreekSeq>6</GreekSeq></word><word seq="7">into<GreekSeq>7</GreekSeq></word><word seq="8">death:<GreekSeq>9</GreekSeq></word><word seq="9">that<GreekSeq>10</GreekSeq></word><word seq="10">like as<GreekSeq>11</GreekSeq></word><word seq="11">Christ<GreekSeq>13</GreekSeq></word><word seq="12">was raised<GreekSeq>12</GreekSeq></word><word seq="13">from<GreekSeq>14</GreekSeq></word><word seq="14">the dead<GreekSeq>15</GreekSeq></word><word seq="15">through<GreekSeq>16</GreekSeq></word><word seq="16">the<GreekSeq>17</GreekSeq></word><word seq="17">glory<GreekSeq>18</GreekSeq></word><word seq="18">of the<GreekSeq>19</GreekSeq></word><word seq="19">Father,<GreekSeq>20</GreekSeq></word><word seq="20">so<GreekSeq>21</GreekSeq></word><word seq="21">we<GreekSeq>23</GreekSeq></word><word seq="22">also<GreekSeq>22</GreekSeq></word><word seq="23">might walk<GreekSeq>27</GreekSeq></word><word seq="24">in<GreekSeq>24</GreekSeq></word><word seq="25">newness<GreekSeq>25</GreekSeq></word><word seq="26">of life.<GreekSeq>26</GreekSeq></word></ASV></verse>
<verse number="5"><ASV><word seq="1">For<GreekSeq>2</GreekSeq></word><word seq="2">if<GreekSeq>1</GreekSeq></word><word seq="3">we have become<GreekSeq>4</GreekSeq></word><word seq="4">united with<GreekSeq>3</GreekSeq></word><word seq="5">him</word><word seq="6">in the<GreekSeq>5</GreekSeq></word><word seq="7">likeness<GreekSeq>6</GreekSeq></word><word seq="8">of<GreekSeq>8</GreekSeq></word><word seq="9">his<GreekSeq>9</GreekSeq></word><word seq="10">death,<GreekSeq>8</GreekSeq></word><word seq="11">we shall be<GreekSeq>14</GreekSeq></word><word seq="12">also<GreekSeq>11</GreekSeq></word><word seq="13">in the<GreekSeq>12</GreekSeq></word><word seq="14">[likeness] of [his] resurrection;<GreekSeq>13</GreekSeq></word></ASV></verse>
<verse number="6"><ASV><word seq="1">knowing<GreekSeq>2</GreekSeq></word><word seq="2">this,<GreekSeq>1</GreekSeq></word><word seq="3">that<GreekSeq>3</GreekSeq></word><word seq="4">our<GreekSeq>6</GreekSeq></word><word seq="5">old<GreekSeq>5</GreekSeq></word><word seq="6">man<GreekSeq>7</GreekSeq></word><word seq="7">was crucified with [him],<GreekSeq>8</GreekSeq></word><word seq="8">that<GreekSeq>9</GreekSeq></word><word seq="9">the<GreekSeq>11</GreekSeq></word><word seq="10">body<GreekSeq>12</GreekSeq></word><word seq="11">of sin<GreekSeq>14</GreekSeq></word><word seq="12">might be done away,<GreekSeq>10</GreekSeq></word><word seq="13">that so<GreekSeq>15</GreekSeq></word><word seq="14">we<GreekSeq>18</GreekSeq></word><word seq="15">should</word><word seq="16">no longer<GreekSeq>16</GreekSeq></word><word seq="17">be</word><word seq="18">in bondage to<GreekSeq>17</GreekSeq></word><word seq="19">sin;<GreekSeq>20</GreekSeq></word></ASV></verse>
<verse number="7"><ASV><word seq="1">for<GreekSeq>2</GreekSeq></word><word seq="2">he<GreekSeq>1</GreekSeq></word><word seq="3">that hath died<GreekSeq>3</GreekSeq></word><word seq="4">is justified<GreekSeq>4</GreekSeq></word><word seq="5">from<GreekSeq>5</GreekSeq></word><word seq="6">sin.<GreekSeq>7</GreekSeq></word></ASV></verse>
<verse number="8"><ASV><word seq="1">But<GreekSeq>2</GreekSeq></word><word seq="2">if<GreekSeq>1</GreekSeq></word><word seq="3">we died<GreekSeq>3</GreekSeq></word><word seq="4">with<GreekSeq>4</GreekSeq></word><word seq="5">Christ,<GreekSeq>5</GreekSeq></word><word seq="6">we believe<GreekSeq>6</GreekSeq></word><word seq="7">that<GreekSeq>7</GreekSeq></word><word seq="8">we shall<GreekSeq>9</GreekSeq></word><word seq="9">also<GreekSeq>8</GreekSeq></word><word seq="10">live with<GreekSeq>9</GreekSeq></word><word seq="11">him;<GreekSeq>10</GreekSeq></word></ASV></verse>
<verse number="9"><ASV><word seq="1">knowing<GreekSeq>1</GreekSeq></word><word seq="2">that<GreekSeq>2</GreekSeq></word><word seq="3">Christ<GreekSeq>3</GreekSeq></word><word seq="4">being raised<GreekSeq>4</GreekSeq></word><word seq="5">from<GreekSeq>5</GreekSeq></word><word seq="6">the dead<GreekSeq>6</GreekSeq></word><word seq="7">dieth<GreekSeq>8</GreekSeq></word><word seq="8">no more;<GreekSeq>7</GreekSeq></word><word seq="9">death<GreekSeq>9</GreekSeq></word><word seq="10">no more<GreekSeq>11</GreekSeq></word><word seq="11">hath dominion over<GreekSeq>12</GreekSeq></word><word seq="12">him.<GreekSeq>10</GreekSeq></word></ASV></verse>
<verse number="10"><ASV><word seq="1">For<GreekSeq>2</GreekSeq></word><word seq="2">[the death that]<GreekSeq>1</GreekSeq></word><word seq="3">he died,<GreekSeq>3</GreekSeq></word><word seq="4">he died<GreekSeq>6</GreekSeq></word><word seq="5">unto sin<GreekSeq>5</GreekSeq></word><word seq="6">once:<GreekSeq>7</GreekSeq></word><word seq="7">but<GreekSeq>9</GreekSeq></word><word seq="8">[the life] that<GreekSeq>8</GreekSeq></word><word seq="9">he liveth,<GreekSeq>10</GreekSeq></word><word seq="10">he liveth<GreekSeq>11</GreekSeq></word><word seq="11">unto God.<GreekSeq>13</GreekSeq></word></ASV></verse>
<verse number="11"><ASV><word seq="1">Even so<GreekSeq>1</GreekSeq></word><word seq="2">reckon<GreekSeq>4</GreekSeq></word><word seq="3">ye<GreekSeq>3</GreekSeq></word><word seq="4">also<GreekSeq>2</GreekSeq></word><word seq="5">yourselves<GreekSeq>5</GreekSeq></word><word seq="6">to be<GreekSeq>6</GreekSeq></word><word seq="7">dead<GreekSeq>7</GreekSeq></word><word seq="8">unto sin,<GreekSeq>10</GreekSeq></word><word seq="9">but<GreekSeq>12</GreekSeq></word><word seq="10">alive<GreekSeq>11</GreekSeq></word><word seq="11">unto God<GreekSeq>14</GreekSeq></word><word seq="12">in<GreekSeq>15</GreekSeq></word><word seq="13">Christ<GreekSeq>16</GreekSeq></word><word seq="14">Jesus.<GreekSeq>17</GreekSeq></word></ASV></verse>
<verse number="12"><ASV><word seq="1">Let<GreekSeq>3</GreekSeq></word><word seq="2">not<GreekSeq>1</GreekSeq></word><word seq="3">sin<GreekSeq>5</GreekSeq></word><word seq="4">therefore<GreekSeq>2</GreekSeq></word><word seq="5">reign<GreekSeq>3</GreekSeq></word><word seq="6">in<GreekSeq>6</GreekSeq></word><word seq="7">your<GreekSeq>9</GreekSeq></word><word seq="8">mortal<GreekSeq>8</GreekSeq></word><word seq="9">body,<GreekSeq>10</GreekSeq></word><word seq="10">that<GreekSeq>11</GreekSeq><GreekSeq>12</GreekSeq></word><word seq="11">ye</word><word seq="12">should obey<GreekSeq>13</GreekSeq></word><word seq="13">the<GreekSeq>14</GreekSeq></word><word seq="14">lusts<GreekSeq>15</GreekSeq></word><word seq="15">thereof:<GreekSeq>16</GreekSeq></word></ASV></verse>
<verse number="13"><ASV><word seq="1">neither<GreekSeq>1</GreekSeq></word><word seq="2">present<GreekSeq>2</GreekSeq></word><word seq="3">your<GreekSeq>5</GreekSeq></word><word seq="4">members<GreekSeq>4</GreekSeq></word><word seq="5">unto sin<GreekSeq>9</GreekSeq></word><word seq="6">[as] instruments<GreekSeq>6</GreekSeq></word><word seq="7">of unrighteousness;<GreekSeq>7</GreekSeq></word><word seq="8">but<GreekSeq>10</GreekSeq></word><word seq="9">present<GreekSeq>11</GreekSeq></word><word seq="10">yourselves<GreekSeq>12</GreekSeq></word><word seq="11">unto God,<GreekSeq>14</GreekSeq></word><word seq="12">as<GreekSeq>15</GreekSeq></word><word seq="13">alive<GreekSeq>18</GreekSeq></word><word seq="14">from<GreekSeq>16</GreekSeq></word><word seq="15">the</word><word seq="16">dead,<GreekSeq>17</GreekSeq></word><word seq="17">and<GreekSeq>19</GreekSeq></word><word seq="18">your<GreekSeq>22</GreekSeq></word><word seq="19">members <GreekSeq>21</GreekSeq></word><word seq="20">[as] instruments<GreekSeq>23</GreekSeq></word><word seq="21">of righteousness<GreekSeq>24</GreekSeq></word><word seq="22">unto God.<GreekSeq>26</GreekSeq></word></ASV></verse>
<verse number="14"><ASV><word seq="1">For<GreekSeq>2</GreekSeq></word><word seq="2">sin<GreekSeq>1</GreekSeq></word><word seq="3">shall<GreekSeq>5</GreekSeq></word><word seq="4">not<GreekSeq>4</GreekSeq></word><word seq="5">have dominion over<GreekSeq>5</GreekSeq></word><word seq="6">you:<GreekSeq>3</GreekSeq></word><word seq="7">for<GreekSeq>7</GreekSeq></word><word seq="8">ye are<GreekSeq>8</GreekSeq></word><word seq="9">not<GreekSeq>6</GreekSeq></word><word seq="10">under<GreekSeq>9</GreekSeq></word><word seq="11">law,<GreekSeq>10</GreekSeq></word><word seq="12">but<GreekSeq>11</GreekSeq></word><word seq="13">under<GreekSeq>12</GreekSeq></word><word seq="14">grace.<GreekSeq>13</GreekSeq></word></ASV></verse>
<verse number="15"><ASV><word seq="1">What<GreekSeq>1</GreekSeq></word><word seq="2">then?<GreekSeq>2</GreekSeq></word><word seq="3">shall we sin,<GreekSeq>3</GreekSeq></word><word seq="4">because<GreekSeq>4</GreekSeq></word><word seq="5">we are<GreekSeq>6</GreekSeq></word><word seq="6">not<GreekSeq>5</GreekSeq></word><word seq="7">under<GreekSeq>7</GreekSeq></word><word seq="8">law,<GreekSeq>8</GreekSeq></word><word seq="9">but<GreekSeq>9</GreekSeq></word><word seq="10">under<GreekSeq>10</GreekSeq></word><word seq="11">grace?<GreekSeq>11</GreekSeq></word><word seq="12">God forbid.<GreekSeq>12</GreekSeq><GreekSeq>13</GreekSeq></word></ASV></verse>
<verse number="16"><ASV><word seq="1">Know ye<GreekSeq>2</GreekSeq></word><word seq="2">not,<GreekSeq>1</GreekSeq></word><word seq="3">that<GreekSeq>3</GreekSeq></word><word seq="4">to whom<GreekSeq>4</GreekSeq></word><word seq="5">ye present<GreekSeq>5</GreekSeq></word><word seq="6">yourselves<GreekSeq>6</GreekSeq></word><word seq="7">[as] servants<GreekSeq>7</GreekSeq></word><word seq="8">unto<GreekSeq>8</GreekSeq></word><word seq="9">obedience,<GreekSeq>9</GreekSeq></word><word seq="10">his</word><word seq="11">servants<GreekSeq>10</GreekSeq></word><word seq="12">ye are<GreekSeq>11</GreekSeq></word><word seq="13">whom<GreekSeq>12</GreekSeq></word><word seq="14">ye obey;<GreekSeq>13</GreekSeq></word><word seq="15">whether<GreekSeq>14</GreekSeq></word><word seq="16">of sin<GreekSeq>15</GreekSeq></word><word seq="17">unto<GreekSeq>16</GreekSeq></word><word seq="18">death,<GreekSeq>17</GreekSeq></word><word seq="19">or<GreekSeq>18</GreekSeq></word><word seq="20">of obedience<GreekSeq>19</GreekSeq></word><word seq="21">unto<GreekSeq>20</GreekSeq></word><word seq="22">righteousness?<GreekSeq>21</GreekSeq></word></ASV></verse>
<verse number="17"><ASV><word seq="1">But<GreekSeq>2</GreekSeq></word><word seq="2">thanks<GreekSeq>1</GreekSeq></word><word seq="3">be</word><word seq="4">to God,<GreekSeq>4</GreekSeq></word><word seq="5">that,<GreekSeq>5</GreekSeq></word><word seq="6">whereas</word><word seq="7">ye were<GreekSeq>6</GreekSeq></word><word seq="8">servants<GreekSeq>7</GreekSeq></word><word seq="9">of sin,<GreekSeq>9</GreekSeq></word><word seq="10">ye became obedient<GreekSeq>10</GreekSeq></word><word seq="11">from<GreekSeq>12</GreekSeq></word><word seq="12">the heart<GreekSeq>13</GreekSeq></word><word seq="13">to<GreekSeq>14</GreekSeq></word><word seq="14">that<GreekSeq>15</GreekSeq></word><word seq="15">form<GreekSeq>17</GreekSeq></word><word seq="16">of teaching<GreekSeq>18</GreekSeq></word><word seq="17">whereunto</word><word seq="18">ye were delivered;<GreekSeq>16</GreekSeq></word></ASV></verse>
<verse number="18"><ASV><word seq="1">and<GreekSeq>2</GreekSeq></word><word seq="2">being made free<GreekSeq>1</GreekSeq></word><word seq="3">from<GreekSeq>3</GreekSeq></word><word seq="4">sin,<GreekSeq>5</GreekSeq></word><word seq="5">ye became servants<GreekSeq>6</GreekSeq></word><word seq="6">of righteousness.<GreekSeq>8</GreekSeq></word></ASV></verse>
<verse number="19"><ASV><word seq="1">I speak<GreekSeq>2</GreekSeq></word><word seq="2">[after the manner] of men<GreekSeq>1</GreekSeq></word><word seq="3">because of<GreekSeq>3</GreekSeq></word><word seq="4">the<GreekSeq>4</GreekSeq></word><word seq="5">infirmity<GreekSeq>5</GreekSeq></word><word seq="6">of<GreekSeq>7</GreekSeq></word><word seq="7">your<GreekSeq>8</GreekSeq></word><word seq="8">flesh:<GreekSeq>7</GreekSeq></word><word seq="9">for<GreekSeq>10</GreekSeq></word><word seq="10">as<GreekSeq>9</GreekSeq></word><word seq="11">ye presented<GreekSeq>11</GreekSeq></word><word seq="12">your<GreekSeq>14</GreekSeq></word><word seq="13">members<GreekSeq>13</GreekSeq></word><word seq="14">[as] servants<GreekSeq>15</GreekSeq></word><word seq="15">to uncleanness<GreekSeq>17</GreekSeq></word><word seq="16">and<GreekSeq>18</GreekSeq></word><word seq="17">to iniquity<GreekSeq>20</GreekSeq></word><word seq="18">unto<GreekSeq>21</GreekSeq></word><word seq="19">iniquity,<GreekSeq>23</GreekSeq></word><word seq="20">even so<GreekSeq>24</GreekSeq></word><word seq="21">now<GreekSeq>25</GreekSeq></word><word seq="22">present<GreekSeq>26</GreekSeq></word><word seq="23">your<GreekSeq>29</GreekSeq></word><word seq="24">members<GreekSeq>28</GreekSeq></word><word seq="25">[as] servants<GreekSeq>30</GreekSeq></word><word seq="26">to righteousness<GreekSeq>32</GreekSeq></word><word seq="27">unto<GreekSeq>33</GreekSeq></word><word seq="28">sanctification.<GreekSeq>34</GreekSeq></word></ASV></verse>
<verse number="20"><ASV><word seq="1">For<GreekSeq>2</GreekSeq></word><word seq="2">when<GreekSeq>1</GreekSeq></word><word seq="3">ye were<GreekSeq>4</GreekSeq></word><word seq="4">servants<GreekSeq>3</GreekSeq></word><word seq="5">of sin,<GreekSeq>6</GreekSeq></word><word seq="6">ye were<GreekSeq>8</GreekSeq></word><word seq="7">free<GreekSeq>7</GreekSeq></word><word seq="8">in [regard of] righteousness.<GreekSeq>10</GreekSeq></word></ASV></verse>
<verse number="21"><ASV><word seq="1">What<GreekSeq>1</GreekSeq></word><word seq="2">fruit<GreekSeq>3</GreekSeq></word><word seq="3">then<GreekSeq>2</GreekSeq></word><word seq="4">had ye<GreekSeq>4</GreekSeq></word><word seq="5">at that time<GreekSeq>5</GreekSeq></word><word seq="6">in<GreekSeq>6</GreekSeq></word><word seq="7">the things<GreekSeq>7</GreekSeq></word><word seq="8">whereof</word><word seq="9">ye are<GreekSeq>9</GreekSeq></word><word seq="10">now<GreekSeq>8</GreekSeq></word><word seq="11">ashamed?<GreekSeq>9</GreekSeq></word><word seq="12">for<GreekSeq>11</GreekSeq></word><word seq="13">the<GreekSeq>10</GreekSeq></word><word seq="14">end<GreekSeq>12</GreekSeq></word><word seq="15">of those things<GreekSeq>13</GreekSeq></word><word seq="16">is</word><word seq="17">death.<GreekSeq>14</GreekSeq></word></ASV></verse>
<verse number="22"><ASV><word seq="1">But<GreekSeq>2</GreekSeq></word><word seq="2">now<GreekSeq>1</GreekSeq></word><word seq="3">being made free<GreekSeq>3</GreekSeq></word><word seq="4">from<GreekSeq>4</GreekSeq></word><word seq="5">sin<GreekSeq>6</GreekSeq></word><word seq="6">and<GreekSeq>8</GreekSeq></word><word seq="7">become servants<GreekSeq>7</GreekSeq></word><word seq="8">to God,<GreekSeq>10</GreekSeq></word><word seq="9">ye have<GreekSeq>11</GreekSeq></word><word seq="10">your<GreekSeq>14</GreekSeq></word><word seq="11">fruit<GreekSeq>13</GreekSeq></word><word seq="12">unto<GreekSeq>15</GreekSeq></word><word seq="13">sanctification,<GreekSeq>16</GreekSeq></word><word seq="14">and<GreekSeq>18</GreekSeq></word><word seq="15">the<GreekSeq>17</GreekSeq></word><word seq="16">end<GreekSeq>19</GreekSeq></word><word seq="17">eternal<GreekSeq>21</GreekSeq></word><word seq="18">life.<GreekSeq>20</GreekSeq></word></ASV></verse>
<verse number="23"><ASV><word seq="1">For<GreekSeq>2</GreekSeq></word><word seq="2">the<GreekSeq>1</GreekSeq></word><word seq="3">wages<GreekSeq>3</GreekSeq></word><word seq="4">of sin<GreekSeq>5</GreekSeq></word><word seq="5">is</word><word seq="6">death;<GreekSeq>6</GreekSeq></word><word seq="7">but<GreekSeq>8</GreekSeq></word><word seq="8">the<GreekSeq>7</GreekSeq></word><word seq="9">free gift<GreekSeq>9</GreekSeq></word><word seq="10">of God<GreekSeq>11</GreekSeq></word><word seq="11">is</word><word seq="12">eternal<GreekSeq>13</GreekSeq></word><word seq="13">life<GreekSeq>12</GreekSeq></word><word seq="14">in<GreekSeq>14</GreekSeq></word><word seq="15">Christ<GreekSeq>15</GreekSeq></word><word seq="16">Jesus<GreekSeq>16</GreekSeq></word><word seq="17">our<GreekSeq>19</GreekSeq></word><word seq="18">Lord.<GreekSeq>18</GreekSeq></word></ASV></verse>
</chapter></book>