<?xml version="1.0" encoding="UTF-8" standalone="no"?><book><chapter number="9">
<verse number="1"><ASV><word seq="1">I say<GreekSeq>2</GreekSeq></word><word seq="2">the truth<GreekSeq>1</GreekSeq></word><word seq="3">in<GreekSeq>3</GreekSeq></word><word seq="4">Christ,<GreekSeq>4</GreekSeq></word><word seq="5">I lie<GreekSeq>6</GreekSeq></word><word seq="6">not,<GreekSeq>5</GreekSeq></word><word seq="7">my<GreekSeq>11</GreekSeq></word><word seq="8">conscience<GreekSeq>10</GreekSeq></word><word seq="9">bearing witness with<GreekSeq>7</GreekSeq></word><word seq="10">me<GreekSeq>8</GreekSeq></word><word seq="11">in<GreekSeq>12</GreekSeq></word><word seq="12">the</word><word seq="13">Holy<GreekSeq>14</GreekSeq></word><word seq="14">Spirit,<GreekSeq>13</GreekSeq></word></ASV></verse>
<verse number="2"><ASV><word seq="1">that<GreekSeq>1</GreekSeq></word><word seq="2">I<GreekSeq>3</GreekSeq></word><word seq="3">have<GreekSeq>4</GreekSeq></word><word seq="4">great<GreekSeq>5</GreekSeq></word><word seq="5">sorrow<GreekSeq>2</GreekSeq></word><word seq="6">and<GreekSeq>6</GreekSeq></word><word seq="7">unceasing<GreekSeq>7</GreekSeq></word><word seq="8">pain<GreekSeq>8</GreekSeq></word><word seq="9">in<GreekSeq>10</GreekSeq></word><word seq="10">my<GreekSeq>11</GreekSeq></word><word seq="11">heart.<GreekSeq>10</GreekSeq></word></ASV></verse>
<verse number="3"><ASV><word seq="1">For<GreekSeq>2</GreekSeq></word><word seq="2">I could wish<GreekSeq>1</GreekSeq></word><word seq="3">that</word><word seq="4">I<GreekSeq>6</GreekSeq></word><word seq="5">myself<GreekSeq>5</GreekSeq></word><word seq="6">were<GreekSeq>4</GreekSeq></word><word seq="7">anathema<GreekSeq>3</GreekSeq></word><word seq="8">from<GreekSeq>7</GreekSeq></word><word seq="9">Christ<GreekSeq>9</GreekSeq></word><word seq="10">for<GreekSeq>10</GreekSeq></word><word seq="11">my<GreekSeq>13</GreekSeq></word><word seq="12">brethren’s<GreekSeq>12</GreekSeq></word><word seq="13">sake,</word><word seq="14">my<GreekSeq>16</GreekSeq></word><word seq="15">kinsmen<GreekSeq>15</GreekSeq></word><word seq="16">according to<GreekSeq>17</GreekSeq></word><word seq="17">the flesh:<GreekSeq>18</GreekSeq></word></ASV></verse>
<verse number="4"><ASV><word seq="1">who<GreekSeq>1</GreekSeq></word><word seq="2">are<GreekSeq>2</GreekSeq></word><word seq="3">Israelites;<GreekSeq>3</GreekSeq></word><word seq="4">whose<GreekSeq>4</GreekSeq></word><word seq="5">is</word><word seq="6">the<GreekSeq>5</GreekSeq></word><word seq="7">adoption,<GreekSeq>6</GreekSeq></word><word seq="8">and<GreekSeq>7</GreekSeq></word><word seq="9">the<GreekSeq>8</GreekSeq></word><word seq="10">glory,<GreekSeq>9</GreekSeq></word><word seq="11">and<GreekSeq>10</GreekSeq></word><word seq="12">the<GreekSeq>11</GreekSeq></word><word seq="13">covenants,<GreekSeq>12</GreekSeq></word><word seq="14">and<GreekSeq>13</GreekSeq></word><word seq="15">the<GreekSeq>14</GreekSeq></word><word seq="16">giving of the law,<GreekSeq>15</GreekSeq></word><word seq="17">and<GreekSeq>16</GreekSeq></word><word seq="18">the<GreekSeq>17</GreekSeq></word><word seq="19">service [of God],<GreekSeq>18</GreekSeq></word><word seq="20">and<GreekSeq>19</GreekSeq></word><word seq="21">the<GreekSeq>20</GreekSeq></word><word seq="22">promises;<GreekSeq>21</GreekSeq></word></ASV></verse>
<verse number="5"><ASV><word seq="1">whose<GreekSeq>1</GreekSeq></word><word seq="2">are</word><word seq="3">the<GreekSeq>2</GreekSeq></word><word seq="4">fathers,<GreekSeq>3</GreekSeq></word><word seq="5">and<GreekSeq>4</GreekSeq></word><word seq="6">of<GreekSeq>5</GreekSeq></word><word seq="7">whom<GreekSeq>6</GreekSeq></word><word seq="8">is</word><word seq="9">Christ<GreekSeq>8</GreekSeq></word><word seq="10">as concerning<GreekSeq>10</GreekSeq></word><word seq="11">the flesh,<GreekSeq>11</GreekSeq></word><word seq="12">who is<GreekSeq>13</GreekSeq></word><word seq="13">over<GreekSeq>14</GreekSeq></word><word seq="14">all,<GreekSeq>15</GreekSeq></word><word seq="15">God<GreekSeq>16</GreekSeq></word><word seq="16">blessed<GreekSeq>17</GreekSeq></word><word seq="17">for<GreekSeq>18</GreekSeq></word><word seq="18">ever.<GreekSeq>20</GreekSeq></word><word seq="19">Amen.<GreekSeq>21</GreekSeq></word></ASV></verse>
<verse number="6"><ASV><word seq="1">But <GreekSeq>3</GreekSeq></word><word seq="2">it<GreekSeq>2</GreekSeq></word><word seq="3">is</word><word seq="4">not<GreekSeq>1</GreekSeq></word><word seq="5">as though<GreekSeq>4</GreekSeq></word><word seq="6">the<GreekSeq>6</GreekSeq></word><word seq="7">word<GreekSeq>7</GreekSeq></word><word seq="8">of God<GreekSeq>9</GreekSeq></word><word seq="9">hath come to nought.<GreekSeq>5</GreekSeq></word><word seq="10">For<GreekSeq>11</GreekSeq></word><word seq="11">they<GreekSeq>16</GreekSeq></word><word seq="12">are</word><word seq="13">not<GreekSeq>10</GreekSeq></word><word seq="14">all<GreekSeq>12</GreekSeq></word><word seq="15">Israel,<GreekSeq>17</GreekSeq></word><word seq="16">that<GreekSeq>13</GreekSeq></word><word seq="17">are</word><word seq="18">of<GreekSeq>14</GreekSeq></word><word seq="19">Israel:<GreekSeq>15</GreekSeq></word></ASV></verse>
<verse number="7"><ASV><word seq="1">neither,<GreekSeq>1</GreekSeq></word><word seq="2">because<GreekSeq>2</GreekSeq></word><word seq="3">they are<GreekSeq>3</GreekSeq></word><word seq="4">Abraham’s<GreekSeq>5</GreekSeq></word><word seq="5">seed,<GreekSeq>4</GreekSeq></word><word seq="6">are they</word><word seq="7">all<GreekSeq>6</GreekSeq></word><word seq="8">children:<GreekSeq>7</GreekSeq></word><word seq="9">but,<GreekSeq>8</GreekSeq></word><word seq="10">In<GreekSeq>9</GreekSeq></word><word seq="11">Isaac<GreekSeq>10</GreekSeq></word><word seq="12">shall<GreekSeq>11</GreekSeq></word><word seq="13">thy<GreekSeq>12</GreekSeq></word><word seq="14">seed<GreekSeq>13</GreekSeq></word><word seq="15">be called.<GreekSeq>11</GreekSeq></word></ASV></verse>
<verse number="8"><ASV><word seq="1">That [is],<GreekSeq>1</GreekSeq></word><word seq="2">it is<GreekSeq>2</GreekSeq></word><word seq="3">not<GreekSeq>3</GreekSeq></word><word seq="4">the<GreekSeq>4</GreekSeq></word><word seq="5">children<GreekSeq>5</GreekSeq></word><word seq="6">of the<GreekSeq>6</GreekSeq></word><word seq="7">flesh<GreekSeq>7</GreekSeq></word><word seq="8">that<GreekSeq>8</GreekSeq></word><word seq="9">are</word><word seq="10">children<GreekSeq>9</GreekSeq></word><word seq="11">of God;<GreekSeq>11</GreekSeq></word><word seq="12">but<GreekSeq>12</GreekSeq></word><word seq="13">the<GreekSeq>13</GreekSeq></word><word seq="14">children<GreekSeq>14</GreekSeq></word><word seq="15">of the<GreekSeq>15</GreekSeq></word><word seq="16">promise<GreekSeq>16</GreekSeq></word><word seq="17">are reckoned<GreekSeq>17</GreekSeq></word><word seq="18">for<GreekSeq>18</GreekSeq></word><word seq="19">a seed.<GreekSeq>19</GreekSeq></word></ASV></verse>
<verse number="9"><ASV><word seq="1">For<GreekSeq>2</GreekSeq></word><word seq="2">this<GreekSeq>5</GreekSeq></word><word seq="3">is</word><word seq="4">a<GreekSeq>3</GreekSeq></word><word seq="5">word<GreekSeq>4</GreekSeq></word><word seq="6">of promise,<GreekSeq>1</GreekSeq></word><word seq="7">According to<GreekSeq>6</GreekSeq></word><word seq="8">this<GreekSeq>9</GreekSeq></word><word seq="9">season<GreekSeq>8</GreekSeq></word><word seq="10">will I come,<GreekSeq>10</GreekSeq></word><word seq="11">and<GreekSeq>11</GreekSeq></word><word seq="12">Sarah<GreekSeq>14</GreekSeq></word><word seq="13">shall have<GreekSeq>12</GreekSeq></word><word seq="14">a son.<GreekSeq>15</GreekSeq></word></ASV></verse>
<verse number="10"><ASV><word seq="1">And<GreekSeq>3</GreekSeq></word><word seq="2">not<GreekSeq>1</GreekSeq></word><word seq="3">only<GreekSeq>2</GreekSeq></word><word seq="4">so;</word><word seq="5">but<GreekSeq>4</GreekSeq></word><word seq="6">Rebecca<GreekSeq>6</GreekSeq></word><word seq="7">also<GreekSeq>5</GreekSeq></word><word seq="8">having conceived<GreekSeq>9</GreekSeq><GreekSeq>10</GreekSeq></word><word seq="9">by<GreekSeq>7</GreekSeq></word><word seq="10">one,<GreekSeq>8</GreekSeq></word><word seq="11">even by</word><word seq="12">our<GreekSeq>14</GreekSeq></word><word seq="13">father<GreekSeq>13</GreekSeq></word><word seq="14">Isaac—<GreekSeq>11</GreekSeq></word></ASV></verse>
<verse number="11"><ASV><word seq="1">for <GreekSeq>2</GreekSeq></word><word seq="2">[the children] being<GreekSeq>3</GreekSeq></word><word seq="3">not yet<GreekSeq>1</GreekSeq></word><word seq="4">born,<GreekSeq>3</GreekSeq></word><word seq="5">neither<GreekSeq>4</GreekSeq></word><word seq="6">having done<GreekSeq>5</GreekSeq></word><word seq="7">anything<GreekSeq>6</GreekSeq></word><word seq="8">good<GreekSeq>7</GreekSeq></word><word seq="9">or<GreekSeq>8</GreekSeq></word><word seq="10">bad,<GreekSeq>9</GreekSeq></word><word seq="11">that<GreekSeq>10</GreekSeq></word><word seq="12">the<GreekSeq>11</GreekSeq></word><word seq="13">purpose<GreekSeq>14</GreekSeq></word><word seq="14">of God<GreekSeq>16</GreekSeq></word><word seq="15">according to<GreekSeq>12</GreekSeq></word><word seq="16">election<GreekSeq>13</GreekSeq></word><word seq="17">might stand,<GreekSeq>17</GreekSeq></word><word seq="18" note="see next verse.">not of works, but of him that calleth,</word></ASV></verse>
<verse number="12"><ASV><word seq="1" note="from previous verse.">not<GreekSeq>1</GreekSeq></word><word seq="2" note="from previous verse.">of<GreekSeq>2</GreekSeq></word><word seq="3" note="from previous verse.">works,<GreekSeq>3</GreekSeq></word><word seq="4" note="from previous verse.">but<GreekSeq>4</GreekSeq></word><word seq="5" note="from previous verse.">of<GreekSeq>5</GreekSeq></word><word seq="6" note="from previous verse.">him<GreekSeq>6</GreekSeq></word><word seq="7" note="from previous verse.">that calleth,<GreekSeq>7</GreekSeq></word><word seq="8">it was said<GreekSeq>8</GreekSeq></word><word seq="9">unto her,<GreekSeq>9</GreekSeq></word><word seq="10">The<GreekSeq>11</GreekSeq></word><word seq="11">elder<GreekSeq>12</GreekSeq></word><word seq="12">shall serve<GreekSeq>13</GreekSeq></word><word seq="13">the<GreekSeq>14</GreekSeq></word><word seq="14">younger.<GreekSeq>15</GreekSeq></word></ASV></verse>
<verse number="13"><ASV><word seq="1">Even as<GreekSeq>1</GreekSeq></word><word seq="2">it is written,<GreekSeq>2</GreekSeq></word><word seq="3">Jacob<GreekSeq>4</GreekSeq></word><word seq="4">I loved,<GreekSeq>5</GreekSeq></word><word seq="5">but<GreekSeq>7</GreekSeq></word><word seq="6">Esau<GreekSeq>8</GreekSeq></word><word seq="7">I hated.<GreekSeq>9</GreekSeq></word></ASV></verse>
<verse number="14"><ASV><word seq="1">What<GreekSeq>1</GreekSeq></word><word seq="2">shall we say<GreekSeq>3</GreekSeq></word><word seq="3">then?<GreekSeq>2</GreekSeq></word><word seq="4">[Is there]<GreekSeq>4</GreekSeq></word><word seq="5">unrighteousness<GreekSeq>5</GreekSeq></word><word seq="6">with<GreekSeq>6</GreekSeq></word><word seq="7">God?<GreekSeq>8</GreekSeq></word><word seq="8">God forbid.<GreekSeq>9</GreekSeq><GreekSeq>10</GreekSeq></word></ASV></verse>
<verse number="15"><ASV><word seq="1">For<GreekSeq>3</GreekSeq></word><word seq="2">he saith<GreekSeq>4</GreekSeq></word><word seq="3">to Moses,<GreekSeq>2</GreekSeq></word><word seq="4">I will have mercy<GreekSeq>5</GreekSeq></word><word seq="5">on whom<GreekSeq>6</GreekSeq></word><word seq="6">I have mercy,<GreekSeq>8</GreekSeq></word><word seq="7">and<GreekSeq>9</GreekSeq></word><word seq="8">I will have compassion<GreekSeq>10</GreekSeq></word><word seq="9">on whom<GreekSeq>11</GreekSeq></word><word seq="10">I have compassion.<GreekSeq>13</GreekSeq></word></ASV></verse>
<verse number="16"><ASV><word seq="1">So then<GreekSeq>1</GreekSeq><GreekSeq>2</GreekSeq></word><word seq="2">it is</word><word seq="3">not<GreekSeq>3</GreekSeq></word><word seq="4">of him<GreekSeq>4</GreekSeq></word><word seq="5">that willeth,<GreekSeq>5</GreekSeq></word><word seq="6">nor<GreekSeq>6</GreekSeq></word><word seq="7">of him<GreekSeq>7</GreekSeq></word><word seq="8">that runneth,<GreekSeq>8</GreekSeq></word><word seq="9">but<GreekSeq>9</GreekSeq></word><word seq="10">of God<GreekSeq>12</GreekSeq></word><word seq="11">that hath mercy.<GreekSeq>11</GreekSeq></word></ASV></verse>
<verse number="17"><ASV><word seq="1">For<GreekSeq>2</GreekSeq></word><word seq="2">the<GreekSeq>3</GreekSeq></word><word seq="3">scripture<GreekSeq>4</GreekSeq></word><word seq="4">saith<GreekSeq>1</GreekSeq></word><word seq="5">unto Pharaoh,<GreekSeq>5</GreekSeq><GreekSeq>6</GreekSeq></word><word seq="6">For<GreekSeq>8</GreekSeq></word><word seq="7">this<GreekSeq>10</GreekSeq></word><word seq="8">very [purpose]<GreekSeq>9</GreekSeq></word><word seq="9">did I raise<GreekSeq>11</GreekSeq></word><word seq="10">thee<GreekSeq>12</GreekSeq></word><word seq="11">up,<GreekSeq>11</GreekSeq></word><word seq="12">that<GreekSeq>13</GreekSeq></word><word seq="13">I might show<GreekSeq>14</GreekSeq></word><word seq="14">in<GreekSeq>15</GreekSeq></word><word seq="15">thee<GreekSeq>16</GreekSeq></word><word seq="16">my<GreekSeq>19</GreekSeq></word><word seq="17">power,<GreekSeq>18</GreekSeq></word><word seq="18">and<GreekSeq>20</GreekSeq></word><word seq="19">that<GreekSeq>21</GreekSeq></word><word seq="20">my<GreekSeq>25</GreekSeq></word><word seq="21">name<GreekSeq>24</GreekSeq></word><word seq="22">might be published abroad<GreekSeq>22</GreekSeq></word><word seq="23">in<GreekSeq>26</GreekSeq></word><word seq="24">all<GreekSeq>27</GreekSeq></word><word seq="25">the<GreekSeq>28</GreekSeq></word><word seq="26">earth.<GreekSeq>29</GreekSeq></word></ASV></verse>
<verse number="18"><ASV><word seq="1">So then<GreekSeq>1</GreekSeq><GreekSeq>2</GreekSeq></word><word seq="2">he hath mercy<GreekSeq>5</GreekSeq></word><word seq="3">on whom<GreekSeq>3</GreekSeq></word><word seq="4">he will,<GreekSeq>4</GreekSeq></word><word seq="5">and<GreekSeq>7</GreekSeq></word><word seq="6">whom<GreekSeq>6</GreekSeq></word><word seq="7">he will<GreekSeq>8</GreekSeq></word><word seq="8">he hardeneth.<GreekSeq>9</GreekSeq></word></ASV></verse>
<verse number="19"><ASV><word seq="1">Thou wilt say<GreekSeq>1</GreekSeq></word><word seq="2">then<GreekSeq>3</GreekSeq></word><word seq="3">unto me,<GreekSeq>2</GreekSeq></word><word seq="4">Why<GreekSeq>4</GreekSeq></word><word seq="5">doth</word><word seq="6">he<GreekSeq>7</GreekSeq></word><word seq="7">still<GreekSeq>6</GreekSeq></word><word seq="8">find fault?<GreekSeq>7</GreekSeq></word><word seq="9">For<GreekSeq>9</GreekSeq></word><word seq="10">who<GreekSeq>12</GreekSeq></word><word seq="11">withstandeth<GreekSeq>13</GreekSeq></word><word seq="12">his<GreekSeq>11</GreekSeq></word><word seq="13">will?<GreekSeq>10</GreekSeq></word></ASV></verse>
<verse number="20"><ASV><word seq="1">Nay but,<GreekSeq>3</GreekSeq></word><word seq="2">O<GreekSeq>1</GreekSeq></word><word seq="3">man,<GreekSeq>2</GreekSeq></word><word seq="4">who<GreekSeq>5</GreekSeq></word><word seq="5">art<GreekSeq>6</GreekSeq></word><word seq="6">thou<GreekSeq>4</GreekSeq></word><word seq="7">that repliest against<GreekSeq>8</GreekSeq></word><word seq="8">God?<GreekSeq>10</GreekSeq></word><word seq="9">Shall<GreekSeq>12</GreekSeq></word><word seq="10">the thing<GreekSeq>13</GreekSeq></word><word seq="11">formed<GreekSeq>14</GreekSeq></word><word seq="12">say<GreekSeq>12</GreekSeq></word><word seq="13">to him<GreekSeq>15</GreekSeq></word><word seq="14">that formed [it],<GreekSeq>16</GreekSeq></word><word seq="15">Why<GreekSeq>17</GreekSeq></word><word seq="16">didst thou make<GreekSeq>19</GreekSeq></word><word seq="17">me<GreekSeq>18</GreekSeq></word><word seq="18">thus?<GreekSeq>20</GreekSeq></word></ASV></verse>
<verse number="21"><ASV><word seq="1">Or<GreekSeq>1</GreekSeq></word><word seq="2">hath<GreekSeq>3</GreekSeq></word><word seq="3">not<GreekSeq>2</GreekSeq></word><word seq="4">the<GreekSeq>5</GreekSeq></word><word seq="5">potter<GreekSeq>6</GreekSeq></word><word seq="6">a right<GreekSeq>4</GreekSeq></word><word seq="7">over the<GreekSeq>7</GreekSeq></word><word seq="8">clay,<GreekSeq>8</GreekSeq></word><word seq="9">from<GreekSeq>9</GreekSeq></word><word seq="10">the<GreekSeq>10</GreekSeq></word><word seq="11">same<GreekSeq>11</GreekSeq></word><word seq="12">lump<GreekSeq>12</GreekSeq></word><word seq="13">to make<GreekSeq>13</GreekSeq></word><word seq="14">one [part]<GreekSeq>14</GreekSeq></word><word seq="15">a vessel<GreekSeq>18</GreekSeq></word><word seq="16">unto<GreekSeq>16</GreekSeq></word><word seq="17">honor,<GreekSeq>17</GreekSeq></word><word seq="18">and<GreekSeq>20</GreekSeq></word><word seq="19">another<GreekSeq>19</GreekSeq></word><word seq="20">unto<GreekSeq>21</GreekSeq></word><word seq="21">dishonor?<GreekSeq>22</GreekSeq></word></ASV></verse>
<verse number="22"><ASV><word seq="1">What</word><word seq="2">if<GreekSeq>1</GreekSeq></word><word seq="3">God,<GreekSeq>5</GreekSeq></word><word seq="4">willing<GreekSeq>3</GreekSeq></word><word seq="5">to show<GreekSeq>6</GreekSeq></word><word seq="6">his</word><word seq="7">wrath,<GreekSeq>8</GreekSeq></word><word seq="8">and<GreekSeq>9</GreekSeq></word><word seq="9">to make<GreekSeq>10</GreekSeq></word><word seq="10">his<GreekSeq>13</GreekSeq></word><word seq="11">power<GreekSeq>12</GreekSeq></word><word seq="12">known,<GreekSeq>10</GreekSeq></word><word seq="13">endured<GreekSeq>14</GreekSeq></word><word seq="14">with<GreekSeq>15</GreekSeq></word><word seq="15">much<GreekSeq>16</GreekSeq></word><word seq="16">longsuffering<GreekSeq>17</GreekSeq></word><word seq="17">vessels<GreekSeq>18</GreekSeq></word><word seq="18">of wrath<GreekSeq>19</GreekSeq></word><word seq="19">fitted<GreekSeq>20</GreekSeq></word><word seq="20">unto<GreekSeq>21</GreekSeq></word><word seq="21">destruction:<GreekSeq>22</GreekSeq></word></ASV></verse>
<verse number="23"><ASV><word seq="1">and<GreekSeq>1</GreekSeq></word><word seq="2">that<GreekSeq>2</GreekSeq></word><word seq="3">he might make known<GreekSeq>3</GreekSeq></word><word seq="4">the<GreekSeq>4</GreekSeq></word><word seq="5">riches<GreekSeq>5</GreekSeq></word><word seq="6">of<GreekSeq>7</GreekSeq></word><word seq="7">his<GreekSeq>8</GreekSeq></word><word seq="8">glory<GreekSeq>7</GreekSeq></word><word seq="9">upon<GreekSeq>9</GreekSeq></word><word seq="10">vessels<GreekSeq>10</GreekSeq></word><word seq="11">of mercy,<GreekSeq>11</GreekSeq></word><word seq="12">which<GreekSeq>12</GreekSeq></word><word seq="13">he afore prepared<GreekSeq>13</GreekSeq></word><word seq="14">unto<GreekSeq>14</GreekSeq></word><word seq="15">glory,<GreekSeq>15</GreekSeq></word></ASV></verse>
<verse number="24"><ASV><word seq="1">even<GreekSeq>2</GreekSeq></word><word seq="2">us,<GreekSeq>4</GreekSeq></word><word seq="3">whom<GreekSeq>1</GreekSeq></word><word seq="4">he [also] called,<GreekSeq>3</GreekSeq></word><word seq="5">not<GreekSeq>5</GreekSeq></word><word seq="6">from<GreekSeq>7</GreekSeq></word><word seq="7">the Jews<GreekSeq>8</GreekSeq></word><word seq="8">only,<GreekSeq>6</GreekSeq></word><word seq="9">but<GreekSeq>9</GreekSeq></word><word seq="10">also<GreekSeq>10</GreekSeq></word><word seq="11">from<GreekSeq>11</GreekSeq></word><word seq="12">the Gentiles?<GreekSeq>12</GreekSeq></word></ASV></verse>
<verse number="25"><ASV><word seq="1">As<GreekSeq>1</GreekSeq></word><word seq="2">he saith<GreekSeq>6</GreekSeq></word><word seq="3">also<GreekSeq>2</GreekSeq></word><word seq="4">in<GreekSeq>3</GreekSeq></word><word seq="5">Hosea,<GreekSeq>5</GreekSeq></word><word seq="6">I will call<GreekSeq>7</GreekSeq></word><word seq="7">that</word><word seq="8">my<GreekSeq>11</GreekSeq></word><word seq="9">people,<GreekSeq>10</GreekSeq></word><word seq="10">which<GreekSeq>8</GreekSeq></word><word seq="11">was</word><word seq="12">not<GreekSeq>9</GreekSeq></word><word seq="13">my<GreekSeq>13</GreekSeq></word><word seq="14">people;<GreekSeq>12</GreekSeq></word><word seq="15">And<GreekSeq>14</GreekSeq></word><word seq="16">her<GreekSeq>15</GreekSeq></word><word seq="17">beloved,<GreekSeq>18</GreekSeq></word><word seq="18">that was<GreekSeq>17</GreekSeq></word><word seq="19">not<GreekSeq>16</GreekSeq></word><word seq="20">beloved.<GreekSeq>17</GreekSeq></word></ASV></verse>
<verse number="26"><ASV><word seq="1">And<GreekSeq>1</GreekSeq></word><word seq="2">it shall be, <GreekSeq>2</GreekSeq></word><word seq="3">that</word><word seq="4">in<GreekSeq>3</GreekSeq></word><word seq="5">the<GreekSeq>4</GreekSeq></word><word seq="6">place<GreekSeq>5</GreekSeq></word><word seq="7">where<GreekSeq>6</GreekSeq></word><word seq="8">it was said<GreekSeq>7</GreekSeq></word><word seq="9">unto them,<GreekSeq>8</GreekSeq></word><word seq="10">Ye<GreekSeq>12</GreekSeq></word><word seq="11">are</word><word seq="12">not<GreekSeq>9</GreekSeq></word><word seq="13">my<GreekSeq>11</GreekSeq></word><word seq="14">people,<GreekSeq>10</GreekSeq></word><word seq="15">There<GreekSeq>13</GreekSeq></word><word seq="16">shall they be called<GreekSeq>14</GreekSeq></word><word seq="17">sons<GreekSeq>15</GreekSeq></word><word seq="18">of the<GreekSeq>16</GreekSeq></word><word seq="19">living<GreekSeq>17</GreekSeq></word><word seq="20">God.<GreekSeq>16</GreekSeq></word></ASV></verse>
<verse number="27"><ASV><word seq="1">And<GreekSeq>2</GreekSeq></word><word seq="2">Isaiah<GreekSeq>1</GreekSeq></word><word seq="3">crieth<GreekSeq>3</GreekSeq></word><word seq="4">concerning<GreekSeq>4</GreekSeq></word><word seq="5">Israel,<GreekSeq>6</GreekSeq></word><word seq="6">If<GreekSeq>7</GreekSeq></word><word seq="7">the<GreekSeq>9</GreekSeq></word><word seq="8">number<GreekSeq>10</GreekSeq></word><word seq="9">of the<GreekSeq>11</GreekSeq></word><word seq="10">children<GreekSeq>12</GreekSeq></word><word seq="11">of Israel<GreekSeq>13</GreekSeq></word><word seq="12">be<GreekSeq>8</GreekSeq></word><word seq="13">as<GreekSeq>14</GreekSeq></word><word seq="14">the<GreekSeq>15</GreekSeq></word><word seq="15">sand<GreekSeq>16</GreekSeq></word><word seq="16">of the<GreekSeq>17</GreekSeq></word><word seq="17">sea,<GreekSeq>18</GreekSeq></word><word seq="18">it is</word><word seq="19">the<GreekSeq>19</GreekSeq></word><word seq="20">remnant<GreekSeq>20</GreekSeq></word><word seq="21">that shall be saved:<GreekSeq>21</GreekSeq></word></ASV></verse>
<verse number="28"><ASV><word seq="1">for<GreekSeq>2</GreekSeq></word><word seq="2">the Lord<GreekSeq>7</GreekSeq></word><word seq="3">will execute<GreekSeq>6</GreekSeq></word><word seq="4">his</word><word seq="5">word<GreekSeq>1</GreekSeq></word><word seq="6">upon<GreekSeq>8</GreekSeq></word><word seq="7">the<GreekSeq>9</GreekSeq></word><word seq="8">earth,<GreekSeq>10</GreekSeq></word><word seq="9">finishing<GreekSeq>3</GreekSeq></word><word seq="10">it</word><word seq="11">and<GreekSeq>4</GreekSeq></word><word seq="12">cutting [it] short.<GreekSeq>5</GreekSeq></word></ASV></verse>
<verse number="29"><ASV><word seq="1">And,<GreekSeq>1</GreekSeq></word><word seq="2">as<GreekSeq>2</GreekSeq></word><word seq="3">Isaiah<GreekSeq>4</GreekSeq></word><word seq="4">hath said before,<GreekSeq>3</GreekSeq></word><word seq="5" note="εἰ μή Strong Code (1508)">Except<GreekSeq>5</GreekSeq><GreekSeq>6</GreekSeq></word><word seq="6">the Lord<GreekSeq>7</GreekSeq></word><word seq="7">of Sabaoth<GreekSeq>8</GreekSeq></word><word seq="8">had left<GreekSeq>9</GreekSeq></word><word seq="9">us<GreekSeq>10</GreekSeq></word><word seq="10">a seed,<GreekSeq>11</GreekSeq></word><word seq="11">We had become<GreekSeq>15</GreekSeq></word><word seq="12">as<GreekSeq>12</GreekSeq></word><word seq="13">Sodom,<GreekSeq>13</GreekSeq></word><word seq="14">and<GreekSeq>16</GreekSeq></word><word seq="15">had been made like<GreekSeq>20</GreekSeq></word><word seq="16">unto<GreekSeq>17</GreekSeq></word><word seq="17">Gomorrah.<GreekSeq>18</GreekSeq></word></ASV></verse>
<verse number="30"><ASV><word seq="1">What<GreekSeq>1</GreekSeq></word><word seq="2">shall we say<GreekSeq>3</GreekSeq></word><word seq="3">then?<GreekSeq>2</GreekSeq></word><word seq="4">That<GreekSeq>4</GreekSeq></word><word seq="5">the Gentiles,<GreekSeq>5</GreekSeq></word><word seq="6">who<GreekSeq>6</GreekSeq></word><word seq="7">followed<GreekSeq>8</GreekSeq></word><word seq="8">not<GreekSeq>7</GreekSeq></word><word seq="9">after<GreekSeq>8</GreekSeq></word><word seq="10">righteousness,<GreekSeq>9</GreekSeq></word><word seq="11">attained to<GreekSeq>10</GreekSeq></word><word seq="12">righteousness,<GreekSeq>11</GreekSeq></word><word seq="13">even<GreekSeq>13</GreekSeq></word><word seq="14">the righteousness<GreekSeq>12</GreekSeq></word><word seq="15">which<GreekSeq>14</GreekSeq></word><word seq="16">is</word><word seq="17">of<GreekSeq>15</GreekSeq></word><word seq="18">faith:<GreekSeq>16</GreekSeq></word></ASV></verse>
<verse number="31"><ASV><word seq="1">but<GreekSeq>2</GreekSeq></word><word seq="2">Israel,<GreekSeq>1</GreekSeq></word><word seq="3">following after<GreekSeq>3</GreekSeq></word><word seq="4">a law<GreekSeq>4</GreekSeq></word><word seq="5">of righteousness,<GreekSeq>5</GreekSeq></word><word seq="6">did<GreekSeq>9</GreekSeq></word><word seq="7">not<GreekSeq>8</GreekSeq></word><word seq="8">arrive<GreekSeq>9</GreekSeq></word><word seq="9">at<GreekSeq>6</GreekSeq></word><word seq="10">that</word><word seq="11">law.<GreekSeq>7</GreekSeq></word></ASV></verse>
<verse number="32"><ASV><word seq="1">Wherefore?<GreekSeq>1</GreekSeq><GreekSeq>2</GreekSeq></word><word seq="2">Because<GreekSeq>3</GreekSeq></word><word seq="3">they sought it</word><word seq="4">not<GreekSeq>4</GreekSeq></word><word seq="5">by<GreekSeq>5</GreekSeq></word><word seq="6">faith,<GreekSeq>6</GreekSeq></word><word seq="7">but<GreekSeq>7</GreekSeq></word><word seq="8">as<GreekSeq>8</GreekSeq></word><word seq="9">it were</word><word seq="10">by<GreekSeq>9</GreekSeq></word><word seq="11">works.<GreekSeq>10</GreekSeq></word><word seq="12">They stumbled<GreekSeq>11</GreekSeq></word><word seq="13">at the<GreekSeq>12</GreekSeq></word><word seq="14">stone<GreekSeq>13</GreekSeq></word><word seq="15">of stumbling;<GreekSeq>15</GreekSeq></word></ASV></verse>
<verse number="33"><ASV><word seq="1">even as<GreekSeq>1</GreekSeq></word><word seq="2">it is written,<GreekSeq>2</GreekSeq></word><word seq="3">Behold,<GreekSeq>3</GreekSeq></word><word seq="4">I lay<GreekSeq>4</GreekSeq></word><word seq="5">in<GreekSeq>5</GreekSeq></word><word seq="6">Zion<GreekSeq>6</GreekSeq></word><word seq="7">a stone<GreekSeq>7</GreekSeq></word><word seq="8">of stumbling<GreekSeq>8</GreekSeq></word><word seq="9">and<GreekSeq>9</GreekSeq></word><word seq="10">a rock<GreekSeq>10</GreekSeq></word><word seq="11">of offence:<GreekSeq>11</GreekSeq></word><word seq="12">And<GreekSeq>12</GreekSeq></word><word seq="13">he<GreekSeq>13</GreekSeq></word><word seq="14">that believeth<GreekSeq>14</GreekSeq></word><word seq="15">on<GreekSeq>15</GreekSeq></word><word seq="16">him<GreekSeq>16</GreekSeq></word><word seq="17">shall<GreekSeq>18</GreekSeq></word><word seq="18">not<GreekSeq>17</GreekSeq></word><word seq="19">be put to shame.<GreekSeq>18</GreekSeq></word></ASV></verse>
</chapter></book>