<?xml version="1.0" encoding="UTF-8" standalone="no"?><book><chapter number="1">
<verse number="1"><ASV><word seq="1">Paul,<GreekSeq>1</GreekSeq></word><word seq="2">a servant<GreekSeq>2</GreekSeq></word><word seq="3">of Jesus<GreekSeq>4</GreekSeq></word><word seq="4">Christ,<GreekSeq>3</GreekSeq></word><word seq="5">called <GreekSeq>5</GreekSeq></word><word seq="6">to be</word><word seq="7">an apostle,<GreekSeq>6</GreekSeq></word><word seq="8">separated<GreekSeq>7</GreekSeq></word><word seq="9">unto<GreekSeq>8</GreekSeq></word><word seq="10">the gospel<GreekSeq>9</GreekSeq></word><word seq="11">of God,<GreekSeq>10</GreekSeq></word></ASV></verse>
<verse number="2"><ASV><word seq="1">which<GreekSeq>1</GreekSeq></word><word seq="2">he promised afore<GreekSeq>2</GreekSeq></word><word seq="3">through<GreekSeq>3</GreekSeq></word><word seq="4">his<GreekSeq>6</GreekSeq></word><word seq="5">prophets<GreekSeq>5</GreekSeq></word><word seq="6">in<GreekSeq>7</GreekSeq></word><word seq="7">the</word><word seq="8">holy<GreekSeq>9</GreekSeq></word><word seq="9">scriptures,<GreekSeq>8</GreekSeq></word></ASV></verse>
<verse number="3"><ASV><word seq="1">concerning<GreekSeq>1</GreekSeq></word><word seq="2">his<GreekSeq>4</GreekSeq></word><word seq="3">Son,<GreekSeq>3</GreekSeq></word><word seq="4">who was born<GreekSeq>6</GreekSeq></word><word seq="5">of<GreekSeq>7</GreekSeq></word><word seq="6">the seed<GreekSeq>8</GreekSeq></word><word seq="7">of David<GreekSeq>9</GreekSeq></word><word seq="8">according to<GreekSeq>10</GreekSeq></word><word seq="9">the flesh,<GreekSeq>11</GreekSeq></word></ASV></verse>
<verse number="4"><ASV><word seq="1">who was declared<GreekSeq>2</GreekSeq></word><word seq="2">to be</word><word seq="3">the<GreekSeq>1</GreekSeq></word><word seq="4">Son<GreekSeq>3</GreekSeq></word><word seq="5">of God<GreekSeq>4</GreekSeq></word><word seq="6">with<GreekSeq>5</GreekSeq></word><word seq="7">power,<GreekSeq>6</GreekSeq></word><word seq="8">according to<GreekSeq>7</GreekSeq></word><word seq="9">the spirit<GreekSeq>8</GreekSeq></word><word seq="10">of holiness,<GreekSeq>9</GreekSeq></word><word seq="11">by<GreekSeq>10</GreekSeq></word><word seq="12">the resurrection<GreekSeq>11</GreekSeq></word><word seq="13">from the dead;<GreekSeq>12</GreekSeq></word><word seq="14">even</word><word seq="15">Jesus<GreekSeq>13</GreekSeq></word><word seq="16">Christ<GreekSeq>14</GreekSeq></word><word seq="17">our<GreekSeq>17</GreekSeq></word><word seq="18">Lord,<GreekSeq>16</GreekSeq></word></ASV></verse>
<verse number="5"><ASV><word seq="1">through<GreekSeq>1</GreekSeq></word><word seq="2">whom<GreekSeq>2</GreekSeq></word><word seq="3">we received<GreekSeq>3</GreekSeq></word><word seq="4">grace<GreekSeq>4</GreekSeq></word><word seq="5">and<GreekSeq>5</GreekSeq></word><word seq="6">apostleship,<GreekSeq>6</GreekSeq></word><word seq="7">unto<GreekSeq>7</GreekSeq></word><word seq="8">obedience<GreekSeq>8</GreekSeq></word><word seq="9">of faith<GreekSeq>9</GreekSeq></word><word seq="10">among<GreekSeq>10</GreekSeq></word><word seq="11">all<GreekSeq>11</GreekSeq></word><word seq="12">the<GreekSeq>12</GreekSeq></word><word seq="13">nations,<GreekSeq>13</GreekSeq></word><word seq="14">for<GreekSeq>14</GreekSeq></word><word seq="15">his<GreekSeq>17</GreekSeq></word><word seq="16">name’s<GreekSeq>16</GreekSeq></word><word seq="17">sake;<GreekSeq>14</GreekSeq></word></ASV></verse>
<verse number="6"><ASV><word seq="1">among<GreekSeq>1</GreekSeq></word><word seq="2">whom<GreekSeq>2</GreekSeq></word><word seq="3">are<GreekSeq>3</GreekSeq></word><word seq="4">ye<GreekSeq>5</GreekSeq></word><word seq="5">also,<GreekSeq>4</GreekSeq></word><word seq="6">called<GreekSeq>6</GreekSeq></word><word seq="7">to be</word><word seq="8">Jesus<GreekSeq>7</GreekSeq></word><word seq="9">Christ’s:<GreekSeq>8</GreekSeq></word></ASV></verse>
<verse number="7"><ASV><word seq="1">to all<GreekSeq>1</GreekSeq></word><word seq="2">that are<GreekSeq>3</GreekSeq></word><word seq="3">in<GreekSeq>4</GreekSeq></word><word seq="4">Rome,<GreekSeq>5</GreekSeq></word><word seq="5">beloved<GreekSeq>6</GreekSeq></word><word seq="6">of God,<GreekSeq>7</GreekSeq></word><word seq="7">called [to be]<GreekSeq>8</GreekSeq></word><word seq="8">saints:<GreekSeq>9</GreekSeq></word><word seq="9">Grace<GreekSeq>10</GreekSeq></word><word seq="10">to you<GreekSeq>11</GreekSeq></word><word seq="11">and<GreekSeq>12</GreekSeq></word><word seq="12">peace<GreekSeq>13</GreekSeq></word><word seq="13">from<GreekSeq>14</GreekSeq></word><word seq="14">God<GreekSeq>15</GreekSeq></word><word seq="15">our<GreekSeq>17</GreekSeq></word><word seq="16">Father<GreekSeq>16</GreekSeq></word><word seq="17">and<GreekSeq>18</GreekSeq></word><word seq="18">the Lord<GreekSeq>19</GreekSeq></word><word seq="19">Jesus<GreekSeq>20</GreekSeq></word><word seq="20">Christ.<GreekSeq>21</GreekSeq></word></ASV></verse>
<verse number="8"><ASV><word seq="1">First,<GreekSeq>1</GreekSeq></word><word seq="2">I thank<GreekSeq>3</GreekSeq></word><word seq="3">my<GreekSeq>6</GreekSeq></word><word seq="4">God<GreekSeq>5</GreekSeq></word><word seq="5">through<GreekSeq>7</GreekSeq></word><word seq="6">Jesus<GreekSeq>8</GreekSeq></word><word seq="7">Christ<GreekSeq>9</GreekSeq></word><word seq="8">for<GreekSeq>10</GreekSeq></word><word seq="9">you<GreekSeq>12</GreekSeq></word><word seq="10">all,<GreekSeq>11</GreekSeq></word><word seq="11">that<GreekSeq>13</GreekSeq></word><word seq="12">your<GreekSeq>16</GreekSeq></word><word seq="13">faith<GreekSeq>15</GreekSeq></word><word seq="14">is proclaimed<GreekSeq>17</GreekSeq></word><word seq="15">throughout<GreekSeq>18</GreekSeq></word><word seq="16">the<GreekSeq>20</GreekSeq></word><word seq="17">whole<GreekSeq>19</GreekSeq></word><word seq="18">world.<GreekSeq>21</GreekSeq></word></ASV></verse>
<verse number="9"><ASV><word seq="1">For<GreekSeq>2</GreekSeq></word><word seq="2">God<GreekSeq>6</GreekSeq></word><word seq="3">is<GreekSeq>4</GreekSeq></word><word seq="4">my<GreekSeq>3</GreekSeq></word><word seq="5">witness,<GreekSeq>1</GreekSeq></word><word seq="6">whom<GreekSeq>7</GreekSeq></word><word seq="7">I serve<GreekSeq>8</GreekSeq></word><word seq="8">in<GreekSeq>9</GreekSeq></word><word seq="9">my<GreekSeq>12</GreekSeq></word><word seq="10">spirit<GreekSeq>11</GreekSeq></word><word seq="11">in<GreekSeq>13</GreekSeq></word><word seq="12">the<GreekSeq>14</GreekSeq></word><word seq="13">gospel<GreekSeq>15</GreekSeq></word><word seq="14">of<GreekSeq>17</GreekSeq></word><word seq="15">his<GreekSeq>18</GreekSeq></word><word seq="16">Son,<GreekSeq>17</GreekSeq></word><word seq="17">how<GreekSeq>19</GreekSeq></word><word seq="18">unceasingly<GreekSeq>20</GreekSeq></word><word seq="19">I make<GreekSeq>23</GreekSeq></word><word seq="20">mention<GreekSeq>21</GreekSeq></word><word seq="21">of you,<GreekSeq>22</GreekSeq></word><word seq="22" note="see next verse">always in my prayers</word></ASV></verse>
<verse number="10"><ASV><word seq="1" note="from previous verse">always<GreekSeq>1</GreekSeq></word><word seq="2" note="from previous verse">in<GreekSeq>2</GreekSeq></word><word seq="3" note="from previous verse">my<GreekSeq>5</GreekSeq></word><word seq="4" note="from previous verse">prayers<GreekSeq>4</GreekSeq></word><word seq="5">making request,<GreekSeq>6</GreekSeq></word><word seq="6">if<GreekSeq>7</GreekSeq></word><word seq="7">by any means<GreekSeq>8</GreekSeq></word><word seq="8">now<GreekSeq>9</GreekSeq></word><word seq="9">at length<GreekSeq>10</GreekSeq></word><word seq="10">I may be prospered<GreekSeq>11</GreekSeq></word><word seq="11">by<GreekSeq>12</GreekSeq></word><word seq="12">the<GreekSeq>13</GreekSeq></word><word seq="13">will<GreekSeq>14</GreekSeq></word><word seq="14">of God<GreekSeq>16</GreekSeq></word><word seq="15">to come<GreekSeq>17</GreekSeq></word><word seq="16">unto<GreekSeq>18</GreekSeq></word><word seq="17">you.<GreekSeq>19</GreekSeq></word></ASV></verse>
<verse number="11"><ASV><word seq="1">For<GreekSeq>2</GreekSeq></word><word seq="2">I long<GreekSeq>1</GreekSeq></word><word seq="3">to see<GreekSeq>3</GreekSeq></word><word seq="4">you,<GreekSeq>4</GreekSeq></word><word seq="5">that<GreekSeq>5</GreekSeq></word><word seq="6">I may impart<GreekSeq>7</GreekSeq></word><word seq="7">unto you<GreekSeq>9</GreekSeq></word><word seq="8">some<GreekSeq>6</GreekSeq></word><word seq="9">spiritual<GreekSeq>10</GreekSeq></word><word seq="10">gift,<GreekSeq>8</GreekSeq></word><word seq="11">to the end<GreekSeq>11</GreekSeq><GreekSeq>12</GreekSeq></word><word seq="12">ye<GreekSeq>14</GreekSeq></word><word seq="13">may be established;<GreekSeq>13</GreekSeq></word></ASV></verse>
<verse number="12"><ASV><word seq="1">that<GreekSeq>1</GreekSeq></word><word seq="2">is,<GreekSeq>3</GreekSeq></word><word seq="3">[that I with you] may be comforted<GreekSeq>4</GreekSeq></word><word seq="4">in<GreekSeq>5</GreekSeq></word><word seq="5">you,<GreekSeq>6</GreekSeq></word><word seq="6">each of us</word><word seq="7">by<GreekSeq>7</GreekSeq></word><word seq="8">the<GreekSeq>8</GreekSeq></word><word seq="9">other’s<GreekSeq>10</GreekSeq></word><word seq="10">faith,<GreekSeq>11</GreekSeq></word><word seq="11">both<GreekSeq>13</GreekSeq></word><word seq="12">yours<GreekSeq>12</GreekSeq></word><word seq="13">and<GreekSeq>14</GreekSeq></word><word seq="14">mine.<GreekSeq>15</GreekSeq></word></ASV></verse>
<verse number="13"><ASV><word seq="1">And<GreekSeq>3</GreekSeq></word><word seq="2">I would<GreekSeq>2</GreekSeq></word><word seq="3">not<GreekSeq>1</GreekSeq></word><word seq="4">have<GreekSeq>2</GreekSeq></word><word seq="5">you<GreekSeq>4</GreekSeq></word><word seq="6">ignorant,<GreekSeq>5</GreekSeq></word><word seq="7">brethren,<GreekSeq>6</GreekSeq></word><word seq="8">that<GreekSeq>7</GreekSeq></word><word seq="9">oftentimes<GreekSeq>8</GreekSeq></word><word seq="10">I purposed<GreekSeq>9</GreekSeq></word><word seq="11">to come<GreekSeq>10</GreekSeq></word><word seq="12">unto<GreekSeq>11</GreekSeq></word><word seq="13">you<GreekSeq>12</GreekSeq></word><word seq="14">(and<GreekSeq>13</GreekSeq></word><word seq="15">was hindered<GreekSeq>14</GreekSeq></word><word seq="16">hitherto),<GreekSeq>15</GreekSeq><GreekSeq>16</GreekSeq><GreekSeq>17</GreekSeq></word><word seq="17">that<GreekSeq>18</GreekSeq></word><word seq="18">I might have<GreekSeq>21</GreekSeq></word><word seq="19">some<GreekSeq>19</GreekSeq></word><word seq="20">fruit<GreekSeq>20</GreekSeq></word><word seq="21">in<GreekSeq>23</GreekSeq></word><word seq="22">you<GreekSeq>24</GreekSeq></word><word seq="23">also,<GreekSeq>22</GreekSeq></word><word seq="24">even<GreekSeq>26</GreekSeq></word><word seq="25">as<GreekSeq>25</GreekSeq></word><word seq="26">in<GreekSeq>27</GreekSeq></word><word seq="27">the<GreekSeq>28</GreekSeq></word><word seq="28">rest<GreekSeq>29</GreekSeq></word><word seq="29">of the Gentiles.<GreekSeq>30</GreekSeq></word></ASV></verse>
<verse number="14"><ASV><word seq="1">I am<GreekSeq>10</GreekSeq></word><word seq="2">debtor<GreekSeq>9</GreekSeq></word><word seq="3">both<GreekSeq>2</GreekSeq></word><word seq="4">to Greeks<GreekSeq>1</GreekSeq></word><word seq="5">and<GreekSeq>3</GreekSeq></word><word seq="6">to Barbarians,<GreekSeq>4</GreekSeq></word><word seq="7">both<GreekSeq>6</GreekSeq></word><word seq="8">to the wise<GreekSeq>5</GreekSeq></word><word seq="9">and<GreekSeq>7</GreekSeq></word><word seq="10">to the foolish.<GreekSeq>8</GreekSeq></word></ASV></verse>
<verse number="15"><ASV><word seq="1">So,<GreekSeq>1</GreekSeq></word><word seq="2">as much as in<GreekSeq>2</GreekSeq><GreekSeq>3</GreekSeq></word><word seq="3">me<GreekSeq>4</GreekSeq></word><word seq="4">is, I am</word><word seq="5">ready<GreekSeq>5</GreekSeq></word><word seq="6">to preach the gospel to<GreekSeq>11</GreekSeq></word><word seq="7">you<GreekSeq>7</GreekSeq></word><word seq="8">also<GreekSeq>6</GreekSeq></word><word seq="9">that [are]<GreekSeq>8</GreekSeq></word><word seq="10">in<GreekSeq>9</GreekSeq></word><word seq="11">Rome.<GreekSeq>10</GreekSeq></word></ASV></verse>
<verse number="16"><ASV><word seq="1">For<GreekSeq>2</GreekSeq></word><word seq="2">I am<GreekSeq>3</GreekSeq></word><word seq="3">not<GreekSeq>1</GreekSeq></word><word seq="4">ashamed<GreekSeq>3</GreekSeq></word><word seq="5">of the<GreekSeq>4</GreekSeq></word><word seq="6">gospel:<GreekSeq>5</GreekSeq></word><word seq="7">for<GreekSeq>7</GreekSeq></word><word seq="8">it is<GreekSeq>9</GreekSeq></word><word seq="9">the power<GreekSeq>6</GreekSeq></word><word seq="10">of God<GreekSeq>8</GreekSeq></word><word seq="11">unto<GreekSeq>10</GreekSeq></word><word seq="12">salvation<GreekSeq>11</GreekSeq></word><word seq="13">to every<GreekSeq>12</GreekSeq></word><word seq="14">one<GreekSeq>13</GreekSeq></word><word seq="15">that believeth;<GreekSeq>14</GreekSeq></word><word seq="16">to the Jew<GreekSeq>15</GreekSeq></word><word seq="17">first,<GreekSeq>17</GreekSeq></word><word seq="18">and<GreekSeq>16</GreekSeq></word><word seq="19">also<GreekSeq>18</GreekSeq></word><word seq="20">to the Greek.<GreekSeq>19</GreekSeq></word></ASV></verse>
<verse number="17"><ASV><word seq="1">For<GreekSeq>2</GreekSeq></word><word seq="2">therein<GreekSeq>4</GreekSeq><GreekSeq>5</GreekSeq></word><word seq="3">is</word><word seq="4">revealed<GreekSeq>6</GreekSeq></word><word seq="5">a righteousness<GreekSeq>1</GreekSeq></word><word seq="6">of God<GreekSeq>3</GreekSeq></word><word seq="7">from<GreekSeq>7</GreekSeq></word><word seq="8">faith<GreekSeq>8</GreekSeq></word><word seq="9">unto<GreekSeq>9</GreekSeq></word><word seq="10">faith:<GreekSeq>10</GreekSeq></word><word seq="11">as<GreekSeq>11</GreekSeq></word><word seq="12">it is written,<GreekSeq>12</GreekSeq></word><word seq="13">But<GreekSeq>14</GreekSeq></word><word seq="14">the<GreekSeq>13</GreekSeq></word><word seq="15">righteous<GreekSeq>15</GreekSeq></word><word seq="16">shall live<GreekSeq>18</GreekSeq></word><word seq="17">by<GreekSeq>16</GreekSeq></word><word seq="18">faith.<GreekSeq>17</GreekSeq></word></ASV></verse>
<verse number="18"><ASV><word seq="1">For<GreekSeq>2</GreekSeq></word><word seq="2">the wrath<GreekSeq>3</GreekSeq></word><word seq="3">of God<GreekSeq>4</GreekSeq></word><word seq="4">is revealed<GreekSeq>1</GreekSeq></word><word seq="5">from<GreekSeq>5</GreekSeq></word><word seq="6">heaven<GreekSeq>6</GreekSeq></word><word seq="7">against<GreekSeq>7</GreekSeq></word><word seq="8">all<GreekSeq>8</GreekSeq></word><word seq="9">ungodliness<GreekSeq>9</GreekSeq></word><word seq="10">and<GreekSeq>10</GreekSeq></word><word seq="11">unrighteousness<GreekSeq>11</GreekSeq></word><word seq="12">of men,<GreekSeq>12</GreekSeq></word><word seq="13">who hinder<GreekSeq>18</GreekSeq></word><word seq="14">the<GreekSeq>14</GreekSeq></word><word seq="15">truth<GreekSeq>15</GreekSeq></word><word seq="16">in<GreekSeq>16</GreekSeq></word><word seq="17">unrighteousness;<GreekSeq>17</GreekSeq></word></ASV></verse>
<verse number="19"><ASV><word seq="1">because<GreekSeq>1</GreekSeq></word><word seq="2">that<GreekSeq>2</GreekSeq></word><word seq="3">[which is] known<GreekSeq>3</GreekSeq></word><word seq="4">of God<GreekSeq>5</GreekSeq></word><word seq="5">is<GreekSeq>7</GreekSeq></word><word seq="6">manifest<GreekSeq>6</GreekSeq></word><word seq="7">in<GreekSeq>8</GreekSeq></word><word seq="8">them;<GreekSeq>9</GreekSeq></word><word seq="9">for<GreekSeq>12</GreekSeq></word><word seq="10">God<GreekSeq>11</GreekSeq></word><word seq="11">manifested<GreekSeq>14</GreekSeq></word><word seq="12">it</word><word seq="13">unto them.<GreekSeq>13</GreekSeq></word></ASV></verse>
<verse number="20"><ASV><word seq="1">For<GreekSeq>2</GreekSeq></word><word seq="2">the<GreekSeq>1</GreekSeq></word><word seq="3">invisible [things]<GreekSeq>3</GreekSeq></word><word seq="4">of him<GreekSeq>4</GreekSeq></word><word seq="5">since<GreekSeq>5</GreekSeq></word><word seq="6">the creation<GreekSeq>6</GreekSeq></word><word seq="7">of the world<GreekSeq>7</GreekSeq></word><word seq="8">are clearly seen,<GreekSeq>11</GreekSeq></word><word seq="9">being perceived<GreekSeq>10</GreekSeq></word><word seq="10">through the things<GreekSeq>8</GreekSeq></word><word seq="11">that are made,<GreekSeq>9</GreekSeq></word><word seq="12">even<GreekSeq>13</GreekSeq></word><word seq="13">his<GreekSeq>15</GreekSeq></word><word seq="14">everlasting<GreekSeq>14</GreekSeq></word><word seq="15">power<GreekSeq>16</GreekSeq></word><word seq="16">and<GreekSeq>17</GreekSeq></word><word seq="17">divinity;<GreekSeq>18</GreekSeq></word><word seq="18">that<GreekSeq>19</GreekSeq><GreekSeq>20</GreekSeq></word><word seq="19">they<GreekSeq>22</GreekSeq></word><word seq="20">may be<GreekSeq>21</GreekSeq></word><word seq="21">without excuse:<GreekSeq>23</GreekSeq></word></ASV></verse>
<verse number="21"><ASV><word seq="1">because that,<GreekSeq>1</GreekSeq></word><word seq="2">knowing<GreekSeq>2</GreekSeq></word><word seq="3">God,<GreekSeq>4</GreekSeq></word><word seq="4">they glorified<GreekSeq>8</GreekSeq></word><word seq="5">him</word><word seq="6">not<GreekSeq>5</GreekSeq></word><word seq="7">as<GreekSeq>6</GreekSeq></word><word seq="8">God,<GreekSeq>7</GreekSeq></word><word seq="9">neither<GreekSeq>9</GreekSeq></word><word seq="10">gave thanks;<GreekSeq>10</GreekSeq></word><word seq="11">but<GreekSeq>11</GreekSeq></word><word seq="12">became vain<GreekSeq>12</GreekSeq></word><word seq="13">in<GreekSeq>13</GreekSeq></word><word seq="14">their<GreekSeq>16</GreekSeq></word><word seq="15">reasonings,<GreekSeq>15</GreekSeq></word><word seq="16">and<GreekSeq>17</GreekSeq></word><word seq="17">their<GreekSeq>21</GreekSeq></word><word seq="18">senseless<GreekSeq>20</GreekSeq></word><word seq="19">heart<GreekSeq>22</GreekSeq></word><word seq="20">was darkened.<GreekSeq>18</GreekSeq></word></ASV></verse>
<verse number="22"><ASV><word seq="1">Professing [themselves]<GreekSeq>1</GreekSeq></word><word seq="2">to be<GreekSeq>2</GreekSeq></word><word seq="3">wise,<GreekSeq>3</GreekSeq></word><word seq="4">they became fools,<GreekSeq>4</GreekSeq></word></ASV></verse>
<verse number="23"><ASV><word seq="1">and<GreekSeq>1</GreekSeq></word><word seq="2">changed<GreekSeq>2</GreekSeq></word><word seq="3">the<GreekSeq>3</GreekSeq></word><word seq="4">glory<GreekSeq>4</GreekSeq></word><word seq="5">of the<GreekSeq>5</GreekSeq></word><word seq="6">incorruptible<GreekSeq>6</GreekSeq></word><word seq="7">God<GreekSeq>7</GreekSeq></word><word seq="8">for<GreekSeq>8</GreekSeq></word><word seq="9">the likeness<GreekSeq>9</GreekSeq></word><word seq="10">of an image<GreekSeq>10</GreekSeq></word><word seq="11">of corruptible<GreekSeq>11</GreekSeq></word><word seq="12">man,<GreekSeq>12</GreekSeq></word><word seq="13">and<GreekSeq>13</GreekSeq></word><word seq="14">of birds,<GreekSeq>14</GreekSeq></word><word seq="15">and<GreekSeq>15</GreekSeq></word><word seq="16">four-footed beasts,<GreekSeq>16</GreekSeq></word><word seq="17">and<GreekSeq>17</GreekSeq></word><word seq="18">creeping things.<GreekSeq>18</GreekSeq></word></ASV></verse>
<verse number="24"><ASV><word seq="1">Wherefore<GreekSeq>1</GreekSeq></word><word seq="2">God<GreekSeq>5</GreekSeq></word><word seq="3">gave<GreekSeq>2</GreekSeq></word><word seq="4">them<GreekSeq>3</GreekSeq></word><word seq="5">up<GreekSeq>2</GreekSeq></word><word seq="6">in<GreekSeq>6</GreekSeq></word><word seq="7">the<GreekSeq>7</GreekSeq></word><word seq="8">lusts<GreekSeq>8</GreekSeq></word><word seq="9">of<GreekSeq>10</GreekSeq></word><word seq="10">their<GreekSeq>11</GreekSeq></word><word seq="11">hearts<GreekSeq>10</GreekSeq></word><word seq="12">unto<GreekSeq>12</GreekSeq></word><word seq="13">uncleanness,<GreekSeq>13</GreekSeq></word><word seq="14">that<GreekSeq>14</GreekSeq></word><word seq="15">their<GreekSeq>18</GreekSeq></word><word seq="16">bodies<GreekSeq>17</GreekSeq></word><word seq="17">should be dishonored<GreekSeq>15</GreekSeq></word><word seq="18">among<GreekSeq>19</GreekSeq></word><word seq="19">themselves:<GreekSeq>20</GreekSeq></word></ASV></verse>
<verse number="25"><ASV><word seq="1">for that</word><word seq="2">they<GreekSeq>1</GreekSeq></word><word seq="3">exchanged<GreekSeq>2</GreekSeq></word><word seq="4">the<GreekSeq>3</GreekSeq></word><word seq="5">truth<GreekSeq>4</GreekSeq></word><word seq="6">of God<GreekSeq>6</GreekSeq></word><word seq="7">for<GreekSeq>7</GreekSeq></word><word seq="8">a<GreekSeq>8</GreekSeq></word><word seq="9">lie,<GreekSeq>9</GreekSeq></word><word seq="10">and<GreekSeq>10</GreekSeq></word><word seq="11">worshipped<GreekSeq>11</GreekSeq></word><word seq="12">and<GreekSeq>12</GreekSeq></word><word seq="13">served<GreekSeq>13</GreekSeq></word><word seq="14">the<GreekSeq>14</GreekSeq></word><word seq="15">creature<GreekSeq>15</GreekSeq></word><word seq="16">rather than<GreekSeq>16</GreekSeq></word><word seq="17">the<GreekSeq>17</GreekSeq></word><word seq="18">Creator,<GreekSeq>18</GreekSeq></word><word seq="19">who<GreekSeq>19</GreekSeq></word><word seq="20">is<GreekSeq>20</GreekSeq></word><word seq="21">blessed<GreekSeq>21</GreekSeq></word><word seq="22">for<GreekSeq>22</GreekSeq></word><word seq="23">ever.<GreekSeq>24</GreekSeq></word><word seq="24">Amen.<GreekSeq>25</GreekSeq></word></ASV></verse>
<verse number="26"><ASV><word seq="1">For<GreekSeq>1</GreekSeq></word><word seq="2">this<GreekSeq>2</GreekSeq></word><word seq="3">cause<GreekSeq>1</GreekSeq></word><word seq="4">God<GreekSeq>6</GreekSeq></word><word seq="5">gave<GreekSeq>3</GreekSeq></word><word seq="6">them<GreekSeq>4</GreekSeq></word><word seq="7">up<GreekSeq>3</GreekSeq></word><word seq="8">unto<GreekSeq>7</GreekSeq></word><word seq="9">vile<GreekSeq>9</GreekSeq></word><word seq="10">passions:<GreekSeq>8</GreekSeq></word><word seq="11">for<GreekSeq>12</GreekSeq></word><word seq="12">their<GreekSeq>14</GreekSeq></word><word seq="13">women<GreekSeq>13</GreekSeq></word><word seq="14">changed<GreekSeq>15</GreekSeq></word><word seq="15">the<GreekSeq>16</GreekSeq></word><word seq="16">natural<GreekSeq>17</GreekSeq></word><word seq="17">use<GreekSeq>18</GreekSeq></word><word seq="18">into<GreekSeq>19</GreekSeq></word><word seq="19">that<GreekSeq>20</GreekSeq></word><word seq="20">which is</word><word seq="21">against<GreekSeq>21</GreekSeq></word><word seq="22">nature:<GreekSeq>22</GreekSeq></word></ASV></verse>
<verse number="27"><ASV><word seq="1">and<GreekSeq>2</GreekSeq></word><word seq="2">likewise<GreekSeq>1</GreekSeq></word><word seq="3">also<GreekSeq>3</GreekSeq></word><word seq="4">the<GreekSeq>4</GreekSeq></word><word seq="5">men,<GreekSeq>5</GreekSeq></word><word seq="6">leaving<GreekSeq>6</GreekSeq></word><word seq="7">the<GreekSeq>7</GreekSeq></word><word seq="8">natural<GreekSeq>8</GreekSeq></word><word seq="9">use<GreekSeq>9</GreekSeq></word><word seq="10">of the<GreekSeq>10</GreekSeq></word><word seq="11">woman,<GreekSeq>11</GreekSeq></word><word seq="12">burned<GreekSeq>12</GreekSeq></word><word seq="13">in<GreekSeq>13</GreekSeq></word><word seq="14">their<GreekSeq>16</GreekSeq></word><word seq="15">lust<GreekSeq>15</GreekSeq></word><word seq="16">one<GreekSeq>18</GreekSeq></word><word seq="17">toward<GreekSeq>17</GreekSeq></word><word seq="18">another,<GreekSeq>18</GreekSeq></word><word seq="19">men<GreekSeq>19</GreekSeq></word><word seq="20">with<GreekSeq>20</GreekSeq></word><word seq="21">men<GreekSeq>21</GreekSeq></word><word seq="22">working<GreekSeq>24</GreekSeq></word><word seq="23">unseemliness,<GreekSeq>23</GreekSeq></word><word seq="24">and<GreekSeq>25</GreekSeq></word><word seq="25">receiving<GreekSeq>35</GreekSeq></word><word seq="26">in<GreekSeq>33</GreekSeq></word><word seq="27">themselves<GreekSeq>34</GreekSeq></word><word seq="28">that<GreekSeq>26</GreekSeq></word><word seq="29">recompense<GreekSeq>27</GreekSeq></word><word seq="30">of<GreekSeq>31</GreekSeq></word><word seq="31">their<GreekSeq>32</GreekSeq></word><word seq="32">error<GreekSeq>31</GreekSeq></word><word seq="33">which<GreekSeq>28</GreekSeq></word><word seq="34">was due.<GreekSeq>29</GreekSeq></word></ASV></verse>
<verse number="28"><ASV><word seq="1">And<GreekSeq>1</GreekSeq></word><word seq="2">even as<GreekSeq>2</GreekSeq></word><word seq="3">they refused<GreekSeq>3</GreekSeq><GreekSeq>4</GreekSeq></word><word seq="4">to have<GreekSeq>7</GreekSeq></word><word seq="5">God<GreekSeq>6</GreekSeq></word><word seq="6">in <GreekSeq>8</GreekSeq></word><word seq="7">their</word><word seq="8">knowledge,<GreekSeq>9</GreekSeq></word><word seq="9">God<GreekSeq>13</GreekSeq></word><word seq="10">gave<GreekSeq>10</GreekSeq></word><word seq="11">them<GreekSeq>11</GreekSeq></word><word seq="12">up<GreekSeq>10</GreekSeq></word><word seq="13">unto<GreekSeq>14</GreekSeq></word><word seq="14">a reprobate<GreekSeq>15</GreekSeq></word><word seq="15">mind,<GreekSeq>16</GreekSeq></word><word seq="16">to do<GreekSeq>17</GreekSeq></word><word seq="17">those things<GreekSeq>18</GreekSeq></word><word seq="18">which are<GreekSeq>20</GreekSeq></word><word seq="19">not<GreekSeq>19</GreekSeq></word><word seq="20">fitting;<GreekSeq>20</GreekSeq></word></ASV></verse>
<verse number="29"><ASV><word seq="1">being filled with<GreekSeq>1</GreekSeq></word><word seq="2">all<GreekSeq>2</GreekSeq></word><word seq="3">unrighteousness,<GreekSeq>3</GreekSeq></word><word seq="4">wickedness,<GreekSeq>4</GreekSeq></word><word seq="5">covetousness,<GreekSeq>5</GreekSeq></word><word seq="6">maliciousness;<GreekSeq>6</GreekSeq></word><word seq="7">full<GreekSeq>7</GreekSeq></word><word seq="8">of envy,<GreekSeq>8</GreekSeq></word><word seq="9">murder,<GreekSeq>9</GreekSeq></word><word seq="10">strife,<GreekSeq>10</GreekSeq></word><word seq="11">deceit,<GreekSeq>11</GreekSeq></word><word seq="12">malignity;<GreekSeq>12</GreekSeq></word><word seq="13">whisperers,<GreekSeq>13</GreekSeq></word></ASV></verse>
<verse number="30"><ASV><word seq="1">backbiters,<GreekSeq>1</GreekSeq></word><word seq="2">hateful to God,<GreekSeq>2</GreekSeq></word><word seq="3">insolent,<GreekSeq>3</GreekSeq></word><word seq="4">haughty,<GreekSeq>4</GreekSeq></word><word seq="5">boastful,<GreekSeq>5</GreekSeq></word><word seq="6">inventors<GreekSeq>6</GreekSeq></word><word seq="7">of evil things,<GreekSeq>7</GreekSeq></word><word seq="8">disobedient<GreekSeq>9</GreekSeq></word><word seq="9">to parents,<GreekSeq>8</GreekSeq></word></ASV></verse>
<verse number="31"><ASV><word seq="1">without understanding,<GreekSeq>1</GreekSeq></word><word seq="2">covenant-breakers,<GreekSeq>2</GreekSeq></word><word seq="3">without natural affection,<GreekSeq>3</GreekSeq></word><word seq="4">unmerciful:<GreekSeq>4</GreekSeq></word></ASV></verse>
<verse number="32"><ASV><word seq="1">who,<GreekSeq>1</GreekSeq></word><word seq="2">knowing<GreekSeq>6</GreekSeq></word><word seq="3">the<GreekSeq>2</GreekSeq></word><word seq="4">ordinance<GreekSeq>3</GreekSeq></word><word seq="5">of God,<GreekSeq>5</GreekSeq></word><word seq="6">that<GreekSeq>7</GreekSeq></word><word seq="7">they<GreekSeq>8</GreekSeq></word><word seq="8">that practise<GreekSeq>11</GreekSeq></word><word seq="9">such things<GreekSeq>10</GreekSeq></word><word seq="10">are<GreekSeq>14</GreekSeq></word><word seq="11">worthy<GreekSeq>12</GreekSeq></word><word seq="12">of death,<GreekSeq>13</GreekSeq></word><word seq="13">not<GreekSeq>15</GreekSeq></word><word seq="14">only<GreekSeq>16</GreekSeq></word><word seq="15">do<GreekSeq>18</GreekSeq></word><word seq="16">the same,<GreekSeq>17</GreekSeq></word><word seq="17">but<GreekSeq>19</GreekSeq></word><word seq="18">also<GreekSeq>20</GreekSeq></word><word seq="19">consent with<GreekSeq>21</GreekSeq></word><word seq="20">them<GreekSeq>22</GreekSeq></word><word seq="21">that practise<GreekSeq>23</GreekSeq></word><word seq="22">them.</word></ASV></verse>
</chapter></book>