<?xml version="1.0" encoding="UTF-8" standalone="no"?><book><chapter number="2">
<verse number="1"><ASV><word seq="1">But<GreekSeq>2</GreekSeq></word><word seq="2">speak<GreekSeq>3</GreekSeq></word><word seq="3">thou<GreekSeq>1</GreekSeq></word><word seq="4">the things which<GreekSeq>4</GreekSeq></word><word seq="5">befit<GreekSeq>5</GreekSeq></word><word seq="6">the<GreekSeq>6</GreekSeq></word><word seq="7">sound<GreekSeq>7</GreekSeq></word><word seq="8">doctrine:<GreekSeq>8</GreekSeq></word></ASV></verse>
<verse number="2"><ASV><word seq="1">that aged men<GreekSeq>1</GreekSeq></word><word seq="2">be<GreekSeq>3</GreekSeq></word><word seq="3">temperate,<GreekSeq>2</GreekSeq></word><word seq="4">grave,<GreekSeq>4</GreekSeq></word><word seq="5">sober-minded,<GreekSeq>5</GreekSeq></word><word seq="6">sound<GreekSeq>6</GreekSeq></word><word seq="7">in faith,<GreekSeq>8</GreekSeq></word><word seq="8">in love,<GreekSeq>10</GreekSeq></word><word seq="9">in patience:<GreekSeq>12</GreekSeq></word></ASV></verse>
<verse number="3"><ASV><word seq="1">that aged women<GreekSeq>1</GreekSeq></word><word seq="2">likewise<GreekSeq>2</GreekSeq></word><word seq="3">be</word><word seq="4">reverent<GreekSeq>5</GreekSeq></word><word seq="5">in<GreekSeq>3</GreekSeq></word><word seq="6">demeanor,<GreekSeq>4</GreekSeq></word><word seq="7">not<GreekSeq>6</GreekSeq></word><word seq="8">slanderers<GreekSeq>7</GreekSeq></word><word seq="9">nor<GreekSeq>8</GreekSeq></word><word seq="10">enslaved<GreekSeq>11</GreekSeq></word><word seq="11">to much<GreekSeq>10</GreekSeq></word><word seq="12">wine,<GreekSeq>9</GreekSeq></word><word seq="13">teachers of that which is good;<GreekSeq>12</GreekSeq></word></ASV></verse>
<verse number="4"><ASV><word seq="1">that<GreekSeq>1</GreekSeq></word><word seq="2">they may train<GreekSeq>2</GreekSeq></word><word seq="3">the<GreekSeq>3</GreekSeq></word><word seq="4">young women<GreekSeq>4</GreekSeq></word><word seq="5">to love their husbands,<GreekSeq>5</GreekSeq></word><word seq="6">to love their children,<GreekSeq>7</GreekSeq></word></ASV></verse>
<verse number="5"><ASV><word seq="1">to be</word><word seq="2">sober-minded,<GreekSeq>1</GreekSeq></word><word seq="3">chaste,<GreekSeq>2</GreekSeq></word><word seq="4">workers at home,<GreekSeq>3</GreekSeq></word><word seq="5">kind,<GreekSeq>4</GreekSeq></word><word seq="6">being in subjection<GreekSeq>5</GreekSeq></word><word seq="7">to their own<GreekSeq>7</GreekSeq></word><word seq="8">husbands,<GreekSeq>8</GreekSeq></word><word seq="9">that<GreekSeq>9</GreekSeq></word><word seq="10">the<GreekSeq>11</GreekSeq></word><word seq="11">word<GreekSeq>12</GreekSeq></word><word seq="12">of God<GreekSeq>14</GreekSeq></word><word seq="13">be<GreekSeq>15</GreekSeq></word><word seq="14">not<GreekSeq>10</GreekSeq></word><word seq="15">blasphemed:<GreekSeq>15</GreekSeq></word></ASV></verse>
<verse number="6"><ASV><word seq="1">the<GreekSeq>1</GreekSeq></word><word seq="2">younger men<GreekSeq>2</GreekSeq></word><word seq="3">likewise<GreekSeq>3</GreekSeq></word><word seq="4">exhort<GreekSeq>4</GreekSeq></word><word seq="5">to be sober-minded:<GreekSeq>5</GreekSeq></word></ASV></verse>
<verse number="7"><ASV><word seq="1">in<GreekSeq>1</GreekSeq></word><word seq="2">all things<GreekSeq>2</GreekSeq></word><word seq="3">showing<GreekSeq>4</GreekSeq></word><word seq="4">thyself<GreekSeq>3</GreekSeq></word><word seq="5">an ensample<GreekSeq>5</GreekSeq></word><word seq="6">of good<GreekSeq>6</GreekSeq></word><word seq="7">works;<GreekSeq>7</GreekSeq></word><word seq="8">in<GreekSeq>8</GreekSeq></word><word seq="9">thy</word><word seq="10">doctrine<GreekSeq>10</GreekSeq></word><word seq="11">showing</word><word seq="12">uncorruptness,<GreekSeq>11</GreekSeq></word><word seq="13">gravity,<GreekSeq>12</GreekSeq></word></ASV></verse>
<verse number="8"><ASV><word seq="1">sound<GreekSeq>2</GreekSeq></word><word seq="2">speech,<GreekSeq>1</GreekSeq></word><word seq="3">that cannot be condemned;<GreekSeq>3</GreekSeq></word><word seq="4">that<GreekSeq>4</GreekSeq></word><word seq="5">he<GreekSeq>5</GreekSeq></word><word seq="6">that is</word><word seq="7">of<GreekSeq>6</GreekSeq></word><word seq="8">the contrary part<GreekSeq>7</GreekSeq></word><word seq="9">may be ashamed,<GreekSeq>8</GreekSeq></word><word seq="10">having<GreekSeq>10</GreekSeq></word><word seq="11">no<GreekSeq>9</GreekSeq></word><word seq="12">evil<GreekSeq>14</GreekSeq></word><word seq="13">thing<GreekSeq>9</GreekSeq></word><word seq="14">to say<GreekSeq>11</GreekSeq></word><word seq="15">of<GreekSeq>12</GreekSeq></word><word seq="16">us.<GreekSeq>13</GreekSeq></word></ASV></verse>
<verse number="9"><ASV><word seq="1">Exhort</word><word seq="2">servants<GreekSeq>1</GreekSeq></word><word seq="3">to be in subjection<GreekSeq>4</GreekSeq></word><word seq="4">to their own<GreekSeq>2</GreekSeq></word><word seq="5">masters,<GreekSeq>3</GreekSeq></word><word seq="6">and</word><word seq="7">to be<GreekSeq>8</GreekSeq></word><word seq="8">well-pleasing [to them]<GreekSeq>7</GreekSeq></word><word seq="9">in<GreekSeq>5</GreekSeq></word><word seq="10">all things;<GreekSeq>6</GreekSeq></word><word seq="11">not<GreekSeq>9</GreekSeq></word><word seq="12">gainsaying;<GreekSeq>10</GreekSeq></word></ASV></verse>
<verse number="10"><ASV><word seq="1">not<GreekSeq>1</GreekSeq></word><word seq="2">purloining,<GreekSeq>2</GreekSeq></word><word seq="3">but<GreekSeq>3</GreekSeq></word><word seq="4">showing<GreekSeq>6</GreekSeq></word><word seq="5">all<GreekSeq>4</GreekSeq></word><word seq="6">good<GreekSeq>7</GreekSeq></word><word seq="7">fidelity;<GreekSeq>5</GreekSeq></word><word seq="8">that<GreekSeq>8</GreekSeq></word><word seq="9">they may adorn<GreekSeq>16</GreekSeq></word><word seq="10">the<GreekSeq>9</GreekSeq></word><word seq="11">doctrine<GreekSeq>10</GreekSeq></word><word seq="12">of God<GreekSeq>15</GreekSeq></word><word seq="13">our<GreekSeq>14</GreekSeq></word><word seq="14">Saviour<GreekSeq>13</GreekSeq></word><word seq="15">in<GreekSeq>17</GreekSeq></word><word seq="16">all things.<GreekSeq>18</GreekSeq></word></ASV></verse>
<verse number="11"><ASV><word seq="1">For<GreekSeq>2</GreekSeq></word><word seq="2">the<GreekSeq>3</GreekSeq></word><word seq="3">grace<GreekSeq>4</GreekSeq></word><word seq="4">of God<GreekSeq>6</GreekSeq></word><word seq="5">hath appeared,<GreekSeq>1</GreekSeq></word><word seq="6">bringing</word><word seq="7">salvation<GreekSeq>7</GreekSeq></word><word seq="8">to all<GreekSeq>8</GreekSeq></word><word seq="9">men,<GreekSeq>9</GreekSeq></word></ASV></verse>
<verse number="12"><ASV><word seq="1">instructing<GreekSeq>1</GreekSeq></word><word seq="2">us,<GreekSeq>2</GreekSeq></word><word seq="3">to the intent</word><word seq="4">that,<GreekSeq>3</GreekSeq></word><word seq="5">denying<GreekSeq>4</GreekSeq></word><word seq="6">ungodliness<GreekSeq>6</GreekSeq></word><word seq="7">and<GreekSeq>7</GreekSeq></word><word seq="8">worldly<GreekSeq>9</GreekSeq></word><word seq="9">lusts,<GreekSeq>10</GreekSeq></word><word seq="10">we should live<GreekSeq>16</GreekSeq></word><word seq="11">soberly<GreekSeq>11</GreekSeq></word><word seq="12">and<GreekSeq>12</GreekSeq></word><word seq="13">righteously<GreekSeq>13</GreekSeq></word><word seq="14">and<GreekSeq>14</GreekSeq></word><word seq="15">godly<GreekSeq>15</GreekSeq></word><word seq="16">in<GreekSeq>17</GreekSeq></word><word seq="17">this<GreekSeq>18</GreekSeq></word><word seq="18">present<GreekSeq>19</GreekSeq></word><word seq="19">world;<GreekSeq>20</GreekSeq></word></ASV></verse>
<verse number="13"><ASV><word seq="1">looking for<GreekSeq>1</GreekSeq></word><word seq="2">the<GreekSeq>2</GreekSeq></word><word seq="3">blessed<GreekSeq>3</GreekSeq></word><word seq="4">hope<GreekSeq>4</GreekSeq></word><word seq="5">and<GreekSeq>5</GreekSeq></word><word seq="6">appearing<GreekSeq>6</GreekSeq></word><word seq="7">of the<GreekSeq>7</GreekSeq></word><word seq="8">glory<GreekSeq>8</GreekSeq></word><word seq="9">of the<GreekSeq>9</GreekSeq></word><word seq="10">great<GreekSeq>10</GreekSeq></word><word seq="11">God<GreekSeq>11</GreekSeq></word><word seq="12">and<GreekSeq>12</GreekSeq></word><word seq="13">our<GreekSeq>14</GreekSeq></word><word seq="14">Saviour<GreekSeq>13</GreekSeq></word><word seq="15">Jesus<GreekSeq>15</GreekSeq></word><word seq="16">Christ;<GreekSeq>16</GreekSeq></word></ASV></verse>
<verse number="14"><ASV><word seq="1">who<GreekSeq>1</GreekSeq></word><word seq="2">gave<GreekSeq>2</GreekSeq></word><word seq="3">himself<GreekSeq>3</GreekSeq></word><word seq="4">for<GreekSeq>4</GreekSeq></word><word seq="5">us,<GreekSeq>5</GreekSeq></word><word seq="6">that<GreekSeq>6</GreekSeq></word><word seq="7">he might redeem<GreekSeq>7</GreekSeq></word><word seq="8">us<GreekSeq>8</GreekSeq></word><word seq="9">from<GreekSeq>9</GreekSeq></word><word seq="10">all<GreekSeq>10</GreekSeq></word><word seq="11">iniquity,<GreekSeq>11</GreekSeq></word><word seq="12">and<GreekSeq>12</GreekSeq></word><word seq="13">purify<GreekSeq>13</GreekSeq></word><word seq="14">unto himself<GreekSeq>14</GreekSeq></word><word seq="15">a people<GreekSeq>15</GreekSeq></word><word seq="16">for his own possession,<GreekSeq>16</GreekSeq></word><word seq="17">zealous<GreekSeq>17</GreekSeq></word><word seq="18">of good<GreekSeq>18</GreekSeq></word><word seq="19">works.<GreekSeq>19</GreekSeq></word></ASV></verse>
<verse number="15"><ASV><word seq="1">These things<GreekSeq>1</GreekSeq></word><word seq="2">speak<GreekSeq>2</GreekSeq></word><word seq="3">and<GreekSeq>3</GreekSeq></word><word seq="4">exhort<GreekSeq>4</GreekSeq></word><word seq="5">and<GreekSeq>5</GreekSeq></word><word seq="6">reprove<GreekSeq>6</GreekSeq></word><word seq="7">with<GreekSeq>7</GreekSeq></word><word seq="8">all<GreekSeq>8</GreekSeq></word><word seq="9">authority.<GreekSeq>9</GreekSeq></word><word seq="10">Let<GreekSeq>12</GreekSeq></word><word seq="11">no man<GreekSeq>10</GreekSeq></word><word seq="12">despise<GreekSeq>12</GreekSeq></word><word seq="13">thee.<GreekSeq>11</GreekSeq></word></ASV></verse>
</chapter></book>