<?xml version="1.0" encoding="UTF-8" standalone="no"?><book><chapter number="10">
<verse number="1"><CSB><word seq="1">弟兄們，<GreekSeq>6</GreekSeq></word><word seq="2">我<GreekSeq>2</GreekSeq></word><word seq="3">不<GreekSeq>1</GreekSeq></word><word seq="4">願意<GreekSeq>2</GreekSeq></word><word seq="5">你們<GreekSeq>4</GreekSeq></word><word seq="6">不明白：<GreekSeq>5</GreekSeq></word><word seq="7">我們的<GreekSeq>10</GreekSeq></word><word seq="8">祖先<GreekSeq>9</GreekSeq></word><word seq="9">曾經<GreekSeq>15</GreekSeq></word><word seq="10">都<GreekSeq>11</GreekSeq></word><word seq="11">在<GreekSeq>12</GreekSeq></word><word seq="12">那<GreekSeq>13</GreekSeq></word><word seq="13">雲[彩]<GreekSeq>14</GreekSeq></word><word seq="14">之下，<GreekSeq>12</GreekSeq></word><word seq="15">都<GreekSeq>17</GreekSeq></word><word seq="16">從<GreekSeq>18</GreekSeq></word><word seq="17">那<GreekSeq>19</GreekSeq></word><word seq="18">海中<GreekSeq>20</GreekSeq></word><word seq="19">經過，<GreekSeq>21</GreekSeq></word></CSB></verse>
<verse number="2"><CSB><word seq="1">並且<GreekSeq>1</GreekSeq></word><word seq="2">都<GreekSeq>2</GreekSeq></word><word seq="3">在<GreekSeq>7</GreekSeq></word><word seq="4">那<GreekSeq>8</GreekSeq></word><word seq="5">雲<GreekSeq>9</GreekSeq></word><word seq="6">裡<GreekSeq>7</GreekSeq></word><word seq="7">和<GreekSeq>10</GreekSeq></word><word seq="8">海<GreekSeq>13</GreekSeq></word><word seq="9">裡<GreekSeq>11</GreekSeq></word><word seq="10">受洗<GreekSeq>6</GreekSeq></word><word seq="11">歸於<GreekSeq>3</GreekSeq></word><word seq="12">摩西。<GreekSeq>5</GreekSeq></word></CSB></verse>
<verse number="3"><CSB><word seq="1">他們<GreekSeq>7</GreekSeq></word><word seq="2">都<GreekSeq>2</GreekSeq></word><word seq="3">吃了<GreekSeq>7</GreekSeq></word><word seq="4">同樣的<GreekSeq>4</GreekSeq></word><word seq="5">[屬]靈<GreekSeq>5</GreekSeq></word><word seq="6">食物，<GreekSeq>6</GreekSeq></word></CSB></verse>
<verse number="4"><CSB><word seq="1">也<GreekSeq>1</GreekSeq></word><word seq="2">都<GreekSeq>2</GreekSeq></word><word seq="3">喝了<GreekSeq>6</GreekSeq></word><word seq="4">同樣的<GreekSeq>4</GreekSeq></word><word seq="5">[屬]靈之<GreekSeq>5</GreekSeq></word><word seq="6">水。<GreekSeq>7</GreekSeq></word><word seq="7">原來<GreekSeq>9</GreekSeq></word><word seq="8">他們所喝<GreekSeq>8</GreekSeq></word><word seq="9">的是</word><word seq="10">出於<GreekSeq>10</GreekSeq></word><word seq="11">那<GreekSeq>14</GreekSeq></word><word seq="12">隨著[他們]的<GreekSeq>12</GreekSeq></word><word seq="13">[屬]靈<GreekSeq>11</GreekSeq></word><word seq="14">磐石；<GreekSeq>13</GreekSeq></word><word seq="15">那<GreekSeq>14</GreekSeq></word><word seq="16">磐石<GreekSeq>15</GreekSeq></word><word seq="17">就<GreekSeq>16</GreekSeq></word><word seq="18">是<GreekSeq>17</GreekSeq></word><word seq="19">基督。<GreekSeq>19</GreekSeq></word></CSB></verse>
<verse number="5"><CSB><word seq="1">但是<GreekSeq>1</GreekSeq></word><word seq="2">神<GreekSeq>9</GreekSeq></word><word seq="3">不<GreekSeq>2</GreekSeq></word><word seq="4">喜悅<GreekSeq>7</GreekSeq></word><word seq="5">他們<GreekSeq>6</GreekSeq></word><word seq="6">中<GreekSeq>3</GreekSeq></word><word seq="7">的大多數人，<GreekSeq>4</GreekSeq><GreekSeq>5</GreekSeq></word><word seq="8">所以<GreekSeq>11</GreekSeq></word><word seq="9">他們倒斃<GreekSeq>10</GreekSeq></word><word seq="10">在<GreekSeq>12</GreekSeq></word><word seq="11">曠野。<GreekSeq>14</GreekSeq></word></CSB></verse>
<verse number="6"><CSB><word seq="1">這些事<GreekSeq>1</GreekSeq></word><word seq="2">的發生，</word><word seq="3">是為了<GreekSeq>5</GreekSeq></word><word seq="4">我們的<GreekSeq>4</GreekSeq></word><word seq="5">鑒戒，<GreekSeq>3</GreekSeq></word><word seq="6">好使<GreekSeq>6</GreekSeq><GreekSeq>7</GreekSeq></word><word seq="7">我們<GreekSeq>10</GreekSeq></word><word seq="8">不<GreekSeq>8</GreekSeq></word><word seq="9">像<GreekSeq>13</GreekSeq></word><word seq="10">他們<GreekSeq>14</GreekSeq></word><word seq="11">成為<GreekSeq>9</GreekSeq></word><word seq="12">貪戀<GreekSeq>11</GreekSeq></word><word seq="13">惡事的[人]。<GreekSeq>12</GreekSeq></word></CSB></verse>
<verse number="7"><CSB><word seq="1">你們<GreekSeq>3</GreekSeq></word><word seq="2">也不<GreekSeq>1</GreekSeq></word><word seq="3">可<GreekSeq>3</GreekSeq></word><word seq="4">像<GreekSeq>4</GreekSeq></word><word seq="5">他們[中]的<GreekSeq>6</GreekSeq></word><word seq="6">有些人<GreekSeq>5</GreekSeq></word><word seq="7">那樣，<GreekSeq>4</GreekSeq></word><word seq="8">成為<GreekSeq>3</GreekSeq></word><word seq="9">拜偶像的，<GreekSeq>2</GreekSeq></word><word seq="10">正如<GreekSeq>7</GreekSeq></word><word seq="11">經上</word><word seq="12">所記：<GreekSeq>8</GreekSeq></word><word seq="13">「民眾<GreekSeq>11</GreekSeq></word><word seq="14">坐下<GreekSeq>9</GreekSeq></word><word seq="15">吃<GreekSeq>12</GreekSeq></word><word seq="16">喝，<GreekSeq>14</GreekSeq></word><word seq="17">起來<GreekSeq>16</GreekSeq></word><word seq="18">玩樂。」<GreekSeq>17</GreekSeq></word></CSB></verse>
<verse number="8"><CSB><word seq="1">我們<GreekSeq>2</GreekSeq></word><word seq="2">也不<GreekSeq>1</GreekSeq></word><word seq="3">可行淫亂，<GreekSeq>2</GreekSeq></word><word seq="4">像<GreekSeq>3</GreekSeq></word><word seq="5">他們[中]的<GreekSeq>5</GreekSeq></word><word seq="6">有些人<GreekSeq>4</GreekSeq></word><word seq="7">行淫亂，<GreekSeq>6</GreekSeq></word><word seq="8">結果</word><word seq="9">一<GreekSeq>9</GreekSeq></word><word seq="10">天<GreekSeq>10</GreekSeq></word><word seq="11">就<GreekSeq>7</GreekSeq></word><word seq="12">倒[斃]了<GreekSeq>8</GreekSeq></word><word seq="13">兩萬三千人。<GreekSeq>11</GreekSeq><GreekSeq>12</GreekSeq><GreekSeq>13</GreekSeq></word></CSB></verse>
<verse number="9"><CSB><word seq="1">我們<GreekSeq>2</GreekSeq></word><word seq="2">也不<GreekSeq>1</GreekSeq></word><word seq="3">可試探<GreekSeq>2</GreekSeq></word><word seq="4">基督，<GreekSeq>4</GreekSeq></word><word seq="5">像<GreekSeq>5</GreekSeq></word><word seq="6">他們[中]的<GreekSeq>7</GreekSeq></word><word seq="7">有些人<GreekSeq>6</GreekSeq></word><word seq="8">試探了，<GreekSeq>8</GreekSeq></word><word seq="9">結果</word><word seq="10">就<GreekSeq>9</GreekSeq></word><word seq="11">被<GreekSeq>10</GreekSeq></word><word seq="12">蛇<GreekSeq>12</GreekSeq></word><word seq="13">所滅。<GreekSeq>13</GreekSeq></word></CSB></verse>
<verse number="10"><CSB><word seq="1">你們<GreekSeq>2</GreekSeq></word><word seq="2">也不<GreekSeq>1</GreekSeq></word><word seq="3">可抱怨，<GreekSeq>2</GreekSeq></word><word seq="4">像<GreekSeq>3</GreekSeq></word><word seq="5">他們[中]的<GreekSeq>5</GreekSeq></word><word seq="6">有些人<GreekSeq>4</GreekSeq></word><word seq="7">抱怨了，<GreekSeq>6</GreekSeq></word><word seq="8">結果</word><word seq="9">就<GreekSeq>7</GreekSeq></word><word seq="10">被<GreekSeq>9</GreekSeq></word><word seq="11">那<GreekSeq>10</GreekSeq></word><word seq="12">毀滅者<GreekSeq>11</GreekSeq></word><word seq="13">所滅。<GreekSeq>8</GreekSeq></word></CSB></verse>
<verse number="11"><CSB><word seq="1">這些事<GreekSeq>1</GreekSeq></word><word seq="2">發生<GreekSeq>4</GreekSeq></word><word seq="3">在他們[身上]，<GreekSeq>5</GreekSeq></word><word seq="4">做為鑒戒；<GreekSeq>3</GreekSeq></word><word seq="5">並且<GreekSeq>7</GreekSeq></word><word seq="6">被記載下來，<GreekSeq>6</GreekSeq></word><word seq="7">是</word><word seq="8">為了<GreekSeq>8</GreekSeq></word><word seq="9">警戒<GreekSeq>9</GreekSeq></word><word seq="10">我們<GreekSeq>10</GreekSeq></word><word seq="11">這些<GreekSeq>12</GreekSeq></word><word seq="12">面臨<GreekSeq>17</GreekSeq></word><word seq="13">萬世<GreekSeq>16</GreekSeq></word><word seq="14">結局<GreekSeq>14</GreekSeq></word><word seq="15">的人。<GreekSeq>12</GreekSeq></word></CSB></verse>
<verse number="12"><CSB><word seq="1">所以，<GreekSeq>1</GreekSeq></word><word seq="2">那<GreekSeq>2</GreekSeq></word><word seq="3">自以為<GreekSeq>3</GreekSeq></word><word seq="4">站得住的，<GreekSeq>4</GreekSeq></word><word seq="5">應該當心，<GreekSeq>5</GreekSeq></word><word seq="6">免得<GreekSeq>6</GreekSeq></word><word seq="7">跌倒。<GreekSeq>7</GreekSeq></word></CSB></verse>
<verse number="13"><CSB><word seq="1">你們<GreekSeq>2</GreekSeq></word><word seq="2">所遭受<GreekSeq>4</GreekSeq></word><word seq="3">的</word><word seq="4">試探，<GreekSeq>1</GreekSeq></word><word seq="5" note="εἰ μή Strong Code (1508)">無非<GreekSeq>5</GreekSeq><GreekSeq>6</GreekSeq></word><word seq="6">是</word><word seq="7">人[所遭受]的。<GreekSeq>7</GreekSeq></word><word seq="8">神<GreekSeq>11</GreekSeq></word><word seq="9">是</word><word seq="10">信實的，<GreekSeq>8</GreekSeq></word><word seq="11">他<GreekSeq>12</GreekSeq></word><word seq="12">不<GreekSeq>13</GreekSeq></word><word seq="13">會讓<GreekSeq>14</GreekSeq></word><word seq="14">你們<GreekSeq>15</GreekSeq></word><word seq="15">受試探<GreekSeq>16</GreekSeq></word><word seq="16">過於<GreekSeq>17</GreekSeq></word><word seq="17">你們</word><word seq="18">所能[受]的；<GreekSeq>19</GreekSeq></word><word seq="19">而且<GreekSeq>20</GreekSeq></word><word seq="20">在你們受試探的時候，<GreekSeq>22</GreekSeq><GreekSeq>23</GreekSeq><GreekSeq>24</GreekSeq></word><word seq="21">他會[給你們]開<GreekSeq>21</GreekSeq></word><word seq="22">一條出路，<GreekSeq>27</GreekSeq></word><word seq="23">使你們</word><word seq="24">能<GreekSeq>29</GreekSeq></word><word seq="25">忍受得住。<GreekSeq>30</GreekSeq></word></CSB></verse>
<verse number="14"><CSB><word seq="1">所以，<GreekSeq>1</GreekSeq></word><word seq="2">我<GreekSeq>3</GreekSeq></word><word seq="3">親愛的各位，<GreekSeq>2</GreekSeq></word><word seq="4">你們要逃避<GreekSeq>4</GreekSeq></word><word seq="5">拜偶像的事。<GreekSeq>7</GreekSeq></word></CSB></verse>
<verse number="15"><CSB><word seq="1">我<GreekSeq>3</GreekSeq></word><word seq="2">就</word><word seq="3">像<GreekSeq>1</GreekSeq></word><word seq="4">對聰明[人]<GreekSeq>2</GreekSeq></word><word seq="5">在說話；<GreekSeq>3</GreekSeq></word><word seq="6">我所說的，<GreekSeq>6</GreekSeq><GreekSeq>7</GreekSeq></word><word seq="7">你們<GreekSeq>5</GreekSeq></word><word seq="8">應當[自己]判斷。<GreekSeq>4</GreekSeq></word></CSB></verse>
<verse number="16"><CSB><word seq="1">我們所祝謝的<GreekSeq>5</GreekSeq><GreekSeq>6</GreekSeq></word><word seq="2">福<GreekSeq>4</GreekSeq></word><word seq="3">杯，<GreekSeq>2</GreekSeq></word><word seq="4">難道不<GreekSeq>7</GreekSeq></word><word seq="5">是<GreekSeq>9</GreekSeq></word><word seq="6">在</word><word seq="7">基督之<GreekSeq>13</GreekSeq></word><word seq="8">血[裡]的<GreekSeq>11</GreekSeq></word><word seq="9">一種契合<GreekSeq>8</GreekSeq></word><word seq="10">嗎？</word><word seq="11">我們所掰的<GreekSeq>16</GreekSeq><GreekSeq>17</GreekSeq></word><word seq="12">餅，<GreekSeq>15</GreekSeq></word><word seq="13">難道不<GreekSeq>18</GreekSeq></word><word seq="14">是<GreekSeq>24</GreekSeq></word><word seq="15">在</word><word seq="16">基督<GreekSeq>23</GreekSeq></word><word seq="17">身體[裡]的<GreekSeq>21</GreekSeq></word><word seq="18">一種契合<GreekSeq>19</GreekSeq></word><word seq="19">嗎？</word></CSB></verse>
<verse number="17"><CSB><word seq="1">這是</word><word seq="2">因為<GreekSeq>1</GreekSeq></word><word seq="3">餅<GreekSeq>3</GreekSeq></word><word seq="4">只有</word><word seq="5">一個，<GreekSeq>2</GreekSeq></word><word seq="6">而</word><word seq="7">我們<GreekSeq>8</GreekSeq></word><word seq="8">這<GreekSeq>6</GreekSeq></word><word seq="9">許多[人]<GreekSeq>7</GreekSeq></word><word seq="10">是<GreekSeq>8</GreekSeq></word><word seq="11">一個<GreekSeq>4</GreekSeq></word><word seq="12">身體<GreekSeq>5</GreekSeq></word><word seq="13">——[就是說]，<GreekSeq>10</GreekSeq></word><word seq="14">我們<GreekSeq>16</GreekSeq></word><word seq="15">全都<GreekSeq>11</GreekSeq></word><word seq="16">共享<GreekSeq>16</GreekSeq></word><word seq="17">這<GreekSeq>13</GreekSeq></word><word seq="18">一個<GreekSeq>14</GreekSeq></word><word seq="19">餅。<GreekSeq>15</GreekSeq></word></CSB></verse>
<verse number="18"><CSB><word seq="1">你們看<GreekSeq>1</GreekSeq></word><word seq="2">[世上的]<GreekSeq>4</GreekSeq><GreekSeq>5</GreekSeq></word><word seq="3">以色列人<GreekSeq>3</GreekSeq></word><word seq="4">吧，難道</word><word seq="5">那些<GreekSeq>7</GreekSeq></word><word seq="6">吃<GreekSeq>8</GreekSeq></word><word seq="7">祭物<GreekSeq>10</GreekSeq></word><word seq="8">的人<GreekSeq>8</GreekSeq></word><word seq="9">不<GreekSeq>6</GreekSeq></word><word seq="10">是<GreekSeq>14</GreekSeq></word><word seq="11">與祭壇<GreekSeq>13</GreekSeq></word><word seq="12">有份的人<GreekSeq>11</GreekSeq></word><word seq="13">嗎？</word></CSB></verse>
<verse number="19"><CSB><word seq="1">那麼，<GreekSeq>2</GreekSeq></word><word seq="2">我<GreekSeq>3</GreekSeq></word><word seq="3">怎麼<GreekSeq>1</GreekSeq></word><word seq="4">說<GreekSeq>3</GreekSeq></word><word seq="5">呢？難道說</word><word seq="6">祭過偶像的[食]物<GreekSeq>5</GreekSeq></word><word seq="7">算得了<GreekSeq>7</GreekSeq></word><word seq="8">什麼嗎？<GreekSeq>6</GreekSeq></word><word seq="9">或<GreekSeq>8</GreekSeq></word><word seq="10">說，</word><word seq="11">偶像<GreekSeq>10</GreekSeq></word><word seq="12">算得了<GreekSeq>12</GreekSeq></word><word seq="13">什麼嗎？<GreekSeq>11</GreekSeq></word></CSB></verse>
<verse number="20"><CSB><word seq="1">不，<GreekSeq>1</GreekSeq></word><word seq="2">我是說，</word><word seq="3">[外邦人]所獻的祭<GreekSeq>3</GreekSeq><GreekSeq>4</GreekSeq></word><word seq="4">是</word><word seq="5">[獻給]鬼魔<GreekSeq>5</GreekSeq></word><word seq="6">的，</word><word seq="7">不是<GreekSeq>7</GreekSeq></word><word seq="8">獻給<GreekSeq>9</GreekSeq></word><word seq="9">神<GreekSeq>8</GreekSeq></word><word seq="10">的；</word><word seq="11">而<GreekSeq>12</GreekSeq></word><word seq="12">我<GreekSeq>11</GreekSeq></word><word seq="13">不<GreekSeq>10</GreekSeq></word><word seq="14">願意<GreekSeq>11</GreekSeq></word><word seq="15">你們<GreekSeq>13</GreekSeq></word><word seq="16">成為<GreekSeq>17</GreekSeq></word><word seq="17">與鬼魔<GreekSeq>16</GreekSeq></word><word seq="18">有份的人。<GreekSeq>14</GreekSeq></word></CSB></verse>
<verse number="21"><CSB><word seq="1">你們<GreekSeq>2</GreekSeq></word><word seq="2">不<GreekSeq>1</GreekSeq></word><word seq="3">能<GreekSeq>2</GreekSeq></word><word seq="4">既</word><word seq="5">喝<GreekSeq>5</GreekSeq></word><word seq="6">主的<GreekSeq>4</GreekSeq></word><word seq="7">杯，<GreekSeq>3</GreekSeq></word><word seq="8">又<GreekSeq>6</GreekSeq></word><word seq="9">喝</word><word seq="10">鬼魔的<GreekSeq>8</GreekSeq></word><word seq="11">杯；<GreekSeq>7</GreekSeq></word><word seq="12">不<GreekSeq>9</GreekSeq></word><word seq="13">能<GreekSeq>10</GreekSeq></word><word seq="14">既</word><word seq="15">吃<GreekSeq>13</GreekSeq></word><word seq="16">主的<GreekSeq>12</GreekSeq></word><word seq="17">筵席，<GreekSeq>11</GreekSeq></word><word seq="18">又<GreekSeq>14</GreekSeq></word><word seq="19">吃</word><word seq="20">鬼魔的<GreekSeq>16</GreekSeq></word><word seq="21">筵席。<GreekSeq>15</GreekSeq></word></CSB></verse>
<verse number="22"><CSB><word seq="1">難道<GreekSeq>1</GreekSeq></word><word seq="2">我們要激起<GreekSeq>2</GreekSeq></word><word seq="3">主的<GreekSeq>4</GreekSeq></word><word seq="4">嫉恨<GreekSeq>2</GreekSeq></word><word seq="5">嗎？</word><word seq="6">難道<GreekSeq>5</GreekSeq></word><word seq="7">我們<GreekSeq>8</GreekSeq></word><word seq="8">比<GreekSeq>6</GreekSeq></word><word seq="9">他<GreekSeq>7</GreekSeq></word><word seq="10">更強<GreekSeq>6</GreekSeq></word><word seq="11">嗎？</word></CSB></verse>
<verse number="23"><CSB><word seq="1">「什麼事都<GreekSeq>1</GreekSeq></word><word seq="2">可以做」，<GreekSeq>2</GreekSeq></word><word seq="3">但<GreekSeq>3</GreekSeq></word><word seq="4">不<GreekSeq>4</GreekSeq></word><word seq="5">都<GreekSeq>5</GreekSeq></word><word seq="6">有益處；<GreekSeq>6</GreekSeq></word><word seq="7">「什麼事都<GreekSeq>7</GreekSeq></word><word seq="8">可以做」，<GreekSeq>8</GreekSeq></word><word seq="9">但<GreekSeq>9</GreekSeq></word><word seq="10">不<GreekSeq>10</GreekSeq></word><word seq="11">都<GreekSeq>11</GreekSeq></word><word seq="12">造就[人]。<GreekSeq>12</GreekSeq></word></CSB></verse>
<verse number="24"><CSB><word seq="1">誰都不<GreekSeq>1</GreekSeq></word><word seq="2">應當求<GreekSeq>4</GreekSeq></word><word seq="3">自己的<GreekSeq>3</GreekSeq></word><word seq="4">[益處]，<GreekSeq>2</GreekSeq></word><word seq="5">而<GreekSeq>5</GreekSeq></word><word seq="6">應當求</word><word seq="7">別人的<GreekSeq>7</GreekSeq><GreekSeq>8</GreekSeq></word><word seq="8">[益處]。<GreekSeq>6</GreekSeq></word></CSB></verse>
<verse number="25"><CSB><word seq="1">肉市<GreekSeq>4</GreekSeq></word><word seq="2">上<GreekSeq>3</GreekSeq></word><word seq="3">所賣的<GreekSeq>5</GreekSeq></word><word seq="4">一切，<GreekSeq>1</GreekSeq></word><word seq="5">你們都可以吃；<GreekSeq>6</GreekSeq></word><word seq="6">不<GreekSeq>7</GreekSeq></word><word seq="7">要<GreekSeq>8</GreekSeq></word><word seq="8">為了<GreekSeq>9</GreekSeq></word><word seq="9">良心<GreekSeq>11</GreekSeq></word><word seq="10">的緣故<GreekSeq>9</GreekSeq></word><word seq="11">而</word><word seq="12">問<GreekSeq>8</GreekSeq></word><word seq="13">什麼，<GreekSeq>7</GreekSeq></word></CSB></verse>
<verse number="26"><CSB><word seq="1">因為<GreekSeq>3</GreekSeq></word><word seq="2">「[大]地<GreekSeq>5</GreekSeq></word><word seq="3">和<GreekSeq>6</GreekSeq></word><word seq="4">其中的<GreekSeq>9</GreekSeq></word><word seq="5">[一切]<GreekSeq>8</GreekSeq></word><word seq="6">都</word><word seq="7">屬於主。」<GreekSeq>2</GreekSeq></word></CSB></verse>
<verse number="27"><CSB><word seq="1">如果<GreekSeq>1</GreekSeq></word><word seq="2">有<GreekSeq>2</GreekSeq></word><word seq="3">不信的人<GreekSeq>5</GreekSeq><GreekSeq>6</GreekSeq></word><word seq="4">請<GreekSeq>3</GreekSeq></word><word seq="5">你們<GreekSeq>4</GreekSeq></word><word seq="6">[吃飯]，<GreekSeq>3</GreekSeq></word><word seq="7">而<GreekSeq>7</GreekSeq></word><word seq="8">你們也願意<GreekSeq>8</GreekSeq></word><word seq="9">去，<GreekSeq>9</GreekSeq></word><word seq="10">那麼，</word><word seq="11">凡<GreekSeq>10</GreekSeq></word><word seq="12">是</word><word seq="13">擺在<GreekSeq>12</GreekSeq></word><word seq="14">你們<GreekSeq>13</GreekSeq></word><word seq="15">面前的<GreekSeq>12</GreekSeq></word><word seq="16">都</word><word seq="17">可以吃，<GreekSeq>14</GreekSeq></word><word seq="18">不要<GreekSeq>15</GreekSeq></word><word seq="19">為了<GreekSeq>17</GreekSeq></word><word seq="20">良心<GreekSeq>19</GreekSeq></word><word seq="21">的緣故<GreekSeq>17</GreekSeq></word><word seq="22">而</word><word seq="23">問什麼。<GreekSeq>16</GreekSeq></word></CSB></verse>
<verse number="28"><CSB><word seq="1">但<GreekSeq>2</GreekSeq></word><word seq="2">如果<GreekSeq>1</GreekSeq></word><word seq="3">有人<GreekSeq>3</GreekSeq></word><word seq="4">對你們<GreekSeq>4</GreekSeq></word><word seq="5">說：<GreekSeq>5</GreekSeq></word><word seq="6">「這<GreekSeq>6</GreekSeq></word><word seq="7">是<GreekSeq>8</GreekSeq></word><word seq="8">祭過偶像的<GreekSeq>7</GreekSeq></word><word seq="9">食物」，那麼，</word><word seq="10">為了<GreekSeq>11</GreekSeq></word><word seq="11">那<GreekSeq>12</GreekSeq></word><word seq="12">指明[這事]的人<GreekSeq>14</GreekSeq></word><word seq="13">和<GreekSeq>15</GreekSeq></word><word seq="14">良心<GreekSeq>17</GreekSeq></word><word seq="15">的緣故，<GreekSeq>11</GreekSeq></word><word seq="16">你們<GreekSeq>10</GreekSeq></word><word seq="17">就</word><word seq="18">不<GreekSeq>9</GreekSeq></word><word seq="19">要吃——<GreekSeq>10</GreekSeq></word></CSB></verse>
<verse number="29"><CSB><word seq="1">我說<GreekSeq>3</GreekSeq></word><word seq="2">的良心<GreekSeq>1</GreekSeq></word><word seq="3">不是<GreekSeq>4</GreekSeq></word><word seq="4">你自己的，<GreekSeq>6</GreekSeq></word><word seq="5">而是<GreekSeq>7</GreekSeq></word><word seq="6">那個人的，<GreekSeq>9</GreekSeq><GreekSeq>10</GreekSeq></word><word seq="7">因為<GreekSeq>12</GreekSeq></word><word seq="8">我的<GreekSeq>15</GreekSeq></word><word seq="9">自由<GreekSeq>14</GreekSeq></word><word seq="10">何必<GreekSeq>11</GreekSeq></word><word seq="11">被<GreekSeq>17</GreekSeq></word><word seq="12">別人的<GreekSeq>18</GreekSeq></word><word seq="13">良心<GreekSeq>19</GreekSeq></word><word seq="14">評斷呢？<GreekSeq>16</GreekSeq></word></CSB></verse>
<verse number="30"><CSB><word seq="1">如果<GreekSeq>1</GreekSeq></word><word seq="2">我<GreekSeq>2</GreekSeq></word><word seq="3">[懷著]感恩[的心]<GreekSeq>3</GreekSeq></word><word seq="4">領受，<GreekSeq>4</GreekSeq></word><word seq="5">難道有什麼<GreekSeq>5</GreekSeq></word><word seq="6">能使我<GreekSeq>6</GreekSeq></word><word seq="7">為<GreekSeq>7</GreekSeq></word><word seq="8">所感謝的東西<GreekSeq>8</GreekSeq><GreekSeq>10</GreekSeq></word><word seq="9">而</word><word seq="10">受到毀謗<GreekSeq>6</GreekSeq></word><word seq="11">嗎？</word></CSB></verse>
<verse number="31"><CSB><word seq="1">因此，<GreekSeq>2</GreekSeq></word><word seq="2">你們<GreekSeq>3</GreekSeq></word><word seq="3">無論或<GreekSeq>1</GreekSeq></word><word seq="4">吃、<GreekSeq>3</GreekSeq></word><word seq="5">或<GreekSeq>4</GreekSeq></word><word seq="6">喝、<GreekSeq>5</GreekSeq></word><word seq="7">或<GreekSeq>6</GreekSeq></word><word seq="8">做<GreekSeq>8</GreekSeq></word><word seq="9">什麼，<GreekSeq>7</GreekSeq></word><word seq="10">一切都<GreekSeq>9</GreekSeq></word><word seq="11">要<GreekSeq>13</GreekSeq></word><word seq="12">為<GreekSeq>10</GreekSeq></word><word seq="13">神的<GreekSeq>12</GreekSeq></word><word seq="14">榮耀<GreekSeq>11</GreekSeq></word><word seq="15">而</word><word seq="16">做。<GreekSeq>13</GreekSeq></word></CSB></verse>
<verse number="32"><CSB><word seq="1">[無論]<GreekSeq>2</GreekSeq></word><word seq="2">對猶太人、<GreekSeq>3</GreekSeq></word><word seq="3">對[外邦人]，<GreekSeq>6</GreekSeq></word><word seq="4">或<GreekSeq>7</GreekSeq></word><word seq="5">對<GreekSeq>9</GreekSeq></word><word seq="6">神的<GreekSeq>11</GreekSeq></word><word seq="7">教會，<GreekSeq>9</GreekSeq></word><word seq="8">你們都不可成為絆跌物；<GreekSeq>1</GreekSeq><GreekSeq>4</GreekSeq></word></CSB></verse>
<verse number="33"><CSB><word seq="1">要像<GreekSeq>1</GreekSeq></word><word seq="2">我<GreekSeq>2</GreekSeq></word><word seq="3">那樣，也</word><word seq="4">在一切事上<GreekSeq>3</GreekSeq></word><word seq="5">使所有的人<GreekSeq>4</GreekSeq></word><word seq="6">喜悅<GreekSeq>5</GreekSeq></word><word seq="7">——不<GreekSeq>6</GreekSeq></word><word seq="8">求<GreekSeq>7</GreekSeq></word><word seq="9">自己的<GreekSeq>9</GreekSeq></word><word seq="10">益處，<GreekSeq>10</GreekSeq></word><word seq="11">而<GreekSeq>11</GreekSeq></word><word seq="12">求</word><word seq="13">多人的<GreekSeq>13</GreekSeq><GreekSeq>14</GreekSeq></word><word seq="14">[益處]，<GreekSeq>12</GreekSeq></word><word seq="15">好讓<GreekSeq>15</GreekSeq></word><word seq="16">他們都能得救。<GreekSeq>16</GreekSeq></word></CSB></verse>
</chapter></book>