<?xml version="1.0" encoding="UTF-8" standalone="no"?><book><chapter number="2">
<verse number="1"><CSB><word seq="1">我的<GreekSeq>2</GreekSeq></word><word seq="2">孩子們哪，<GreekSeq>1</GreekSeq></word><word seq="3">我<GreekSeq>4</GreekSeq></word><word seq="4">把這些事<GreekSeq>3</GreekSeq></word><word seq="5">寫<GreekSeq>4</GreekSeq></word><word seq="6">給你們，<GreekSeq>5</GreekSeq></word><word seq="7">免得<GreekSeq>6</GreekSeq><GreekSeq>7</GreekSeq></word><word seq="8">你們犯罪。<GreekSeq>8</GreekSeq></word><word seq="9">但<GreekSeq>9</GreekSeq></word><word seq="10">如果<GreekSeq>10</GreekSeq></word><word seq="11">有人<GreekSeq>11</GreekSeq></word><word seq="12">犯了罪，<GreekSeq>12</GreekSeq></word><word seq="13">在<GreekSeq>15</GreekSeq></word><word seq="14">父<GreekSeq>17</GreekSeq></word><word seq="15">那裡<GreekSeq>15</GreekSeq></word><word seq="16">我們有<GreekSeq>14</GreekSeq></word><word seq="17">一位辯護者，<GreekSeq>13</GreekSeq></word><word seq="18">就是那</word><word seq="19">義者<GreekSeq>20</GreekSeq></word><word seq="20">耶穌<GreekSeq>18</GreekSeq></word><word seq="21">基督。<GreekSeq>19</GreekSeq></word></CSB></verse>
<verse number="2"><CSB><word seq="1">他自己<GreekSeq>2</GreekSeq></word><word seq="2">為<GreekSeq>5</GreekSeq></word><word seq="3">我們的<GreekSeq>8</GreekSeq></word><word seq="4">罪孽<GreekSeq>7</GreekSeq></word><word seq="5">做了<GreekSeq>4</GreekSeq></word><word seq="6">平息祭，<GreekSeq>3</GreekSeq></word><word seq="7">不<GreekSeq>9</GreekSeq></word><word seq="8">僅<GreekSeq>14</GreekSeq></word><word seq="9">是</word><word seq="10">為<GreekSeq>10</GreekSeq></word><word seq="11">我們的<GreekSeq>12</GreekSeq></word><word seq="12">罪，</word><word seq="13">也是<GreekSeq>16</GreekSeq></word><word seq="14">為<GreekSeq>17</GreekSeq></word><word seq="15">全<GreekSeq>18</GreekSeq></word><word seq="16">世界的[罪]。<GreekSeq>20</GreekSeq></word></CSB></verse>
<verse number="3"><CSB><word seq="1">如果<GreekSeq>8</GreekSeq></word><word seq="2">我們遵守<GreekSeq>12</GreekSeq></word><word seq="3">[基督]的<GreekSeq>11</GreekSeq></word><word seq="4">命令，<GreekSeq>10</GreekSeq></word><word seq="5">從<GreekSeq>2</GreekSeq></word><word seq="6">這[一點]<GreekSeq>3</GreekSeq></word><word seq="7">我們<GreekSeq>4</GreekSeq></word><word seq="8">就<GreekSeq>1</GreekSeq></word><word seq="9">知道<GreekSeq>4</GreekSeq></word><word seq="10">我們已經認識<GreekSeq>6</GreekSeq></word><word seq="11">他。<GreekSeq>7</GreekSeq></word></CSB></verse>
<verse number="4"><CSB><word seq="1">那<GreekSeq>1</GreekSeq></word><word seq="2">說<GreekSeq>2</GreekSeq></word><word seq="3">「我已經認識<GreekSeq>4</GreekSeq></word><word seq="4">他」，<GreekSeq>5</GreekSeq></word><word seq="5">卻<GreekSeq>6</GreekSeq></word><word seq="6">不<GreekSeq>10</GreekSeq></word><word seq="7">遵守<GreekSeq>11</GreekSeq></word><word seq="8">他<GreekSeq>9</GreekSeq></word><word seq="9">命令<GreekSeq>8</GreekSeq></word><word seq="10">的，<GreekSeq>11</GreekSeq></word><word seq="11">就是<GreekSeq>13</GreekSeq></word><word seq="12">說謊者，<GreekSeq>12</GreekSeq></word><word seq="13">真理<GreekSeq>18</GreekSeq></word><word seq="14">也<GreekSeq>14</GreekSeq></word><word seq="15">不<GreekSeq>19</GreekSeq></word><word seq="16">在<GreekSeq>15</GreekSeq></word><word seq="17">這個人<GreekSeq>16</GreekSeq></word><word seq="18">裡面；<GreekSeq>15</GreekSeq></word></CSB></verse>
<verse number="5"><CSB><word seq="1">但<GreekSeq>2</GreekSeq></word><word seq="2">如果<GreekSeq>3</GreekSeq></word><word seq="3">有人<GreekSeq>1</GreekSeq></word><word seq="4">遵守<GreekSeq>4</GreekSeq></word><word seq="5">他的<GreekSeq>5</GreekSeq></word><word seq="6">話語，<GreekSeq>7</GreekSeq></word><word seq="7">[屬]神的<GreekSeq>14</GreekSeq></word><word seq="8">愛<GreekSeq>12</GreekSeq></word><word seq="9">就</word><word seq="10">確實<GreekSeq>8</GreekSeq></word><word seq="11">在<GreekSeq>9</GreekSeq></word><word seq="12">這個人<GreekSeq>10</GreekSeq></word><word seq="13">裡面<GreekSeq>9</GreekSeq></word><word seq="14">得以完全了；<GreekSeq>15</GreekSeq></word><word seq="15">從<GreekSeq>16</GreekSeq></word><word seq="16">這[一點]<GreekSeq>17</GreekSeq></word><word seq="17">我們[就]知道<GreekSeq>18</GreekSeq></word><word seq="18">我們是<GreekSeq>22</GreekSeq></word><word seq="19">在<GreekSeq>20</GreekSeq></word><word seq="20">他<GreekSeq>21</GreekSeq></word><word seq="21">裡面。<GreekSeq>20</GreekSeq></word></CSB></verse>
<verse number="6"><CSB><word seq="1">那<GreekSeq>1</GreekSeq></word><word seq="2">說<GreekSeq>2</GreekSeq></word><word seq="3">[自己]住<GreekSeq>5</GreekSeq></word><word seq="4">在<GreekSeq>3</GreekSeq></word><word seq="5">他<GreekSeq>4</GreekSeq></word><word seq="6">裡面<GreekSeq>3</GreekSeq></word><word seq="7">的，</word><word seq="8">自己<GreekSeq>11</GreekSeq></word><word seq="9">也<GreekSeq>10</GreekSeq></word><word seq="10">應該<GreekSeq>6</GreekSeq></word><word seq="11">按<GreekSeq>7</GreekSeq></word><word seq="12">[基督]<GreekSeq>8</GreekSeq></word><word seq="13">所行<GreekSeq>9</GreekSeq></word><word seq="14">的</word><word seq="15">照樣<GreekSeq>7</GreekSeq></word><word seq="16">去行。<GreekSeq>12</GreekSeq></word></CSB></verse>
<verse number="7"><CSB><word seq="1">各位蒙愛的人哪，<GreekSeq>1</GreekSeq></word><word seq="2">我寫<GreekSeq>5</GreekSeq></word><word seq="3">給你們<GreekSeq>6</GreekSeq></word><word seq="4">的</word><word seq="5">不是<GreekSeq>2</GreekSeq></word><word seq="6">一條新<GreekSeq>4</GreekSeq></word><word seq="7">命令，<GreekSeq>3</GreekSeq></word><word seq="8">而是<GreekSeq>7</GreekSeq></word><word seq="9">你們<GreekSeq>11</GreekSeq></word><word seq="10">從<GreekSeq>12</GreekSeq></word><word seq="11">起初<GreekSeq>13</GreekSeq></word><word seq="12">就</word><word seq="13">有的<GreekSeq>10</GreekSeq><GreekSeq>11</GreekSeq></word><word seq="14">舊<GreekSeq>9</GreekSeq></word><word seq="15">命令；<GreekSeq>8</GreekSeq></word><word seq="16">這<GreekSeq>14</GreekSeq></word><word seq="17">條</word><word seq="18">舊<GreekSeq>17</GreekSeq></word><word seq="19">命令<GreekSeq>15</GreekSeq></word><word seq="20">就是<GreekSeq>18</GreekSeq></word><word seq="21">你們所聽過的<GreekSeq>21</GreekSeq><GreekSeq>22</GreekSeq></word><word seq="22">那<GreekSeq>19</GreekSeq></word><word seq="23">話。<GreekSeq>20</GreekSeq></word></CSB></verse>
<verse number="8"><CSB><word seq="1">[另一方面]，<GreekSeq>1</GreekSeq></word><word seq="2">我寫<GreekSeq>4</GreekSeq></word><word seq="3">給你們<GreekSeq>5</GreekSeq></word><word seq="4">的也是</word><word seq="5">一條新<GreekSeq>3</GreekSeq></word><word seq="6">命令；<GreekSeq>2</GreekSeq></word><word seq="7">這[命令]<GreekSeq>6</GreekSeq></word><word seq="8">在<GreekSeq>9</GreekSeq></word><word seq="9">他、<GreekSeq>10</GreekSeq></word><word seq="10">在<GreekSeq>12</GreekSeq></word><word seq="11">你們，<GreekSeq>13</GreekSeq></word><word seq="12">都</word><word seq="13">是<GreekSeq>7</GreekSeq></word><word seq="14">真實的，<GreekSeq>8</GreekSeq></word><word seq="15">因為<GreekSeq>14</GreekSeq></word><word seq="16">黑暗<GreekSeq>16</GreekSeq></word><word seq="17">正在消逝，<GreekSeq>17</GreekSeq></word><word seq="18">真<GreekSeq>22</GreekSeq></word><word seq="19">光<GreekSeq>20</GreekSeq></word><word seq="20">已經<GreekSeq>23</GreekSeq></word><word seq="21">在照耀。<GreekSeq>24</GreekSeq></word></CSB></verse>
<verse number="9"><CSB><word seq="1">那<GreekSeq>1</GreekSeq></word><word seq="2">說<GreekSeq>2</GreekSeq></word><word seq="3">自己</word><word seq="4">在<GreekSeq>3</GreekSeq></word><word seq="5">光<GreekSeq>5</GreekSeq></word><word seq="6">裡<GreekSeq>3</GreekSeq></word><word seq="7">卻<GreekSeq>7</GreekSeq></word><word seq="8">恨<GreekSeq>11</GreekSeq></word><word seq="9">自己<GreekSeq>10</GreekSeq></word><word seq="10">弟兄<GreekSeq>9</GreekSeq></word><word seq="11">的，<GreekSeq>11</GreekSeq></word><word seq="12">至<GreekSeq>16</GreekSeq></word><word seq="13">今<GreekSeq>17</GreekSeq></word><word seq="14">[還]<GreekSeq>15</GreekSeq></word><word seq="15">在<GreekSeq>12</GreekSeq></word><word seq="16">黑暗<GreekSeq>14</GreekSeq></word><word seq="17">裡；<GreekSeq>12</GreekSeq></word></CSB></verse>
<verse number="10"><CSB><word seq="1">那<GreekSeq>1</GreekSeq></word><word seq="2">愛<GreekSeq>2</GreekSeq></word><word seq="3">自己<GreekSeq>5</GreekSeq></word><word seq="4">弟兄<GreekSeq>4</GreekSeq></word><word seq="5">的，<GreekSeq>2</GreekSeq></word><word seq="6">就</word><word seq="7">住<GreekSeq>9</GreekSeq></word><word seq="8">在<GreekSeq>6</GreekSeq></word><word seq="9">光<GreekSeq>8</GreekSeq></word><word seq="10">裡，<GreekSeq>6</GreekSeq></word><word seq="11">而且<GreekSeq>10</GreekSeq></word><word seq="12">在<GreekSeq>12</GreekSeq></word><word seq="13">他<GreekSeq>13</GreekSeq></word><word seq="14">裡面<GreekSeq>12</GreekSeq></word><word seq="15">沒<GreekSeq>14</GreekSeq></word><word seq="16">有<GreekSeq>15</GreekSeq></word><word seq="17">什麼絆腳的事；<GreekSeq>11</GreekSeq></word></CSB></verse>
<verse number="11"><CSB><word seq="1">但<GreekSeq>2</GreekSeq></word><word seq="2">那<GreekSeq>1</GreekSeq></word><word seq="3">恨<GreekSeq>3</GreekSeq></word><word seq="4">自己<GreekSeq>6</GreekSeq></word><word seq="5">弟兄<GreekSeq>5</GreekSeq></word><word seq="6">的，<GreekSeq>3</GreekSeq></word><word seq="7">就是<GreekSeq>10</GreekSeq></word><word seq="8">在<GreekSeq>7</GreekSeq></word><word seq="9">黑暗<GreekSeq>9</GreekSeq></word><word seq="10">裡，<GreekSeq>7</GreekSeq></word><word seq="11">並且<GreekSeq>11</GreekSeq></word><word seq="12">在<GreekSeq>12</GreekSeq></word><word seq="13">黑暗<GreekSeq>14</GreekSeq></word><word seq="14">裡<GreekSeq>12</GreekSeq></word><word seq="15">行走，<GreekSeq>15</GreekSeq></word><word seq="16">也<GreekSeq>16</GreekSeq></word><word seq="17">不<GreekSeq>17</GreekSeq></word><word seq="18">知道<GreekSeq>18</GreekSeq></word><word seq="19">自己</word><word seq="20">往<GreekSeq>20</GreekSeq></word><word seq="21">哪裡<GreekSeq>19</GreekSeq></word><word seq="22">去，<GreekSeq>20</GreekSeq></word><word seq="23">因為<GreekSeq>21</GreekSeq></word><word seq="24">黑暗<GreekSeq>23</GreekSeq></word><word seq="25">使<GreekSeq>24</GreekSeq></word><word seq="26">他的<GreekSeq>27</GreekSeq></word><word seq="27">眼睛<GreekSeq>26</GreekSeq></word><word seq="28">瞎了。<GreekSeq>24</GreekSeq></word></CSB></verse>
<verse number="12"><CSB><word seq="1">孩子們哪，<GreekSeq>3</GreekSeq></word><word seq="2">我寫信<GreekSeq>1</GreekSeq></word><word seq="3">給你們，<GreekSeq>2</GreekSeq></word><word seq="4">因為<GreekSeq>4</GreekSeq></word><word seq="5">你們<GreekSeq>6</GreekSeq></word><word seq="6">的</word><word seq="7">罪孽<GreekSeq>8</GreekSeq></word><word seq="8">藉著<GreekSeq>9</GreekSeq></word><word seq="9">[基督]的<GreekSeq>12</GreekSeq></word><word seq="10">名<GreekSeq>11</GreekSeq></word><word seq="11">已經被赦免了；<GreekSeq>5</GreekSeq></word></CSB></verse>
<verse number="13"><CSB><word seq="1">父老們哪，<GreekSeq>3</GreekSeq></word><word seq="2">我寫信<GreekSeq>1</GreekSeq></word><word seq="3">給你們，<GreekSeq>2</GreekSeq></word><word seq="4">因為<GreekSeq>4</GreekSeq></word><word seq="5">你們已經認識了<GreekSeq>5</GreekSeq></word><word seq="6">從<GreekSeq>7</GreekSeq></word><word seq="7">太初[就有]的<GreekSeq>8</GreekSeq></word><word seq="8">那一位；<GreekSeq>6</GreekSeq></word><word seq="9">年輕人哪，<GreekSeq>11</GreekSeq></word><word seq="10">我寫信<GreekSeq>9</GreekSeq></word><word seq="11">給你們，<GreekSeq>10</GreekSeq></word><word seq="12">因為<GreekSeq>12</GreekSeq></word><word seq="13">你們已經勝過了<GreekSeq>13</GreekSeq></word><word seq="14">那<GreekSeq>14</GreekSeq></word><word seq="15">惡者。<GreekSeq>15</GreekSeq></word><word seq="16" note="來自下一節">孩子們哪，<GreekSeq>18</GreekSeq></word><word seq="17" note="來自下一節">我寫了信<GreekSeq>16</GreekSeq></word><word seq="18" note="來自下一節">給你們，<GreekSeq>17</GreekSeq></word><word seq="19" note="來自下一節">因為<GreekSeq>19</GreekSeq></word><word seq="20" note="來自下一節">你們已經認識了<GreekSeq>20</GreekSeq></word><word seq="21" note="來自下一節">父；<GreekSeq>22</GreekSeq></word></CSB></verse>
<verse number="14"><CSB><word seq="1" note="見上一節">孩子們哪，我寫了信給你們，因為你們已經認識了父；</word><word seq="2">父老們哪，<GreekSeq>3</GreekSeq></word><word seq="3">我寫了信<GreekSeq>1</GreekSeq></word><word seq="4">給你們，<GreekSeq>2</GreekSeq></word><word seq="5">因為<GreekSeq>4</GreekSeq></word><word seq="6">你們已經認識了<GreekSeq>5</GreekSeq></word><word seq="7">從<GreekSeq>7</GreekSeq></word><word seq="8">太初[就有]的<GreekSeq>8</GreekSeq></word><word seq="9">那一位；<GreekSeq>6</GreekSeq></word><word seq="10">年輕人哪，<GreekSeq>11</GreekSeq></word><word seq="11">我寫了信<GreekSeq>9</GreekSeq></word><word seq="12">給你們，<GreekSeq>10</GreekSeq></word><word seq="13">因為<GreekSeq>12</GreekSeq></word><word seq="14">你們是<GreekSeq>14</GreekSeq></word><word seq="15">強壯的，<GreekSeq>13</GreekSeq></word><word seq="16">神的<GreekSeq>19</GreekSeq></word><word seq="17">話語<GreekSeq>17</GreekSeq></word><word seq="18">住<GreekSeq>22</GreekSeq></word><word seq="19">在<GreekSeq>20</GreekSeq></word><word seq="20">你們<GreekSeq>21</GreekSeq></word><word seq="21">裡面，<GreekSeq>20</GreekSeq></word><word seq="22">你們<GreekSeq>24</GreekSeq></word><word seq="23">也<GreekSeq>23</GreekSeq></word><word seq="24">已經勝過了<GreekSeq>24</GreekSeq></word><word seq="25">那<GreekSeq>25</GreekSeq></word><word seq="26">惡者。<GreekSeq>26</GreekSeq></word></CSB></verse>
<verse number="15"><CSB><word seq="1">你們<GreekSeq>2</GreekSeq></word><word seq="2">不<GreekSeq>1</GreekSeq></word><word seq="3">要愛<GreekSeq>2</GreekSeq></word><word seq="4">世界，<GreekSeq>4</GreekSeq></word><word seq="5">也不<GreekSeq>5</GreekSeq></word><word seq="6">要愛</word><word seq="7">世界<GreekSeq>9</GreekSeq></word><word seq="8">上<GreekSeq>7</GreekSeq></word><word seq="9">的事物。<GreekSeq>6</GreekSeq></word><word seq="10">如果<GreekSeq>10</GreekSeq></word><word seq="11">有人<GreekSeq>11</GreekSeq></word><word seq="12">愛<GreekSeq>12</GreekSeq></word><word seq="13">世界，<GreekSeq>14</GreekSeq></word><word seq="14">父的<GreekSeq>20</GreekSeq></word><word seq="15">愛<GreekSeq>18</GreekSeq></word><word seq="16">就<GreekSeq>16</GreekSeq></word><word seq="17">不<GreekSeq>15</GreekSeq></word><word seq="18">在<GreekSeq>21</GreekSeq></word><word seq="19">他<GreekSeq>22</GreekSeq></word><word seq="20">裡面<GreekSeq>21</GreekSeq></word><word seq="21">了。</word></CSB></verse>
<verse number="16"><CSB><word seq="1">原來<GreekSeq>1</GreekSeq></word><word seq="2">世界<GreekSeq>6</GreekSeq></word><word seq="3">上<GreekSeq>4</GreekSeq></word><word seq="4">一切<GreekSeq>2</GreekSeq></word><word seq="5">肉體的<GreekSeq>10</GreekSeq></word><word seq="6">欲望、<GreekSeq>8</GreekSeq></word><word seq="7">眼目的<GreekSeq>15</GreekSeq></word><word seq="8">欲望、<GreekSeq>13</GreekSeq></word><word seq="9">今生的<GreekSeq>20</GreekSeq></word><word seq="10">驕傲，<GreekSeq>18</GreekSeq></word><word seq="11">都</word><word seq="12">不<GreekSeq>21</GreekSeq></word><word seq="13">是<GreekSeq>22</GreekSeq></word><word seq="14">出於<GreekSeq>23</GreekSeq></word><word seq="15">父，<GreekSeq>25</GreekSeq></word><word seq="16">而<GreekSeq>26</GreekSeq></word><word seq="17">是<GreekSeq>30</GreekSeq></word><word seq="18">出於<GreekSeq>27</GreekSeq></word><word seq="19">世界的。<GreekSeq>29</GreekSeq></word></CSB></verse>
<verse number="17"><CSB><word seq="1">世界<GreekSeq>3</GreekSeq></word><word seq="2">和<GreekSeq>5</GreekSeq></word><word seq="3">[屬世]的<GreekSeq>8</GreekSeq></word><word seq="4">欲望<GreekSeq>7</GreekSeq></word><word seq="5">正在消逝；<GreekSeq>4</GreekSeq></word><word seq="6">但<GreekSeq>10</GreekSeq></word><word seq="7">那<GreekSeq>9</GreekSeq></word><word seq="8">遵行<GreekSeq>11</GreekSeq></word><word seq="9">神<GreekSeq>15</GreekSeq></word><word seq="10">旨意<GreekSeq>13</GreekSeq></word><word seq="11">的，<GreekSeq>11</GreekSeq></word><word seq="12">卻</word><word seq="13">永遠<GreekSeq>17</GreekSeq><GreekSeq>19</GreekSeq></word><word seq="14">長存。<GreekSeq>16</GreekSeq></word></CSB></verse>
<verse number="18"><CSB><word seq="1">孩子們哪，<GreekSeq>1</GreekSeq></word><word seq="2">[現在]是<GreekSeq>4</GreekSeq></word><word seq="3">末後的<GreekSeq>2</GreekSeq></word><word seq="4">時期<GreekSeq>3</GreekSeq></word><word seq="5">了。</word><word seq="6">正如<GreekSeq>6</GreekSeq></word><word seq="7">你們聽[說]過<GreekSeq>7</GreekSeq></word><word seq="8">敵基督<GreekSeq>9</GreekSeq></word><word seq="9">的</word><word seq="10">[要]來，<GreekSeq>10</GreekSeq></word><word seq="11">現在<GreekSeq>12</GreekSeq></word><word seq="12">確實</word><word seq="13">已經有<GreekSeq>15</GreekSeq></word><word seq="14">許多<GreekSeq>14</GreekSeq></word><word seq="15">敵基督<GreekSeq>13</GreekSeq></word><word seq="16">的</word><word seq="17">出現了；<GreekSeq>15</GreekSeq></word><word seq="18">故此<GreekSeq>16</GreekSeq></word><word seq="19">我們知道，<GreekSeq>17</GreekSeq></word><word seq="20">[現在]是<GreekSeq>21</GreekSeq></word><word seq="21">末後的<GreekSeq>19</GreekSeq></word><word seq="22">時期<GreekSeq>20</GreekSeq></word><word seq="23">了。</word></CSB></verse>
<verse number="19"><CSB><word seq="1">他們<GreekSeq>3</GreekSeq></word><word seq="2">從<GreekSeq>1</GreekSeq></word><word seq="3">我們<GreekSeq>2</GreekSeq></word><word seq="4">中間<GreekSeq>1</GreekSeq></word><word seq="5">出去，<GreekSeq>3</GreekSeq></word><word seq="6">但<GreekSeq>4</GreekSeq></word><word seq="7">他們本來就<GreekSeq>6</GreekSeq></word><word seq="8">不<GreekSeq>5</GreekSeq></word><word seq="9">屬於<GreekSeq>7</GreekSeq></word><word seq="10">我們，<GreekSeq>8</GreekSeq></word><word seq="11">因為<GreekSeq>10</GreekSeq></word><word seq="12">他們<GreekSeq>13</GreekSeq></word><word seq="13">如果<GreekSeq>9</GreekSeq></word><word seq="14">屬於<GreekSeq>11</GreekSeq></word><word seq="15">我們，<GreekSeq>12</GreekSeq></word><word seq="16">就會留下<GreekSeq>14</GreekSeq><GreekSeq>15</GreekSeq></word><word seq="17">與<GreekSeq>16</GreekSeq></word><word seq="18">我們<GreekSeq>17</GreekSeq></word><word seq="19">在一起；<GreekSeq>16</GreekSeq></word><word seq="20">不過<GreekSeq>18</GreekSeq></word><word seq="21">這樣<GreekSeq>19</GreekSeq></word><word seq="22">就顯明出，<GreekSeq>20</GreekSeq></word><word seq="23">他們<GreekSeq>23</GreekSeq></word><word seq="24">都<GreekSeq>24</GreekSeq></word><word seq="25">不<GreekSeq>22</GreekSeq></word><word seq="26">屬於<GreekSeq>25</GreekSeq></word><word seq="27">我們。<GreekSeq>26</GreekSeq></word></CSB></verse>
<verse number="20"><CSB><word seq="1">至於<GreekSeq>1</GreekSeq></word><word seq="2">你們，<GreekSeq>2</GreekSeq></word><word seq="3">你們<GreekSeq>4</GreekSeq></word><word seq="4">從<GreekSeq>5</GreekSeq></word><word seq="5">那位<GreekSeq>6</GreekSeq></word><word seq="6">聖者<GreekSeq>7</GreekSeq></word><word seq="7">領受了<GreekSeq>4</GreekSeq></word><word seq="8">[恩]膏，<GreekSeq>3</GreekSeq></word><word seq="9">並且<GreekSeq>8</GreekSeq></word><word seq="10">你們<GreekSeq>9</GreekSeq></word><word seq="11">大家都<GreekSeq>10</GreekSeq></word><word seq="12">已經知道了<GreekSeq>9</GreekSeq></word><word seq="13">這事。</word></CSB></verse>
<verse number="21"><CSB><word seq="1">我寫了信<GreekSeq>2</GreekSeq></word><word seq="2">給你們，<GreekSeq>3</GreekSeq></word><word seq="3">不是<GreekSeq>1</GreekSeq></word><word seq="4">因為<GreekSeq>4</GreekSeq></word><word seq="5">你們<GreekSeq>6</GreekSeq></word><word seq="6">不<GreekSeq>5</GreekSeq></word><word seq="7">認識<GreekSeq>6</GreekSeq></word><word seq="8">真理，<GreekSeq>8</GreekSeq></word><word seq="9">而是<GreekSeq>9</GreekSeq></word><word seq="10">因為<GreekSeq>10</GreekSeq></word><word seq="11">你們已經認識了<GreekSeq>11</GreekSeq></word><word seq="12">[真理]，<GreekSeq>12</GreekSeq></word><word seq="13">又<GreekSeq>13</GreekSeq></word><word seq="14">因為<GreekSeq>14</GreekSeq></word><word seq="15">一切<GreekSeq>15</GreekSeq></word><word seq="16">虛假<GreekSeq>16</GreekSeq></word><word seq="17">都<GreekSeq>15</GreekSeq></word><word seq="18">不<GreekSeq>20</GreekSeq></word><word seq="19">是<GreekSeq>21</GreekSeq></word><word seq="20">出於<GreekSeq>17</GreekSeq></word><word seq="21">真理。<GreekSeq>19</GreekSeq></word></CSB></verse>
<verse number="22"><CSB><word seq="1">誰<GreekSeq>1</GreekSeq></word><word seq="2">是<GreekSeq>2</GreekSeq></word><word seq="3">說謊者<GreekSeq>4</GreekSeq></word><word seq="4">呢？</word><word seq="5">難道<GreekSeq>5</GreekSeq></word><word seq="6">不是<GreekSeq>6</GreekSeq></word><word seq="7">那<GreekSeq>7</GreekSeq></word><word seq="8">否認<GreekSeq>8</GreekSeq></word><word seq="9">耶穌<GreekSeq>10</GreekSeq></word><word seq="10">是<GreekSeq>12</GreekSeq></word><word seq="11">基督<GreekSeq>14</GreekSeq></word><word seq="12">的<GreekSeq>8</GreekSeq></word><word seq="13">嗎？</word><word seq="14">那<GreekSeq>19</GreekSeq></word><word seq="15">否認<GreekSeq>20</GreekSeq></word><word seq="16">父<GreekSeq>22</GreekSeq></word><word seq="17">和<GreekSeq>23</GreekSeq></word><word seq="18">子<GreekSeq>25</GreekSeq></word><word seq="19">的，<GreekSeq>20</GreekSeq></word><word seq="20">這個人<GreekSeq>15</GreekSeq></word><word seq="21">就是<GreekSeq>16</GreekSeq></word><word seq="22">敵基督<GreekSeq>18</GreekSeq></word><word seq="23">的。</word></CSB></verse>
<verse number="23"><CSB><word seq="1">所有<GreekSeq>1</GreekSeq></word><word seq="2">否認<GreekSeq>3</GreekSeq></word><word seq="3">子<GreekSeq>5</GreekSeq></word><word seq="4">的，<GreekSeq>3</GreekSeq></word><word seq="5">就沒<GreekSeq>6</GreekSeq></word><word seq="6">有<GreekSeq>9</GreekSeq></word><word seq="7">父；<GreekSeq>8</GreekSeq></word><word seq="8">那<GreekSeq>10</GreekSeq></word><word seq="9">承認<GreekSeq>11</GreekSeq></word><word seq="10">子<GreekSeq>13</GreekSeq></word><word seq="11">的，<GreekSeq>11</GreekSeq></word><word seq="12">連</word><word seq="13">父<GreekSeq>16</GreekSeq></word><word seq="14">也<GreekSeq>14</GreekSeq></word><word seq="15">有了。<GreekSeq>17</GreekSeq></word></CSB></verse>
<verse number="24"><CSB><word seq="1">你們<GreekSeq>1</GreekSeq></word><word seq="2">應當<GreekSeq>8</GreekSeq></word><word seq="3">使那<GreekSeq>2</GreekSeq></word><word seq="4">從<GreekSeq>4</GreekSeq></word><word seq="5">起初<GreekSeq>5</GreekSeq></word><word seq="6">所聽到的，<GreekSeq>3</GreekSeq></word><word seq="7">住<GreekSeq>8</GreekSeq></word><word seq="8">在<GreekSeq>6</GreekSeq></word><word seq="9">你們<GreekSeq>7</GreekSeq></word><word seq="10">裡面。<GreekSeq>6</GreekSeq></word><word seq="11">如果<GreekSeq>9</GreekSeq></word><word seq="12">那<GreekSeq>13</GreekSeq></word><word seq="13">從<GreekSeq>14</GreekSeq></word><word seq="14">起初<GreekSeq>15</GreekSeq></word><word seq="15">所聽到的<GreekSeq>16</GreekSeq></word><word seq="16">住<GreekSeq>12</GreekSeq></word><word seq="17">在<GreekSeq>10</GreekSeq></word><word seq="18">你們<GreekSeq>11</GreekSeq></word><word seq="19">裡面，<GreekSeq>10</GreekSeq></word><word seq="20">你們<GreekSeq>18</GreekSeq></word><word seq="21">就<GreekSeq>17</GreekSeq></word><word seq="22">會住<GreekSeq>26</GreekSeq></word><word seq="23">在<GreekSeq>19</GreekSeq></word><word seq="24">子<GreekSeq>21</GreekSeq></word><word seq="25">裡面，<GreekSeq>19</GreekSeq></word><word seq="26">也<GreekSeq>22</GreekSeq></word><word seq="27">住</word><word seq="28">在<GreekSeq>23</GreekSeq></word><word seq="29">父<GreekSeq>25</GreekSeq></word><word seq="30">裡面。<GreekSeq>23</GreekSeq></word></CSB></verse>
<verse number="25"><CSB><word seq="1">這<GreekSeq>2</GreekSeq></word><word seq="2">就<GreekSeq>1</GreekSeq></word><word seq="3">是<GreekSeq>3</GreekSeq></word><word seq="4">那<GreekSeq>4</GreekSeq></word><word seq="5">應許，<GreekSeq>5</GreekSeq></word><word seq="6">是</word><word seq="7">他<GreekSeq>7</GreekSeq></word><word seq="8">所應許<GreekSeq>8</GreekSeq></word><word seq="9">我們<GreekSeq>9</GreekSeq></word><word seq="10">的，就是</word><word seq="11">永恆的<GreekSeq>13</GreekSeq></word><word seq="12">生命。<GreekSeq>11</GreekSeq></word></CSB></verse>
<verse number="26"><CSB><word seq="1">我寫<GreekSeq>2</GreekSeq></word><word seq="2">給你們<GreekSeq>3</GreekSeq></word><word seq="3">的這些，<GreekSeq>1</GreekSeq></word><word seq="4">是</word><word seq="5">關於<GreekSeq>4</GreekSeq></word><word seq="6">迷惑<GreekSeq>6</GreekSeq></word><word seq="7">你們<GreekSeq>7</GreekSeq></word><word seq="8">之人的。<GreekSeq>6</GreekSeq></word></CSB></verse>
<verse number="27"><CSB><word seq="1">至於<GreekSeq>1</GreekSeq></word><word seq="2">你們，<GreekSeq>2</GreekSeq></word><word seq="3">你們<GreekSeq>6</GreekSeq></word><word seq="4">從<GreekSeq>7</GreekSeq></word><word seq="5">那一位<GreekSeq>8</GreekSeq></word><word seq="6">所領受的<GreekSeq>5</GreekSeq><GreekSeq>6</GreekSeq></word><word seq="7">[恩]膏<GreekSeq>4</GreekSeq></word><word seq="8">住<GreekSeq>9</GreekSeq></word><word seq="9">在<GreekSeq>10</GreekSeq></word><word seq="10">你們<GreekSeq>11</GreekSeq></word><word seq="11">裡面，<GreekSeq>10</GreekSeq></word><word seq="12">這樣</word><word seq="13">你們<GreekSeq>15</GreekSeq></word><word seq="14">就<GreekSeq>12</GreekSeq></word><word seq="15">不<GreekSeq>13</GreekSeq></word><word seq="16">需要<GreekSeq>14</GreekSeq></word><word seq="17">人<GreekSeq>17</GreekSeq></word><word seq="18">來教導<GreekSeq>18</GreekSeq></word><word seq="19">你們。<GreekSeq>19</GreekSeq></word><word seq="20">其實，<GreekSeq>20</GreekSeq></word><word seq="21">就像<GreekSeq>21</GreekSeq></word><word seq="22">他的<GreekSeq>23</GreekSeq></word><word seq="23">[恩]膏<GreekSeq>24</GreekSeq></word><word seq="24">在<GreekSeq>27</GreekSeq></word><word seq="25">一切<GreekSeq>28</GreekSeq></word><word seq="26">事上<GreekSeq>27</GreekSeq></word><word seq="27">所教導<GreekSeq>25</GreekSeq></word><word seq="28">你們<GreekSeq>26</GreekSeq></word><word seq="29">的</word><word seq="30">——是<GreekSeq>31</GreekSeq></word><word seq="31">真實的，<GreekSeq>30</GreekSeq></word><word seq="32">不<GreekSeq>33</GreekSeq></word><word seq="33">是<GreekSeq>34</GreekSeq></word><word seq="34">虛假<GreekSeq>35</GreekSeq></word><word seq="35">的——</word><word seq="36">又<GreekSeq>36</GreekSeq></word><word seq="37">像<GreekSeq>37</GreekSeq></word><word seq="38">他曾經所教導<GreekSeq>38</GreekSeq></word><word seq="39">的，</word><word seq="40">你們要住<GreekSeq>40</GreekSeq></word><word seq="41">在<GreekSeq>41</GreekSeq></word><word seq="42">他<GreekSeq>42</GreekSeq></word><word seq="43">裡面。<GreekSeq>41</GreekSeq></word></CSB></verse>
<verse number="28"><CSB><word seq="1">如今，<GreekSeq>2</GreekSeq></word><word seq="2">孩子們哪，<GreekSeq>3</GreekSeq></word><word seq="3">你們當住<GreekSeq>4</GreekSeq></word><word seq="4">在<GreekSeq>5</GreekSeq></word><word seq="5">他<GreekSeq>6</GreekSeq></word><word seq="6">裡面，<GreekSeq>5</GreekSeq></word><word seq="7">好使<GreekSeq>7</GreekSeq></word><word seq="8">他顯現<GreekSeq>9</GreekSeq></word><word seq="9">[的時候]，<GreekSeq>8</GreekSeq></word><word seq="10">我們可以<GreekSeq>10</GreekSeq></word><word seq="11">坦然無懼，<GreekSeq>11</GreekSeq></word><word seq="12">他<GreekSeq>20</GreekSeq></word><word seq="13">來臨<GreekSeq>19</GreekSeq></word><word seq="14">[的時候]，<GreekSeq>17</GreekSeq></word><word seq="15">我們可以<GreekSeq>10</GreekSeq></word><word seq="16">在<GreekSeq>15</GreekSeq></word><word seq="17">他<GreekSeq>16</GreekSeq></word><word seq="18">面前<GreekSeq>15</GreekSeq></word><word seq="19">不<GreekSeq>13</GreekSeq></word><word seq="20">至於蒙羞。<GreekSeq>14</GreekSeq></word></CSB></verse>
<verse number="29"><CSB><word seq="1">你們<GreekSeq>2</GreekSeq></word><word seq="2">如果<GreekSeq>1</GreekSeq></word><word seq="3">知道<GreekSeq>2</GreekSeq></word><word seq="4">他是<GreekSeq>5</GreekSeq></word><word seq="5">公義的，<GreekSeq>4</GreekSeq></word><word seq="6">也就<GreekSeq>8</GreekSeq></word><word seq="7">知道<GreekSeq>6</GreekSeq></word><word seq="8">所有<GreekSeq>9</GreekSeq></word><word seq="9">行<GreekSeq>11</GreekSeq></word><word seq="10">義<GreekSeq>13</GreekSeq></word><word seq="11">的人，<GreekSeq>11</GreekSeq></word><word seq="12">都是</word><word seq="13">由<GreekSeq>14</GreekSeq></word><word seq="14">他<GreekSeq>15</GreekSeq></word><word seq="15">所生<GreekSeq>16</GreekSeq></word><word seq="16">的。</word></CSB></verse>
</chapter></book>