<?xml version="1.0" encoding="UTF-8" standalone="no"?><book><chapter number="5">
<verse number="1"><CSB><word seq="1">所以，<GreekSeq>2</GreekSeq></word><word seq="2">我</word><word seq="3">這<GreekSeq>6</GreekSeq></word><word seq="4">同做長老的、<GreekSeq>7</GreekSeq></word><word seq="5">做</word><word seq="6">基督<GreekSeq>12</GreekSeq></word><word seq="7">苦難<GreekSeq>13</GreekSeq></word><word seq="8">見證人<GreekSeq>9</GreekSeq></word><word seq="9">的、</word><word seq="10">也<GreekSeq>15</GreekSeq></word><word seq="11">在那<GreekSeq>16</GreekSeq></word><word seq="12">將要<GreekSeq>17</GreekSeq></word><word seq="13">顯現的<GreekSeq>18</GreekSeq></word><word seq="14">榮耀<GreekSeq>19</GreekSeq></word><word seq="15">中</word><word seq="16">有份<GreekSeq>20</GreekSeq></word><word seq="17">的，</word><word seq="18">我懇求<GreekSeq>5</GreekSeq></word><word seq="19">你們<GreekSeq>4</GreekSeq></word><word seq="20">中間<GreekSeq>3</GreekSeq></word><word seq="21">的長老們：<GreekSeq>1</GreekSeq></word></CSB></verse>
<verse number="2"><CSB><word seq="1">你們應當牧養<GreekSeq>1</GreekSeq></word><word seq="2">你們<GreekSeq>4</GreekSeq></word><word seq="3">中間<GreekSeq>3</GreekSeq></word><word seq="4">神的<GreekSeq>7</GreekSeq></word><word seq="5">羊群，<GreekSeq>5</GreekSeq></word><word seq="6">要按<GreekSeq>13</GreekSeq></word><word seq="7">神<GreekSeq>14</GreekSeq></word><word seq="8">的意思</word><word seq="9">照顧<GreekSeq>8</GreekSeq></word><word seq="10">他們，</word><word seq="11">不是<GreekSeq>9</GreekSeq></word><word seq="12">出於勉強，<GreekSeq>10</GreekSeq></word><word seq="13">而是<GreekSeq>11</GreekSeq></word><word seq="14">出於甘心；<GreekSeq>12</GreekSeq></word><word seq="15">也不是<GreekSeq>15</GreekSeq></word><word seq="16">出於貪財，<GreekSeq>16</GreekSeq></word><word seq="17">而是<GreekSeq>17</GreekSeq></word><word seq="18">出於樂意；<GreekSeq>18</GreekSeq></word></CSB></verse>
<verse number="3"><CSB><word seq="1">也不要<GreekSeq>1</GreekSeq></word><word seq="2">壓制<GreekSeq>3</GreekSeq></word><word seq="3">所分配給[你們]的<GreekSeq>5</GreekSeq></word><word seq="4">那些人，<GreekSeq>4</GreekSeq></word><word seq="5">而<GreekSeq>6</GreekSeq></word><word seq="6">要做<GreekSeq>8</GreekSeq></word><word seq="7">羊群的<GreekSeq>10</GreekSeq></word><word seq="8">榜樣。<GreekSeq>7</GreekSeq></word></CSB></verse>
<verse number="4"><CSB><word seq="1">這樣，<GreekSeq>1</GreekSeq></word><word seq="2">在</word><word seq="3">大牧者<GreekSeq>4</GreekSeq></word><word seq="4">顯現的時候，<GreekSeq>2</GreekSeq></word><word seq="5">你們將領受<GreekSeq>5</GreekSeq></word><word seq="6">那<GreekSeq>6</GreekSeq></word><word seq="7">永不衰殘的<GreekSeq>7</GreekSeq></word><word seq="8">榮耀<GreekSeq>9</GreekSeq></word><word seq="9">冠冕。<GreekSeq>10</GreekSeq></word></CSB></verse>
<verse number="5"><CSB><word seq="1">同樣，<GreekSeq>1</GreekSeq></word><word seq="2">你們<GreekSeq>3</GreekSeq></word><word seq="3">年輕的，<GreekSeq>2</GreekSeq></word><word seq="4">當服從<GreekSeq>3</GreekSeq></word><word seq="5">年長的。<GreekSeq>4</GreekSeq></word><word seq="6">每個人<GreekSeq>5</GreekSeq></word><word seq="7">當<GreekSeq>10</GreekSeq></word><word seq="8">彼此<GreekSeq>7</GreekSeq></word><word seq="9">以謙卑<GreekSeq>9</GreekSeq></word><word seq="10">束腰，<GreekSeq>10</GreekSeq></word><word seq="11">因為<GreekSeq>11</GreekSeq></word><word seq="12">「神<GreekSeq>13</GreekSeq></word><word seq="13">抵擋<GreekSeq>15</GreekSeq></word><word seq="14">驕傲的人，<GreekSeq>14</GreekSeq></word><word seq="15">賜<GreekSeq>18</GreekSeq></word><word seq="16">恩典<GreekSeq>19</GreekSeq></word><word seq="17">給謙卑的人。」<GreekSeq>16</GreekSeq></word></CSB></verse>
<verse number="6"><CSB><word seq="1">所以，<GreekSeq>2</GreekSeq></word><word seq="2">你們當<GreekSeq>1</GreekSeq></word><word seq="3">在<GreekSeq>3</GreekSeq></word><word seq="4">神<GreekSeq>8</GreekSeq></word><word seq="5">大能的<GreekSeq>5</GreekSeq></word><word seq="6">手<GreekSeq>6</GreekSeq></word><word seq="7">下<GreekSeq>3</GreekSeq></word><word seq="8">降卑，<GreekSeq>1</GreekSeq></word><word seq="9">好讓<GreekSeq>9</GreekSeq></word><word seq="10">他<GreekSeq>11</GreekSeq></word><word seq="11">在<GreekSeq>12</GreekSeq></word><word seq="12">[所定的]時候<GreekSeq>13</GreekSeq></word><word seq="13">高舉<GreekSeq>11</GreekSeq></word><word seq="14">你們。<GreekSeq>10</GreekSeq></word></CSB></verse>
<verse number="7"><CSB><word seq="1">你們<GreekSeq>4</GreekSeq></word><word seq="2">要</word><word seq="3">把一切<GreekSeq>1</GreekSeq></word><word seq="4">憂慮<GreekSeq>3</GreekSeq></word><word seq="5">都</word><word seq="6">卸<GreekSeq>5</GreekSeq></word><word seq="7">給<GreekSeq>6</GreekSeq></word><word seq="8">[神]，<GreekSeq>7</GreekSeq></word><word seq="9">因為<GreekSeq>8</GreekSeq></word><word seq="10">他<GreekSeq>9</GreekSeq></word><word seq="11">顧念<GreekSeq>10</GreekSeq></word><word seq="12">你們。<GreekSeq>12</GreekSeq></word></CSB></verse>
<verse number="8"><CSB><word seq="1">你們要謹慎，<GreekSeq>1</GreekSeq></word><word seq="2">要警醒。<GreekSeq>2</GreekSeq></word><word seq="3">你們的<GreekSeq>5</GreekSeq></word><word seq="4">仇敵<GreekSeq>4</GreekSeq></word><word seq="5">魔鬼<GreekSeq>6</GreekSeq></word><word seq="6">就像<GreekSeq>7</GreekSeq></word><word seq="7">咆哮的<GreekSeq>9</GreekSeq></word><word seq="8">獅子<GreekSeq>8</GreekSeq></word><word seq="9">走來走去，<GreekSeq>10</GreekSeq></word><word seq="10">尋找<GreekSeq>11</GreekSeq></word><word seq="11">可吞吃的<GreekSeq>13</GreekSeq></word><word seq="12">人。<GreekSeq>12</GreekSeq></word></CSB></verse>
<verse number="9"><CSB><word seq="1">你們要<GreekSeq>2</GreekSeq></word><word seq="2">用</word><word seq="3">堅固的<GreekSeq>3</GreekSeq></word><word seq="4">信仰<GreekSeq>5</GreekSeq></word><word seq="5">來抵擋<GreekSeq>2</GreekSeq></word><word seq="6">它，<GreekSeq>1</GreekSeq></word><word seq="7">因為你們</word><word seq="8">知道，<GreekSeq>6</GreekSeq></word><word seq="9">你們<GreekSeq>15</GreekSeq></word><word seq="10">在<GreekSeq>12</GreekSeq></word><word seq="11">世<GreekSeq>14</GreekSeq></word><word seq="12">上<GreekSeq>12</GreekSeq></word><word seq="13">的弟兄[姐妹]<GreekSeq>16</GreekSeq></word><word seq="14">也都</word><word seq="15">經歷著<GreekSeq>17</GreekSeq></word><word seq="16">同樣的<GreekSeq>8</GreekSeq></word><word seq="17">苦難。<GreekSeq>10</GreekSeq></word></CSB></verse>
<verse number="10"><CSB><word seq="1">然而，<GreekSeq>2</GreekSeq></word><word seq="2">那<GreekSeq>1</GreekSeq></word><word seq="3">賜</word><word seq="4">一切<GreekSeq>4</GreekSeq></word><word seq="5">恩典的<GreekSeq>5</GreekSeq></word><word seq="6">神，<GreekSeq>3</GreekSeq></word><word seq="7">就是</word><word seq="8">在<GreekSeq>14</GreekSeq></word><word seq="9">基督<GreekSeq>15</GreekSeq></word><word seq="10">耶穌<GreekSeq>16</GreekSeq></word><word seq="11">裡<GreekSeq>14</GreekSeq></word><word seq="12">召喚<GreekSeq>7</GreekSeq></word><word seq="13">你們<GreekSeq>8</GreekSeq></word><word seq="14">進入<GreekSeq>9</GreekSeq></word><word seq="15">他<GreekSeq>12</GreekSeq></word><word seq="16">永恆<GreekSeq>11</GreekSeq></word><word seq="17">榮耀<GreekSeq>13</GreekSeq></word><word seq="18">的那一位，在你們</word><word seq="19">暫時<GreekSeq>17</GreekSeq></word><word seq="20">受苦之後，<GreekSeq>18</GreekSeq></word><word seq="21">將<GreekSeq>20</GreekSeq></word><word seq="22">親自<GreekSeq>19</GreekSeq></word><word seq="23">使[你們]完備、<GreekSeq>20</GreekSeq></word><word seq="24">堅固、<GreekSeq>21</GreekSeq></word><word seq="25">剛強、<GreekSeq>22</GreekSeq></word><word seq="26">根基穩固。<GreekSeq>23</GreekSeq></word></CSB></verse>
<verse number="11"><CSB><word seq="1">願</word><word seq="2">權能<GreekSeq>3</GreekSeq></word><word seq="3">歸於他，<GreekSeq>1</GreekSeq></word><word seq="4">直到<GreekSeq>4</GreekSeq></word><word seq="5">永遠！<GreekSeq>6</GreekSeq></word><word seq="6">阿們。<GreekSeq>7</GreekSeq></word></CSB></verse>
<verse number="12"><CSB><word seq="1">藉著<GreekSeq>1</GreekSeq></word><word seq="2">我看為<GreekSeq>8</GreekSeq></word><word seq="3">忠心的<GreekSeq>5</GreekSeq></word><word seq="4">弟兄<GreekSeq>6</GreekSeq></word><word seq="5">賽拉斯，<GreekSeq>2</GreekSeq></word><word seq="6">我<GreekSeq>11</GreekSeq></word><word seq="7">簡要地<GreekSeq>9</GreekSeq><GreekSeq>10</GreekSeq></word><word seq="8">寫了<GreekSeq>11</GreekSeq></word><word seq="9">這封信，</word><word seq="10">勸勉<GreekSeq>12</GreekSeq></word><word seq="11">你們，</word><word seq="12">並且<GreekSeq>13</GreekSeq></word><word seq="13">證明<GreekSeq>14</GreekSeq></word><word seq="14">這<GreekSeq>15</GreekSeq></word><word seq="15">是<GreekSeq>16</GreekSeq></word><word seq="16">神<GreekSeq>20</GreekSeq></word><word seq="17">真實的<GreekSeq>17</GreekSeq></word><word seq="18">恩典。<GreekSeq>18</GreekSeq></word><word seq="19">你們要<GreekSeq>23</GreekSeq></word><word seq="20">在<GreekSeq>21</GreekSeq></word><word seq="21">這[恩典]<GreekSeq>22</GreekSeq></word><word seq="22">中<GreekSeq>21</GreekSeq></word><word seq="23">站立得住。<GreekSeq>23</GreekSeq></word></CSB></verse>
<verse number="13"><CSB><word seq="1">那<GreekSeq>3</GreekSeq></word><word seq="2">[與你們]同蒙揀選的、<GreekSeq>6</GreekSeq></word><word seq="3">在<GreekSeq>4</GreekSeq></word><word seq="4">巴比倫<GreekSeq>5</GreekSeq></word><word seq="5">的婦人</word><word seq="6">問候<GreekSeq>1</GreekSeq></word><word seq="7">你們。<GreekSeq>2</GreekSeq></word><word seq="8">我<GreekSeq>11</GreekSeq></word><word seq="9">兒子<GreekSeq>10</GreekSeq></word><word seq="10">馬可<GreekSeq>8</GreekSeq></word><word seq="11">也<GreekSeq>7</GreekSeq></word><word seq="12">問候你們。</word></CSB></verse>
<verse number="14"><CSB><word seq="1">你們要<GreekSeq>1</GreekSeq></word><word seq="2">用<GreekSeq>3</GreekSeq></word><word seq="3">愛心的<GreekSeq>5</GreekSeq></word><word seq="4">親吻<GreekSeq>4</GreekSeq></word><word seq="5">禮</word><word seq="6">彼此<GreekSeq>2</GreekSeq></word><word seq="7">問候。<GreekSeq>1</GreekSeq></word><word seq="8">願</word><word seq="9">平安<GreekSeq>6</GreekSeq></word><word seq="10">臨到你們<GreekSeq>7</GreekSeq></word><word seq="11">所有<GreekSeq>8</GreekSeq></word><word seq="12">在<GreekSeq>10</GreekSeq></word><word seq="13">基督<GreekSeq>11</GreekSeq></word><word seq="14">裡<GreekSeq>10</GreekSeq></word><word seq="15">的人！<GreekSeq>9</GreekSeq></word></CSB></verse>
</chapter></book>