<?xml version="1.0" encoding="UTF-8" standalone="no"?><book><chapter number="3">
<verse number="1"><CSB><word seq="1">同樣，<GreekSeq>1</GreekSeq></word><word seq="2">你們做</word><word seq="3">妻子<GreekSeq>3</GreekSeq></word><word seq="4">的，</word><word seq="5">要服從<GreekSeq>4</GreekSeq></word><word seq="6">自己的<GreekSeq>6</GreekSeq></word><word seq="7">丈夫。<GreekSeq>7</GreekSeq></word><word seq="8">這樣，<GreekSeq>9</GreekSeq></word><word seq="9">即使[有]<GreekSeq>10</GreekSeq></word><word seq="10">不肯信從<GreekSeq>12</GreekSeq></word><word seq="11">這<GreekSeq>13</GreekSeq></word><word seq="12">話語<GreekSeq>14</GreekSeq></word><word seq="13">的</word><word seq="14">[丈夫]，<GreekSeq>11</GreekSeq></word><word seq="15">他們也會被感化過來，<GreekSeq>22</GreekSeq></word><word seq="16">不[是因著]<GreekSeq>20</GreekSeq></word><word seq="17">[妻子的]話語，<GreekSeq>21</GreekSeq></word><word seq="18">而是</word><word seq="19">因著<GreekSeq>15</GreekSeq></word><word seq="20">妻子的<GreekSeq>18</GreekSeq></word><word seq="21">品行，<GreekSeq>19</GreekSeq></word></CSB></verse>
<verse number="2"><CSB><word seq="1">因為</word><word seq="2">看見了<GreekSeq>1</GreekSeq></word><word seq="3">你們<GreekSeq>7</GreekSeq></word><word seq="4">[懷有]<GreekSeq>3</GreekSeq></word><word seq="5">敬畏<GreekSeq>4</GreekSeq></word><word seq="6">之心的</word><word seq="7">貞潔<GreekSeq>5</GreekSeq></word><word seq="8">品行。<GreekSeq>6</GreekSeq></word></CSB></verse>
<verse number="3"><CSB><word seq="1">[你們]的<GreekSeq>1</GreekSeq></word><word seq="2">美麗之處<GreekSeq>14</GreekSeq></word><word seq="3">不<GreekSeq>3</GreekSeq></word><word seq="4">應該是<GreekSeq>2</GreekSeq></word><word seq="5">外在的，<GreekSeq>5</GreekSeq></word><word seq="6">如</word><word seq="7">編<GreekSeq>6</GreekSeq></word><word seq="8">頭髮、<GreekSeq>7</GreekSeq></word><word seq="9">戴<GreekSeq>9</GreekSeq></word><word seq="10">金[飾]、<GreekSeq>10</GreekSeq></word><word seq="11">穿<GreekSeq>12</GreekSeq></word><word seq="12">[華]服，<GreekSeq>13</GreekSeq></word></CSB></verse>
<verse number="4"><CSB><word seq="1">而<GreekSeq>1</GreekSeq></word><word seq="2">應該是</word><word seq="3">心[裡面]<GreekSeq>5</GreekSeq></word><word seq="4">內在的<GreekSeq>3</GreekSeq></word><word seq="5">人，<GreekSeq>6</GreekSeq></word><word seq="6">帶著<GreekSeq>7</GreekSeq></word><word seq="7">不朽壞的<GreekSeq>9</GreekSeq></word><word seq="8">品性，出於</word><word seq="9">謙和、<GreekSeq>11</GreekSeq></word><word seq="10">安靜的<GreekSeq>13</GreekSeq></word><word seq="11">靈；<GreekSeq>14</GreekSeq></word><word seq="12">這<GreekSeq>15</GreekSeq></word><word seq="13">在<GreekSeq>17</GreekSeq></word><word seq="14">神<GreekSeq>19</GreekSeq></word><word seq="15">面前<GreekSeq>17</GreekSeq></word><word seq="16">是<GreekSeq>16</GreekSeq></word><word seq="17">極其貴重的。<GreekSeq>20</GreekSeq></word></CSB></verse>
<verse number="5"><CSB><word seq="1">[實際上]，<GreekSeq>2</GreekSeq></word><word seq="2">從前<GreekSeq>3</GreekSeq></word><word seq="3">盼望<GreekSeq>9</GreekSeq></word><word seq="4">神<GreekSeq>11</GreekSeq></word><word seq="5">的<GreekSeq>9</GreekSeq></word><word seq="6">那些<GreekSeq>5</GreekSeq></word><word seq="7">聖潔<GreekSeq>6</GreekSeq></word><word seq="8">婦女，<GreekSeq>7</GreekSeq></word><word seq="9">也是<GreekSeq>4</GreekSeq></word><word seq="10">這樣<GreekSeq>1</GreekSeq></word><word seq="11">裝飾<GreekSeq>12</GreekSeq></word><word seq="12">自己，<GreekSeq>13</GreekSeq></word><word seq="13">服從<GreekSeq>14</GreekSeq></word><word seq="14">自己<GreekSeq>16</GreekSeq></word><word seq="15">丈夫<GreekSeq>17</GreekSeq></word><word seq="16">的；<GreekSeq>14</GreekSeq></word></CSB></verse>
<verse number="6"><CSB><word seq="1">就像<GreekSeq>1</GreekSeq></word><word seq="2">撒拉<GreekSeq>2</GreekSeq></word><word seq="3">順從<GreekSeq>3</GreekSeq></word><word seq="4">亞伯拉罕，<GreekSeq>5</GreekSeq></word><word seq="5">稱<GreekSeq>8</GreekSeq></word><word seq="6">他<GreekSeq>7</GreekSeq></word><word seq="7">為<GreekSeq>8</GreekSeq></word><word seq="8">主<GreekSeq>6</GreekSeq></word><word seq="9">那樣；</word><word seq="10">當你們行善<GreekSeq>12</GreekSeq></word><word seq="11">而<GreekSeq>13</GreekSeq></word><word seq="12">不<GreekSeq>14</GreekSeq></word><word seq="13">怕<GreekSeq>15</GreekSeq></word><word seq="14">任何<GreekSeq>16</GreekSeq></word><word seq="15">驚擾<GreekSeq>17</GreekSeq></word><word seq="16">的時候，就</word><word seq="17">成為<GreekSeq>10</GreekSeq></word><word seq="18">[撒拉]的<GreekSeq>9</GreekSeq></word><word seq="19">兒女<GreekSeq>11</GreekSeq></word><word seq="20">了。</word></CSB></verse>
<verse number="7"><CSB><word seq="1">同樣，<GreekSeq>3</GreekSeq></word><word seq="2">你們做</word><word seq="3">丈夫<GreekSeq>2</GreekSeq></word><word seq="4">的，要</word><word seq="5">按<GreekSeq>5</GreekSeq></word><word seq="6">情理<GreekSeq>6</GreekSeq></word><word seq="7">與[妻子]同住，<GreekSeq>4</GreekSeq></word><word seq="8">[將]女性<GreekSeq>11</GreekSeq></word><word seq="9">當做<GreekSeq>7</GreekSeq></word><word seq="10">比較軟弱的<GreekSeq>8</GreekSeq></word><word seq="11">器皿<GreekSeq>9</GreekSeq></word><word seq="12">而</word><word seq="13">尊重<GreekSeq>13</GreekSeq></word><word seq="14">她們，</word><word seq="15">也<GreekSeq>15</GreekSeq></word><word seq="16">當做是<GreekSeq>14</GreekSeq></word><word seq="17">生命之<GreekSeq>18</GreekSeq></word><word seq="18">恩的<GreekSeq>17</GreekSeq></word><word seq="19">共同繼承人。<GreekSeq>16</GreekSeq></word><word seq="20">這樣，<GreekSeq>19</GreekSeq><GreekSeq>20</GreekSeq></word><word seq="21">你們的<GreekSeq>25</GreekSeq></word><word seq="22">禱告<GreekSeq>24</GreekSeq></word><word seq="23">就</word><word seq="24">不<GreekSeq>21</GreekSeq></word><word seq="25">會受攔阻。<GreekSeq>22</GreekSeq></word></CSB></verse>
<verse number="8"><CSB><word seq="1">總而言之，<GreekSeq>3</GreekSeq></word><word seq="2">你們</word><word seq="3">大家都<GreekSeq>4</GreekSeq></word><word seq="4">要</word><word seq="5">心思一致，<GreekSeq>5</GreekSeq></word><word seq="6">互相同情，<GreekSeq>6</GreekSeq></word><word seq="7">相愛如弟兄，<GreekSeq>7</GreekSeq></word><word seq="8">心存憐憫，<GreekSeq>8</GreekSeq></word><word seq="9">滿有謙卑。<GreekSeq>9</GreekSeq></word></CSB></verse>
<verse number="9"><CSB><word seq="1">不<GreekSeq>1</GreekSeq></word><word seq="2">要以<GreekSeq>2</GreekSeq></word><word seq="3">惡<GreekSeq>3</GreekSeq></word><word seq="4">報<GreekSeq>4</GreekSeq></word><word seq="5">惡，<GreekSeq>5</GreekSeq></word><word seq="6">以</word><word seq="7">辱罵<GreekSeq>7</GreekSeq></word><word seq="8">還<GreekSeq>8</GreekSeq></word><word seq="9">辱罵，<GreekSeq>9</GreekSeq></word><word seq="10">反要<GreekSeq>10</GreekSeq></word><word seq="11">祝福，<GreekSeq>12</GreekSeq></word><word seq="12">因為<GreekSeq>13</GreekSeq></word><word seq="13">你們<GreekSeq>16</GreekSeq></word><word seq="14">是</word><word seq="15">為<GreekSeq>14</GreekSeq></word><word seq="16">此<GreekSeq>15</GreekSeq></word><word seq="17">蒙召<GreekSeq>16</GreekSeq></word><word seq="18">的，</word><word seq="19">好使<GreekSeq>17</GreekSeq></word><word seq="20">你們繼承<GreekSeq>19</GreekSeq></word><word seq="21">祝福。<GreekSeq>18</GreekSeq></word></CSB></verse>
<verse number="10"><CSB><word seq="1">[要知道]，<GreekSeq>2</GreekSeq></word><word seq="2">「那<GreekSeq>1</GreekSeq></word><word seq="3">願意<GreekSeq>3</GreekSeq></word><word seq="4">愛惜<GreekSeq>5</GreekSeq></word><word seq="5">生命、<GreekSeq>4</GreekSeq></word><word seq="6">願意</word><word seq="7">見到<GreekSeq>7</GreekSeq></word><word seq="8">好<GreekSeq>9</GreekSeq></word><word seq="9">日子<GreekSeq>8</GreekSeq></word><word seq="10">的人，<GreekSeq>3</GreekSeq></word><word seq="11">要停止<GreekSeq>10</GreekSeq></word><word seq="12">舌頭<GreekSeq>12</GreekSeq></word><word seq="13">出<GreekSeq>13</GreekSeq></word><word seq="14">惡[言]，<GreekSeq>14</GreekSeq></word><word seq="15">不<GreekSeq>18</GreekSeq></word><word seq="16">[讓]嘴唇<GreekSeq>16</GreekSeq></word><word seq="17">說<GreekSeq>19</GreekSeq></word><word seq="18">詭詐[的話]；<GreekSeq>20</GreekSeq></word></CSB></verse>
<verse number="11"><CSB><word seq="1">要遠離<GreekSeq>1</GreekSeq></word><word seq="2">邪惡，<GreekSeq>4</GreekSeq></word><word seq="3">要行<GreekSeq>6</GreekSeq></word><word seq="4">美善，<GreekSeq>7</GreekSeq></word><word seq="5">要尋求<GreekSeq>8</GreekSeq></word><word seq="6">和睦，<GreekSeq>9</GreekSeq></word><word seq="7">要[竭力]追求；<GreekSeq>11</GreekSeq></word></CSB></verse>
<verse number="12"><CSB><word seq="1">因為<GreekSeq>1</GreekSeq></word><word seq="2">主的<GreekSeq>3</GreekSeq></word><word seq="3">眼睛<GreekSeq>2</GreekSeq></word><word seq="4">[看顧]<GreekSeq>4</GreekSeq></word><word seq="5">義人，<GreekSeq>5</GreekSeq></word><word seq="6">[主]的<GreekSeq>8</GreekSeq></word><word seq="7">耳朵<GreekSeq>7</GreekSeq></word><word seq="8">[垂聽]<GreekSeq>9</GreekSeq></word><word seq="9">他們的<GreekSeq>11</GreekSeq></word><word seq="10">祈禱；<GreekSeq>10</GreekSeq></word><word seq="11">但<GreekSeq>13</GreekSeq></word><word seq="12">主的<GreekSeq>14</GreekSeq></word><word seq="13">臉<GreekSeq>12</GreekSeq></word><word seq="14">卻</word><word seq="15">[敵]對<GreekSeq>15</GreekSeq></word><word seq="16">作<GreekSeq>16</GreekSeq></word><word seq="17">惡<GreekSeq>17</GreekSeq></word><word seq="18">的人。」<GreekSeq>16</GreekSeq></word></CSB></verse>
<verse number="13"><CSB><word seq="1">如果<GreekSeq>6</GreekSeq></word><word seq="2">你們是為<GreekSeq>10</GreekSeq></word><word seq="3">美善<GreekSeq>8</GreekSeq></word><word seq="4">而</word><word seq="5">熱心的人，<GreekSeq>9</GreekSeq></word><word seq="6">誰<GreekSeq>2</GreekSeq></word><word seq="7">會傷害<GreekSeq>4</GreekSeq></word><word seq="8">你們<GreekSeq>5</GreekSeq></word><word seq="9">呢？</word></CSB></verse>
<verse number="14"><CSB><word seq="1">然而，<GreekSeq>1</GreekSeq></word><word seq="2">即使<GreekSeq>2</GreekSeq></word><word seq="3">你們<GreekSeq>4</GreekSeq></word><word seq="4">為<GreekSeq>5</GreekSeq></word><word seq="5">義<GreekSeq>6</GreekSeq></word><word seq="6">受苦，<GreekSeq>4</GreekSeq></word><word seq="7">也是</word><word seq="8">蒙福的。<GreekSeq>7</GreekSeq></word><word seq="9">不<GreekSeq>12</GreekSeq></word><word seq="10">要怕<GreekSeq>13</GreekSeq></word><word seq="11">他們所<GreekSeq>11</GreekSeq></word><word seq="12">懼怕<GreekSeq>10</GreekSeq></word><word seq="13">的，</word><word seq="14">也不<GreekSeq>14</GreekSeq></word><word seq="15">要驚慌不安，<GreekSeq>15</GreekSeq></word></CSB></verse>
<verse number="15"><CSB><word seq="1">只要<GreekSeq>2</GreekSeq></word><word seq="2">你們<GreekSeq>9</GreekSeq></word><word seq="3">心[裡]<GreekSeq>8</GreekSeq></word><word seq="4">尊<GreekSeq>5</GreekSeq></word><word seq="5">主<GreekSeq>1</GreekSeq></word><word seq="6">基督<GreekSeq>4</GreekSeq></word><word seq="7">為聖，<GreekSeq>5</GreekSeq></word><word seq="8">無論誰<GreekSeq>14</GreekSeq></word><word seq="9">要<GreekSeq>16</GreekSeq></word><word seq="10">你們<GreekSeq>17</GreekSeq></word><word seq="11">對<GreekSeq>19</GreekSeq></word><word seq="12">你們<GreekSeq>22</GreekSeq></word><word seq="13">裡面<GreekSeq>21</GreekSeq></word><word seq="14">的盼望<GreekSeq>23</GreekSeq></word><word seq="15">做個交代，<GreekSeq>16</GreekSeq></word><word seq="16">你們都要</word><word seq="17">隨時<GreekSeq>11</GreekSeq></word><word seq="18">預備好<GreekSeq>10</GreekSeq></word><word seq="19">答覆<GreekSeq>13</GreekSeq></word><word seq="20">他；</word></CSB></verse>
<verse number="16"><CSB><word seq="1">不過<GreekSeq>1</GreekSeq></word><word seq="2">要以<GreekSeq>2</GreekSeq></word><word seq="3">溫柔、<GreekSeq>3</GreekSeq></word><word seq="4">敬畏的[心]<GreekSeq>5</GreekSeq></word><word seq="5">答覆，並且</word><word seq="6">持守<GreekSeq>7</GreekSeq></word><word seq="7">無愧的<GreekSeq>8</GreekSeq></word><word seq="8">良心，<GreekSeq>6</GreekSeq></word><word seq="9">以致<GreekSeq>9</GreekSeq></word><word seq="10">誰詆毀你們<GreekSeq>12</GreekSeq></word><word seq="11">在<GreekSeq>19</GreekSeq></word><word seq="12">基督<GreekSeq>20</GreekSeq></word><word seq="13">裡<GreekSeq>19</GreekSeq></word><word seq="14">的</word><word seq="15">良好<GreekSeq>18</GreekSeq></word><word seq="16">品行，<GreekSeq>21</GreekSeq></word><word seq="17">誰就</word><word seq="18">要<GreekSeq>13</GreekSeq></word><word seq="19">在<GreekSeq>10</GreekSeq></word><word seq="20">你們<GreekSeq>16</GreekSeq></word><word seq="21">受到誹謗的<GreekSeq>15</GreekSeq></word><word seq="22">事<GreekSeq>11</GreekSeq></word><word seq="23">上<GreekSeq>10</GreekSeq></word><word seq="24">蒙羞。<GreekSeq>13</GreekSeq></word></CSB></verse>
<verse number="17"><CSB><word seq="1">[要知道]，<GreekSeq>2</GreekSeq></word><word seq="2">即使<GreekSeq>4</GreekSeq></word><word seq="3">神的<GreekSeq>9</GreekSeq></word><word seq="4">旨意<GreekSeq>7</GreekSeq></word><word seq="5">要<GreekSeq>5</GreekSeq></word><word seq="6">你們因</word><word seq="7">行善<GreekSeq>3</GreekSeq></word><word seq="8">而</word><word seq="9">受苦，<GreekSeq>10</GreekSeq></word><word seq="10">也</word><word seq="11">比<GreekSeq>11</GreekSeq></word><word seq="12">[因]作惡<GreekSeq>12</GreekSeq></word><word seq="13">而受苦</word><word seq="14">更好，<GreekSeq>1</GreekSeq></word></CSB></verse>
<verse number="18"><CSB><word seq="1">因為<GreekSeq>1</GreekSeq></word><word seq="2">基督<GreekSeq>3</GreekSeq></word><word seq="3">也<GreekSeq>2</GreekSeq></word><word seq="4">曾一次<GreekSeq>4</GreekSeq></word><word seq="5">為了<GreekSeq>5</GreekSeq></word><word seq="6">贖</word><word seq="7">罪<GreekSeq>6</GreekSeq></word><word seq="8">而</word><word seq="9">受苦，<GreekSeq>7</GreekSeq></word><word seq="10">就是</word><word seq="11">義的<GreekSeq>8</GreekSeq></word><word seq="12">代替<GreekSeq>9</GreekSeq></word><word seq="13">不義的，<GreekSeq>10</GreekSeq></word><word seq="14">為要<GreekSeq>11</GreekSeq></word><word seq="15">把你們<GreekSeq>12</GreekSeq></word><word seq="16">帶到<GreekSeq>13</GreekSeq></word><word seq="17">神<GreekSeq>15</GreekSeq></word><word seq="18">的面前。<GreekSeq>13</GreekSeq></word><word seq="19">照著肉身<GreekSeq>18</GreekSeq></word><word seq="20">說，基督</word><word seq="21">固然<GreekSeq>17</GreekSeq></word><word seq="22">被處死了；<GreekSeq>16</GreekSeq></word><word seq="23">但<GreekSeq>20</GreekSeq></word><word seq="24">照著靈<GreekSeq>21</GreekSeq></word><word seq="25">說，</word><word seq="26">他[卻]得以復活了。<GreekSeq>19</GreekSeq></word></CSB></verse>
<verse number="19"><CSB><word seq="1">藉著<GreekSeq>1</GreekSeq></word><word seq="2">[靈]，<GreekSeq>2</GreekSeq></word><word seq="3">他<GreekSeq>8</GreekSeq></word><word seq="4">也<GreekSeq>3</GreekSeq></word><word seq="5">曾去<GreekSeq>8</GreekSeq></word><word seq="6">傳道<GreekSeq>9</GreekSeq></word><word seq="7">給那些<GreekSeq>4</GreekSeq></word><word seq="8">[被監禁的]<GreekSeq>5</GreekSeq><GreekSeq>6</GreekSeq></word><word seq="9">靈[魂]，<GreekSeq>7</GreekSeq></word></CSB></verse>
<verse number="20"><CSB><word seq="1">就是</word><word seq="2">從前<GreekSeq>2</GreekSeq></word><word seq="3">在<GreekSeq>9</GreekSeq></word><word seq="4">挪亞<GreekSeq>11</GreekSeq></word><word seq="5">建造<GreekSeq>12</GreekSeq></word><word seq="6">方舟的<GreekSeq>13</GreekSeq></word><word seq="7">那些</word><word seq="8">日子<GreekSeq>10</GreekSeq></word><word seq="9">裡，<GreekSeq>9</GreekSeq></word><word seq="10">在<GreekSeq>3</GreekSeq></word><word seq="11">神<GreekSeq>7</GreekSeq></word><word seq="12">耐心<GreekSeq>8</GreekSeq></word><word seq="13">等待<GreekSeq>4</GreekSeq></word><word seq="14">的時候<GreekSeq>3</GreekSeq></word><word seq="15">那些</word><word seq="16">不肯信從的<GreekSeq>1</GreekSeq></word><word seq="17">靈魂。當時</word><word seq="18">進入<GreekSeq>14</GreekSeq></word><word seq="19">[方舟]，<GreekSeq>15</GreekSeq></word><word seq="20">藉著<GreekSeq>22</GreekSeq></word><word seq="21">水<GreekSeq>23</GreekSeq></word><word seq="22">獲救<GreekSeq>21</GreekSeq></word><word seq="23">的人</word><word seq="24">很少，<GreekSeq>16</GreekSeq></word><word seq="25">只</word><word seq="26">有<GreekSeq>18</GreekSeq></word><word seq="27">八個<GreekSeq>19</GreekSeq></word><word seq="28">人。<GreekSeq>20</GreekSeq></word></CSB></verse>
<verse number="21"><CSB><word seq="1">這[水]<GreekSeq>1</GreekSeq></word><word seq="2">所象徵的<GreekSeq>4</GreekSeq></word><word seq="3">洗禮，<GreekSeq>7</GreekSeq></word><word seq="4">如今<GreekSeq>5</GreekSeq></word><word seq="5">也<GreekSeq>2</GreekSeq></word><word seq="6">藉著<GreekSeq>18</GreekSeq></word><word seq="7">耶穌<GreekSeq>20</GreekSeq></word><word seq="8">基督的<GreekSeq>21</GreekSeq></word><word seq="9">復活<GreekSeq>19</GreekSeq></word><word seq="10">拯救<GreekSeq>6</GreekSeq></word><word seq="11">你們，<GreekSeq>3</GreekSeq></word><word seq="12">不是<GreekSeq>8</GreekSeq></word><word seq="13">清除<GreekSeq>10</GreekSeq></word><word seq="14">肉體的<GreekSeq>9</GreekSeq></word><word seq="15">汙穢，<GreekSeq>11</GreekSeq></word><word seq="16">而是<GreekSeq>12</GreekSeq></word><word seq="17">向<GreekSeq>16</GreekSeq></word><word seq="18">神<GreekSeq>17</GreekSeq></word><word seq="19">懇求<GreekSeq>15</GreekSeq></word><word seq="20">無愧的<GreekSeq>14</GreekSeq></word><word seq="21">良心。<GreekSeq>13</GreekSeq></word></CSB></verse>
<verse number="22"><CSB><word seq="1">[耶穌基督]<GreekSeq>1</GreekSeq></word><word seq="2">已經升<GreekSeq>7</GreekSeq></word><word seq="3">天，<GreekSeq>9</GreekSeq></word><word seq="4">就<GreekSeq>2</GreekSeq></word><word seq="5">在<GreekSeq>3</GreekSeq></word><word seq="6">神的<GreekSeq>6</GreekSeq></word><word seq="7">右邊，<GreekSeq>4</GreekSeq></word><word seq="8">天使們、<GreekSeq>12</GreekSeq></word><word seq="9">掌權的、<GreekSeq>14</GreekSeq></word><word seq="10">有勢力的，<GreekSeq>16</GreekSeq></word><word seq="11">都</word><word seq="12">服從了<GreekSeq>10</GreekSeq></word><word seq="13">他。<GreekSeq>11</GreekSeq></word></CSB></verse>
</chapter></book>