<?xml version="1.0" encoding="UTF-8" standalone="no"?><book><chapter number="2">
<verse number="1"><CSB><word seq="1">所以，<GreekSeq>2</GreekSeq></word><word seq="2">你們要脫去<GreekSeq>1</GreekSeq></word><word seq="3">一切<GreekSeq>3</GreekSeq></word><word seq="4">惡毒、<GreekSeq>4</GreekSeq></word><word seq="5">一切<GreekSeq>6</GreekSeq></word><word seq="6">詭詐、<GreekSeq>7</GreekSeq></word><word seq="7">偽善、<GreekSeq>9</GreekSeq></word><word seq="8">嫉妒，<GreekSeq>11</GreekSeq></word><word seq="9">以及<GreekSeq>12</GreekSeq></word><word seq="10">一切的<GreekSeq>13</GreekSeq></word><word seq="11">誹謗，<GreekSeq>14</GreekSeq></word></CSB></verse>
<verse number="2"><CSB><word seq="1">要像<GreekSeq>1</GreekSeq></word><word seq="2">剛出生的<GreekSeq>2</GreekSeq></word><word seq="3">嬰孩<GreekSeq>3</GreekSeq></word><word seq="4">一樣，</word><word seq="5">愛慕<GreekSeq>8</GreekSeq></word><word seq="6">那<GreekSeq>4</GreekSeq></word><word seq="7">純淨的<GreekSeq>6</GreekSeq></word><word seq="8">話語之<GreekSeq>5</GreekSeq></word><word seq="9">奶，<GreekSeq>7</GreekSeq></word><word seq="10">好使<GreekSeq>9</GreekSeq></word><word seq="11">你們<GreekSeq>12</GreekSeq></word><word seq="12">藉著<GreekSeq>10</GreekSeq></word><word seq="13">它<GreekSeq>11</GreekSeq></word><word seq="14">成長，<GreekSeq>12</GreekSeq></word><word seq="15">以至於<GreekSeq>13</GreekSeq></word><word seq="16">救恩，<GreekSeq>14</GreekSeq></word></CSB></verse>
<verse number="3"><CSB><word seq="1">[因為]<GreekSeq>1</GreekSeq></word><word seq="2">你們嘗過<GreekSeq>2</GreekSeq></word><word seq="3">主<GreekSeq>6</GreekSeq></word><word seq="4">仁慈的<GreekSeq>4</GreekSeq></word><word seq="5">滋味。</word></CSB></verse>
<verse number="4"><CSB><word seq="1">你們來<GreekSeq>3</GreekSeq></word><word seq="2">到<GreekSeq>1</GreekSeq></word><word seq="3">那<GreekSeq>2</GreekSeq></word><word seq="4">活<GreekSeq>5</GreekSeq></word><word seq="5">石<GreekSeq>4</GreekSeq></word><word seq="6">面前<GreekSeq>1</GreekSeq></word><word seq="7">——他</word><word seq="8">雖然<GreekSeq>8</GreekSeq></word><word seq="9">被<GreekSeq>6</GreekSeq></word><word seq="10">人<GreekSeq>7</GreekSeq></word><word seq="11">棄絕，<GreekSeq>9</GreekSeq></word><word seq="12">卻是<GreekSeq>11</GreekSeq></word><word seq="13">神<GreekSeq>12</GreekSeq></word><word seq="14">所揀選、<GreekSeq>13</GreekSeq></word><word seq="15">所珍貴的——<GreekSeq>14</GreekSeq></word></CSB></verse>
<verse number="5"><CSB><word seq="1">你們<GreekSeq>6</GreekSeq></word><word seq="2">也就<GreekSeq>1</GreekSeq></word><word seq="3">像<GreekSeq>3</GreekSeq></word><word seq="4">活<GreekSeq>5</GreekSeq></word><word seq="5">石，<GreekSeq>4</GreekSeq></word><word seq="6">被建造成<GreekSeq>6</GreekSeq></word><word seq="7">一座[屬]靈的<GreekSeq>8</GreekSeq></word><word seq="8">[殿宇]，<GreekSeq>7</GreekSeq></word><word seq="9">進入<GreekSeq>9</GreekSeq></word><word seq="10">聖潔的<GreekSeq>11</GreekSeq></word><word seq="11">祭司體系，<GreekSeq>10</GreekSeq></word><word seq="12">好</word><word seq="13">藉著<GreekSeq>18</GreekSeq></word><word seq="14">耶穌<GreekSeq>19</GreekSeq></word><word seq="15">基督<GreekSeq>20</GreekSeq></word><word seq="16">獻上<GreekSeq>12</GreekSeq></word><word seq="17">[蒙]神<GreekSeq>17</GreekSeq></word><word seq="18">悅納的<GreekSeq>15</GreekSeq></word><word seq="19">屬靈<GreekSeq>13</GreekSeq></word><word seq="20">祭物，<GreekSeq>14</GreekSeq></word></CSB></verse>
<verse number="6"><CSB><word seq="1">因為<GreekSeq>1</GreekSeq></word><word seq="2">經<GreekSeq>4</GreekSeq></word><word seq="3">上<GreekSeq>3</GreekSeq></word><word seq="4">[記著]：<GreekSeq>2</GreekSeq></word><word seq="5">「看哪，<GreekSeq>5</GreekSeq></word><word seq="6">我<GreekSeq>6</GreekSeq></word><word seq="7">在<GreekSeq>7</GreekSeq></word><word seq="8">錫安<GreekSeq>8</GreekSeq></word><word seq="9">放<GreekSeq>6</GreekSeq></word><word seq="10">一塊蒙揀選的、<GreekSeq>11</GreekSeq></word><word seq="11">珍貴的<GreekSeq>12</GreekSeq></word><word seq="12">房角<GreekSeq>10</GreekSeq></word><word seq="13">石，<GreekSeq>9</GreekSeq></word><word seq="14">信<GreekSeq>15</GreekSeq></word><word seq="15">靠<GreekSeq>16</GreekSeq></word><word seq="16">他<GreekSeq>17</GreekSeq></word><word seq="17">的人<GreekSeq>15</GreekSeq></word><word seq="18" note="οὐ μή Strong Code (3364)">絕不<GreekSeq>18</GreekSeq><GreekSeq>19</GreekSeq></word><word seq="19">至於蒙羞。」<GreekSeq>20</GreekSeq></word></CSB></verse>
<verse number="7"><CSB><word seq="1">這樣，<GreekSeq>2</GreekSeq></word><word seq="2">對你們<GreekSeq>1</GreekSeq></word><word seq="3">信的人<GreekSeq>6</GreekSeq></word><word seq="4">來說，</word><word seq="5">他<GreekSeq>3</GreekSeq></word><word seq="6">是</word><word seq="7">尊貴<GreekSeq>4</GreekSeq></word><word seq="8">的；</word><word seq="9">但是<GreekSeq>8</GreekSeq></word><word seq="10">對那些不信的人<GreekSeq>7</GreekSeq></word><word seq="11">來說，卻是</word><word seq="12">「工匠<GreekSeq>13</GreekSeq></word><word seq="13">所棄絕的<GreekSeq>10</GreekSeq><GreekSeq>11</GreekSeq></word><word seq="14">石頭，<GreekSeq>9</GreekSeq></word><word seq="15">它<GreekSeq>14</GreekSeq></word><word seq="16">已經成了<GreekSeq>15</GreekSeq></word><word seq="17">房角的<GreekSeq>18</GreekSeq></word><word seq="18">頭塊<GreekSeq>17</GreekSeq></word><word seq="19">石頭。」</word></CSB></verse>
<verse number="8"><CSB><word seq="1">並且<GreekSeq>1</GreekSeq></word><word seq="2">是</word><word seq="3">「一塊絆腳的<GreekSeq>3</GreekSeq></word><word seq="4">石頭，<GreekSeq>2</GreekSeq></word><word seq="5">使人絆倒的<GreekSeq>6</GreekSeq></word><word seq="6">磐石。」<GreekSeq>5</GreekSeq></word><word seq="7">他們<GreekSeq>7</GreekSeq></word><word seq="8">絆倒<GreekSeq>8</GreekSeq></word><word seq="9">是因為</word><word seq="10">不肯信從<GreekSeq>11</GreekSeq></word><word seq="11">這<GreekSeq>9</GreekSeq></word><word seq="12">話語，<GreekSeq>10</GreekSeq></word><word seq="13">而</word><word seq="14">這<GreekSeq>13</GreekSeq></word><word seq="15">也是<GreekSeq>14</GreekSeq></word><word seq="16">被預定的。<GreekSeq>15</GreekSeq></word></CSB></verse>
<verse number="9"><CSB><word seq="1">但<GreekSeq>2</GreekSeq></word><word seq="2">你們<GreekSeq>1</GreekSeq></word><word seq="3">屬於</word><word seq="4">蒙揀選的<GreekSeq>4</GreekSeq></word><word seq="5">族類、<GreekSeq>3</GreekSeq></word><word seq="6">君王的<GreekSeq>5</GreekSeq></word><word seq="7">祭司體系、<GreekSeq>6</GreekSeq></word><word seq="8">聖潔的<GreekSeq>8</GreekSeq></word><word seq="9">國度，<GreekSeq>7</GreekSeq></word><word seq="10">是</word><word seq="11">[屬]<GreekSeq>10</GreekSeq></word><word seq="12">[神的]<GreekSeq>11</GreekSeq></word><word seq="13">子民；<GreekSeq>9</GreekSeq></word><word seq="14">為要使<GreekSeq>12</GreekSeq></word><word seq="15">你們宣揚<GreekSeq>15</GreekSeq></word><word seq="16">曾召喚<GreekSeq>20</GreekSeq></word><word seq="17">你們<GreekSeq>19</GreekSeq></word><word seq="18">的<GreekSeq>20</GreekSeq></word><word seq="19">那一位的<GreekSeq>16</GreekSeq></word><word seq="20">美德<GreekSeq>14</GreekSeq></word><word seq="21">——他召喚</word><word seq="22">你們<GreekSeq>19</GreekSeq></word><word seq="23">出<GreekSeq>17</GreekSeq></word><word seq="24">黑暗，<GreekSeq>18</GreekSeq></word><word seq="25">入<GreekSeq>21</GreekSeq></word><word seq="26">他<GreekSeq>24</GreekSeq></word><word seq="27">奇妙的<GreekSeq>23</GreekSeq></word><word seq="28">光明。<GreekSeq>25</GreekSeq></word></CSB></verse>
<verse number="10"><CSB><word seq="1">[你們]<GreekSeq>1</GreekSeq></word><word seq="2">從前<GreekSeq>2</GreekSeq></word><word seq="3">不是<GreekSeq>3</GreekSeq></word><word seq="4">子民，<GreekSeq>4</GreekSeq></word><word seq="5">但</word><word seq="6">如今<GreekSeq>5</GreekSeq></word><word seq="7">卻是<GreekSeq>6</GreekSeq></word><word seq="8">神的<GreekSeq>8</GreekSeq></word><word seq="9">子民；<GreekSeq>7</GreekSeq></word><word seq="10">從前</word><word seq="11">沒有<GreekSeq>10</GreekSeq></word><word seq="12">蒙憐憫，<GreekSeq>11</GreekSeq></word><word seq="13">但</word><word seq="14">如今<GreekSeq>12</GreekSeq></word><word seq="15">卻<GreekSeq>13</GreekSeq></word><word seq="16">蒙了憐憫。<GreekSeq>14</GreekSeq></word></CSB></verse>
<verse number="11"><CSB><word seq="1">各位蒙愛的人哪，<GreekSeq>1</GreekSeq></word><word seq="2">我勸<GreekSeq>2</GreekSeq></word><word seq="3">你們：</word><word seq="4">做為<GreekSeq>3</GreekSeq></word><word seq="5">過客<GreekSeq>4</GreekSeq></word><word seq="6">和<GreekSeq>5</GreekSeq></word><word seq="7">寄居的，<GreekSeq>6</GreekSeq></word><word seq="8">要遠避<GreekSeq>7</GreekSeq></word><word seq="9">那<GreekSeq>8</GreekSeq></word><word seq="10">與<GreekSeq>13</GreekSeq></word><word seq="11">你們</word><word seq="12">[靈]魂<GreekSeq>15</GreekSeq></word><word seq="13">爭戰<GreekSeq>12</GreekSeq></word><word seq="14">的</word><word seq="15">肉體<GreekSeq>9</GreekSeq></word><word seq="16">欲望。<GreekSeq>10</GreekSeq></word></CSB></verse>
<verse number="12"><CSB><word seq="1">你們<GreekSeq>3</GreekSeq></word><word seq="2">在<GreekSeq>4</GreekSeq></word><word seq="3">外邦人<GreekSeq>6</GreekSeq></word><word seq="4">中，<GreekSeq>4</GreekSeq></word><word seq="5">要有<GreekSeq>7</GreekSeq></word><word seq="6">良好的<GreekSeq>8</GreekSeq></word><word seq="7">品行；<GreekSeq>2</GreekSeq></word><word seq="8">這樣，<GreekSeq>9</GreekSeq></word><word seq="9">當<GreekSeq>10</GreekSeq></word><word seq="10">他們誹謗<GreekSeq>12</GreekSeq></word><word seq="11">你們<GreekSeq>13</GreekSeq></word><word seq="12">是<GreekSeq>14</GreekSeq></word><word seq="13">作惡之人<GreekSeq>15</GreekSeq></word><word seq="14">[的時候]，<GreekSeq>11</GreekSeq></word><word seq="15">因<GreekSeq>16</GreekSeq></word><word seq="16">看到<GreekSeq>20</GreekSeq></word><word seq="17">你們</word><word seq="18">美好的<GreekSeq>18</GreekSeq></word><word seq="19">行為，<GreekSeq>19</GreekSeq></word><word seq="20">就</word><word seq="21">在<GreekSeq>24</GreekSeq></word><word seq="22">神</word><word seq="23">臨到的<GreekSeq>26</GreekSeq></word><word seq="24">日子<GreekSeq>25</GreekSeq></word><word seq="25">榮耀<GreekSeq>21</GreekSeq></word><word seq="26">神。<GreekSeq>23</GreekSeq></word></CSB></verse>
<verse number="13"><CSB><word seq="1">為了<GreekSeq>5</GreekSeq></word><word seq="2">主<GreekSeq>7</GreekSeq></word><word seq="3">的緣故，<GreekSeq>5</GreekSeq></word><word seq="4">你們要服從<GreekSeq>1</GreekSeq></word><word seq="5">人的<GreekSeq>3</GreekSeq></word><word seq="6">一切<GreekSeq>2</GreekSeq></word><word seq="7">制度；<GreekSeq>4</GreekSeq></word><word seq="8">無論<GreekSeq>8</GreekSeq></word><word seq="9">是<GreekSeq>10</GreekSeq></word><word seq="10">在上的<GreekSeq>11</GreekSeq></word><word seq="11">君王，<GreekSeq>9</GreekSeq></word></CSB></verse>
<verse number="14"><CSB><word seq="1">或是<GreekSeq>1</GreekSeq></word><word seq="2">他<GreekSeq>5</GreekSeq></word><word seq="3">所委派<GreekSeq>6</GreekSeq></word><word seq="4">來<GreekSeq>7</GreekSeq></word><word seq="5">懲<GreekSeq>8</GreekSeq></word><word seq="6">惡<GreekSeq>9</GreekSeq></word><word seq="7">賞<GreekSeq>10</GreekSeq></word><word seq="8">善<GreekSeq>12</GreekSeq></word><word seq="9">的<GreekSeq>6</GreekSeq></word><word seq="10">那些</word><word seq="11">官員；<GreekSeq>2</GreekSeq></word></CSB></verse>
<verse number="15"><CSB><word seq="1">因為<GreekSeq>1</GreekSeq></word><word seq="2">神的<GreekSeq>7</GreekSeq></word><word seq="3">旨意<GreekSeq>5</GreekSeq></word><word seq="4">就是<GreekSeq>3</GreekSeq></word><word seq="5">[要你們藉著]行善，<GreekSeq>8</GreekSeq></word><word seq="6">堵住<GreekSeq>9</GreekSeq></word><word seq="7">那些<GreekSeq>11</GreekSeq></word><word seq="8">愚妄<GreekSeq>12</GreekSeq></word><word seq="9">人<GreekSeq>13</GreekSeq></word><word seq="10">無知<GreekSeq>14</GreekSeq></word><word seq="11">的口。<GreekSeq>9</GreekSeq></word></CSB></verse>
<verse number="16"><CSB><word seq="1">做為<GreekSeq>1</GreekSeq></word><word seq="2">自由[人]，<GreekSeq>2</GreekSeq></word><word seq="3">你們</word><word seq="4">不可<GreekSeq>4</GreekSeq></word><word seq="5">拿<GreekSeq>7</GreekSeq></word><word seq="6">自由<GreekSeq>11</GreekSeq></word><word seq="7">當做<GreekSeq>5</GreekSeq></word><word seq="8">惡事的<GreekSeq>9</GreekSeq></word><word seq="9">[藉口]，<GreekSeq>6</GreekSeq></word><word seq="10">卻要<GreekSeq>12</GreekSeq></word><word seq="11">做<GreekSeq>13</GreekSeq></word><word seq="12">神的<GreekSeq>14</GreekSeq></word><word seq="13">奴僕。<GreekSeq>15</GreekSeq></word></CSB></verse>
<verse number="17"><CSB><word seq="1">你們應當尊重<GreekSeq>2</GreekSeq></word><word seq="2">所有的人，<GreekSeq>1</GreekSeq></word><word seq="3">愛<GreekSeq>5</GreekSeq></word><word seq="4">弟兄姐妹，<GreekSeq>4</GreekSeq></word><word seq="5">敬畏<GreekSeq>8</GreekSeq></word><word seq="6">神，<GreekSeq>7</GreekSeq></word><word seq="7">尊重<GreekSeq>11</GreekSeq></word><word seq="8">君王。<GreekSeq>10</GreekSeq></word></CSB></verse>
<verse number="18"><CSB><word seq="1">你們做</word><word seq="2">家僕<GreekSeq>2</GreekSeq></word><word seq="3">的，應當</word><word seq="4">以<GreekSeq>4</GreekSeq></word><word seq="5">完全<GreekSeq>5</GreekSeq></word><word seq="6">敬畏<GreekSeq>6</GreekSeq></word><word seq="7">的心</word><word seq="8">服從<GreekSeq>3</GreekSeq></word><word seq="9">主人；<GreekSeq>8</GreekSeq></word><word seq="10">不<GreekSeq>9</GreekSeq></word><word seq="11">僅<GreekSeq>10</GreekSeq></word><word seq="12">要服從</word><word seq="13">善良<GreekSeq>12</GreekSeq></word><word seq="14">溫和的，<GreekSeq>14</GreekSeq></word><word seq="15">就是<GreekSeq>15</GreekSeq></word><word seq="16">乖僻的，<GreekSeq>18</GreekSeq></word><word seq="17">也要[服從]。<GreekSeq>16</GreekSeq></word></CSB></verse>
<verse number="19"><CSB><word seq="1">因為<GreekSeq>2</GreekSeq></word><word seq="2">人<GreekSeq>9</GreekSeq></word><word seq="3">如果<GreekSeq>4</GreekSeq></word><word seq="4">為了<GreekSeq>5</GreekSeq></word><word seq="5">[在]神[面前]<GreekSeq>7</GreekSeq></word><word seq="6">良心<GreekSeq>6</GreekSeq></word><word seq="7">的緣故，<GreekSeq>5</GreekSeq></word><word seq="8">在不公正的苦害中<GreekSeq>11</GreekSeq><GreekSeq>12</GreekSeq></word><word seq="9">忍受<GreekSeq>8</GreekSeq></word><word seq="10">憂患，<GreekSeq>10</GreekSeq></word><word seq="11">這[是]<GreekSeq>1</GreekSeq></word><word seq="12">可稱讚的；<GreekSeq>3</GreekSeq></word></CSB></verse>
<verse number="20"><CSB><word seq="1">就是說，</word><word seq="2">如果<GreekSeq>4</GreekSeq></word><word seq="3">你們<GreekSeq>8</GreekSeq></word><word seq="4">因<GreekSeq>2</GreekSeq></word><word seq="5">犯罪<GreekSeq>5</GreekSeq></word><word seq="6">受責打<GreekSeq>7</GreekSeq></word><word seq="7">而</word><word seq="8">忍耐，<GreekSeq>8</GreekSeq></word><word seq="9">有</word><word seq="10">什麼<GreekSeq>1</GreekSeq></word><word seq="11">可稱讚<GreekSeq>3</GreekSeq></word><word seq="12">的呢？</word><word seq="13">但<GreekSeq>9</GreekSeq></word><word seq="14">如果<GreekSeq>10</GreekSeq></word><word seq="15">你們<GreekSeq>14</GreekSeq></word><word seq="16">因</word><word seq="17">行善<GreekSeq>11</GreekSeq></word><word seq="18">受苦害<GreekSeq>13</GreekSeq></word><word seq="19">而</word><word seq="20">忍耐，<GreekSeq>14</GreekSeq></word><word seq="21">這<GreekSeq>15</GreekSeq></word><word seq="22">在<GreekSeq>17</GreekSeq></word><word seq="23">神<GreekSeq>18</GreekSeq></word><word seq="24">看來是</word><word seq="25">可稱讚的。<GreekSeq>16</GreekSeq></word></CSB></verse>
<verse number="21"><CSB><word seq="1">原來<GreekSeq>3</GreekSeq></word><word seq="2">你們<GreekSeq>4</GreekSeq></word><word seq="3">是</word><word seq="4">為<GreekSeq>1</GreekSeq></word><word seq="5">此<GreekSeq>2</GreekSeq></word><word seq="6">蒙召<GreekSeq>4</GreekSeq></word><word seq="7">的，</word><word seq="8">因為<GreekSeq>5</GreekSeq></word><word seq="9">基督<GreekSeq>7</GreekSeq></word><word seq="10">也<GreekSeq>6</GreekSeq></word><word seq="11">為<GreekSeq>9</GreekSeq></word><word seq="12">你們<GreekSeq>10</GreekSeq></word><word seq="13">受了苦害，<GreekSeq>8</GreekSeq></word><word seq="14">給你們<GreekSeq>11</GreekSeq></word><word seq="15">留下了<GreekSeq>12</GreekSeq></word><word seq="16">榜樣，<GreekSeq>13</GreekSeq></word><word seq="17">好<GreekSeq>14</GreekSeq></word><word seq="18">讓你們追隨<GreekSeq>15</GreekSeq></word><word seq="19">他的<GreekSeq>18</GreekSeq></word><word seq="20">腳蹤。<GreekSeq>17</GreekSeq></word></CSB></verse>
<verse number="22"><CSB><word seq="1">他<GreekSeq>1</GreekSeq></word><word seq="2">沒有<GreekSeq>3</GreekSeq></word><word seq="3">犯過<GreekSeq>4</GreekSeq></word><word seq="4">罪，<GreekSeq>2</GreekSeq></word><word seq="5">在<GreekSeq>8</GreekSeq></word><word seq="6">他<GreekSeq>11</GreekSeq></word><word seq="7">口<GreekSeq>10</GreekSeq></word><word seq="8">中<GreekSeq>8</GreekSeq></word><word seq="9">也<GreekSeq>5</GreekSeq></word><word seq="10">找<GreekSeq>6</GreekSeq></word><word seq="11">不<GreekSeq>5</GreekSeq></word><word seq="12">出<GreekSeq>6</GreekSeq></word><word seq="13">詭詐；<GreekSeq>7</GreekSeq></word></CSB></verse>
<verse number="23"><CSB><word seq="1">他<GreekSeq>1</GreekSeq></word><word seq="2">被辱罵的時候，<GreekSeq>2</GreekSeq></word><word seq="3">不<GreekSeq>3</GreekSeq></word><word seq="4">還口；<GreekSeq>4</GreekSeq></word><word seq="5">受苦害的時候，<GreekSeq>5</GreekSeq></word><word seq="6">不<GreekSeq>6</GreekSeq></word><word seq="7">說威嚇的話，<GreekSeq>7</GreekSeq></word><word seq="8">而是<GreekSeq>9</GreekSeq></word><word seq="9">把自己</word><word seq="10">交託給<GreekSeq>8</GreekSeq></word><word seq="11">以公義<GreekSeq>12</GreekSeq></word><word seq="12">施行審判的<GreekSeq>11</GreekSeq></word><word seq="13">那一位。<GreekSeq>10</GreekSeq></word></CSB></verse>
<verse number="24"><CSB><word seq="1">他<GreekSeq>1</GreekSeq></word><word seq="2">在<GreekSeq>11</GreekSeq></word><word seq="3">木頭<GreekSeq>13</GreekSeq></word><word seq="4">上，<GreekSeq>11</GreekSeq></word><word seq="5">以<GreekSeq>7</GreekSeq></word><word seq="6">自己的<GreekSeq>10</GreekSeq></word><word seq="7">身體<GreekSeq>9</GreekSeq></word><word seq="8">親自<GreekSeq>5</GreekSeq></word><word seq="9">擔當了<GreekSeq>6</GreekSeq></word><word seq="10">我們的<GreekSeq>4</GreekSeq></word><word seq="11">罪孽，<GreekSeq>3</GreekSeq></word><word seq="12">好使<GreekSeq>14</GreekSeq></word><word seq="13">我們<GreekSeq>20</GreekSeq></word><word seq="14">既然</word><word seq="15">向罪<GreekSeq>16</GreekSeq></word><word seq="16">而</word><word seq="17">死，<GreekSeq>17</GreekSeq></word><word seq="18">就</word><word seq="19">能<GreekSeq>20</GreekSeq></word><word seq="20">向義<GreekSeq>19</GreekSeq></word><word seq="21">而</word><word seq="22">活；<GreekSeq>20</GreekSeq></word><word seq="23">因<GreekSeq>23</GreekSeq></word><word seq="24">他[受]的<GreekSeq>21</GreekSeq></word><word seq="25">鞭傷，<GreekSeq>23</GreekSeq></word><word seq="26">你們得了痊癒。<GreekSeq>24</GreekSeq></word></CSB></verse>
<verse number="25"><CSB><word seq="1">[要知道]，<GreekSeq>2</GreekSeq></word><word seq="2">你們從前<GreekSeq>1</GreekSeq></word><word seq="3">像是<GreekSeq>3</GreekSeq></word><word seq="4">迷失的<GreekSeq>5</GreekSeq></word><word seq="5">羊，<GreekSeq>4</GreekSeq></word><word seq="6">但<GreekSeq>6</GreekSeq></word><word seq="7">現在<GreekSeq>8</GreekSeq></word><word seq="8">卻</word><word seq="9">回到了<GreekSeq>7</GreekSeq></word><word seq="10">你們<GreekSeq>16</GreekSeq></word><word seq="11">[靈]魂的<GreekSeq>15</GreekSeq></word><word seq="12">牧人<GreekSeq>11</GreekSeq></word><word seq="13">和<GreekSeq>12</GreekSeq></word><word seq="14">監督<GreekSeq>13</GreekSeq></word><word seq="15">的身旁。</word></CSB></verse>
</chapter></book>