<?xml version="1.0" encoding="UTF-8" standalone="no"?><book><chapter number="1">
<verse number="1"><CSB><word seq="1">耶穌<GreekSeq>3</GreekSeq></word><word seq="2">基督的<GreekSeq>4</GreekSeq></word><word seq="3">使徒<GreekSeq>2</GreekSeq></word><word seq="4">彼得，<GreekSeq>1</GreekSeq></word><word seq="5">[致那些]蒙揀選，<GreekSeq>5</GreekSeq></word><word seq="6">分散<GreekSeq>7</GreekSeq></word><word seq="7">在</word><word seq="8">本都、<GreekSeq>8</GreekSeq></word><word seq="9">加拉太、<GreekSeq>9</GreekSeq></word><word seq="10">卡帕多細亞、<GreekSeq>10</GreekSeq></word><word seq="11">亞細亞、<GreekSeq>11</GreekSeq></word><word seq="12">比提尼亞<GreekSeq>13</GreekSeq></word><word seq="13">寄居的人，<GreekSeq>6</GreekSeq></word></CSB></verse>
<verse number="2"><CSB><word seq="1">就是</word><word seq="2">按照<GreekSeq>1</GreekSeq></word><word seq="3">父<GreekSeq>4</GreekSeq></word><word seq="4">神的<GreekSeq>3</GreekSeq></word><word seq="5">預知，<GreekSeq>2</GreekSeq></word><word seq="6">藉著<GreekSeq>5</GreekSeq></word><word seq="7">[聖]靈<GreekSeq>7</GreekSeq></word><word seq="8">分別為聖，<GreekSeq>6</GreekSeq></word><word seq="9">以致<GreekSeq>8</GreekSeq></word><word seq="10">順從<GreekSeq>9</GreekSeq></word><word seq="11">耶穌<GreekSeq>13</GreekSeq></word><word seq="12">基督，<GreekSeq>14</GreekSeq></word><word seq="13">又<GreekSeq>10</GreekSeq></word><word seq="14">蒙他寶</word><word seq="15">血所<GreekSeq>12</GreekSeq></word><word seq="16">灑[的人]：<GreekSeq>11</GreekSeq></word><word seq="17">願</word><word seq="18">恩典<GreekSeq>15</GreekSeq></word><word seq="19">與<GreekSeq>17</GreekSeq></word><word seq="20">平安<GreekSeq>18</GreekSeq></word><word seq="21">多多地加給<GreekSeq>19</GreekSeq></word><word seq="22">你們！<GreekSeq>16</GreekSeq></word></CSB></verse>
<verse number="3"><CSB><word seq="1">願</word><word seq="2">頌讚<GreekSeq>1</GreekSeq></word><word seq="3">歸於</word><word seq="4">神<GreekSeq>3</GreekSeq></word><word seq="5">——我們<GreekSeq>8</GreekSeq></word><word seq="6">主<GreekSeq>7</GreekSeq></word><word seq="7">耶穌<GreekSeq>9</GreekSeq></word><word seq="8">基督的<GreekSeq>10</GreekSeq></word><word seq="9">父！<GreekSeq>5</GreekSeq></word><word seq="10">他<GreekSeq>11</GreekSeq></word><word seq="11">照著<GreekSeq>12</GreekSeq></word><word seq="12">自己<GreekSeq>15</GreekSeq></word><word seq="13">極大的<GreekSeq>14</GreekSeq></word><word seq="14">憐憫，<GreekSeq>16</GreekSeq></word><word seq="15">藉著<GreekSeq>22</GreekSeq></word><word seq="16">耶穌<GreekSeq>24</GreekSeq></word><word seq="17">基督<GreekSeq>25</GreekSeq></word><word seq="18">從<GreekSeq>26</GreekSeq></word><word seq="19">死人<GreekSeq>27</GreekSeq></word><word seq="20">中<GreekSeq>26</GreekSeq></word><word seq="21">的復活，<GreekSeq>23</GreekSeq></word><word seq="22">使我們<GreekSeq>18</GreekSeq></word><word seq="23">重生，<GreekSeq>17</GreekSeq></word><word seq="24">[得著]<GreekSeq>19</GreekSeq></word><word seq="25">永生的<GreekSeq>21</GreekSeq></word><word seq="26">盼望，<GreekSeq>20</GreekSeq></word></CSB></verse>
<verse number="4"><CSB><word seq="1">[得著]<GreekSeq>1</GreekSeq></word><word seq="2">不會朽壞、<GreekSeq>3</GreekSeq></word><word seq="3">不會玷汙、<GreekSeq>5</GreekSeq></word><word seq="4">不會衰殘、<GreekSeq>7</GreekSeq></word><word seq="5">保存<GreekSeq>8</GreekSeq></word><word seq="6">在<GreekSeq>9</GreekSeq></word><word seq="7">天<GreekSeq>10</GreekSeq></word><word seq="8">上<GreekSeq>9</GreekSeq></word><word seq="9">的繼業；<GreekSeq>2</GreekSeq></word></CSB></verse>
<verse number="5"><CSB><word seq="1">你們<GreekSeq>1</GreekSeq></word><word seq="2">藉著<GreekSeq>6</GreekSeq></word><word seq="3">信，<GreekSeq>7</GreekSeq></word><word seq="4">在<GreekSeq>2</GreekSeq></word><word seq="5">神的<GreekSeq>4</GreekSeq></word><word seq="6">大能<GreekSeq>3</GreekSeq></word><word seq="7">中<GreekSeq>2</GreekSeq></word><word seq="8">蒙保守，<GreekSeq>5</GreekSeq></word><word seq="9">以至於<GreekSeq>8</GreekSeq></word><word seq="10">那</word><word seq="11">預備好<GreekSeq>10</GreekSeq></word><word seq="12">要<GreekSeq>11</GreekSeq></word><word seq="13">在<GreekSeq>12</GreekSeq></word><word seq="14">末<GreekSeq>14</GreekSeq></word><word seq="15">世<GreekSeq>13</GreekSeq></word><word seq="16">顯現的<GreekSeq>11</GreekSeq></word><word seq="17">救恩。<GreekSeq>9</GreekSeq></word></CSB></verse>
<verse number="6"><CSB><word seq="1">為<GreekSeq>1</GreekSeq></word><word seq="2">此，<GreekSeq>2</GreekSeq></word><word seq="3">你們歡欣跳躍，<GreekSeq>3</GreekSeq></word><word seq="4">但</word><word seq="5">如今<GreekSeq>5</GreekSeq></word><word seq="6">必須<GreekSeq>7</GreekSeq></word><word seq="7">在<GreekSeq>10</GreekSeq></word><word seq="8">種種<GreekSeq>11</GreekSeq></word><word seq="9">試煉<GreekSeq>12</GreekSeq></word><word seq="10">中<GreekSeq>10</GreekSeq></word><word seq="11">暫時<GreekSeq>4</GreekSeq></word><word seq="12">憂傷，<GreekSeq>9</GreekSeq></word></CSB></verse>
<verse number="7"><CSB><word seq="1">好讓<GreekSeq>1</GreekSeq></word><word seq="2">你們的<GreekSeq>4</GreekSeq></word><word seq="3">信仰<GreekSeq>6</GreekSeq></word><word seq="4">經過考驗，<GreekSeq>3</GreekSeq></word><word seq="5">就</word><word seq="6">比<GreekSeq>7</GreekSeq></word><word seq="7">那<GreekSeq>9</GreekSeq></word><word seq="8">被<GreekSeq>11</GreekSeq></word><word seq="9">火<GreekSeq>12</GreekSeq></word><word seq="10">煉過<GreekSeq>14</GreekSeq></word><word seq="11">仍然會朽壞的<GreekSeq>10</GreekSeq></word><word seq="12">金子<GreekSeq>8</GreekSeq></word><word seq="13">更加寶貴，<GreekSeq>7</GreekSeq></word><word seq="14">能<GreekSeq>15</GreekSeq></word><word seq="15">在<GreekSeq>22</GreekSeq></word><word seq="16">耶穌<GreekSeq>24</GreekSeq></word><word seq="17">基督<GreekSeq>25</GreekSeq></word><word seq="18">顯現[的時候]，<GreekSeq>23</GreekSeq></word><word seq="19">被看為<GreekSeq>15</GreekSeq></word><word seq="20">是</word><word seq="21">[可以得著]<GreekSeq>16</GreekSeq></word><word seq="22">稱讚、<GreekSeq>17</GreekSeq></word><word seq="23">榮耀<GreekSeq>19</GreekSeq></word><word seq="24">和<GreekSeq>20</GreekSeq></word><word seq="25">尊貴<GreekSeq>21</GreekSeq></word><word seq="26">的。</word></CSB></verse>
<verse number="8"><CSB><word seq="1">你們<GreekSeq>4</GreekSeq></word><word seq="2">雖然</word><word seq="3">沒有<GreekSeq>2</GreekSeq></word><word seq="4">見過<GreekSeq>3</GreekSeq></word><word seq="5">他，<GreekSeq>1</GreekSeq></word><word seq="6">卻</word><word seq="7">愛<GreekSeq>4</GreekSeq></word><word seq="8">他；雖然</word><word seq="9">如今<GreekSeq>7</GreekSeq></word><word seq="10">看<GreekSeq>9</GreekSeq></word><word seq="11">不<GreekSeq>8</GreekSeq></word><word seq="12">到<GreekSeq>9</GreekSeq></word><word seq="13">他，卻</word><word seq="14">信<GreekSeq>10</GreekSeq></word><word seq="15">他，<GreekSeq>6</GreekSeq></word><word seq="16">並且<GreekSeq>11</GreekSeq></word><word seq="17">懷著</word><word seq="18">無法描述、<GreekSeq>14</GreekSeq></word><word seq="19">充滿榮耀的<GreekSeq>16</GreekSeq></word><word seq="20">喜樂<GreekSeq>13</GreekSeq></word><word seq="21">而<GreekSeq>11</GreekSeq></word><word seq="22">歡欣跳躍，<GreekSeq>12</GreekSeq></word></CSB></verse>
<verse number="9"><CSB><word seq="1">因為你們</word><word seq="2">正在領受<GreekSeq>1</GreekSeq></word><word seq="3">你們<GreekSeq>6</GreekSeq></word><word seq="4">信仰的<GreekSeq>5</GreekSeq></word><word seq="5">結果，<GreekSeq>3</GreekSeq></word><word seq="6">就是</word><word seq="7">[靈]魂的<GreekSeq>8</GreekSeq></word><word seq="8">救恩。<GreekSeq>7</GreekSeq></word></CSB></verse>
<verse number="10"><CSB><word seq="1">關於<GreekSeq>1</GreekSeq></word><word seq="2">這<GreekSeq>2</GreekSeq></word><word seq="3">救恩，<GreekSeq>3</GreekSeq></word><word seq="4">那些<GreekSeq>8</GreekSeq></word><word seq="5">預言<GreekSeq>14</GreekSeq></word><word seq="6">你們要得著<GreekSeq>11</GreekSeq><GreekSeq>12</GreekSeq></word><word seq="7">這<GreekSeq>10</GreekSeq></word><word seq="8">恩典的<GreekSeq>13</GreekSeq></word><word seq="9">先知，<GreekSeq>7</GreekSeq></word><word seq="10">曾經尋求過，<GreekSeq>4</GreekSeq></word><word seq="11">詳細查考過。<GreekSeq>6</GreekSeq></word></CSB></verse>
<verse number="11"><CSB><word seq="1">他們查考了<GreekSeq>1</GreekSeq></word><word seq="2">自己<GreekSeq>10</GreekSeq></word><word seq="3">裡面<GreekSeq>9</GreekSeq></word><word seq="4">基督之<GreekSeq>12</GreekSeq></word><word seq="5">靈，<GreekSeq>11</GreekSeq></word><word seq="6">當他預言<GreekSeq>13</GreekSeq></word><word seq="7">有關<GreekSeq>15</GreekSeq></word><word seq="8">基督<GreekSeq>16</GreekSeq></word><word seq="9">的苦難<GreekSeq>17</GreekSeq></word><word seq="10">和<GreekSeq>18</GreekSeq></word><word seq="11">此<GreekSeq>21</GreekSeq></word><word seq="12">後<GreekSeq>20</GreekSeq></word><word seq="13">的榮耀<GreekSeq>22</GreekSeq></word><word seq="14">時，究竟</word><word seq="15">指明<GreekSeq>7</GreekSeq></word><word seq="16">的是</word><word seq="17">什麼<GreekSeq>3</GreekSeq></word><word seq="18">時候、<GreekSeq>6</GreekSeq></word><word seq="19">或<GreekSeq>4</GreekSeq></word><word seq="20">什麼樣的情況。<GreekSeq>5</GreekSeq></word></CSB></verse>
<verse number="12"><CSB><word seq="1">他們<GreekSeq>1</GreekSeq></word><word seq="2">蒙了啟示，<GreekSeq>2</GreekSeq></word><word seq="3">知道</word><word seq="4">所服事的<GreekSeq>8</GreekSeq></word><word seq="5">這一切，<GreekSeq>9</GreekSeq></word><word seq="6">不是<GreekSeq>4</GreekSeq></word><word seq="7">為自己，<GreekSeq>5</GreekSeq></word><word seq="8">而是<GreekSeq>7</GreekSeq></word><word seq="9">為你們。<GreekSeq>6</GreekSeq></word><word seq="10">如今，<GreekSeq>11</GreekSeq></word><word seq="11">這些事<GreekSeq>10</GreekSeq></word><word seq="12">藉著<GreekSeq>18</GreekSeq></word><word seq="13">從<GreekSeq>22</GreekSeq></word><word seq="14">天<GreekSeq>23</GreekSeq></word><word seq="15">上<GreekSeq>22</GreekSeq></word><word seq="16">派來的<GreekSeq>21</GreekSeq></word><word seq="17">聖<GreekSeq>20</GreekSeq></word><word seq="18">靈，<GreekSeq>19</GreekSeq></word><word seq="19">通過<GreekSeq>14</GreekSeq></word><word seq="20">那些<GreekSeq>15</GreekSeq></word><word seq="21">向你們<GreekSeq>17</GreekSeq></word><word seq="22">傳福音的人，<GreekSeq>16</GreekSeq></word><word seq="23">傳講給了<GreekSeq>12</GreekSeq></word><word seq="24">你們；<GreekSeq>13</GreekSeq></word><word seq="25">對於<GreekSeq>24</GreekSeq></word><word seq="26">這些事，<GreekSeq>25</GreekSeq></word><word seq="27">天使們<GreekSeq>27</GreekSeq></word><word seq="28">也</word><word seq="29">渴望<GreekSeq>26</GreekSeq></word><word seq="30">能詳細察看。<GreekSeq>28</GreekSeq></word></CSB></verse>
<verse number="13"><CSB><word seq="1">因此，<GreekSeq>1</GreekSeq></word><word seq="2">你們要約束<GreekSeq>2</GreekSeq><GreekSeq>4</GreekSeq></word><word seq="3">自己的<GreekSeq>7</GreekSeq></word><word seq="4">意念，<GreekSeq>6</GreekSeq></word><word seq="5">要謹慎，<GreekSeq>8</GreekSeq></word><word seq="6">要把盼望<GreekSeq>10</GreekSeq></word><word seq="7">完全<GreekSeq>9</GreekSeq></word><word seq="8">寄託<GreekSeq>10</GreekSeq></word><word seq="9">在<GreekSeq>11</GreekSeq></word><word seq="10">耶穌<GreekSeq>18</GreekSeq></word><word seq="11">基督<GreekSeq>19</GreekSeq></word><word seq="12">顯現[時]<GreekSeq>17</GreekSeq></word><word seq="13">帶<GreekSeq>13</GreekSeq></word><word seq="14">給你們<GreekSeq>14</GreekSeq></word><word seq="15">的<GreekSeq>13</GreekSeq></word><word seq="16">恩典<GreekSeq>15</GreekSeq></word><word seq="17">上。<GreekSeq>11</GreekSeq></word></CSB></verse>
<verse number="14"><CSB><word seq="1">做為<GreekSeq>1</GreekSeq></word><word seq="2">順從的<GreekSeq>3</GreekSeq></word><word seq="3">兒女，<GreekSeq>2</GreekSeq></word><word seq="4">不可<GreekSeq>4</GreekSeq></word><word seq="5">效法<GreekSeq>5</GreekSeq></word><word seq="6">你們<GreekSeq>11</GreekSeq></word><word seq="7">原先<GreekSeq>7</GreekSeq></word><word seq="8">愚昧無知時<GreekSeq>8</GreekSeq><GreekSeq>10</GreekSeq></word><word seq="9">的那些<GreekSeq>6</GreekSeq></word><word seq="10">欲望；<GreekSeq>12</GreekSeq></word></CSB></verse>
<verse number="15"><CSB><word seq="1">相反，<GreekSeq>1</GreekSeq></word><word seq="2">正如<GreekSeq>2</GreekSeq></word><word seq="3">召喚<GreekSeq>4</GreekSeq></word><word seq="4">你們<GreekSeq>5</GreekSeq></word><word seq="5">的<GreekSeq>4</GreekSeq></word><word seq="6">那一位<GreekSeq>3</GreekSeq></word><word seq="7">是</word><word seq="8">聖潔的，<GreekSeq>6</GreekSeq></word><word seq="9">你們<GreekSeq>13</GreekSeq></word><word seq="10">在<GreekSeq>10</GreekSeq></word><word seq="11">一切<GreekSeq>11</GreekSeq></word><word seq="12">行為<GreekSeq>12</GreekSeq></word><word seq="13">上<GreekSeq>10</GreekSeq></word><word seq="14">也<GreekSeq>7</GreekSeq></word><word seq="15">當成為<GreekSeq>13</GreekSeq></word><word seq="16">聖潔的，<GreekSeq>9</GreekSeq></word></CSB></verse>
<verse number="16"><CSB><word seq="1">因為<GreekSeq>1</GreekSeq></word><word seq="2">經上</word><word seq="3">記著：<GreekSeq>2</GreekSeq></word><word seq="4">「你們當成為<GreekSeq>5</GreekSeq></word><word seq="5">聖潔的，<GreekSeq>4</GreekSeq></word><word seq="6">因為<GreekSeq>6</GreekSeq></word><word seq="7">我<GreekSeq>7</GreekSeq></word><word seq="8">是<GreekSeq>9</GreekSeq></word><word seq="9">聖潔的。」<GreekSeq>8</GreekSeq></word></CSB></verse>
<verse number="17"><CSB><word seq="1">你們<GreekSeq>4</GreekSeq></word><word seq="2">既然<GreekSeq>2</GreekSeq></word><word seq="3">稱<GreekSeq>4</GreekSeq></word><word seq="4">不偏待人、<GreekSeq>6</GreekSeq></word><word seq="5">只</word><word seq="6">按<GreekSeq>8</GreekSeq></word><word seq="7">每個人的<GreekSeq>10</GreekSeq></word><word seq="8">行為<GreekSeq>11</GreekSeq></word><word seq="9">施行審判的<GreekSeq>7</GreekSeq></word><word seq="10">那一位<GreekSeq>5</GreekSeq></word><word seq="11">[為]父，<GreekSeq>3</GreekSeq></word><word seq="12">就應當<GreekSeq>19</GreekSeq></word><word seq="13">懷著<GreekSeq>12</GreekSeq></word><word seq="14">敬畏[的心]，<GreekSeq>13</GreekSeq></word><word seq="15">過<GreekSeq>19</GreekSeq></word><word seq="16">你們<GreekSeq>17</GreekSeq></word><word seq="17">寄居的<GreekSeq>16</GreekSeq></word><word seq="18">日子，<GreekSeq>18</GreekSeq></word></CSB></verse>
<verse number="18"><CSB><word seq="1">因為<GreekSeq>2</GreekSeq></word><word seq="2">你們知道，<GreekSeq>1</GreekSeq></word><word seq="3">你們被救贖，<GreekSeq>8</GreekSeq></word><word seq="4">脫離<GreekSeq>9</GreekSeq></word><word seq="5">祖先所傳下來的<GreekSeq>14</GreekSeq></word><word seq="6">虛妄<GreekSeq>11</GreekSeq></word><word seq="7">行為，<GreekSeq>13</GreekSeq></word><word seq="8">不是<GreekSeq>3</GreekSeq></word><word seq="9">憑著會朽壞的<GreekSeq>4</GreekSeq></word><word seq="10">東西，如</word><word seq="11">銀子<GreekSeq>5</GreekSeq></word><word seq="12">或<GreekSeq>6</GreekSeq></word><word seq="13">金子，<GreekSeq>7</GreekSeq></word></CSB></verse>
<verse number="19"><CSB><word seq="1">而是<GreekSeq>1</GreekSeq></word><word seq="2">[憑著]<GreekSeq>3</GreekSeq></word><word seq="3">那像<GreekSeq>4</GreekSeq></word><word seq="4">羔羊<GreekSeq>5</GreekSeq></word><word seq="5">一樣</word><word seq="6">毫無瑕疵、<GreekSeq>6</GreekSeq></word><word seq="7">毫無玷汙的<GreekSeq>8</GreekSeq></word><word seq="8">基督<GreekSeq>9</GreekSeq></word><word seq="9">寶<GreekSeq>2</GreekSeq></word><word seq="10">血。<GreekSeq>3</GreekSeq></word></CSB></verse>
<verse number="20"><CSB><word seq="1">[基督]<GreekSeq>1</GreekSeq></word><word seq="2">在<GreekSeq>3</GreekSeq></word><word seq="3">創<GreekSeq>4</GreekSeq></word><word seq="4">世<GreekSeq>5</GreekSeq></word><word seq="5">以前<GreekSeq>3</GreekSeq></word><word seq="6">就已經被[神]預先知道，<GreekSeq>1</GreekSeq></word><word seq="7">又<GreekSeq>7</GreekSeq></word><word seq="8">在<GreekSeq>8</GreekSeq></word><word seq="9">這<GreekSeq>10</GreekSeq></word><word seq="10">末後的<GreekSeq>9</GreekSeq></word><word seq="11">時代<GreekSeq>11</GreekSeq></word><word seq="12">為<GreekSeq>12</GreekSeq></word><word seq="13">你們的<GreekSeq>13</GreekSeq></word><word seq="14">緣故<GreekSeq>12</GreekSeq></word><word seq="15">顯明出來。<GreekSeq>6</GreekSeq></word></CSB></verse>
<verse number="21"><CSB><word seq="1">藉著<GreekSeq>2</GreekSeq></word><word seq="2">[基督]，<GreekSeq>3</GreekSeq></word><word seq="3">[你們]<GreekSeq>1</GreekSeq></word><word seq="4">信靠<GreekSeq>4</GreekSeq></word><word seq="5">那<GreekSeq>7</GreekSeq></word><word seq="6">使<GreekSeq>8</GreekSeq></word><word seq="7">他<GreekSeq>9</GreekSeq></word><word seq="8">從<GreekSeq>10</GreekSeq></word><word seq="9">死人<GreekSeq>11</GreekSeq></word><word seq="10">中<GreekSeq>10</GreekSeq></word><word seq="11">復活、<GreekSeq>8</GreekSeq></word><word seq="12">又<GreekSeq>12</GreekSeq></word><word seq="13">賜<GreekSeq>15</GreekSeq></word><word seq="14">他<GreekSeq>14</GreekSeq></word><word seq="15">榮耀<GreekSeq>13</GreekSeq></word><word seq="16">的<GreekSeq>15</GreekSeq></word><word seq="17">神，<GreekSeq>6</GreekSeq></word><word seq="18">以致<GreekSeq>16</GreekSeq></word><word seq="19">你們的<GreekSeq>19</GreekSeq></word><word seq="20">信仰<GreekSeq>18</GreekSeq></word><word seq="21">和<GreekSeq>20</GreekSeq></word><word seq="22">盼望<GreekSeq>21</GreekSeq></word><word seq="23">也<GreekSeq>20</GreekSeq></word><word seq="24">都</word><word seq="25">在於<GreekSeq>23</GreekSeq></word><word seq="26">神。<GreekSeq>24</GreekSeq></word></CSB></verse>
<verse number="22"><CSB><word seq="1">你們<GreekSeq>3</GreekSeq></word><word seq="2">既然</word><word seq="3">藉著<GreekSeq>5</GreekSeq></word><word seq="4">順從<GreekSeq>7</GreekSeq></word><word seq="5">真理，<GreekSeq>9</GreekSeq></word><word seq="6">使<GreekSeq>4</GreekSeq></word><word seq="7">自己的<GreekSeq>3</GreekSeq></word><word seq="8">[靈]魂<GreekSeq>2</GreekSeq></word><word seq="9">純潔，<GreekSeq>4</GreekSeq></word><word seq="10">以致<GreekSeq>10</GreekSeq></word><word seq="11">有了</word><word seq="12">不虛假的<GreekSeq>12</GreekSeq></word><word seq="13">弟兄之愛，<GreekSeq>11</GreekSeq></word><word seq="14">就應當<GreekSeq>17</GreekSeq></word><word seq="15">以<GreekSeq>13</GreekSeq></word><word seq="16">潔淨的<GreekSeq>14</GreekSeq></word><word seq="17">心，<GreekSeq>15</GreekSeq></word><word seq="18">彼此<GreekSeq>16</GreekSeq></word><word seq="19">熱切地<GreekSeq>18</GreekSeq></word><word seq="20">相愛。<GreekSeq>17</GreekSeq></word></CSB></verse>
<verse number="23"><CSB><word seq="1">你們得以重生，<GreekSeq>1</GreekSeq></word><word seq="2">不是<GreekSeq>2</GreekSeq></word><word seq="3">出於<GreekSeq>3</GreekSeq></word><word seq="4">會朽壞的<GreekSeq>5</GreekSeq></word><word seq="5">種子，<GreekSeq>4</GreekSeq></word><word seq="6">而是<GreekSeq>6</GreekSeq></word><word seq="7">出於<GreekSeq>8</GreekSeq></word><word seq="8">不朽壞的<GreekSeq>7</GreekSeq></word><word seq="9">種子，是藉著</word><word seq="10">神<GreekSeq>11</GreekSeq></word><word seq="11">永活<GreekSeq>10</GreekSeq></word><word seq="12">長存的<GreekSeq>13</GreekSeq></word><word seq="13">話語，<GreekSeq>9</GreekSeq></word></CSB></verse>
<verse number="24"><CSB><word seq="1">因為，<GreekSeq>1</GreekSeq></word><word seq="2">「所有的<GreekSeq>2</GreekSeq></word><word seq="3">[人]<GreekSeq>3</GreekSeq></word><word seq="4">都</word><word seq="5">像<GreekSeq>4</GreekSeq></word><word seq="6">草<GreekSeq>5</GreekSeq></word><word seq="7">一樣，</word><word seq="8">他們的<GreekSeq>9</GreekSeq></word><word seq="9">一切<GreekSeq>7</GreekSeq></word><word seq="10">榮耀<GreekSeq>8</GreekSeq></word><word seq="11">就</word><word seq="12">像<GreekSeq>10</GreekSeq></word><word seq="13">草[上]的<GreekSeq>12</GreekSeq></word><word seq="14">花；<GreekSeq>11</GreekSeq></word><word seq="15">草<GreekSeq>15</GreekSeq></word><word seq="16">會枯乾，<GreekSeq>13</GreekSeq></word><word seq="17">花<GreekSeq>18</GreekSeq></word><word seq="18">會凋謝，<GreekSeq>19</GreekSeq></word></CSB></verse>
<verse number="25"><CSB><word seq="1">但<GreekSeq>2</GreekSeq></word><word seq="2">主的<GreekSeq>4</GreekSeq></word><word seq="3">話<GreekSeq>3</GreekSeq></word><word seq="4">卻</word><word seq="5">永遠<GreekSeq>6</GreekSeq><GreekSeq>8</GreekSeq></word><word seq="6">長存。」<GreekSeq>5</GreekSeq></word><word seq="7">所傳<GreekSeq>15</GreekSeq></word><word seq="8">給<GreekSeq>16</GreekSeq></word><word seq="9">你們<GreekSeq>17</GreekSeq></word><word seq="10">的福音<GreekSeq>15</GreekSeq></word><word seq="11">就<GreekSeq>10</GreekSeq></word><word seq="12">是<GreekSeq>11</GreekSeq></word><word seq="13">這<GreekSeq>9</GreekSeq></word><word seq="14">話。<GreekSeq>13</GreekSeq></word></CSB></verse>
</chapter></book>