<?xml version="1.0" encoding="UTF-8" standalone="no"?><book><chapter number="9">
<verse number="1"><CSB><word seq="1">關於<GreekSeq>1</GreekSeq></word><word seq="2">服事<GreekSeq>5</GreekSeq></word><word seq="3">聖徒<GreekSeq>8</GreekSeq><GreekSeq>9</GreekSeq></word><word seq="4">的事，<GreekSeq>6</GreekSeq></word><word seq="5">其實</word><word seq="6">我<GreekSeq>11</GreekSeq></word><word seq="7">不必<GreekSeq>10</GreekSeq></word><word seq="8">給你們<GreekSeq>15</GreekSeq></word><word seq="9">寫<GreekSeq>14</GreekSeq></word><word seq="10">什麼，</word></CSB></verse>
<verse number="2"><CSB><word seq="1">因為<GreekSeq>2</GreekSeq></word><word seq="2">我知道<GreekSeq>1</GreekSeq></word><word seq="3">你們的<GreekSeq>5</GreekSeq></word><word seq="4">樂意之心。<GreekSeq>4</GreekSeq></word><word seq="5">為此，</word><word seq="6">我<GreekSeq>9</GreekSeq></word><word seq="7">向馬其頓人<GreekSeq>10</GreekSeq></word><word seq="8">誇耀<GreekSeq>9</GreekSeq></word><word seq="9">你們，<GreekSeq>8</GreekSeq></word><word seq="10">說：</word><word seq="11">「亞該亞人<GreekSeq>12</GreekSeq></word><word seq="12">從去年<GreekSeq>14</GreekSeq><GreekSeq>15</GreekSeq></word><word seq="13">就</word><word seq="14">已經準備好了。」<GreekSeq>13</GreekSeq></word><word seq="15">你們的<GreekSeq>18</GreekSeq></word><word seq="16">熱心<GreekSeq>19</GreekSeq></word><word seq="17">激勵了<GreekSeq>20</GreekSeq></word><word seq="18">他們中的</word><word seq="19">大多數人。<GreekSeq>21</GreekSeq><GreekSeq>22</GreekSeq></word></CSB></verse>
<verse number="3"><CSB><word seq="1">不過<GreekSeq>2</GreekSeq></word><word seq="2">我派<GreekSeq>1</GreekSeq></word><word seq="3">這些<GreekSeq>3</GreekSeq></word><word seq="4">弟兄<GreekSeq>4</GreekSeq></word><word seq="5">去，</word><word seq="6">是為了<GreekSeq>5</GreekSeq></word><word seq="7">我們<GreekSeq>9</GreekSeq></word><word seq="8">在<GreekSeq>14</GreekSeq></word><word seq="9">這<GreekSeq>17</GreekSeq></word><word seq="10">方面<GreekSeq>16</GreekSeq></word><word seq="11">對<GreekSeq>11</GreekSeq></word><word seq="12">你們<GreekSeq>12</GreekSeq></word><word seq="13">的<GreekSeq>9</GreekSeq></word><word seq="14">誇耀<GreekSeq>8</GreekSeq></word><word seq="15">不<GreekSeq>6</GreekSeq></word><word seq="16">至於落空，<GreekSeq>13</GreekSeq></word><word seq="17">好讓<GreekSeq>18</GreekSeq></word><word seq="18">你們能<GreekSeq>22</GreekSeq></word><word seq="19">照著<GreekSeq>19</GreekSeq></word><word seq="20">我所說<GreekSeq>20</GreekSeq></word><word seq="21">的</word><word seq="22">準備好；<GreekSeq>21</GreekSeq></word></CSB></verse>
<verse number="4"><CSB><word seq="1" note="μή πως Strong Code (3381)">免得<GreekSeq>1</GreekSeq><GreekSeq>2</GreekSeq></word><word seq="2">萬一<GreekSeq>3</GreekSeq></word><word seq="3">有些馬其頓人<GreekSeq>7</GreekSeq></word><word seq="4">和<GreekSeq>5</GreekSeq></word><word seq="5">我<GreekSeq>6</GreekSeq></word><word seq="6">一起<GreekSeq>5</GreekSeq></word><word seq="7">來，<GreekSeq>4</GreekSeq></word><word seq="8">發現<GreekSeq>9</GreekSeq></word><word seq="9">你們<GreekSeq>10</GreekSeq></word><word seq="10">並</word><word seq="11">沒有預備好，<GreekSeq>11</GreekSeq></word><word seq="12">我們<GreekSeq>13</GreekSeq></word><word seq="13">就</word><word seq="14">會<GreekSeq>12</GreekSeq></word><word seq="15">因著<GreekSeq>18</GreekSeq></word><word seq="16">[對你們的]<GreekSeq>21</GreekSeq></word><word seq="17">確信<GreekSeq>20</GreekSeq></word><word seq="18">而</word><word seq="19">蒙羞，<GreekSeq>12</GreekSeq></word><word seq="20">更<GreekSeq>14</GreekSeq></word><word seq="21">不用<GreekSeq>15</GreekSeq></word><word seq="22">說<GreekSeq>16</GreekSeq></word><word seq="23">你們<GreekSeq>17</GreekSeq></word><word seq="24">了。</word></CSB></verse>
<verse number="5"><CSB><word seq="1">所以，<GreekSeq>2</GreekSeq></word><word seq="2">我認為<GreekSeq>3</GreekSeq></word><word seq="3">必須</word><word seq="4">鼓勵<GreekSeq>1</GreekSeq></word><word seq="5">這些<GreekSeq>5</GreekSeq></word><word seq="6">弟兄<GreekSeq>6</GreekSeq></word><word seq="7">先<GreekSeq>8</GreekSeq></word><word seq="8">到<GreekSeq>9</GreekSeq></word><word seq="9">你們<GreekSeq>10</GreekSeq></word><word seq="10">那裡<GreekSeq>9</GreekSeq></word><word seq="11">去，<GreekSeq>10</GreekSeq></word><word seq="12">把<GreekSeq>12</GreekSeq></word><word seq="13">你們<GreekSeq>16</GreekSeq></word><word seq="14">已經許諾的<GreekSeq>14</GreekSeq></word><word seq="15">惠贈<GreekSeq>15</GreekSeq></word><word seq="16">提前安排好，<GreekSeq>12</GreekSeq></word><word seq="17">這樣<GreekSeq>17</GreekSeq></word><word seq="18">就表明你們所</word><word seq="19">預備好的<GreekSeq>18</GreekSeq></word><word seq="20">就是<GreekSeq>19</GreekSeq></word><word seq="21">惠贈，<GreekSeq>22</GreekSeq></word><word seq="22">而<GreekSeq>23</GreekSeq></word><word seq="23">不是<GreekSeq>24</GreekSeq></word><word seq="24">[被強取的]。<GreekSeq>26</GreekSeq></word></CSB></verse>
<verse number="6"><CSB><word seq="1">又有</word><word seq="2">這[話]：<GreekSeq>1</GreekSeq></word><word seq="3">播撒<GreekSeq>4</GreekSeq></word><word seq="4">吝嗇<GreekSeq>5</GreekSeq></word><word seq="5">的人，<GreekSeq>4</GreekSeq></word><word seq="6">也<GreekSeq>7</GreekSeq></word><word seq="7">收穫<GreekSeq>8</GreekSeq></word><word seq="8">吝嗇；<GreekSeq>6</GreekSeq></word><word seq="9">播撒<GreekSeq>11</GreekSeq></word><word seq="10">祝福<GreekSeq>13</GreekSeq></word><word seq="11">的人，<GreekSeq>11</GreekSeq></word><word seq="12">也<GreekSeq>16</GreekSeq></word><word seq="13">收穫<GreekSeq>17</GreekSeq></word><word seq="14">祝福。<GreekSeq>15</GreekSeq></word></CSB></verse>
<verse number="7"><CSB><word seq="1">每個人<GreekSeq>1</GreekSeq></word><word seq="2">要</word><word seq="3">照著<GreekSeq>2</GreekSeq></word><word seq="4">心[裡]<GreekSeq>5</GreekSeq></word><word seq="5">預先定好<GreekSeq>3</GreekSeq></word><word seq="6">的，</word><word seq="7">不要<GreekSeq>6</GreekSeq></word><word seq="8">為難，<GreekSeq>7</GreekSeq><GreekSeq>8</GreekSeq></word><word seq="9">也不要<GreekSeq>9</GreekSeq></word><word seq="10">勉強，<GreekSeq>10</GreekSeq><GreekSeq>11</GreekSeq></word><word seq="11">因為<GreekSeq>13</GreekSeq></word><word seq="12">神<GreekSeq>17</GreekSeq></word><word seq="13">喜愛<GreekSeq>15</GreekSeq></word><word seq="14">那</word><word seq="15">樂意<GreekSeq>12</GreekSeq></word><word seq="16">給與的人。<GreekSeq>14</GreekSeq></word></CSB></verse>
<verse number="8"><CSB><word seq="1">神<GreekSeq>4</GreekSeq></word><word seq="2">能<GreekSeq>1</GreekSeq></word><word seq="3">使一切的<GreekSeq>5</GreekSeq></word><word seq="4">恩典<GreekSeq>6</GreekSeq></word><word seq="5">豐豐富富地<GreekSeq>7</GreekSeq></word><word seq="6">臨到<GreekSeq>8</GreekSeq></word><word seq="7">你們，<GreekSeq>9</GreekSeq></word><word seq="8">使<GreekSeq>10</GreekSeq></word><word seq="9">你們<GreekSeq>17</GreekSeq></word><word seq="10">總是<GreekSeq>13</GreekSeq></word><word seq="11">在<GreekSeq>11</GreekSeq></word><word seq="12">一切事<GreekSeq>12</GreekSeq></word><word seq="13">上<GreekSeq>11</GreekSeq></word><word seq="14">都<GreekSeq>14</GreekSeq></word><word seq="15">能<GreekSeq>16</GreekSeq></word><word seq="16">知足，<GreekSeq>15</GreekSeq></word><word seq="17">在<GreekSeq>18</GreekSeq></word><word seq="18">一切<GreekSeq>19</GreekSeq></word><word seq="19">美善的<GreekSeq>21</GreekSeq></word><word seq="20">工作<GreekSeq>20</GreekSeq></word><word seq="21">上<GreekSeq>18</GreekSeq></word><word seq="22">充實滿溢。<GreekSeq>17</GreekSeq></word></CSB></verse>
<verse number="9"><CSB><word seq="1">正如<GreekSeq>1</GreekSeq></word><word seq="2">經上</word><word seq="3">所記：<GreekSeq>2</GreekSeq></word><word seq="4">「他施捨，<GreekSeq>3</GreekSeq></word><word seq="5">賜予<GreekSeq>4</GreekSeq></word><word seq="6">窮人；<GreekSeq>6</GreekSeq></word><word seq="7">他的<GreekSeq>9</GreekSeq></word><word seq="8">義[行]<GreekSeq>8</GreekSeq></word><word seq="9">永遠<GreekSeq>11</GreekSeq><GreekSeq>13</GreekSeq></word><word seq="10">常存。」<GreekSeq>10</GreekSeq></word></CSB></verse>
<verse number="10"><CSB><word seq="1">供應<GreekSeq>3</GreekSeq></word><word seq="2">種子<GreekSeq>4</GreekSeq></word><word seq="3">給撒種的，<GreekSeq>6</GreekSeq></word><word seq="4">又<GreekSeq>7</GreekSeq></word><word seq="5">供應</word><word seq="6">糧食<GreekSeq>8</GreekSeq></word><word seq="7">給人吃的<GreekSeq>9</GreekSeq><GreekSeq>10</GreekSeq></word><word seq="8">那一位，<GreekSeq>1</GreekSeq></word><word seq="9">將要供給<GreekSeq>11</GreekSeq></word><word seq="10">並<GreekSeq>12</GreekSeq></word><word seq="11">增加<GreekSeq>13</GreekSeq></word><word seq="12">你們的<GreekSeq>16</GreekSeq></word><word seq="13">種子，<GreekSeq>15</GreekSeq></word><word seq="14">而且<GreekSeq>17</GreekSeq></word><word seq="15">增多<GreekSeq>18</GreekSeq></word><word seq="16">你們<GreekSeq>23</GreekSeq></word><word seq="17">義[行]的<GreekSeq>22</GreekSeq></word><word seq="18">果子，<GreekSeq>20</GreekSeq></word></CSB></verse>
<verse number="11"><CSB><word seq="1">使你們</word><word seq="2">在<GreekSeq>1</GreekSeq></word><word seq="3">一切事<GreekSeq>2</GreekSeq></word><word seq="4">上<GreekSeq>1</GreekSeq></word><word seq="5">都</word><word seq="6">得以富足，<GreekSeq>3</GreekSeq></word><word seq="7">以致<GreekSeq>4</GreekSeq></word><word seq="8">十分<GreekSeq>5</GreekSeq></word><word seq="9">慷慨，<GreekSeq>6</GreekSeq></word><word seq="10">就</word><word seq="11">藉著<GreekSeq>9</GreekSeq></word><word seq="12">我們<GreekSeq>10</GreekSeq></word><word seq="13">生出<GreekSeq>8</GreekSeq></word><word seq="14">對神<GreekSeq>13</GreekSeq></word><word seq="15">的</word><word seq="16">感謝<GreekSeq>11</GreekSeq></word><word seq="17">之心。</word></CSB></verse>
<verse number="12"><CSB><word seq="1">因為<GreekSeq>1</GreekSeq></word><word seq="2">這<GreekSeq>6</GreekSeq></word><word seq="3">服事的<GreekSeq>5</GreekSeq></word><word seq="4">工作，<GreekSeq>3</GreekSeq></word><word seq="5">不<GreekSeq>7</GreekSeq></word><word seq="6">僅<GreekSeq>8</GreekSeq></word><word seq="7">補足了<GreekSeq>10</GreekSeq></word><word seq="8">聖徒們的<GreekSeq>13</GreekSeq><GreekSeq>14</GreekSeq></word><word seq="9">缺乏，<GreekSeq>12</GreekSeq></word><word seq="10">並且<GreekSeq>15</GreekSeq></word><word seq="11">能</word><word seq="12">藉著<GreekSeq>18</GreekSeq></word><word seq="13">對神<GreekSeq>22</GreekSeq></word><word seq="14">的</word><word seq="15">許多<GreekSeq>19</GreekSeq></word><word seq="16">感謝<GreekSeq>20</GreekSeq></word><word seq="17">而<GreekSeq>16</GreekSeq></word><word seq="18">充實滿溢。<GreekSeq>17</GreekSeq></word></CSB></verse>
<verse number="13"><CSB><word seq="1">他們</word><word seq="2">藉著<GreekSeq>1</GreekSeq></word><word seq="3">這[次]<GreekSeq>6</GreekSeq></word><word seq="4">服事的<GreekSeq>5</GreekSeq></word><word seq="5">憑證，<GreekSeq>3</GreekSeq></word><word seq="6">因<GreekSeq>10</GreekSeq></word><word seq="7">你們<GreekSeq>15</GreekSeq></word><word seq="8">順服<GreekSeq>12</GreekSeq></word><word seq="9">了</word><word seq="10">那<GreekSeq>13</GreekSeq></word><word seq="11">為<GreekSeq>16</GreekSeq></word><word seq="12">基督<GreekSeq>20</GreekSeq></word><word seq="13">福音<GreekSeq>18</GreekSeq></word><word seq="14">所做的</word><word seq="15">告白，<GreekSeq>14</GreekSeq></word><word seq="16">也<GreekSeq>21</GreekSeq></word><word seq="17">因你們</word><word seq="18">給<GreekSeq>25</GreekSeq></word><word seq="19">他們<GreekSeq>26</GreekSeq></word><word seq="20">和<GreekSeq>27</GreekSeq></word><word seq="21">眾人的<GreekSeq>29</GreekSeq></word><word seq="22">慷慨<GreekSeq>22</GreekSeq></word><word seq="23">分享，<GreekSeq>24</GreekSeq></word><word seq="24">他們就會榮耀<GreekSeq>7</GreekSeq></word><word seq="25">神；<GreekSeq>9</GreekSeq></word></CSB></verse>
<verse number="14"><CSB><word seq="1">並且<GreekSeq>1</GreekSeq></word><word seq="2">他們<GreekSeq>2</GreekSeq></word><word seq="3">因著<GreekSeq>8</GreekSeq></word><word seq="4">神<GreekSeq>13</GreekSeq></word><word seq="5">[賜]給<GreekSeq>14</GreekSeq></word><word seq="6">你們<GreekSeq>15</GreekSeq></word><word seq="7">這<GreekSeq>9</GreekSeq></word><word seq="8">無限的<GreekSeq>10</GreekSeq></word><word seq="9">恩典，<GreekSeq>11</GreekSeq></word><word seq="10">就</word><word seq="11">切切地想念<GreekSeq>6</GreekSeq></word><word seq="12">你們，<GreekSeq>7</GreekSeq></word><word seq="13">為<GreekSeq>4</GreekSeq></word><word seq="14">你們<GreekSeq>5</GreekSeq></word><word seq="15">祈禱。<GreekSeq>3</GreekSeq></word></CSB></verse>
<verse number="15"><CSB><word seq="1">感謝<GreekSeq>1</GreekSeq></word><word seq="2">神，<GreekSeq>3</GreekSeq></word><word seq="3">因<GreekSeq>4</GreekSeq></word><word seq="4">他<GreekSeq>7</GreekSeq></word><word seq="5">有</word><word seq="6">無法描述的<GreekSeq>6</GreekSeq></word><word seq="7">恩賜！<GreekSeq>8</GreekSeq></word></CSB></verse>
</chapter></book>