<?xml version="1.0" encoding="UTF-8" standalone="no"?><book><chapter number="2">
<verse number="1"><CSB><word seq="1">所以，<GreekSeq>2</GreekSeq></word><word seq="2">我<GreekSeq>1</GreekSeq></word><word seq="3">自己<GreekSeq>3</GreekSeq></word><word seq="4">這樣<GreekSeq>4</GreekSeq></word><word seq="5">決定：<GreekSeq>1</GreekSeq></word><word seq="6">不<GreekSeq>6</GreekSeq></word><word seq="7">再<GreekSeq>7</GreekSeq></word><word seq="8">帶著<GreekSeq>8</GreekSeq></word><word seq="9">憂傷<GreekSeq>9</GreekSeq></word><word seq="10">到<GreekSeq>10</GreekSeq></word><word seq="11">你們<GreekSeq>11</GreekSeq></word><word seq="12">那裡<GreekSeq>10</GreekSeq></word><word seq="13">去。<GreekSeq>12</GreekSeq></word></CSB></verse>
<verse number="2"><CSB><word seq="1">因為<GreekSeq>2</GreekSeq></word><word seq="2">如果<GreekSeq>1</GreekSeq></word><word seq="3">我<GreekSeq>3</GreekSeq></word><word seq="4">使你們<GreekSeq>5</GreekSeq></word><word seq="5">憂傷，<GreekSeq>4</GreekSeq></word><word seq="6">那麼，<GreekSeq>6</GreekSeq></word><word seq="7" note="εἰ μή Strong Code (1508)">除了<GreekSeq>11</GreekSeq><GreekSeq>12</GreekSeq></word><word seq="8">我使<GreekSeq>15</GreekSeq><GreekSeq>16</GreekSeq></word><word seq="9">他憂傷的<GreekSeq>14</GreekSeq></word><word seq="10">那個人，<GreekSeq>13</GreekSeq></word><word seq="11">誰<GreekSeq>7</GreekSeq></word><word seq="12">能</word><word seq="13">使我<GreekSeq>10</GreekSeq></word><word seq="14">歡喜<GreekSeq>9</GreekSeq></word><word seq="15">呢？</word></CSB></verse>
<verse number="3"><CSB><word seq="1">我寫了<GreekSeq>2</GreekSeq></word><word seq="2">那<GreekSeq>3</GreekSeq></word><word seq="3">[封信]，<GreekSeq>4</GreekSeq></word><word seq="4" note="ἵνα μή Strong Code (3363)">免得<GreekSeq>5</GreekSeq><GreekSeq>6</GreekSeq></word><word seq="5">我來的時候，<GreekSeq>7</GreekSeq></word><word seq="6">那些<GreekSeq>11</GreekSeq></word><word seq="7">本應該<GreekSeq>12</GreekSeq></word><word seq="8">使我<GreekSeq>13</GreekSeq></word><word seq="9">喜樂的<GreekSeq>14</GreekSeq></word><word seq="10">人</word><word seq="11">使我<GreekSeq>9</GreekSeq></word><word seq="12">憂傷，<GreekSeq>8</GreekSeq></word><word seq="13">因為<GreekSeq>19</GreekSeq></word><word seq="14">我</word><word seq="15">深信<GreekSeq>15</GreekSeq></word><word seq="16">你們<GreekSeq>18</GreekSeq></word><word seq="17">大家<GreekSeq>17</GreekSeq></word><word seq="18">以</word><word seq="19">我的<GreekSeq>21</GreekSeq></word><word seq="20">喜樂<GreekSeq>22</GreekSeq></word><word seq="21">為<GreekSeq>25</GreekSeq></word><word seq="22">你們<GreekSeq>24</GreekSeq></word><word seq="23">大家的<GreekSeq>23</GreekSeq></word><word seq="24">喜樂。</word></CSB></verse>
<verse number="4"><CSB><word seq="1">我<GreekSeq>8</GreekSeq></word><word seq="2">在<GreekSeq>1</GreekSeq></word><word seq="3">極大的<GreekSeq>3</GreekSeq></word><word seq="4">患難<GreekSeq>4</GreekSeq></word><word seq="5">和<GreekSeq>5</GreekSeq></word><word seq="6">內心的<GreekSeq>7</GreekSeq></word><word seq="7">痛苦<GreekSeq>6</GreekSeq></word><word seq="8">中，流了</word><word seq="9">許多<GreekSeq>11</GreekSeq></word><word seq="10">淚水<GreekSeq>12</GreekSeq></word><word seq="11">寫<GreekSeq>8</GreekSeq></word><word seq="12">給你們，<GreekSeq>9</GreekSeq></word><word seq="13">並</word><word seq="14">不是<GreekSeq>13</GreekSeq></word><word seq="15">要<GreekSeq>14</GreekSeq></word><word seq="16">使你們憂傷，<GreekSeq>15</GreekSeq></word><word seq="17">而是<GreekSeq>16</GreekSeq></word><word seq="18">要<GreekSeq>19</GreekSeq></word><word seq="19">你們知道<GreekSeq>20</GreekSeq></word><word seq="20">我<GreekSeq>22</GreekSeq></word><word seq="21">對<GreekSeq>24</GreekSeq></word><word seq="22">你們<GreekSeq>25</GreekSeq></word><word seq="23">懷有<GreekSeq>22</GreekSeq></word><word seq="24">更多的<GreekSeq>23</GreekSeq></word><word seq="25">愛。<GreekSeq>18</GreekSeq></word></CSB></verse>
<verse number="5"><CSB><word seq="1">如果<GreekSeq>1</GreekSeq></word><word seq="2">有人<GreekSeq>3</GreekSeq></word><word seq="3">使人憂傷，<GreekSeq>4</GreekSeq></word><word seq="4">他<GreekSeq>7</GreekSeq></word><word seq="5">不是<GreekSeq>5</GreekSeq></word><word seq="6">使我<GreekSeq>6</GreekSeq></word><word seq="7">憂傷，<GreekSeq>7</GreekSeq></word><word seq="8">而是<GreekSeq>8</GreekSeq></word><word seq="9">在某種程度上<GreekSeq>9</GreekSeq><GreekSeq>10</GreekSeq></word><word seq="10">使你們<GreekSeq>15</GreekSeq></word><word seq="11">大家<GreekSeq>14</GreekSeq></word><word seq="12">憂傷——我這樣說，</word><word seq="13" note="ἵνα μή Strong Code (3363)">免得<GreekSeq>11</GreekSeq><GreekSeq>12</GreekSeq></word><word seq="14">說得</word><word seq="15">太嚴重。<GreekSeq>13</GreekSeq></word></CSB></verse>
<verse number="6"><CSB><word seq="1">這樣的人，<GreekSeq>3</GreekSeq></word><word seq="2">受了<GreekSeq>8</GreekSeq></word><word seq="3">大多數人的<GreekSeq>9</GreekSeq><GreekSeq>10</GreekSeq></word><word seq="4">那<GreekSeq>6</GreekSeq></word><word seq="5">懲罰<GreekSeq>5</GreekSeq></word><word seq="6">已經</word><word seq="7">夠了。<GreekSeq>1</GreekSeq></word></CSB></verse>
<verse number="7"><CSB><word seq="1">所以，<GreekSeq>1</GreekSeq></word><word seq="2">你們<GreekSeq>4</GreekSeq></word><word seq="3">反而<GreekSeq>2</GreekSeq></word><word seq="4">更要<GreekSeq>3</GreekSeq></word><word seq="5">饒恕<GreekSeq>5</GreekSeq></word><word seq="6">他、</word><word seq="7">安慰<GreekSeq>7</GreekSeq></word><word seq="8">他，</word><word seq="9">免得<GreekSeq>8</GreekSeq></word><word seq="10">他<GreekSeq>15</GreekSeq></word><word seq="11">被<GreekSeq>13</GreekSeq></word><word seq="12">過度的<GreekSeq>11</GreekSeq></word><word seq="13">憂傷<GreekSeq>12</GreekSeq></word><word seq="14">吞沒了。<GreekSeq>13</GreekSeq></word></CSB></verse>
<verse number="8"><CSB><word seq="1">因此，<GreekSeq>1</GreekSeq></word><word seq="2">我懇求<GreekSeq>2</GreekSeq></word><word seq="3">你們<GreekSeq>3</GreekSeq></word><word seq="4">向<GreekSeq>5</GreekSeq></word><word seq="5">他<GreekSeq>6</GreekSeq></word><word seq="6">證實<GreekSeq>4</GreekSeq></word><word seq="7">你們的</word><word seq="8">愛。<GreekSeq>7</GreekSeq></word></CSB></verse>
<verse number="9"><CSB><word seq="1">其實<GreekSeq>3</GreekSeq></word><word seq="2">我<GreekSeq>5</GreekSeq></word><word seq="3">也<GreekSeq>4</GreekSeq></word><word seq="4">為<GreekSeq>1</GreekSeq></word><word seq="5">此<GreekSeq>2</GreekSeq></word><word seq="6">寫了<GreekSeq>5</GreekSeq></word><word seq="7">信，</word><word seq="8">就是要<GreekSeq>6</GreekSeq></word><word seq="9">知道<GreekSeq>7</GreekSeq></word><word seq="10">你們<GreekSeq>10</GreekSeq></word><word seq="11">經過考驗的品德：<GreekSeq>9</GreekSeq></word><word seq="12">你們<GreekSeq>15</GreekSeq></word><word seq="13">是否<GreekSeq>11</GreekSeq></word><word seq="14">在<GreekSeq>12</GreekSeq></word><word seq="15">一切事<GreekSeq>13</GreekSeq></word><word seq="16">上<GreekSeq>12</GreekSeq></word><word seq="17">都<GreekSeq>13</GreekSeq></word><word seq="18">順從。<GreekSeq>14</GreekSeq></word></CSB></verse>
<verse number="10"><CSB><word seq="1">你們<GreekSeq>4</GreekSeq></word><word seq="2">在任何事上<GreekSeq>3</GreekSeq></word><word seq="3">饒恕了<GreekSeq>4</GreekSeq></word><word seq="4">誰，<GreekSeq>1</GreekSeq></word><word seq="5">我也[饒恕誰]；<GreekSeq>5</GreekSeq></word><word seq="6">實際上，<GreekSeq>7</GreekSeq></word><word seq="7">我<GreekSeq>13</GreekSeq></word><word seq="8">如果<GreekSeq>11</GreekSeq></word><word seq="9">饒恕了<GreekSeq>13</GreekSeq></word><word seq="10">什麼，<GreekSeq>12</GreekSeq></word><word seq="11">我<GreekSeq>8</GreekSeq></word><word seq="12">所饒恕的，<GreekSeq>9</GreekSeq><GreekSeq>10</GreekSeq></word><word seq="13">就是</word><word seq="14">在<GreekSeq>16</GreekSeq></word><word seq="15">基督<GreekSeq>18</GreekSeq></word><word seq="16">面前<GreekSeq>17</GreekSeq></word><word seq="17">為了<GreekSeq>14</GreekSeq></word><word seq="18">你們<GreekSeq>15</GreekSeq></word><word seq="19">的緣故<GreekSeq>14</GreekSeq></word><word seq="20">而饒恕的，</word></CSB></verse>
<verse number="11"><CSB><word seq="1" note="ἵνα μή Strong Code (3363)">免得<GreekSeq>1</GreekSeq><GreekSeq>2</GreekSeq></word><word seq="2">被<GreekSeq>4</GreekSeq></word><word seq="3">撒旦<GreekSeq>6</GreekSeq></word><word seq="4">占了上風，<GreekSeq>3</GreekSeq></word><word seq="5">因為<GreekSeq>8</GreekSeq></word><word seq="6">我們<GreekSeq>12</GreekSeq></word><word seq="7">不是<GreekSeq>7</GreekSeq></word><word seq="8">不明白<GreekSeq>12</GreekSeq></word><word seq="9">它的<GreekSeq>9</GreekSeq></word><word seq="10">意圖。<GreekSeq>11</GreekSeq></word></CSB></verse>
<verse number="12"><CSB><word seq="1">我</word><word seq="2">為了<GreekSeq>6</GreekSeq></word><word seq="3">基督的<GreekSeq>10</GreekSeq></word><word seq="4">福音<GreekSeq>8</GreekSeq></word><word seq="5">來到<GreekSeq>1</GreekSeq></word><word seq="6">特羅阿斯<GreekSeq>5</GreekSeq></word><word seq="7">的時候，</word><word seq="8">雖然<GreekSeq>11</GreekSeq></word><word seq="9">主<GreekSeq>16</GreekSeq></word><word seq="10">為我<GreekSeq>13</GreekSeq></word><word seq="11">開了<GreekSeq>14</GreekSeq></word><word seq="12">門，<GreekSeq>12</GreekSeq></word></CSB></verse>
<verse number="13"><CSB><word seq="1">我還是<GreekSeq>2</GreekSeq></word><word seq="2">靈[裡]<GreekSeq>5</GreekSeq></word><word seq="3">不<GreekSeq>1</GreekSeq></word><word seq="4">安，<GreekSeq>3</GreekSeq></word><word seq="5">因為</word><word seq="6">我<GreekSeq>10</GreekSeq></word><word seq="7">沒有<GreekSeq>8</GreekSeq></word><word seq="8">見到<GreekSeq>9</GreekSeq></word><word seq="9">我的<GreekSeq>14</GreekSeq></word><word seq="10">弟兄<GreekSeq>13</GreekSeq></word><word seq="11">提多。<GreekSeq>11</GreekSeq></word><word seq="12">[因此]<GreekSeq>15</GreekSeq></word><word seq="13">我<GreekSeq>18</GreekSeq></word><word seq="14">向那裡的人<GreekSeq>17</GreekSeq></word><word seq="15">告別，<GreekSeq>16</GreekSeq></word><word seq="16">往<GreekSeq>19</GreekSeq></word><word seq="17">馬其頓<GreekSeq>20</GreekSeq></word><word seq="18">省</word><word seq="19">去了。<GreekSeq>18</GreekSeq></word></CSB></verse>
<verse number="14"><CSB><word seq="1">但是<GreekSeq>2</GreekSeq></word><word seq="2">感謝<GreekSeq>4</GreekSeq></word><word seq="3">神！<GreekSeq>3</GreekSeq></word><word seq="4">他<GreekSeq>5</GreekSeq></word><word seq="5">總是<GreekSeq>6</GreekSeq></word><word seq="6">率領<GreekSeq>7</GreekSeq></word><word seq="7">我們<GreekSeq>8</GreekSeq></word><word seq="8">在<GreekSeq>9</GreekSeq></word><word seq="9">基督<GreekSeq>11</GreekSeq></word><word seq="10">裡<GreekSeq>9</GreekSeq></word><word seq="11">誇勝，<GreekSeq>7</GreekSeq></word><word seq="12">並且<GreekSeq>12</GreekSeq></word><word seq="13">藉著<GreekSeq>19</GreekSeq></word><word seq="14">我們，<GreekSeq>20</GreekSeq></word><word seq="15">在<GreekSeq>21</GreekSeq></word><word seq="16">各<GreekSeq>22</GreekSeq></word><word seq="17">地<GreekSeq>23</GreekSeq></word><word seq="18">傳揚<GreekSeq>18</GreekSeq></word><word seq="19">[因]認識<GreekSeq>16</GreekSeq></word><word seq="20">[基督而有]的<GreekSeq>17</GreekSeq></word><word seq="21">香氣。<GreekSeq>14</GreekSeq></word></CSB></verse>
<verse number="15"><CSB><word seq="1">因為<GreekSeq>1</GreekSeq></word><word seq="2">在神[面前]，<GreekSeq>6</GreekSeq></word><word seq="3">無論</word><word seq="4">在<GreekSeq>7</GreekSeq></word><word seq="5">得救的人<GreekSeq>9</GreekSeq></word><word seq="6">中間，<GreekSeq>7</GreekSeq></word><word seq="7">還是<GreekSeq>10</GreekSeq></word><word seq="8">在<GreekSeq>11</GreekSeq></word><word seq="9">滅亡的人<GreekSeq>13</GreekSeq></word><word seq="10">中間，<GreekSeq>11</GreekSeq></word><word seq="11">我們[都]是<GreekSeq>4</GreekSeq></word><word seq="12">基督的<GreekSeq>2</GreekSeq></word><word seq="13">馨香：<GreekSeq>3</GreekSeq></word></CSB></verse>
<verse number="16"><CSB><word seq="1">對[滅亡的]人，<GreekSeq>1</GreekSeq></word><word seq="2">我們是</word><word seq="3">死亡的<GreekSeq>5</GreekSeq></word><word seq="4">香氣<GreekSeq>3</GreekSeq></word><word seq="5">以至於<GreekSeq>6</GreekSeq></word><word seq="6">死亡；<GreekSeq>7</GreekSeq></word><word seq="7">對[得救的]人，<GreekSeq>8</GreekSeq></word><word seq="8">我們是</word><word seq="9">生命的<GreekSeq>12</GreekSeq></word><word seq="10">香氣<GreekSeq>10</GreekSeq></word><word seq="11">以至於<GreekSeq>13</GreekSeq></word><word seq="12">生命。<GreekSeq>14</GreekSeq></word><word seq="13">對<GreekSeq>16</GreekSeq></word><word seq="14">這些事，<GreekSeq>17</GreekSeq></word><word seq="15">到底</word><word seq="16">誰<GreekSeq>18</GreekSeq></word><word seq="17">配得上<GreekSeq>19</GreekSeq></word><word seq="18">呢？</word></CSB></verse>
<verse number="17"><CSB><word seq="1">實際上，<GreekSeq>2</GreekSeq></word><word seq="2">我們<GreekSeq>3</GreekSeq></word><word seq="3">不<GreekSeq>1</GreekSeq></word><word seq="4">像<GreekSeq>4</GreekSeq></word><word seq="5">許多人<GreekSeq>6</GreekSeq></word><word seq="6">那樣，</word><word seq="7">用<GreekSeq>7</GreekSeq></word><word seq="8">神的<GreekSeq>11</GreekSeq></word><word seq="9">話語<GreekSeq>9</GreekSeq></word><word seq="10">來做生意；<GreekSeq>7</GreekSeq></word><word seq="11">相反，<GreekSeq>12</GreekSeq></word><word seq="12">我們<GreekSeq>24</GreekSeq></word><word seq="13">是<GreekSeq>13</GreekSeq></word><word seq="14">出於<GreekSeq>14</GreekSeq></word><word seq="15">真誠、<GreekSeq>15</GreekSeq></word><word seq="16">出於<GreekSeq>18</GreekSeq></word><word seq="17">神，<GreekSeq>19</GreekSeq></word><word seq="18">在<GreekSeq>20</GreekSeq></word><word seq="19">神<GreekSeq>21</GreekSeq></word><word seq="20">面前、<GreekSeq>20</GreekSeq></word><word seq="21">在<GreekSeq>22</GreekSeq></word><word seq="22">基督<GreekSeq>23</GreekSeq></word><word seq="23">裡<GreekSeq>22</GreekSeq></word><word seq="24">講話。<GreekSeq>24</GreekSeq></word></CSB></verse>
</chapter></book>