<?xml version="1.0" encoding="UTF-8" standalone="no"?><book><chapter number="11">
<verse number="1"><CSB><word seq="1">[後來]，<GreekSeq>2</GreekSeq></word><word seq="2">使徒們<GreekSeq>4</GreekSeq></word><word seq="3">和<GreekSeq>5</GreekSeq></word><word seq="4">在<GreekSeq>10</GreekSeq></word><word seq="5">猶太<GreekSeq>12</GreekSeq></word><word seq="6">各地的</word><word seq="7">弟兄們<GreekSeq>7</GreekSeq></word><word seq="8">聽說<GreekSeq>1</GreekSeq></word><word seq="9">外邦人<GreekSeq>16</GreekSeq></word><word seq="10">也<GreekSeq>14</GreekSeq></word><word seq="11">接受了<GreekSeq>17</GreekSeq></word><word seq="12">神的<GreekSeq>21</GreekSeq></word><word seq="13">話語。<GreekSeq>19</GreekSeq></word></CSB></verse>
<verse number="2"><CSB><word seq="1">可是<GreekSeq>2</GreekSeq></word><word seq="2">當<GreekSeq>1</GreekSeq></word><word seq="3">彼得<GreekSeq>4</GreekSeq></word><word seq="4">上到<GreekSeq>3</GreekSeq></word><word seq="5">耶路撒冷<GreekSeq>6</GreekSeq></word><word seq="6">的時候，<GreekSeq>1</GreekSeq></word><word seq="7">那些<GreekSeq>10</GreekSeq></word><word seq="8">割禮派的[人]<GreekSeq>12</GreekSeq></word><word seq="9">卻</word><word seq="10">批評<GreekSeq>7</GreekSeq></word><word seq="11">他，<GreekSeq>9</GreekSeq></word></CSB></verse>
<verse number="3"><CSB><word seq="1">說：<GreekSeq>1</GreekSeq></word><word seq="2">「你[竟然]進<GreekSeq>3</GreekSeq></word><word seq="3">到<GreekSeq>4</GreekSeq></word><word seq="4">沒有受割禮之<GreekSeq>6</GreekSeq><GreekSeq>7</GreekSeq></word><word seq="5">人<GreekSeq>5</GreekSeq></word><word seq="6">的家裡，</word><word seq="7">又<GreekSeq>8</GreekSeq></word><word seq="8">與他們<GreekSeq>10</GreekSeq></word><word seq="9">一起吃飯。」<GreekSeq>9</GreekSeq></word></CSB></verse>
<verse number="4"><CSB><word seq="1">彼得<GreekSeq>3</GreekSeq></word><word seq="2">就<GreekSeq>2</GreekSeq></word><word seq="3">開始<GreekSeq>1</GreekSeq></word><word seq="4">按著次序<GreekSeq>6</GreekSeq></word><word seq="5">向他們<GreekSeq>5</GreekSeq></word><word seq="6">講解，<GreekSeq>4</GreekSeq></word><word seq="7">說：<GreekSeq>7</GreekSeq></word></CSB></verse>
<verse number="5"><CSB><word seq="1">「我<GreekSeq>1</GreekSeq></word><word seq="2">在<GreekSeq>3</GreekSeq></word><word seq="3">約帕<GreekSeq>5</GreekSeq></word><word seq="4">城<GreekSeq>4</GreekSeq></word><word seq="5">裡<GreekSeq>3</GreekSeq></word><word seq="6">禱告的時候，<GreekSeq>6</GreekSeq></word><word seq="7">魂遊象外，<GreekSeq>9</GreekSeq><GreekSeq>10</GreekSeq></word><word seq="8">看見<GreekSeq>8</GreekSeq></word><word seq="9">一個異象：<GreekSeq>11</GreekSeq></word><word seq="10">有一樣<GreekSeq>14</GreekSeq></word><word seq="11">東西<GreekSeq>13</GreekSeq></word><word seq="12">從<GreekSeq>21</GreekSeq></word><word seq="13">天上<GreekSeq>23</GreekSeq></word><word seq="14">降下，<GreekSeq>20</GreekSeq></word><word seq="15">好像<GreekSeq>15</GreekSeq></word><word seq="16">一塊大<GreekSeq>17</GreekSeq></word><word seq="17">布，<GreekSeq>16</GreekSeq></word><word seq="18">四<GreekSeq>18</GreekSeq></word><word seq="19">角<GreekSeq>19</GreekSeq></word><word seq="20">捆住，縋</word><word seq="21">到<GreekSeq>26</GreekSeq></word><word seq="22">我<GreekSeq>27</GreekSeq></word><word seq="23">面前</word><word seq="24">來。<GreekSeq>25</GreekSeq></word></CSB></verse>
<verse number="6"><CSB><word seq="1">我<GreekSeq>4</GreekSeq></word><word seq="2">注目<GreekSeq>3</GreekSeq></word><word seq="3">觀看<GreekSeq>4</GreekSeq></word><word seq="4">它，<GreekSeq>2</GreekSeq></word><word seq="5">看見<GreekSeq>6</GreekSeq></word><word seq="6">裡面有</word><word seq="7">地[上]的<GreekSeq>10</GreekSeq></word><word seq="8">四足動物、<GreekSeq>8</GreekSeq></word><word seq="9">野獸、<GreekSeq>13</GreekSeq></word><word seq="10">爬行動物<GreekSeq>16</GreekSeq></word><word seq="11">和<GreekSeq>17</GreekSeq></word><word seq="12">天空的<GreekSeq>21</GreekSeq></word><word seq="13">飛鳥；<GreekSeq>19</GreekSeq></word></CSB></verse>
<verse number="7"><CSB><word seq="1">[那時]<GreekSeq>2</GreekSeq></word><word seq="2">我<GreekSeq>1</GreekSeq></word><word seq="3">也<GreekSeq>3</GreekSeq></word><word seq="4">聽見<GreekSeq>1</GreekSeq></word><word seq="5">有</word><word seq="6">聲音<GreekSeq>4</GreekSeq></word><word seq="7">對我<GreekSeq>6</GreekSeq></word><word seq="8">說：<GreekSeq>5</GreekSeq></word><word seq="9">『彼得，<GreekSeq>8</GreekSeq></word><word seq="10">起來，<GreekSeq>7</GreekSeq></word><word seq="11">宰了<GreekSeq>9</GreekSeq></word><word seq="12">吃！』<GreekSeq>11</GreekSeq></word></CSB></verse>
<verse number="8"><CSB><word seq="1">我說：<GreekSeq>1</GreekSeq></word><word seq="2">『主啊，<GreekSeq>4</GreekSeq></word><word seq="3">千萬不可！<GreekSeq>3</GreekSeq></word><word seq="4">因為<GreekSeq>5</GreekSeq></word><word seq="5">俗物<GreekSeq>6</GreekSeq></word><word seq="6">或<GreekSeq>7</GreekSeq></word><word seq="7">不潔淨的<GreekSeq>8</GreekSeq></word><word seq="8">東西，</word><word seq="9">從來沒有<GreekSeq>9</GreekSeq></word><word seq="10">入過<GreekSeq>10</GreekSeq></word><word seq="11">我的<GreekSeq>14</GreekSeq></word><word seq="12">口。』<GreekSeq>13</GreekSeq></word></CSB></verse>
<verse number="9"><CSB><word seq="1">那</word><word seq="2">聲音<GreekSeq>3</GreekSeq></word><word seq="3">第二次<GreekSeq>5</GreekSeq></word><word seq="4">從<GreekSeq>6</GreekSeq></word><word seq="5">天上<GreekSeq>8</GreekSeq></word><word seq="6">傳來，</word><word seq="7">說：<GreekSeq>1</GreekSeq></word><word seq="8">『神<GreekSeq>11</GreekSeq></word><word seq="9">所潔淨的，<GreekSeq>9</GreekSeq><GreekSeq>12</GreekSeq></word><word seq="10">你<GreekSeq>13</GreekSeq></word><word seq="11">不<GreekSeq>14</GreekSeq></word><word seq="12">可當做汙穢<GreekSeq>15</GreekSeq></word><word seq="13">的。』</word></CSB></verse>
<verse number="10"><CSB><word seq="1">這樣<GreekSeq>1</GreekSeq></word><word seq="2">一連有<GreekSeq>3</GreekSeq></word><word seq="3">三次，<GreekSeq>5</GreekSeq></word><word seq="4">然後<GreekSeq>6</GreekSeq></word><word seq="5">所有的東西<GreekSeq>9</GreekSeq></word><word seq="6">又<GreekSeq>8</GreekSeq></word><word seq="7">被收回<GreekSeq>7</GreekSeq></word><word seq="8">天上<GreekSeq>12</GreekSeq></word><word seq="9">[去了]。<GreekSeq>10</GreekSeq></word></CSB></verse>
<verse number="11"><CSB><word seq="1">正在這時，<GreekSeq>3</GreekSeq></word><word seq="2">[忽然]<GreekSeq>2</GreekSeq></word><word seq="3">有</word><word seq="4">三個<GreekSeq>4</GreekSeq></word><word seq="5">人<GreekSeq>5</GreekSeq></word><word seq="6">站<GreekSeq>6</GreekSeq></word><word seq="7">在<GreekSeq>7</GreekSeq></word><word seq="8">我們<GreekSeq>12</GreekSeq></word><word seq="9">所住的<GreekSeq>10</GreekSeq><GreekSeq>11</GreekSeq></word><word seq="10">房子<GreekSeq>9</GreekSeq></word><word seq="11">面前，</word><word seq="12">他們<GreekSeq>13</GreekSeq></word><word seq="13">是</word><word seq="14">從<GreekSeq>14</GreekSeq></word><word seq="15">凱撒里亞<GreekSeq>15</GreekSeq></word><word seq="16">被派<GreekSeq>13</GreekSeq></word><word seq="17">到<GreekSeq>16</GreekSeq></word><word seq="18">我<GreekSeq>17</GreekSeq></word><word seq="19">這裡<GreekSeq>16</GreekSeq></word><word seq="20">的。<GreekSeq>13</GreekSeq></word></CSB></verse>
<verse number="12"><CSB><word seq="1">[聖]靈<GreekSeq>4</GreekSeq></word><word seq="2">吩咐<GreekSeq>1</GreekSeq></word><word seq="3">我：<GreekSeq>5</GreekSeq></word><word seq="4">要<GreekSeq>6</GreekSeq></word><word seq="5">陪他們<GreekSeq>7</GreekSeq></word><word seq="6">一起去，<GreekSeq>6</GreekSeq></word><word seq="7">不要[有]任何<GreekSeq>8</GreekSeq></word><word seq="8">疑惑。<GreekSeq>9</GreekSeq></word><word seq="9">當時</word><word seq="10">與<GreekSeq>12</GreekSeq></word><word seq="11">我<GreekSeq>13</GreekSeq></word><word seq="12">一起<GreekSeq>12</GreekSeq></word><word seq="13">去<GreekSeq>10</GreekSeq></word><word seq="14">的，</word><word seq="15">還有<GreekSeq>14</GreekSeq></word><word seq="16">這<GreekSeq>18</GreekSeq></word><word seq="17">六位<GreekSeq>16</GreekSeq></word><word seq="18">弟兄。<GreekSeq>17</GreekSeq></word><word seq="19">後來</word><word seq="20">我們<GreekSeq>20</GreekSeq></word><word seq="21">就<GreekSeq>19</GreekSeq></word><word seq="22">進了<GreekSeq>20</GreekSeq></word><word seq="23">那<GreekSeq>24</GreekSeq></word><word seq="24">人的<GreekSeq>25</GreekSeq></word><word seq="25">家。<GreekSeq>23</GreekSeq></word></CSB></verse>
<verse number="13"><CSB><word seq="1">他告訴<GreekSeq>1</GreekSeq></word><word seq="2">我們，<GreekSeq>3</GreekSeq></word><word seq="3">他<GreekSeq>5</GreekSeq></word><word seq="4">怎樣<GreekSeq>4</GreekSeq></word><word seq="5">看見<GreekSeq>5</GreekSeq></word><word seq="6">一位天使<GreekSeq>7</GreekSeq></word><word seq="7">站<GreekSeq>12</GreekSeq></word><word seq="8">在<GreekSeq>8</GreekSeq></word><word seq="9">他<GreekSeq>11</GreekSeq></word><word seq="10">家<GreekSeq>10</GreekSeq></word><word seq="11">裡<GreekSeq>8</GreekSeq></word><word seq="12">說：<GreekSeq>14</GreekSeq></word><word seq="13">『你要派人<GreekSeq>15</GreekSeq></word><word seq="14">到<GreekSeq>16</GreekSeq></word><word seq="15">約帕<GreekSeq>17</GreekSeq></word><word seq="16">去，</word><word seq="17">請<GreekSeq>19</GreekSeq></word><word seq="18">那<GreekSeq>21</GreekSeq></word><word seq="19">稱為<GreekSeq>22</GreekSeq></word><word seq="20">彼得<GreekSeq>23</GreekSeq></word><word seq="21">的<GreekSeq>22</GreekSeq></word><word seq="22">西門<GreekSeq>20</GreekSeq></word><word seq="23">來；<GreekSeq>19</GreekSeq></word></CSB></verse>
<verse number="14"><CSB><word seq="1">他<GreekSeq>1</GreekSeq></word><word seq="2">有</word><word seq="3">話<GreekSeq>3</GreekSeq></word><word seq="4">要<GreekSeq>2</GreekSeq></word><word seq="5">對<GreekSeq>4</GreekSeq></word><word seq="6">你<GreekSeq>5</GreekSeq></word><word seq="7">說，<GreekSeq>2</GreekSeq></word><word seq="8">藉<GreekSeq>6</GreekSeq></word><word seq="9">[這話]<GreekSeq>7</GreekSeq></word><word seq="10">你<GreekSeq>9</GreekSeq></word><word seq="11">和<GreekSeq>10</GreekSeq></word><word seq="12">你<GreekSeq>14</GreekSeq></word><word seq="13">全<GreekSeq>11</GreekSeq></word><word seq="14">家<GreekSeq>13</GreekSeq></word><word seq="15">將要得救。』<GreekSeq>8</GreekSeq></word></CSB></verse>
<verse number="15"><CSB><word seq="1">我<GreekSeq>5</GreekSeq></word><word seq="2">一<GreekSeq>1</GreekSeq><GreekSeq>3</GreekSeq></word><word seq="3">開始<GreekSeq>4</GreekSeq></word><word seq="4">講話，<GreekSeq>6</GreekSeq></word><word seq="5">聖<GreekSeq>11</GreekSeq></word><word seq="6">靈<GreekSeq>9</GreekSeq></word><word seq="7">就</word><word seq="8">降臨<GreekSeq>7</GreekSeq></word><word seq="9">在<GreekSeq>12</GreekSeq></word><word seq="10">他們<GreekSeq>13</GreekSeq></word><word seq="11">[身]上，<GreekSeq>12</GreekSeq></word><word seq="12">就像<GreekSeq>14</GreekSeq></word><word seq="13">當初<GreekSeq>18</GreekSeq><GreekSeq>19</GreekSeq></word><word seq="14">降臨</word><word seq="15">在<GreekSeq>16</GreekSeq></word><word seq="16">我們<GreekSeq>17</GreekSeq></word><word seq="17">[身]上<GreekSeq>16</GreekSeq></word><word seq="18">一樣。<GreekSeq>14</GreekSeq></word></CSB></verse>
<verse number="16"><CSB><word seq="1">我<GreekSeq>1</GreekSeq></word><word seq="2">就<GreekSeq>2</GreekSeq></word><word seq="3">想起了<GreekSeq>1</GreekSeq></word><word seq="4">主<GreekSeq>6</GreekSeq></word><word seq="5">如此<GreekSeq>7</GreekSeq></word><word seq="6">說<GreekSeq>8</GreekSeq></word><word seq="7">的</word><word seq="8">話，<GreekSeq>4</GreekSeq></word><word seq="9">『約翰<GreekSeq>9</GreekSeq></word><word seq="10">[用]水<GreekSeq>12</GreekSeq></word><word seq="11">施洗，<GreekSeq>11</GreekSeq></word><word seq="12">但<GreekSeq>14</GreekSeq></word><word seq="13">你們<GreekSeq>13</GreekSeq></word><word seq="14">將要受<GreekSeq>15</GreekSeq></word><word seq="15">聖<GreekSeq>18</GreekSeq></word><word seq="16">靈<GreekSeq>17</GreekSeq></word><word seq="17">的洗。』<GreekSeq>15</GreekSeq></word></CSB></verse>
<verse number="17"><CSB><word seq="1">因此，<GreekSeq>2</GreekSeq></word><word seq="2">神<GreekSeq>9</GreekSeq></word><word seq="3">如果<GreekSeq>1</GreekSeq></word><word seq="4">給了<GreekSeq>6</GreekSeq></word><word seq="5">他們<GreekSeq>7</GreekSeq></word><word seq="6">這<GreekSeq>3</GreekSeq></word><word seq="7">相同的<GreekSeq>4</GreekSeq></word><word seq="8">恩賜，<GreekSeq>5</GreekSeq></word><word seq="9">就像<GreekSeq>10</GreekSeq></word><word seq="10">在我們</word><word seq="11">信<GreekSeq>13</GreekSeq></word><word seq="12">靠<GreekSeq>14</GreekSeq></word><word seq="13">主<GreekSeq>16</GreekSeq></word><word seq="14">耶穌<GreekSeq>17</GreekSeq></word><word seq="15">基督<GreekSeq>18</GreekSeq></word><word seq="16">的時候<GreekSeq>13</GreekSeq></word><word seq="17">也<GreekSeq>11</GreekSeq></word><word seq="18">給了我們<GreekSeq>12</GreekSeq></word><word seq="19">一樣，<GreekSeq>10</GreekSeq></word><word seq="20">那麼，</word><word seq="21">我<GreekSeq>19</GreekSeq></word><word seq="22">是<GreekSeq>21</GreekSeq></word><word seq="23">誰呢？<GreekSeq>20</GreekSeq></word><word seq="24">難道</word><word seq="25">能<GreekSeq>22</GreekSeq></word><word seq="26">攔阻<GreekSeq>23</GreekSeq></word><word seq="27">神<GreekSeq>25</GreekSeq></word><word seq="28">嗎？」</word></CSB></verse>
<verse number="18"><CSB><word seq="1">他們聽了<GreekSeq>1</GreekSeq></word><word seq="2">這些[話]<GreekSeq>3</GreekSeq></word><word seq="3">就<GreekSeq>2</GreekSeq></word><word seq="4">安靜下來，<GreekSeq>4</GreekSeq></word><word seq="5">然後<GreekSeq>10</GreekSeq></word><word seq="6">就<GreekSeq>11</GreekSeq></word><word seq="7">榮耀<GreekSeq>6</GreekSeq></word><word seq="8">神，<GreekSeq>8</GreekSeq></word><word seq="9">說：<GreekSeq>9</GreekSeq></word><word seq="10">「這樣，</word><word seq="11">神<GreekSeq>15</GreekSeq></word><word seq="12">把悔改[的心]<GreekSeq>17</GreekSeq></word><word seq="13">也<GreekSeq>11</GreekSeq></word><word seq="14">賜給<GreekSeq>20</GreekSeq></word><word seq="15">外邦人，<GreekSeq>15</GreekSeq></word><word seq="16">使他們</word><word seq="17">得<GreekSeq>18</GreekSeq></word><word seq="18">生命。」<GreekSeq>19</GreekSeq></word></CSB></verse>
<verse number="19"><CSB><word seq="1">於是<GreekSeq>3</GreekSeq></word><word seq="2">那些<GreekSeq>1</GreekSeq></word><word seq="3">因<GreekSeq>10</GreekSeq></word><word seq="4">司提反<GreekSeq>11</GreekSeq></word><word seq="5">的事<GreekSeq>8</GreekSeq></word><word seq="6">受<GreekSeq>9</GreekSeq></word><word seq="7">患難<GreekSeq>7</GreekSeq></word><word seq="8">而</word><word seq="9">四散的[信徒]，<GreekSeq>4</GreekSeq></word><word seq="10">就</word><word seq="11">一直走<GreekSeq>12</GreekSeq></word><word seq="12">到<GreekSeq>13</GreekSeq></word><word seq="13">腓尼基<GreekSeq>14</GreekSeq></word><word seq="14">地區、</word><word seq="15">塞浦路斯<GreekSeq>16</GreekSeq></word><word seq="16">島</word><word seq="17">和<GreekSeq>17</GreekSeq></word><word seq="18">安提阿。<GreekSeq>18</GreekSeq></word><word seq="19">他們<GreekSeq>20</GreekSeq></word><word seq="20">只<GreekSeq>25</GreekSeq></word><word seq="21">向猶太人，<GreekSeq>26</GreekSeq></word><word seq="22">而</word><word seq="23">不向任何人<GreekSeq>19</GreekSeq></word><word seq="24">[傳講福音]。<GreekSeq>22</GreekSeq></word></CSB></verse>
<verse number="20"><CSB><word seq="1">但<GreekSeq>2</GreekSeq></word><word seq="2">其<GreekSeq>5</GreekSeq></word><word seq="3">中<GreekSeq>4</GreekSeq></word><word seq="4">有<GreekSeq>1</GreekSeq></word><word seq="5">一些<GreekSeq>3</GreekSeq></word><word seq="6">塞浦路斯<GreekSeq>7</GreekSeq></word><word seq="7">人<GreekSeq>6</GreekSeq></word><word seq="8">和<GreekSeq>8</GreekSeq></word><word seq="9">古利奈人，<GreekSeq>9</GreekSeq></word><word seq="10">來到<GreekSeq>11</GreekSeq></word><word seq="11">安提阿，<GreekSeq>13</GreekSeq></word><word seq="12">也<GreekSeq>15</GreekSeq></word><word seq="13">向<GreekSeq>16</GreekSeq></word><word seq="14">希臘人<GreekSeq>18</GreekSeq></word><word seq="15">講[道]，<GreekSeq>14</GreekSeq></word><word seq="16">傳<GreekSeq>19</GreekSeq></word><word seq="17">主<GreekSeq>21</GreekSeq></word><word seq="18">耶穌<GreekSeq>22</GreekSeq></word><word seq="19">的福音。<GreekSeq>19</GreekSeq></word></CSB></verse>
<verse number="21"><CSB><word seq="1">主的<GreekSeq>4</GreekSeq></word><word seq="2">手<GreekSeq>3</GreekSeq></word><word seq="3">與<GreekSeq>5</GreekSeq></word><word seq="4">他們<GreekSeq>6</GreekSeq></word><word seq="5">同在，<GreekSeq>5</GreekSeq></word><word seq="6">有</word><word seq="7">許許多多的<GreekSeq>7</GreekSeq></word><word seq="8">人</word><word seq="9">就<GreekSeq>8</GreekSeq></word><word seq="10">相信、<GreekSeq>11</GreekSeq></word><word seq="11">歸<GreekSeq>12</GreekSeq></word><word seq="12">向<GreekSeq>13</GreekSeq></word><word seq="13">了</word><word seq="14">主。<GreekSeq>15</GreekSeq></word></CSB></verse>
<verse number="22"><CSB><word seq="1">這<GreekSeq>3</GreekSeq></word><word seq="2">[消息]<GreekSeq>4</GreekSeq></word><word seq="3">傳<GreekSeq>1</GreekSeq></word><word seq="4">到<GreekSeq>5</GreekSeq></word><word seq="5">在<GreekSeq>12</GreekSeq></word><word seq="6">耶路撒冷<GreekSeq>13</GreekSeq></word><word seq="7">的</word><word seq="8">教會，<GreekSeq>9</GreekSeq></word><word seq="9">他們<GreekSeq>17</GreekSeq></word><word seq="10">就<GreekSeq>16</GreekSeq></word><word seq="11">派<GreekSeq>17</GreekSeq></word><word seq="12">巴拿巴<GreekSeq>18</GreekSeq></word><word seq="13">到<GreekSeq>20</GreekSeq></word><word seq="14">安提阿<GreekSeq>21</GreekSeq></word><word seq="15">去。<GreekSeq>19</GreekSeq></word></CSB></verse>
<verse number="23"><CSB><word seq="1">[巴拿巴]<GreekSeq>1</GreekSeq></word><word seq="2">到了，<GreekSeq>2</GreekSeq></word><word seq="3">看見<GreekSeq>4</GreekSeq></word><word seq="4">神的<GreekSeq>9</GreekSeq></word><word seq="5">恩典<GreekSeq>6</GreekSeq></word><word seq="6">就<GreekSeq>11</GreekSeq></word><word seq="7">感到歡喜，<GreekSeq>10</GreekSeq></word><word seq="8">鼓勵<GreekSeq>12</GreekSeq></word><word seq="9">大家<GreekSeq>13</GreekSeq></word><word seq="10">要</word><word seq="11">立定<GreekSeq>15</GreekSeq></word><word seq="12">心[志]，<GreekSeq>17</GreekSeq></word><word seq="13">繼續靠<GreekSeq>18</GreekSeq></word><word seq="14">主，<GreekSeq>20</GreekSeq></word></CSB></verse>
<verse number="24"><CSB><word seq="1">——這是</word><word seq="2">因為<GreekSeq>1</GreekSeq></word><word seq="3">[巴拿巴]是<GreekSeq>2</GreekSeq></word><word seq="4">個</word><word seq="5">好<GreekSeq>4</GreekSeq></word><word seq="6">人，<GreekSeq>3</GreekSeq></word><word seq="7">充滿<GreekSeq>6</GreekSeq></word><word seq="8">聖<GreekSeq>8</GreekSeq></word><word seq="9">靈<GreekSeq>7</GreekSeq></word><word seq="10">和<GreekSeq>9</GreekSeq></word><word seq="11">信仰。<GreekSeq>10</GreekSeq></word><word seq="12">於是<GreekSeq>11</GreekSeq></word><word seq="13">有</word><word seq="14">一大<GreekSeq>14</GreekSeq></word><word seq="15">群人<GreekSeq>13</GreekSeq></word><word seq="16">歸向了<GreekSeq>12</GreekSeq></word><word seq="17">主。<GreekSeq>16</GreekSeq></word></CSB></verse>
<verse number="25"><CSB><word seq="1">後來<GreekSeq>2</GreekSeq></word><word seq="2">巴拿巴</word><word seq="3">到<GreekSeq>3</GreekSeq></word><word seq="4">塔爾蘇<GreekSeq>4</GreekSeq></word><word seq="5">去<GreekSeq>1</GreekSeq></word><word seq="6">找<GreekSeq>5</GreekSeq></word><word seq="7">掃羅，<GreekSeq>6</GreekSeq></word></CSB></verse>
<verse number="26"><CSB><word seq="1">找到了，<GreekSeq>2</GreekSeq></word><word seq="2">就<GreekSeq>1</GreekSeq></word><word seq="3">帶<GreekSeq>3</GreekSeq></word><word seq="4">他</word><word seq="5">到<GreekSeq>4</GreekSeq></word><word seq="6">安提阿<GreekSeq>5</GreekSeq></word><word seq="7">來。</word><word seq="8">然後<GreekSeq>7</GreekSeq></word><word seq="9">有<GreekSeq>6</GreekSeq></word><word seq="10">整整<GreekSeq>11</GreekSeq></word><word seq="11">一年，<GreekSeq>10</GreekSeq></word><word seq="12">[兩個人]<GreekSeq>8</GreekSeq></word><word seq="13">[與]<GreekSeq>13</GreekSeq></word><word seq="14">[會眾]<GreekSeq>15</GreekSeq></word><word seq="15">聚在一起，<GreekSeq>12</GreekSeq></word><word seq="16">教導了<GreekSeq>17</GreekSeq></word><word seq="17">一大<GreekSeq>19</GreekSeq></word><word seq="18">群人。<GreekSeq>18</GreekSeq></word><word seq="19">門徒們<GreekSeq>26</GreekSeq></word><word seq="20">第一次<GreekSeq>22</GreekSeq></word><word seq="21">被</word><word seq="22">稱為<GreekSeq>20</GreekSeq></word><word seq="23">「基督徒」<GreekSeq>27</GreekSeq></word><word seq="24">是</word><word seq="25">在<GreekSeq>23</GreekSeq></word><word seq="26">安提阿。<GreekSeq>24</GreekSeq></word></CSB></verse>
<verse number="27"><CSB><word seq="1">在<GreekSeq>1</GreekSeq></word><word seq="2">那些<GreekSeq>2</GreekSeq></word><word seq="3">日子<GreekSeq>5</GreekSeq></word><word seq="4">裡，<GreekSeq>1</GreekSeq></word><word seq="5">有</word><word seq="6">幾個做先知傳道的<GreekSeq>9</GreekSeq></word><word seq="7">從<GreekSeq>7</GreekSeq></word><word seq="8">耶路撒冷<GreekSeq>8</GreekSeq></word><word seq="9">下<GreekSeq>6</GreekSeq></word><word seq="10">到<GreekSeq>10</GreekSeq></word><word seq="11">安提阿。<GreekSeq>11</GreekSeq></word></CSB></verse>
<verse number="28"><CSB><word seq="1">其<GreekSeq>5</GreekSeq></word><word seq="2">中<GreekSeq>4</GreekSeq></word><word seq="3">有</word><word seq="4">一個<GreekSeq>3</GreekSeq></word><word seq="5">名叫<GreekSeq>6</GreekSeq></word><word seq="6">阿伽布斯<GreekSeq>7</GreekSeq></word><word seq="7">的</word><word seq="8">站起來，<GreekSeq>1</GreekSeq></word><word seq="9">藉著<GreekSeq>9</GreekSeq></word><word seq="10">[聖]靈<GreekSeq>11</GreekSeq></word><word seq="11">指明<GreekSeq>8</GreekSeq></word><word seq="12">普<GreekSeq>17</GreekSeq></word><word seq="13">天下<GreekSeq>19</GreekSeq></word><word seq="14">將<GreekSeq>14</GreekSeq></word><word seq="15">有<GreekSeq>15</GreekSeq></word><word seq="16">大<GreekSeq>13</GreekSeq></word><word seq="17">饑荒。<GreekSeq>12</GreekSeq></word><word seq="18">這事<GreekSeq>20</GreekSeq></word><word seq="19">在<GreekSeq>22</GreekSeq></word><word seq="20">凱撒克勞迪[時期]<GreekSeq>23</GreekSeq></word><word seq="21">果然發生了。<GreekSeq>21</GreekSeq></word></CSB></verse>
<verse number="29"><CSB><word seq="1">於是<GreekSeq>2</GreekSeq></word><word seq="2">門徒們<GreekSeq>3</GreekSeq></word><word seq="3">決定，<GreekSeq>7</GreekSeq></word><word seq="4">每個人<GreekSeq>8</GreekSeq></word><word seq="5">照著<GreekSeq>4</GreekSeq></word><word seq="6">自己的<GreekSeq>9</GreekSeq></word><word seq="7">能力<GreekSeq>5</GreekSeq></word><word seq="8">[來捐獻]，<GreekSeq>10</GreekSeq><GreekSeq>11</GreekSeq></word><word seq="9">好</word><word seq="10">送到<GreekSeq>12</GreekSeq></word><word seq="11">住<GreekSeq>14</GreekSeq></word><word seq="12">在<GreekSeq>15</GreekSeq></word><word seq="13">猶太<GreekSeq>17</GreekSeq></word><word seq="14">的<GreekSeq>14</GreekSeq></word><word seq="15">弟兄們<GreekSeq>18</GreekSeq></word><word seq="16">那裡。</word></CSB></verse>
<verse number="30"><CSB><word seq="1">他們<GreekSeq>3</GreekSeq></word><word seq="2">就<GreekSeq>2</GreekSeq></word><word seq="3">這麼<GreekSeq>1</GreekSeq></word><word seq="4">做了，<GreekSeq>3</GreekSeq></word><word seq="5">由<GreekSeq>8</GreekSeq></word><word seq="6">巴拿巴<GreekSeq>10</GreekSeq></word><word seq="7">和<GreekSeq>11</GreekSeq></word><word seq="8">掃羅<GreekSeq>12</GreekSeq></word><word seq="9">經手，<GreekSeq>8</GreekSeq><GreekSeq>9</GreekSeq></word><word seq="10">把所捐獻的</word><word seq="11">送<GreekSeq>4</GreekSeq></word><word seq="12">到<GreekSeq>5</GreekSeq></word><word seq="13">長老們<GreekSeq>7</GreekSeq></word><word seq="14">那裡。<GreekSeq>5</GreekSeq></word></CSB></verse>
</chapter></book>