<?xml version="1.0" encoding="UTF-8" standalone="no"?><book><chapter number="7">
<verse number="1"><CSB><word seq="1">大祭司<GreekSeq>4</GreekSeq></word><word seq="2">問<GreekSeq>1</GreekSeq></word><word seq="3">司提反：</word><word seq="4">「[真]<GreekSeq>7</GreekSeq></word><word seq="5">有<GreekSeq>8</GreekSeq></word><word seq="6">這些事<GreekSeq>6</GreekSeq></word><word seq="7">嗎？」<GreekSeq>5</GreekSeq></word></CSB></verse>
<verse number="2"><CSB><word seq="1">[司提反]<GreekSeq>1</GreekSeq></word><word seq="2">說：<GreekSeq>3</GreekSeq></word><word seq="3">「各位<GreekSeq>4</GreekSeq></word><word seq="4">父老<GreekSeq>7</GreekSeq></word><word seq="5">兄弟，<GreekSeq>5</GreekSeq></word><word seq="6">請聽！<GreekSeq>8</GreekSeq></word><word seq="7">我們的<GreekSeq>16</GreekSeq></word><word seq="8">先祖<GreekSeq>15</GreekSeq></word><word seq="9">亞伯拉罕<GreekSeq>17</GreekSeq></word><word seq="10">住<GreekSeq>24</GreekSeq></word><word seq="11">哈蘭<GreekSeq>27</GreekSeq></word><word seq="12">以前，<GreekSeq>22</GreekSeq></word><word seq="13">還</word><word seq="14">在<GreekSeq>19</GreekSeq></word><word seq="15">美索不達米亞<GreekSeq>21</GreekSeq></word><word seq="16">的時候，<GreekSeq>18</GreekSeq></word><word seq="17">榮耀的<GreekSeq>12</GreekSeq></word><word seq="18">神<GreekSeq>10</GreekSeq></word><word seq="19">向他顯現，<GreekSeq>13</GreekSeq></word></CSB></verse>
<verse number="3"><CSB><word seq="1">對<GreekSeq>3</GreekSeq></word><word seq="2">他<GreekSeq>4</GreekSeq></word><word seq="3">說：<GreekSeq>2</GreekSeq></word><word seq="4">『你要離開<GreekSeq>5</GreekSeq></word><word seq="5">你的<GreekSeq>9</GreekSeq></word><word seq="6">[故]土<GreekSeq>8</GreekSeq></word><word seq="7">和<GreekSeq>10</GreekSeq></word><word seq="8">親族，<GreekSeq>13</GreekSeq></word><word seq="9">到<GreekSeq>17</GreekSeq></word><word seq="10">我所要指示<GreekSeq>23</GreekSeq></word><word seq="11">你<GreekSeq>22</GreekSeq></word><word seq="12">的地方<GreekSeq>19</GreekSeq></word><word seq="13">去。』<GreekSeq>16</GreekSeq></word></CSB></verse>
<verse number="4"><CSB><word seq="1">「於是<GreekSeq>1</GreekSeq></word><word seq="2">[亞伯拉罕]離開<GreekSeq>2</GreekSeq></word><word seq="3">迦勒底人的<GreekSeq>5</GreekSeq></word><word seq="4">地方，<GreekSeq>4</GreekSeq></word><word seq="5">住<GreekSeq>6</GreekSeq></word><word seq="6">在<GreekSeq>7</GreekSeq></word><word seq="7">哈蘭。<GreekSeq>8</GreekSeq></word><word seq="8">他的<GreekSeq>15</GreekSeq></word><word seq="9">父親<GreekSeq>14</GreekSeq></word><word seq="10">死了<GreekSeq>12</GreekSeq></word><word seq="11">以後，<GreekSeq>10</GreekSeq></word><word seq="12">神</word><word seq="13">使他<GreekSeq>17</GreekSeq></word><word seq="14">從那裡<GreekSeq>9</GreekSeq></word><word seq="15">遷移<GreekSeq>16</GreekSeq></word><word seq="16">到<GreekSeq>18</GreekSeq></word><word seq="17">你們<GreekSeq>24</GreekSeq></word><word seq="18">現在<GreekSeq>25</GreekSeq></word><word seq="19">所住的<GreekSeq>23</GreekSeq><GreekSeq>26</GreekSeq></word><word seq="20">這<GreekSeq>21</GreekSeq></word><word seq="21">地方。<GreekSeq>20</GreekSeq></word></CSB></verse>
<verse number="5"><CSB><word seq="1">在<GreekSeq>6</GreekSeq></word><word seq="2">這裡，<GreekSeq>7</GreekSeq></word><word seq="3">[神]<GreekSeq>3</GreekSeq></word><word seq="4">並<GreekSeq>1</GreekSeq></word><word seq="5">沒有<GreekSeq>2</GreekSeq></word><word seq="6">賜給<GreekSeq>3</GreekSeq></word><word seq="7">他<GreekSeq>4</GreekSeq></word><word seq="8">繼業，<GreekSeq>5</GreekSeq></word><word seq="9">連</word><word seq="10">立足的地方<GreekSeq>9</GreekSeq><GreekSeq>10</GreekSeq></word><word seq="11">也沒有。<GreekSeq>8</GreekSeq></word><word seq="12">可是<GreekSeq>11</GreekSeq></word><word seq="13">[神]應許<GreekSeq>12</GreekSeq></word><word seq="14">要<GreekSeq>13</GreekSeq></word><word seq="15">把這[地]<GreekSeq>17</GreekSeq></word><word seq="16">賜給<GreekSeq>13</GreekSeq></word><word seq="17">他<GreekSeq>14</GreekSeq></word><word seq="18">和<GreekSeq>18</GreekSeq></word><word seq="19">他的<GreekSeq>21</GreekSeq></word><word seq="20">後裔<GreekSeq>20</GreekSeq></word><word seq="21">為<GreekSeq>15</GreekSeq></word><word seq="22">業。<GreekSeq>16</GreekSeq></word><word seq="23">當時，<GreekSeq>25</GreekSeq></word><word seq="24">[亞伯拉罕]<GreekSeq>26</GreekSeq></word><word seq="25">還</word><word seq="26">沒有<GreekSeq>24</GreekSeq></word><word seq="27">孩子。<GreekSeq>27</GreekSeq></word></CSB></verse>
<verse number="6"><CSB><word seq="1">神<GreekSeq>5</GreekSeq></word><word seq="2">這樣<GreekSeq>3</GreekSeq></word><word seq="3">說：<GreekSeq>1</GreekSeq></word><word seq="4">『他的<GreekSeq>10</GreekSeq></word><word seq="5">後裔<GreekSeq>9</GreekSeq></word><word seq="6">要<GreekSeq>7</GreekSeq></word><word seq="7">在<GreekSeq>12</GreekSeq></word><word seq="8">他人之<GreekSeq>14</GreekSeq></word><word seq="9">地<GreekSeq>13</GreekSeq></word><word seq="10">做<GreekSeq>7</GreekSeq></word><word seq="11">寄居的，<GreekSeq>11</GreekSeq></word><word seq="12">那裡的人<GreekSeq>17</GreekSeq></word><word seq="13">要奴役、<GreekSeq>16</GreekSeq></word><word seq="14">虐待<GreekSeq>19</GreekSeq></word><word seq="15">他們</word><word seq="16">四百<GreekSeq>21</GreekSeq></word><word seq="17">年。<GreekSeq>20</GreekSeq></word></CSB></verse>
<verse number="7"><CSB><word seq="1">可是<GreekSeq>1</GreekSeq></word><word seq="2">我<GreekSeq>8</GreekSeq></word><word seq="3">要懲罰<GreekSeq>7</GreekSeq></word><word seq="4">那<GreekSeq>2</GreekSeq></word><word seq="5">奴役<GreekSeq>6</GreekSeq></word><word seq="6">他們的</word><word seq="7">國家。』<GreekSeq>3</GreekSeq></word><word seq="8">神<GreekSeq>10</GreekSeq></word><word seq="9">又</word><word seq="10">說：<GreekSeq>11</GreekSeq></word><word seq="11">『這些事<GreekSeq>14</GreekSeq></word><word seq="12">以後，<GreekSeq>13</GreekSeq></word><word seq="13">他們將要出來，<GreekSeq>15</GreekSeq></word><word seq="14">在<GreekSeq>19</GreekSeq></word><word seq="15">這<GreekSeq>22</GreekSeq></word><word seq="16">地方<GreekSeq>21</GreekSeq></word><word seq="17">事奉<GreekSeq>17</GreekSeq></word><word seq="18">我。』<GreekSeq>18</GreekSeq></word></CSB></verse>
<verse number="8"><CSB><word seq="1">神</word><word seq="2">又<GreekSeq>1</GreekSeq></word><word seq="3">賜給<GreekSeq>2</GreekSeq></word><word seq="4">[亞伯拉罕]<GreekSeq>3</GreekSeq></word><word seq="5">割禮的<GreekSeq>5</GreekSeq></word><word seq="6">約。<GreekSeq>4</GreekSeq></word><word seq="7">這樣，<GreekSeq>7</GreekSeq></word><word seq="8">[亞伯拉罕]生了<GreekSeq>8</GreekSeq></word><word seq="9">以撒，<GreekSeq>10</GreekSeq></word><word seq="10">第八<GreekSeq>17</GreekSeq></word><word seq="11">天<GreekSeq>15</GreekSeq></word><word seq="12">給他<GreekSeq>13</GreekSeq></word><word seq="13">行了割禮。<GreekSeq>12</GreekSeq></word><word seq="14">後來<GreekSeq>18</GreekSeq></word><word seq="15">以撒<GreekSeq>19</GreekSeq></word><word seq="16">生了</word><word seq="17">雅各，<GreekSeq>21</GreekSeq></word><word seq="18">雅各<GreekSeq>23</GreekSeq></word><word seq="19">生了</word><word seq="20">十二位<GreekSeq>25</GreekSeq></word><word seq="21">先祖。<GreekSeq>26</GreekSeq></word></CSB></verse>
<verse number="9"><CSB><word seq="1">「先祖們<GreekSeq>3</GreekSeq></word><word seq="2">嫉妒<GreekSeq>4</GreekSeq></word><word seq="3">約瑟，<GreekSeq>6</GreekSeq></word><word seq="4">把他</word><word seq="5">賣<GreekSeq>7</GreekSeq></word><word seq="6">到<GreekSeq>8</GreekSeq></word><word seq="7">埃及<GreekSeq>9</GreekSeq></word><word seq="8">去。</word><word seq="9">可是<GreekSeq>10</GreekSeq></word><word seq="10">神<GreekSeq>13</GreekSeq></word><word seq="11">與<GreekSeq>14</GreekSeq></word><word seq="12">他<GreekSeq>15</GreekSeq></word><word seq="13">同在，<GreekSeq>14</GreekSeq></word></CSB></verse>
<verse number="10"><CSB><word seq="1">救<GreekSeq>2</GreekSeq></word><word seq="2">他<GreekSeq>3</GreekSeq></word><word seq="3">脫離<GreekSeq>4</GreekSeq></word><word seq="4">一切<GreekSeq>5</GreekSeq></word><word seq="5">患難，<GreekSeq>7</GreekSeq></word><word seq="6">並且<GreekSeq>9</GreekSeq></word><word seq="7">使他<GreekSeq>11</GreekSeq></word><word seq="8">在<GreekSeq>15</GreekSeq></word><word seq="9">埃及<GreekSeq>18</GreekSeq></word><word seq="10">王<GreekSeq>17</GreekSeq></word><word seq="11">法老<GreekSeq>16</GreekSeq></word><word seq="12">面前<GreekSeq>15</GreekSeq></word><word seq="13">蒙<GreekSeq>10</GreekSeq></word><word seq="14">恩[寵]、<GreekSeq>12</GreekSeq></word><word seq="15">[有]智慧。<GreekSeq>14</GreekSeq></word><word seq="16">[法老]<GreekSeq>20</GreekSeq></word><word seq="17">就<GreekSeq>19</GreekSeq></word><word seq="18">委任<GreekSeq>20</GreekSeq></word><word seq="19">[約瑟]<GreekSeq>21</GreekSeq></word><word seq="20">做宰相，<GreekSeq>22</GreekSeq></word><word seq="21">統管<GreekSeq>23</GreekSeq></word><word seq="22">埃及<GreekSeq>24</GreekSeq></word><word seq="23">和<GreekSeq>25</GreekSeq></word><word seq="24">[法老]<GreekSeq>30</GreekSeq></word><word seq="25">全<GreekSeq>27</GreekSeq></word><word seq="26">家。<GreekSeq>29</GreekSeq></word></CSB></verse>
<verse number="11"><CSB><word seq="1">後來<GreekSeq>2</GreekSeq></word><word seq="2">整個<GreekSeq>5</GreekSeq></word><word seq="3">埃及<GreekSeq>7</GreekSeq></word><word seq="4">和<GreekSeq>8</GreekSeq></word><word seq="5">迦南<GreekSeq>9</GreekSeq></word><word seq="6">地區</word><word seq="7">遭遇了<GreekSeq>1</GreekSeq></word><word seq="8">饑荒<GreekSeq>3</GreekSeq></word><word seq="9">和<GreekSeq>10</GreekSeq></word><word seq="10">大<GreekSeq>12</GreekSeq></word><word seq="11">災難，<GreekSeq>11</GreekSeq></word><word seq="12">我們的<GreekSeq>19</GreekSeq></word><word seq="13">祖先<GreekSeq>18</GreekSeq></word><word seq="14">找<GreekSeq>15</GreekSeq></word><word seq="15">不<GreekSeq>14</GreekSeq></word><word seq="16">到<GreekSeq>15</GreekSeq></word><word seq="17">糧食。<GreekSeq>16</GreekSeq></word></CSB></verse>
<verse number="12"><CSB><word seq="1">雅各<GreekSeq>3</GreekSeq></word><word seq="2">聽說<GreekSeq>1</GreekSeq></word><word seq="3">埃及<GreekSeq>7</GreekSeq></word><word seq="4">有<GreekSeq>4</GreekSeq></word><word seq="5">糧食，<GreekSeq>5</GreekSeq></word><word seq="6">就</word><word seq="7">派<GreekSeq>8</GreekSeq></word><word seq="8">我們的<GreekSeq>11</GreekSeq></word><word seq="9">祖先<GreekSeq>10</GreekSeq></word><word seq="10">去，<GreekSeq>8</GreekSeq></word><word seq="11">這是</word><word seq="12">第一次。<GreekSeq>12</GreekSeq></word></CSB></verse>
<verse number="13"><CSB><word seq="1">第二次<GreekSeq>4</GreekSeq></word><word seq="2">去</word><word seq="3">的時候，<GreekSeq>2</GreekSeq><GreekSeq>3</GreekSeq></word><word seq="4">約瑟<GreekSeq>6</GreekSeq></word><word seq="5">的身世</word><word seq="6">被<GreekSeq>5</GreekSeq></word><word seq="7">他的<GreekSeq>9</GreekSeq></word><word seq="8">兄弟們<GreekSeq>8</GreekSeq></word><word seq="9">知道了，<GreekSeq>5</GreekSeq></word><word seq="10">這樣，</word><word seq="11">約瑟的<GreekSeq>17</GreekSeq><GreekSeq>18</GreekSeq></word><word seq="12">家族<GreekSeq>16</GreekSeq></word><word seq="13">就<GreekSeq>10</GreekSeq></word><word seq="14">被<GreekSeq>12</GreekSeq></word><word seq="15">法老<GreekSeq>14</GreekSeq></word><word seq="16">知道了。<GreekSeq>11</GreekSeq></word></CSB></verse>
<verse number="14"><CSB><word seq="1">於是<GreekSeq>2</GreekSeq></word><word seq="2">約瑟<GreekSeq>3</GreekSeq></word><word seq="3">派<GreekSeq>1</GreekSeq></word><word seq="4">人</word><word seq="5">把<GreekSeq>4</GreekSeq></word><word seq="6">他的<GreekSeq>8</GreekSeq></word><word seq="7">父親<GreekSeq>7</GreekSeq></word><word seq="8">雅各<GreekSeq>5</GreekSeq></word><word seq="9">和<GreekSeq>9</GreekSeq></word><word seq="10">所有的<GreekSeq>10</GreekSeq></word><word seq="11">親屬<GreekSeq>12</GreekSeq></word><word seq="12">請來，<GreekSeq>4</GreekSeq></word><word seq="13">[一共]<GreekSeq>13</GreekSeq></word><word seq="14">七十<GreekSeq>15</GreekSeq></word><word seq="15">五<GreekSeq>16</GreekSeq></word><word seq="16">人。<GreekSeq>14</GreekSeq></word></CSB></verse>
<verse number="15"><CSB><word seq="1">雅各<GreekSeq>3</GreekSeq></word><word seq="2">下到<GreekSeq>2</GreekSeq></word><word seq="3">埃及，<GreekSeq>5</GreekSeq></word><word seq="4">後來<GreekSeq>6</GreekSeq></word><word seq="5">他<GreekSeq>8</GreekSeq></word><word seq="6">死了，<GreekSeq>7</GreekSeq></word><word seq="7">我們的<GreekSeq>12</GreekSeq></word><word seq="8">祖先<GreekSeq>11</GreekSeq></word><word seq="9">也<GreekSeq>9</GreekSeq></word><word seq="10">死了，</word></CSB></verse>
<verse number="16"><CSB><word seq="1">[遺體]被帶回<GreekSeq>2</GreekSeq></word><word seq="2">示劍，<GreekSeq>4</GreekSeq></word><word seq="3">安放<GreekSeq>6</GreekSeq></word><word seq="4">到<GreekSeq>7</GreekSeq></word><word seq="5">亞伯拉罕<GreekSeq>12</GreekSeq></word><word seq="6">在<GreekSeq>19</GreekSeq></word><word seq="7">示劍<GreekSeq>20</GreekSeq></word><word seq="8">用一筆<GreekSeq>13</GreekSeq></word><word seq="9">銀子<GreekSeq>14</GreekSeq></word><word seq="10">從<GreekSeq>15</GreekSeq></word><word seq="11">哈莫爾<GreekSeq>18</GreekSeq></word><word seq="12">的</word><word seq="13">子孫<GreekSeq>17</GreekSeq></word><word seq="14">買來的<GreekSeq>10</GreekSeq><GreekSeq>11</GreekSeq></word><word seq="15">墳墓<GreekSeq>9</GreekSeq></word><word seq="16">裡。<GreekSeq>6</GreekSeq></word></CSB></verse>
<verse number="17"><CSB><word seq="1">「隨著<GreekSeq>1</GreekSeq></word><word seq="2">神<GreekSeq>11</GreekSeq></word><word seq="3">向亞伯拉罕<GreekSeq>12</GreekSeq><GreekSeq>13</GreekSeq></word><word seq="4">所宣告的<GreekSeq>8</GreekSeq><GreekSeq>9</GreekSeq></word><word seq="5">那<GreekSeq>6</GreekSeq></word><word seq="6">應許<GreekSeq>7</GreekSeq></word><word seq="7">時期<GreekSeq>5</GreekSeq></word><word seq="8">臨近，<GreekSeq>3</GreekSeq></word><word seq="9">[以色列]子民<GreekSeq>16</GreekSeq></word><word seq="10">在<GreekSeq>19</GreekSeq></word><word seq="11">埃及<GreekSeq>20</GreekSeq></word><word seq="12">興旺、<GreekSeq>14</GreekSeq></word><word seq="13">增多，<GreekSeq>18</GreekSeq></word></CSB></verse>
<verse number="18"><CSB><word seq="1">直到<GreekSeq>1</GreekSeq></word><word seq="2">另一個<GreekSeq>5</GreekSeq></word><word seq="3">不<GreekSeq>9</GreekSeq></word><word seq="4">認識<GreekSeq>10</GreekSeq></word><word seq="5">約瑟<GreekSeq>12</GreekSeq></word><word seq="6">的</word><word seq="7">王<GreekSeq>4</GreekSeq></word><word seq="8">起來<GreekSeq>3</GreekSeq></word><word seq="9">統治<GreekSeq>6</GreekSeq></word><word seq="10">埃及。<GreekSeq>7</GreekSeq></word></CSB></verse>
<verse number="19"><CSB><word seq="1">這[王]<GreekSeq>1</GreekSeq></word><word seq="2">狡猾地對待<GreekSeq>2</GreekSeq></word><word seq="3">我們的<GreekSeq>5</GreekSeq></word><word seq="4">同胞，<GreekSeq>4</GreekSeq></word><word seq="5">虐待<GreekSeq>6</GreekSeq></word><word seq="6">我們的<GreekSeq>9</GreekSeq></word><word seq="7">祖先，<GreekSeq>8</GreekSeq></word><word seq="8">強迫<GreekSeq>11</GreekSeq></word><word seq="9">他們</word><word seq="10">丟棄<GreekSeq>14</GreekSeq></word><word seq="11">自己的<GreekSeq>15</GreekSeq></word><word seq="12">嬰孩，<GreekSeq>13</GreekSeq></word><word seq="13">好使<GreekSeq>16</GreekSeq><GreekSeq>17</GreekSeq></word><word seq="14">嬰孩</word><word seq="15">活<GreekSeq>19</GreekSeq></word><word seq="16">不<GreekSeq>18</GreekSeq></word><word seq="17">下去。<GreekSeq>19</GreekSeq></word></CSB></verse>
<verse number="20"><CSB><word seq="1">就</word><word seq="2">在<GreekSeq>1</GreekSeq></word><word seq="3">那<GreekSeq>2</GreekSeq></word><word seq="4">時候，<GreekSeq>3</GreekSeq></word><word seq="5">摩西<GreekSeq>5</GreekSeq></word><word seq="6">出生了。<GreekSeq>4</GreekSeq></word><word seq="7">他<GreekSeq>7</GreekSeq></word><word seq="8">[在]神[的眼裡]<GreekSeq>10</GreekSeq></word><word seq="9">十分俊美，<GreekSeq>8</GreekSeq></word><word seq="10">在<GreekSeq>15</GreekSeq></word><word seq="11">父親<GreekSeq>19</GreekSeq></word><word seq="12">家<GreekSeq>17</GreekSeq></word><word seq="13">裡<GreekSeq>15</GreekSeq></word><word seq="14">被撫養了<GreekSeq>12</GreekSeq></word><word seq="15">三個<GreekSeq>14</GreekSeq></word><word seq="16">月。<GreekSeq>13</GreekSeq></word></CSB></verse>
<verse number="21"><CSB><word seq="1">後來<GreekSeq>2</GreekSeq></word><word seq="2">他<GreekSeq>3</GreekSeq></word><word seq="3">被丟棄的時候，<GreekSeq>1</GreekSeq></word><word seq="4">法老<GreekSeq>8</GreekSeq></word><word seq="5">的</word><word seq="6">女兒<GreekSeq>7</GreekSeq></word><word seq="7">把他<GreekSeq>5</GreekSeq></word><word seq="8">撿去，<GreekSeq>4</GreekSeq></word><word seq="9">當做<GreekSeq>13</GreekSeq></word><word seq="10">自己的<GreekSeq>12</GreekSeq></word><word seq="11">兒子<GreekSeq>14</GreekSeq></word><word seq="12">撫養。<GreekSeq>10</GreekSeq></word></CSB></verse>
<verse number="22"><CSB><word seq="1">摩西<GreekSeq>3</GreekSeq></word><word seq="2">在<GreekSeq>4</GreekSeq></word><word seq="3">埃及人的<GreekSeq>7</GreekSeq></word><word seq="4">一切<GreekSeq>5</GreekSeq></word><word seq="5">智慧<GreekSeq>6</GreekSeq></word><word seq="6">上<GreekSeq>4</GreekSeq></word><word seq="7">受了教育，<GreekSeq>2</GreekSeq></word><word seq="8">說話<GreekSeq>12</GreekSeq></word><word seq="9">行事<GreekSeq>14</GreekSeq></word><word seq="10">都</word><word seq="11">有<GreekSeq>8</GreekSeq></word><word seq="12">能力。<GreekSeq>10</GreekSeq></word></CSB></verse>
<verse number="23"><CSB><word seq="1">「當<GreekSeq>1</GreekSeq></word><word seq="2">他<GreekSeq>4</GreekSeq></word><word seq="3">滿<GreekSeq>3</GreekSeq></word><word seq="4">四十<GreekSeq>5</GreekSeq></word><word seq="5">歲<GreekSeq>6</GreekSeq></word><word seq="6">的時候，<GreekSeq>1</GreekSeq></word><word seq="7">心<GreekSeq>10</GreekSeq></word><word seq="8">[裡]<GreekSeq>8</GreekSeq></word><word seq="9">決定要<GreekSeq>7</GreekSeq></word><word seq="10">去探望<GreekSeq>12</GreekSeq></word><word seq="11">自己的<GreekSeq>15</GreekSeq></word><word seq="12">[同胞]<GreekSeq>14</GreekSeq></word><word seq="13">以色列<GreekSeq>18</GreekSeq></word><word seq="14">子民。<GreekSeq>17</GreekSeq></word></CSB></verse>
<verse number="24"><CSB><word seq="1">他看見<GreekSeq>2</GreekSeq></word><word seq="2">一個[同胞]<GreekSeq>3</GreekSeq></word><word seq="3">受欺負，<GreekSeq>4</GreekSeq></word><word seq="4">就<GreekSeq>6</GreekSeq></word><word seq="5">去衛護<GreekSeq>5</GreekSeq></word><word seq="6">他，</word><word seq="7">為那<GreekSeq>9</GreekSeq></word><word seq="8">受壓迫的人<GreekSeq>10</GreekSeq></word><word seq="9">報仇，<GreekSeq>7</GreekSeq><GreekSeq>8</GreekSeq></word><word seq="10">打死了<GreekSeq>11</GreekSeq></word><word seq="11">那個<GreekSeq>12</GreekSeq></word><word seq="12">埃及人。<GreekSeq>13</GreekSeq></word></CSB></verse>
<verse number="25"><CSB><word seq="1">[摩西]以為<GreekSeq>1</GreekSeq></word><word seq="2">自己的<GreekSeq>6</GreekSeq></word><word seq="3">[同胞]<GreekSeq>5</GreekSeq></word><word seq="4">會領悟<GreekSeq>3</GreekSeq></word><word seq="5">神<GreekSeq>9</GreekSeq></word><word seq="6">是</word><word seq="7">藉著<GreekSeq>10</GreekSeq></word><word seq="8">他的<GreekSeq>12</GreekSeq></word><word seq="9">手<GreekSeq>11</GreekSeq></word><word seq="10">拯救<GreekSeq>13</GreekSeq><GreekSeq>14</GreekSeq></word><word seq="11">他們，<GreekSeq>15</GreekSeq></word><word seq="12">但<GreekSeq>17</GreekSeq></word><word seq="13">他們<GreekSeq>16</GreekSeq></word><word seq="14">卻</word><word seq="15">不<GreekSeq>18</GreekSeq></word><word seq="16">領悟。<GreekSeq>19</GreekSeq></word></CSB></verse>
<verse number="26"><CSB><word seq="1">第二<GreekSeq>3</GreekSeq></word><word seq="2">天，<GreekSeq>4</GreekSeq></word><word seq="3">一些[同胞]<GreekSeq>6</GreekSeq></word><word seq="4">在爭鬥，<GreekSeq>7</GreekSeq></word><word seq="5">[摩西就]出來，<GreekSeq>5</GreekSeq></word><word seq="6">勸<GreekSeq>9</GreekSeq></word><word seq="7">他們<GreekSeq>10</GreekSeq></word><word seq="8">和睦，<GreekSeq>12</GreekSeq></word><word seq="9">說：<GreekSeq>13</GreekSeq></word><word seq="10">『各位！<GreekSeq>14</GreekSeq></word><word seq="11">你們是<GreekSeq>16</GreekSeq></word><word seq="12">同胞，<GreekSeq>15</GreekSeq></word><word seq="13">為什麼<GreekSeq>17</GreekSeq></word><word seq="14">互相<GreekSeq>19</GreekSeq></word><word seq="15">欺負呢？』<GreekSeq>18</GreekSeq></word></CSB></verse>
<verse number="27"><CSB><word seq="1">「但<GreekSeq>2</GreekSeq></word><word seq="2">那<GreekSeq>1</GreekSeq></word><word seq="3">欺負<GreekSeq>3</GreekSeq></word><word seq="4">同伴的人<GreekSeq>4</GreekSeq><GreekSeq>5</GreekSeq></word><word seq="5">把[摩西]<GreekSeq>7</GreekSeq></word><word seq="6">推開，<GreekSeq>6</GreekSeq></word><word seq="7">說：<GreekSeq>8</GreekSeq></word><word seq="8">『誰<GreekSeq>9</GreekSeq></word><word seq="9">委任<GreekSeq>11</GreekSeq></word><word seq="10">你<GreekSeq>10</GreekSeq></word><word seq="11">做<GreekSeq>15</GreekSeq></word><word seq="12">我們的<GreekSeq>16</GreekSeq></word><word seq="13">首領<GreekSeq>12</GreekSeq></word><word seq="14">和<GreekSeq>13</GreekSeq></word><word seq="15">審判官<GreekSeq>14</GreekSeq></word><word seq="16">呢？</word></CSB></verse>
<verse number="28"><CSB><word seq="1">難道<GreekSeq>1</GreekSeq></word><word seq="2">你<GreekSeq>4</GreekSeq></word><word seq="3">想<GreekSeq>5</GreekSeq></word><word seq="4">殺了<GreekSeq>2</GreekSeq></word><word seq="5">我，<GreekSeq>3</GreekSeq></word><word seq="6">像<GreekSeq>6</GreekSeq><GreekSeq>7</GreekSeq></word><word seq="7">你<GreekSeq>8</GreekSeq></word><word seq="8">昨天<GreekSeq>9</GreekSeq></word><word seq="9">殺了<GreekSeq>8</GreekSeq></word><word seq="10">那個<GreekSeq>10</GreekSeq></word><word seq="11">埃及人<GreekSeq>11</GreekSeq></word><word seq="12">一樣嗎？』</word></CSB></verse>
<verse number="29"><CSB><word seq="1">「摩西<GreekSeq>3</GreekSeq></word><word seq="2">[聽了]<GreekSeq>4</GreekSeq></word><word seq="3">這<GreekSeq>7</GreekSeq></word><word seq="4">話<GreekSeq>6</GreekSeq></word><word seq="5">就<GreekSeq>2</GreekSeq></word><word seq="6">逃跑了，<GreekSeq>1</GreekSeq></word><word seq="7">並<GreekSeq>8</GreekSeq></word><word seq="8">寄居<GreekSeq>9</GreekSeq><GreekSeq>10</GreekSeq></word><word seq="9">在<GreekSeq>11</GreekSeq></word><word seq="10">米甸<GreekSeq>13</GreekSeq></word><word seq="11">地，<GreekSeq>12</GreekSeq></word><word seq="12">在那裡<GreekSeq>14</GreekSeq></word><word seq="13">生了<GreekSeq>15</GreekSeq></word><word seq="14">兩個<GreekSeq>17</GreekSeq></word><word seq="15">兒子。<GreekSeq>16</GreekSeq></word></CSB></verse>
<verse number="30"><CSB><word seq="1">過了<GreekSeq>2</GreekSeq></word><word seq="2">四十<GreekSeq>4</GreekSeq></word><word seq="3">年，<GreekSeq>3</GreekSeq></word><word seq="4">在<GreekSeq>7</GreekSeq></word><word seq="5">西奈<GreekSeq>12</GreekSeq></word><word seq="6">山的<GreekSeq>11</GreekSeq></word><word seq="7">曠野，<GreekSeq>9</GreekSeq></word><word seq="8">一位天使<GreekSeq>13</GreekSeq></word><word seq="9">在<GreekSeq>14</GreekSeq></word><word seq="10">荊棘<GreekSeq>17</GreekSeq></word><word seq="11">火<GreekSeq>16</GreekSeq></word><word seq="12">焰<GreekSeq>15</GreekSeq></word><word seq="13">中<GreekSeq>14</GreekSeq></word><word seq="14">向[摩西]<GreekSeq>6</GreekSeq></word><word seq="15">顯現。<GreekSeq>5</GreekSeq></word></CSB></verse>
<verse number="31"><CSB><word seq="1">摩西<GreekSeq>3</GreekSeq></word><word seq="2">見了<GreekSeq>4</GreekSeq></word><word seq="3">這<GreekSeq>6</GreekSeq></word><word seq="4">景象，<GreekSeq>7</GreekSeq></word><word seq="5">感到驚奇。<GreekSeq>5</GreekSeq></word><word seq="6">正當<GreekSeq>8</GreekSeq></word><word seq="7">他<GreekSeq>10</GreekSeq></word><word seq="8">上前<GreekSeq>8</GreekSeq></word><word seq="9">要</word><word seq="10">觀看<GreekSeq>11</GreekSeq></word><word seq="11">的時候，</word><word seq="12">有<GreekSeq>12</GreekSeq></word><word seq="13">主的<GreekSeq>14</GreekSeq></word><word seq="14">聲音<GreekSeq>13</GreekSeq></word><word seq="15">說：</word></CSB></verse>
<verse number="32"><CSB><word seq="1">『我<GreekSeq>1</GreekSeq></word><word seq="2">是</word><word seq="3">你<GreekSeq>6</GreekSeq></word><word seq="4">祖先的<GreekSeq>5</GreekSeq></word><word seq="5">神，<GreekSeq>3</GreekSeq></word><word seq="6">就是</word><word seq="7">亞伯拉罕、<GreekSeq>9</GreekSeq></word><word seq="8">以撒、<GreekSeq>11</GreekSeq></word><word seq="9">雅各的<GreekSeq>13</GreekSeq></word><word seq="10">神。』<GreekSeq>8</GreekSeq></word><word seq="11">摩西<GreekSeq>17</GreekSeq></word><word seq="12">戰戰兢兢，<GreekSeq>14</GreekSeq></word><word seq="13">不<GreekSeq>18</GreekSeq></word><word seq="14">敢<GreekSeq>19</GreekSeq></word><word seq="15">觀看。<GreekSeq>20</GreekSeq></word></CSB></verse>
<verse number="33"><CSB><word seq="1">「主<GreekSeq>5</GreekSeq></word><word seq="2">對他<GreekSeq>3</GreekSeq></word><word seq="3">說：<GreekSeq>1</GreekSeq></word><word seq="4">『脫掉<GreekSeq>6</GreekSeq></word><word seq="5">你<GreekSeq>11</GreekSeq></word><word seq="6">腳[上]的<GreekSeq>10</GreekSeq></word><word seq="7">鞋，<GreekSeq>8</GreekSeq></word><word seq="8">因為<GreekSeq>13</GreekSeq></word><word seq="9">你站的<GreekSeq>16</GreekSeq><GreekSeq>17</GreekSeq></word><word seq="10">地方<GreekSeq>14</GreekSeq></word><word seq="11">是<GreekSeq>20</GreekSeq></word><word seq="12">聖<GreekSeq>19</GreekSeq></word><word seq="13">地。<GreekSeq>18</GreekSeq></word></CSB></verse>
<verse number="34"><CSB><word seq="1">我的<GreekSeq>7</GreekSeq></word><word seq="2">子民<GreekSeq>6</GreekSeq></word><word seq="3">在<GreekSeq>9</GreekSeq></word><word seq="4">埃及<GreekSeq>10</GreekSeq></word><word seq="5">的困苦，<GreekSeq>4</GreekSeq></word><word seq="6">我確實看見了；<GreekSeq>1</GreekSeq><GreekSeq>2</GreekSeq></word><word seq="7">他們的<GreekSeq>14</GreekSeq></word><word seq="8">呻吟，<GreekSeq>13</GreekSeq></word><word seq="9">我<GreekSeq>15</GreekSeq></word><word seq="10">也<GreekSeq>11</GreekSeq></word><word seq="11">聽見了；<GreekSeq>15</GreekSeq></word><word seq="12">於是<GreekSeq>16</GreekSeq></word><word seq="13">我下來<GreekSeq>17</GreekSeq></word><word seq="14">要救<GreekSeq>18</GreekSeq></word><word seq="15">他們。<GreekSeq>19</GreekSeq></word><word seq="16">現在<GreekSeq>21</GreekSeq></word><word seq="17">你</word><word seq="18">來！<GreekSeq>22</GreekSeq></word><word seq="19">我要差派<GreekSeq>23</GreekSeq></word><word seq="20">你<GreekSeq>24</GreekSeq></word><word seq="21">到<GreekSeq>25</GreekSeq></word><word seq="22">埃及<GreekSeq>26</GreekSeq></word><word seq="23">去。』</word></CSB></verse>
<verse number="35"><CSB><word seq="1">「這<GreekSeq>1</GreekSeq></word><word seq="2">摩西<GreekSeq>3</GreekSeq></word><word seq="3">就是</word><word seq="4">他們拒絕<GreekSeq>5</GreekSeq></word><word seq="5">說<GreekSeq>6</GreekSeq></word><word seq="6">『誰<GreekSeq>7</GreekSeq></word><word seq="7">委任<GreekSeq>9</GreekSeq></word><word seq="8">你<GreekSeq>8</GreekSeq></word><word seq="9">做首領<GreekSeq>10</GreekSeq></word><word seq="10">和<GreekSeq>11</GreekSeq></word><word seq="11">審判官』<GreekSeq>12</GreekSeq></word><word seq="12">的那位，<GreekSeq>4</GreekSeq></word><word seq="13">神<GreekSeq>15</GreekSeq></word><word seq="14">卻<GreekSeq>16</GreekSeq></word><word seq="15">藉著<GreekSeq>21</GreekSeq></word><word seq="16">那<GreekSeq>24</GreekSeq></word><word seq="17">在<GreekSeq>27</GreekSeq></word><word seq="18">荊棘<GreekSeq>29</GreekSeq></word><word seq="19">中<GreekSeq>27</GreekSeq></word><word seq="20">向他<GreekSeq>26</GreekSeq></word><word seq="21">顯現的<GreekSeq>25</GreekSeq></word><word seq="22">天使的<GreekSeq>23</GreekSeq></word><word seq="23">手，<GreekSeq>22</GreekSeq></word><word seq="24">差派<GreekSeq>20</GreekSeq></word><word seq="25">他<GreekSeq>13</GreekSeq></word><word seq="26">做首領、<GreekSeq>17</GreekSeq></word><word seq="27">做救贖者。<GreekSeq>19</GreekSeq></word></CSB></verse>
<verse number="36"><CSB><word seq="1">這個人<GreekSeq>1</GreekSeq></word><word seq="2">帶領<GreekSeq>2</GreekSeq></word><word seq="3">[以色列子民]<GreekSeq>3</GreekSeq></word><word seq="4">出來，<GreekSeq>2</GreekSeq></word><word seq="5">在<GreekSeq>8</GreekSeq></word><word seq="6">埃及<GreekSeq>10</GreekSeq></word><word seq="7">地、<GreekSeq>9</GreekSeq></word><word seq="8">在<GreekSeq>12</GreekSeq></word><word seq="9">紅<GreekSeq>13</GreekSeq></word><word seq="10">海，<GreekSeq>14</GreekSeq></word><word seq="11">並且<GreekSeq>15</GreekSeq></word><word seq="12">在<GreekSeq>16</GreekSeq></word><word seq="13">曠野的<GreekSeq>18</GreekSeq></word><word seq="14">四十<GreekSeq>20</GreekSeq></word><word seq="15">年<GreekSeq>19</GreekSeq></word><word seq="16">間，</word><word seq="17">行了<GreekSeq>4</GreekSeq></word><word seq="18">奇事<GreekSeq>5</GreekSeq></word><word seq="19">和<GreekSeq>6</GreekSeq></word><word seq="20">神蹟。<GreekSeq>7</GreekSeq></word></CSB></verse>
<verse number="37"><CSB><word seq="1">「這個人<GreekSeq>1</GreekSeq></word><word seq="2">就是<GreekSeq>2</GreekSeq></word><word seq="3">摩西，<GreekSeq>4</GreekSeq></word><word seq="4">他<GreekSeq>5</GreekSeq></word><word seq="5">曾告訴<GreekSeq>6</GreekSeq></word><word seq="6">以色列<GreekSeq>9</GreekSeq></word><word seq="7">子民：<GreekSeq>8</GreekSeq></word><word seq="8">『神<GreekSeq>14</GreekSeq></word><word seq="9">將要<GreekSeq>12</GreekSeq></word><word seq="10">從<GreekSeq>15</GreekSeq></word><word seq="11">你們<GreekSeq>18</GreekSeq></word><word seq="12">兄弟<GreekSeq>17</GreekSeq></word><word seq="13">中<GreekSeq>15</GreekSeq></word><word seq="14">給你們<GreekSeq>11</GreekSeq></word><word seq="15">興起<GreekSeq>12</GreekSeq></word><word seq="16">一位先知，<GreekSeq>10</GreekSeq></word><word seq="17">像<GreekSeq>19</GreekSeq></word><word seq="18">興起</word><word seq="19">我<GreekSeq>20</GreekSeq></word><word seq="20">一樣。』</word></CSB></verse>
<verse number="38"><CSB><word seq="1">這個人<GreekSeq>1</GreekSeq></word><word seq="2">曾<GreekSeq>4</GreekSeq></word><word seq="3">在<GreekSeq>8</GreekSeq></word><word seq="4">曠野的<GreekSeq>10</GreekSeq></word><word seq="5">會眾<GreekSeq>7</GreekSeq></word><word seq="6">當中，<GreekSeq>5</GreekSeq></word><word seq="7">與<GreekSeq>11</GreekSeq></word><word seq="8">那<GreekSeq>12</GreekSeq></word><word seq="9">在<GreekSeq>17</GreekSeq></word><word seq="10">西奈<GreekSeq>20</GreekSeq></word><word seq="11">山<GreekSeq>19</GreekSeq></word><word seq="12">對他<GreekSeq>16</GreekSeq></word><word seq="13">講話的<GreekSeq>15</GreekSeq></word><word seq="14">天使<GreekSeq>13</GreekSeq></word><word seq="15">在一起，<GreekSeq>11</GreekSeq></word><word seq="16">又<GreekSeq>21</GreekSeq></word><word seq="17">和</word><word seq="18">我們的<GreekSeq>24</GreekSeq></word><word seq="19">祖先<GreekSeq>23</GreekSeq></word><word seq="20">在一起。</word><word seq="21">他<GreekSeq>25</GreekSeq></word><word seq="22">接受了<GreekSeq>26</GreekSeq></word><word seq="23">生命的<GreekSeq>28</GreekSeq></word><word seq="24">話語，<GreekSeq>27</GreekSeq></word><word seq="25">把它</word><word seq="26">傳給了<GreekSeq>29</GreekSeq></word><word seq="27">我們。<GreekSeq>30</GreekSeq></word></CSB></verse>
<verse number="39"><CSB><word seq="1">我們的<GreekSeq>8</GreekSeq></word><word seq="2">祖先<GreekSeq>7</GreekSeq></word><word seq="3">不<GreekSeq>2</GreekSeq></word><word seq="4">肯<GreekSeq>3</GreekSeq></word><word seq="5">順從，<GreekSeq>4</GreekSeq></word><word seq="6">反而<GreekSeq>9</GreekSeq></word><word seq="7">棄絕了<GreekSeq>10</GreekSeq></word><word seq="8">他，</word><word seq="9">甚至<GreekSeq>11</GreekSeq></word><word seq="10">在<GreekSeq>13</GreekSeq></word><word seq="11">心<GreekSeq>15</GreekSeq></word><word seq="12">裡<GreekSeq>13</GreekSeq></word><word seq="13">轉回<GreekSeq>12</GreekSeq></word><word seq="14">埃及<GreekSeq>18</GreekSeq></word><word seq="15">去，</word></CSB></verse>
<verse number="40"><CSB><word seq="1">對亞倫<GreekSeq>3</GreekSeq></word><word seq="2">說：<GreekSeq>1</GreekSeq></word><word seq="3">『為我們<GreekSeq>5</GreekSeq></word><word seq="4">造<GreekSeq>4</GreekSeq></word><word seq="5">一些神[明]<GreekSeq>6</GreekSeq></word><word seq="6">在<GreekSeq>8</GreekSeq></word><word seq="7">我們<GreekSeq>9</GreekSeq></word><word seq="8">前面引路吧，<GreekSeq>8</GreekSeq></word><word seq="9">因為<GreekSeq>11</GreekSeq></word><word seq="10">帶領<GreekSeq>15</GreekSeq></word><word seq="11">我們<GreekSeq>16</GreekSeq></word><word seq="12">出<GreekSeq>17</GreekSeq></word><word seq="13">埃及<GreekSeq>19</GreekSeq></word><word seq="14">地的<GreekSeq>18</GreekSeq></word><word seq="15">那個<GreekSeq>13</GreekSeq></word><word seq="16">摩西，<GreekSeq>12</GreekSeq></word><word seq="17">我們<GreekSeq>21</GreekSeq></word><word seq="18">不<GreekSeq>20</GreekSeq></word><word seq="19">知道<GreekSeq>21</GreekSeq></word><word seq="20">他<GreekSeq>24</GreekSeq></word><word seq="21">出了<GreekSeq>23</GreekSeq></word><word seq="22">什麼事！』<GreekSeq>22</GreekSeq></word></CSB></verse>
<verse number="41"><CSB><word seq="1">在<GreekSeq>3</GreekSeq></word><word seq="2">那些<GreekSeq>6</GreekSeq></word><word seq="3">日子<GreekSeq>5</GreekSeq></word><word seq="4">裡，<GreekSeq>3</GreekSeq></word><word seq="5">他們造了一個牛犢的像，<GreekSeq>2</GreekSeq></word><word seq="6">又<GreekSeq>7</GreekSeq></word><word seq="7">向那<GreekSeq>10</GreekSeq></word><word seq="8">偶像<GreekSeq>11</GreekSeq></word><word seq="9">獻上<GreekSeq>8</GreekSeq></word><word seq="10">祭物，<GreekSeq>9</GreekSeq></word><word seq="11">並且<GreekSeq>12</GreekSeq></word><word seq="12">為<GreekSeq>14</GreekSeq></word><word seq="13">自己<GreekSeq>19</GreekSeq></word><word seq="14">手<GreekSeq>18</GreekSeq></word><word seq="15">所做的<GreekSeq>16</GreekSeq></word><word seq="16">而</word><word seq="17">慶祝。<GreekSeq>13</GreekSeq></word></CSB></verse>
<verse number="42"><CSB><word seq="1">神<GreekSeq>4</GreekSeq></word><word seq="2">就<GreekSeq>2</GreekSeq></word><word seq="3">轉身[不顧]，<GreekSeq>1</GreekSeq></word><word seq="4">任憑<GreekSeq>6</GreekSeq></word><word seq="5">他們<GreekSeq>7</GreekSeq></word><word seq="6">去事奉<GreekSeq>8</GreekSeq></word><word seq="7">天上的<GreekSeq>12</GreekSeq></word><word seq="8">萬象，<GreekSeq>10</GreekSeq></word><word seq="9">正如<GreekSeq>13</GreekSeq></word><word seq="10">先知<GreekSeq>18</GreekSeq></word><word seq="11">書<GreekSeq>16</GreekSeq></word><word seq="12">上<GreekSeq>15</GreekSeq></word><word seq="13">所記載<GreekSeq>14</GreekSeq></word><word seq="14">的：</word><word seq="15">『以色列<GreekSeq>31</GreekSeq></word><word seq="16">家呀！<GreekSeq>30</GreekSeq></word><word seq="17">你們<GreekSeq>23</GreekSeq></word><word seq="18">在<GreekSeq>27</GreekSeq></word><word seq="19">曠野<GreekSeq>29</GreekSeq></word><word seq="20">的</word><word seq="21">四十<GreekSeq>26</GreekSeq></word><word seq="22">年<GreekSeq>25</GreekSeq></word><word seq="23">裡<GreekSeq>27</GreekSeq></word><word seq="24">獻上<GreekSeq>23</GreekSeq></word><word seq="25">的犧牲<GreekSeq>20</GreekSeq></word><word seq="26">和<GreekSeq>21</GreekSeq></word><word seq="27">祭物，<GreekSeq>22</GreekSeq></word><word seq="28">難道是<GreekSeq>19</GreekSeq></word><word seq="29">給我<GreekSeq>24</GreekSeq></word><word seq="30">的嗎？</word></CSB></verse>
<verse number="43"><CSB><word seq="1">你們抬起了<GreekSeq>2</GreekSeq></word><word seq="2">摩洛的<GreekSeq>5</GreekSeq><GreekSeq>6</GreekSeq></word><word seq="3">帳幕<GreekSeq>4</GreekSeq></word><word seq="4">和<GreekSeq>7</GreekSeq></word><word seq="5">你們<GreekSeq>12</GreekSeq></word><word seq="6">理番<GreekSeq>13</GreekSeq></word><word seq="7">神的<GreekSeq>11</GreekSeq></word><word seq="8">星，<GreekSeq>9</GreekSeq></word><word seq="9">就是</word><word seq="10">你們<GreekSeq>17</GreekSeq></word><word seq="11">為敬拜<GreekSeq>18</GreekSeq></word><word seq="12">而</word><word seq="13">造<GreekSeq>17</GreekSeq></word><word seq="14">[的像]。<GreekSeq>15</GreekSeq></word><word seq="15">因此，<GreekSeq>20</GreekSeq></word><word seq="16">我要<GreekSeq>21</GreekSeq></word><word seq="17">把你們<GreekSeq>22</GreekSeq></word><word seq="18">遷移到<GreekSeq>21</GreekSeq></word><word seq="19">巴比倫<GreekSeq>24</GreekSeq></word><word seq="20">以外<GreekSeq>23</GreekSeq></word><word seq="21">去。』</word></CSB></verse>
<verse number="44"><CSB><word seq="1">「我們的<GreekSeq>8</GreekSeq></word><word seq="2">祖先<GreekSeq>7</GreekSeq></word><word seq="3">在<GreekSeq>9</GreekSeq></word><word seq="4">曠野<GreekSeq>11</GreekSeq></word><word seq="5">有<GreekSeq>5</GreekSeq></word><word seq="6">見證的<GreekSeq>4</GreekSeq></word><word seq="7">會幕，<GreekSeq>2</GreekSeq></word><word seq="8">是</word><word seq="9">照著<GreekSeq>12</GreekSeq></word><word seq="10">對摩西<GreekSeq>17</GreekSeq></word><word seq="11">說話的<GreekSeq>15</GreekSeq></word><word seq="12">那一位<GreekSeq>14</GreekSeq></word><word seq="13">所吩咐<GreekSeq>13</GreekSeq></word><word seq="14">的，並</word><word seq="15">按照<GreekSeq>20</GreekSeq></word><word seq="16">[摩西]<GreekSeq>23</GreekSeq></word><word seq="17">看到<GreekSeq>24</GreekSeq></word><word seq="18">的樣式<GreekSeq>22</GreekSeq></word><word seq="19">所做成的。<GreekSeq>18</GreekSeq></word></CSB></verse>
<verse number="45"><CSB><word seq="1">我們的<GreekSeq>7</GreekSeq></word><word seq="2">祖先<GreekSeq>6</GreekSeq></word><word seq="3">相繼承受了<GreekSeq>4</GreekSeq></word><word seq="4">這會幕，並且</word><word seq="5">與<GreekSeq>8</GreekSeq></word><word seq="6">約書亞<GreekSeq>9</GreekSeq></word><word seq="7">一起<GreekSeq>8</GreekSeq></word><word seq="8">把它<GreekSeq>1</GreekSeq></word><word seq="9">帶進了<GreekSeq>3</GreekSeq></word><word seq="10">繼業之地，<GreekSeq>12</GreekSeq></word><word seq="11">就是</word><word seq="12">神<GreekSeq>18</GreekSeq></word><word seq="13">從<GreekSeq>19</GreekSeq></word><word seq="14">我們<GreekSeq>23</GreekSeq></word><word seq="15">祖先<GreekSeq>22</GreekSeq></word><word seq="16">面前<GreekSeq>20</GreekSeq></word><word seq="17">趕出<GreekSeq>16</GreekSeq></word><word seq="18">的</word><word seq="19">外邦人的<GreekSeq>14</GreekSeq></word><word seq="20">地，</word><word seq="21">直到<GreekSeq>24</GreekSeq></word><word seq="22">大衛<GreekSeq>27</GreekSeq></word><word seq="23">的時代。<GreekSeq>26</GreekSeq></word></CSB></verse>
<verse number="46"><CSB><word seq="1">[大衛]<GreekSeq>1</GreekSeq></word><word seq="2">在<GreekSeq>4</GreekSeq></word><word seq="3">神<GreekSeq>6</GreekSeq></word><word seq="4">面前<GreekSeq>4</GreekSeq></word><word seq="5">蒙了<GreekSeq>2</GreekSeq></word><word seq="6">恩典，<GreekSeq>3</GreekSeq></word><word seq="7">就<GreekSeq>7</GreekSeq></word><word seq="8">祈求<GreekSeq>8</GreekSeq></word><word seq="9">為<GreekSeq>12</GreekSeq></word><word seq="10">雅各的<GreekSeq>13</GreekSeq></word><word seq="11">神<GreekSeq>12</GreekSeq></word><word seq="12">預備<GreekSeq>9</GreekSeq></word><word seq="13">一個居所。<GreekSeq>10</GreekSeq></word></CSB></verse>
<verse number="47"><CSB><word seq="1">但<GreekSeq>2</GreekSeq></word><word seq="2">為[神]<GreekSeq>4</GreekSeq></word><word seq="3">建造<GreekSeq>3</GreekSeq></word><word seq="4">[殿宇]<GreekSeq>5</GreekSeq></word><word seq="5">的卻是</word><word seq="6">所羅門。<GreekSeq>1</GreekSeq></word></CSB></verse>
<verse number="48"><CSB><word seq="1">其實<GreekSeq>1</GreekSeq></word><word seq="2">至高者<GreekSeq>3</GreekSeq><GreekSeq>4</GreekSeq></word><word seq="3">並</word><word seq="4">不<GreekSeq>2</GreekSeq></word><word seq="5">住<GreekSeq>7</GreekSeq></word><word seq="6">在<GreekSeq>5</GreekSeq></word><word seq="7">人手所造的<GreekSeq>6</GreekSeq></word><word seq="8">殿宇</word><word seq="9">裡，<GreekSeq>5</GreekSeq></word><word seq="10">正如<GreekSeq>8</GreekSeq></word><word seq="11">先知<GreekSeq>10</GreekSeq></word><word seq="12">所說：<GreekSeq>11</GreekSeq></word></CSB></verse>
<verse number="49"><CSB><word seq="1">『主<GreekSeq>17</GreekSeq></word><word seq="2">說：<GreekSeq>16</GreekSeq></word><word seq="3">「天<GreekSeq>2</GreekSeq></word><word seq="4">是</word><word seq="5">我的<GreekSeq>3</GreekSeq></word><word seq="6">寶座，<GreekSeq>4</GreekSeq></word><word seq="7">地<GreekSeq>7</GreekSeq></word><word seq="8">是</word><word seq="9">我的<GreekSeq>11</GreekSeq></word><word seq="10">腳<GreekSeq>10</GreekSeq></word><word seq="11">凳。<GreekSeq>8</GreekSeq></word><word seq="12">你們要<GreekSeq>14</GreekSeq></word><word seq="13">為我<GreekSeq>15</GreekSeq></word><word seq="14">建造<GreekSeq>14</GreekSeq></word><word seq="15">什麼樣的<GreekSeq>12</GreekSeq></word><word seq="16">[殿宇]<GreekSeq>13</GreekSeq></word><word seq="17">呢？</word><word seq="18">我<GreekSeq>23</GreekSeq></word><word seq="19">安息的<GreekSeq>22</GreekSeq></word><word seq="20">地方<GreekSeq>20</GreekSeq></word><word seq="21">在</word><word seq="22">哪裡呢？<GreekSeq>19</GreekSeq></word></CSB></verse>
<verse number="50"><CSB><word seq="1">這<GreekSeq>6</GreekSeq></word><word seq="2">一切<GreekSeq>7</GreekSeq></word><word seq="3">難道</word><word seq="4">不<GreekSeq>1</GreekSeq></word><word seq="5">都<GreekSeq>7</GreekSeq></word><word seq="6">是</word><word seq="7">我<GreekSeq>4</GreekSeq></word><word seq="8">手<GreekSeq>3</GreekSeq></word><word seq="9">所造<GreekSeq>5</GreekSeq></word><word seq="10">的嗎？」』</word></CSB></verse>
<verse number="51"><CSB><word seq="1">「你們這些頑固不化、<GreekSeq>1</GreekSeq></word><word seq="2">心<GreekSeq>4</GreekSeq></word><word seq="3">和<GreekSeq>5</GreekSeq></word><word seq="4">耳<GreekSeq>7</GreekSeq></word><word seq="5">都</word><word seq="6">未受割禮的人哪，<GreekSeq>3</GreekSeq></word><word seq="7">你們<GreekSeq>8</GreekSeq></word><word seq="8">總是<GreekSeq>9</GreekSeq></word><word seq="9">抗拒<GreekSeq>14</GreekSeq></word><word seq="10">聖<GreekSeq>13</GreekSeq></word><word seq="11">靈！<GreekSeq>11</GreekSeq></word><word seq="12">你們的<GreekSeq>18</GreekSeq></word><word seq="13">祖先<GreekSeq>17</GreekSeq></word><word seq="14">怎樣，<GreekSeq>15</GreekSeq></word><word seq="15">你們<GreekSeq>20</GreekSeq></word><word seq="16">也<GreekSeq>19</GreekSeq></word><word seq="17">怎樣。</word></CSB></verse>
<verse number="52"><CSB><word seq="1">有哪一位<GreekSeq>1</GreekSeq></word><word seq="2">先知，<GreekSeq>3</GreekSeq></word><word seq="3">你們的<GreekSeq>8</GreekSeq></word><word seq="4">祖先<GreekSeq>7</GreekSeq></word><word seq="5">不<GreekSeq>4</GreekSeq></word><word seq="6">逼迫<GreekSeq>5</GreekSeq></word><word seq="7">呢？</word><word seq="8">他們殺了<GreekSeq>10</GreekSeq></word><word seq="9">那些<GreekSeq>11</GreekSeq></word><word seq="10">預言<GreekSeq>12</GreekSeq></word><word seq="11">那<GreekSeq>16</GreekSeq></word><word seq="12">義者<GreekSeq>17</GreekSeq></word><word seq="13">要來的<GreekSeq>15</GreekSeq></word><word seq="14">先知，</word><word seq="15">現在<GreekSeq>19</GreekSeq></word><word seq="16">你們<GreekSeq>20</GreekSeq></word><word seq="17">又</word><word seq="18">成為<GreekSeq>24</GreekSeq></word><word seq="19">那[義者]的<GreekSeq>18</GreekSeq></word><word seq="20">出賣者<GreekSeq>21</GreekSeq></word><word seq="21">和<GreekSeq>22</GreekSeq></word><word seq="22">凶手了。<GreekSeq>23</GreekSeq></word></CSB></verse>
<verse number="53"><CSB><word seq="1">你們領受了<GreekSeq>2</GreekSeq></word><word seq="2">藉</word><word seq="3">天使<GreekSeq>7</GreekSeq></word><word seq="4">所設立<GreekSeq>6</GreekSeq></word><word seq="5">的律法，<GreekSeq>4</GreekSeq></word><word seq="6">卻<GreekSeq>8</GreekSeq></word><word seq="7">不<GreekSeq>9</GreekSeq></word><word seq="8">遵守。」<GreekSeq>10</GreekSeq></word></CSB></verse>
<verse number="54"><CSB><word seq="1">他們聽了<GreekSeq>1</GreekSeq></word><word seq="2">這些[話]<GreekSeq>3</GreekSeq></word><word seq="3">就<GreekSeq>2</GreekSeq></word><word seq="4">勃然大怒，<GreekSeq>4</GreekSeq></word><word seq="5">向<GreekSeq>12</GreekSeq></word><word seq="6">[司提反]<GreekSeq>13</GreekSeq></word><word seq="7">咬牙切齒。<GreekSeq>9</GreekSeq><GreekSeq>11</GreekSeq></word></CSB></verse>
<verse number="55"><CSB><word seq="1">但<GreekSeq>2</GreekSeq></word><word seq="2">是<GreekSeq>1</GreekSeq></word><word seq="3">司提反</word><word seq="4">充滿<GreekSeq>3</GreekSeq></word><word seq="5">聖<GreekSeq>5</GreekSeq></word><word seq="6">靈，<GreekSeq>4</GreekSeq></word><word seq="7">注目望<GreekSeq>6</GreekSeq></word><word seq="8">天，<GreekSeq>9</GreekSeq></word><word seq="9">看見了<GreekSeq>10</GreekSeq></word><word seq="10">神的<GreekSeq>12</GreekSeq></word><word seq="11">榮耀，<GreekSeq>11</GreekSeq></word><word seq="12">又<GreekSeq>13</GreekSeq></word><word seq="13">看見</word><word seq="14">耶穌<GreekSeq>14</GreekSeq></word><word seq="15">站<GreekSeq>15</GreekSeq></word><word seq="16">在<GreekSeq>16</GreekSeq></word><word seq="17">神的<GreekSeq>19</GreekSeq></word><word seq="18">右邊。<GreekSeq>17</GreekSeq></word></CSB></verse>
<verse number="56"><CSB><word seq="1">他說：<GreekSeq>2</GreekSeq></word><word seq="2">「看哪，<GreekSeq>3</GreekSeq></word><word seq="3">我看見<GreekSeq>4</GreekSeq></word><word seq="4">諸天<GreekSeq>6</GreekSeq></word><word seq="5">開了，<GreekSeq>7</GreekSeq></word><word seq="6">人<GreekSeq>12</GreekSeq></word><word seq="7">子<GreekSeq>10</GreekSeq></word><word seq="8">站<GreekSeq>15</GreekSeq></word><word seq="9">在<GreekSeq>13</GreekSeq></word><word seq="10">神的<GreekSeq>17</GreekSeq></word><word seq="11">右邊。」<GreekSeq>14</GreekSeq></word></CSB></verse>
<verse number="57"><CSB><word seq="1">於是<GreekSeq>2</GreekSeq></word><word seq="2">他們<GreekSeq>5</GreekSeq></word><word seq="3">大<GreekSeq>4</GreekSeq></word><word seq="4">聲<GreekSeq>3</GreekSeq></word><word seq="5">喊叫，<GreekSeq>1</GreekSeq></word><word seq="6">摀著<GreekSeq>5</GreekSeq></word><word seq="7">耳朵，<GreekSeq>7</GreekSeq></word><word seq="8">一齊<GreekSeq>11</GreekSeq></word><word seq="9">向<GreekSeq>12</GreekSeq></word><word seq="10">他<GreekSeq>13</GreekSeq></word><word seq="11">衝過去，<GreekSeq>10</GreekSeq></word></CSB></verse>
<verse number="58"><CSB><word seq="1">把他</word><word seq="2">拉到<GreekSeq>2</GreekSeq></word><word seq="3">城<GreekSeq>5</GreekSeq></word><word seq="4">外，<GreekSeq>3</GreekSeq></word><word seq="5">用石頭砸<GreekSeq>6</GreekSeq></word><word seq="6">他。</word><word seq="7">那些<GreekSeq>8</GreekSeq></word><word seq="8">見證人<GreekSeq>9</GreekSeq></word><word seq="9">把<GreekSeq>12</GreekSeq></word><word seq="10">自己的<GreekSeq>13</GreekSeq></word><word seq="11">外衣<GreekSeq>12</GreekSeq></word><word seq="12">放<GreekSeq>10</GreekSeq></word><word seq="13">在<GreekSeq>14</GreekSeq></word><word seq="14">一個稱為<GreekSeq>18</GreekSeq></word><word seq="15">掃羅的<GreekSeq>19</GreekSeq></word><word seq="16">年輕人<GreekSeq>17</GreekSeq></word><word seq="17">腳<GreekSeq>16</GreekSeq></word><word seq="18">前。<GreekSeq>14</GreekSeq></word></CSB></verse>
<verse number="59"><CSB><word seq="1">他們用石頭砸<GreekSeq>2</GreekSeq></word><word seq="2">司提反<GreekSeq>4</GreekSeq></word><word seq="3">的時候，司提反向主</word><word seq="4">呼求，<GreekSeq>5</GreekSeq></word><word seq="5">說：<GreekSeq>7</GreekSeq></word><word seq="6">「主<GreekSeq>8</GreekSeq></word><word seq="7">耶穌，<GreekSeq>9</GreekSeq></word><word seq="8">求你接受<GreekSeq>10</GreekSeq></word><word seq="9">我的<GreekSeq>13</GreekSeq></word><word seq="10">靈[魂]！」<GreekSeq>12</GreekSeq></word></CSB></verse>
<verse number="60"><CSB><word seq="1">然後<GreekSeq>2</GreekSeq></word><word seq="2">他<GreekSeq>5</GreekSeq></word><word seq="3">跪下，<GreekSeq>1</GreekSeq><GreekSeq>4</GreekSeq></word><word seq="4">大<GreekSeq>7</GreekSeq></word><word seq="5">聲<GreekSeq>6</GreekSeq></word><word seq="6">呼喊：<GreekSeq>5</GreekSeq></word><word seq="7">「主啊，<GreekSeq>8</GreekSeq></word><word seq="8">不要<GreekSeq>9</GreekSeq></word><word seq="9">把這<GreekSeq>12</GreekSeq></word><word seq="10">罪<GreekSeq>14</GreekSeq></word><word seq="11">歸於<GreekSeq>10</GreekSeq></word><word seq="12">他們。」<GreekSeq>11</GreekSeq></word><word seq="13">說了<GreekSeq>17</GreekSeq></word><word seq="14">這[話]，<GreekSeq>16</GreekSeq></word><word seq="15">他[就]睡了。<GreekSeq>18</GreekSeq></word></CSB></verse>
</chapter></book>