<?xml version="1.0" encoding="UTF-8" standalone="no"?><book><chapter number="26">
<verse number="1"><CSB><word seq="1">阿格里帕<GreekSeq>1</GreekSeq></word><word seq="2">對<GreekSeq>3</GreekSeq></word><word seq="3">保羅<GreekSeq>5</GreekSeq></word><word seq="4">說：<GreekSeq>6</GreekSeq></word><word seq="5">「你<GreekSeq>8</GreekSeq></word><word seq="6">獲准<GreekSeq>7</GreekSeq></word><word seq="7">為<GreekSeq>9</GreekSeq></word><word seq="8">自己<GreekSeq>10</GreekSeq></word><word seq="9">說話。」<GreekSeq>11</GreekSeq></word><word seq="10">於是<GreekSeq>12</GreekSeq></word><word seq="11">保羅<GreekSeq>14</GreekSeq></word><word seq="12">伸<GreekSeq>15</GreekSeq></word><word seq="13">手<GreekSeq>17</GreekSeq></word><word seq="14">開始申辯：<GreekSeq>18</GreekSeq></word></CSB></verse>
<verse number="2"><CSB><word seq="1">「阿格里帕<GreekSeq>8</GreekSeq></word><word seq="2">王啊，<GreekSeq>7</GreekSeq></word><word seq="3">關於<GreekSeq>1</GreekSeq></word><word seq="4">猶太人<GreekSeq>6</GreekSeq></word><word seq="5">控告我<GreekSeq>4</GreekSeq></word><word seq="6">的一切<GreekSeq>2</GreekSeq></word><word seq="7">事，<GreekSeq>3</GreekSeq></word><word seq="8">今天<GreekSeq>15</GreekSeq></word><word seq="9">要<GreekSeq>14</GreekSeq></word><word seq="10">在<GreekSeq>12</GreekSeq></word><word seq="11">您<GreekSeq>13</GreekSeq></word><word seq="12">面前<GreekSeq>12</GreekSeq></word><word seq="13">申辯，<GreekSeq>16</GreekSeq></word><word seq="14">我認為<GreekSeq>9</GreekSeq></word><word seq="15">自己<GreekSeq>10</GreekSeq></word><word seq="16">是</word><word seq="17">蒙福的，<GreekSeq>11</GreekSeq></word></CSB></verse>
<verse number="3"><CSB><word seq="1">尤其<GreekSeq>1</GreekSeq></word><word seq="2">因為</word><word seq="3">您<GreekSeq>4</GreekSeq></word><word seq="4">熟悉<GreekSeq>2</GreekSeq></word><word seq="5">猶太人<GreekSeq>8</GreekSeq></word><word seq="6">一切的<GreekSeq>5</GreekSeq></word><word seq="7">規矩<GreekSeq>9</GreekSeq></word><word seq="8">和<GreekSeq>11</GreekSeq></word><word seq="9">爭議的問題，<GreekSeq>12</GreekSeq></word><word seq="10">所以<GreekSeq>13</GreekSeq></word><word seq="11">我請求<GreekSeq>14</GreekSeq></word><word seq="12">您</word><word seq="13">耐心<GreekSeq>15</GreekSeq></word><word seq="14">聽<GreekSeq>16</GreekSeq></word><word seq="15">我<GreekSeq>17</GreekSeq></word><word seq="16">說。</word></CSB></verse>
<verse number="4"><CSB><word seq="1">「事實上，<GreekSeq>2</GreekSeq></word><word seq="2">我<GreekSeq>5</GreekSeq></word><word seq="3">自<GreekSeq>7</GreekSeq></word><word seq="4">幼的<GreekSeq>8</GreekSeq></word><word seq="5">為人，<GreekSeq>4</GreekSeq></word><word seq="6">從<GreekSeq>10</GreekSeq></word><word seq="7">起初<GreekSeq>11</GreekSeq></word><word seq="8">在<GreekSeq>13</GreekSeq></word><word seq="9">自己的<GreekSeq>16</GreekSeq></word><word seq="10">[同胞]<GreekSeq>15</GreekSeq></word><word seq="11">中間，<GreekSeq>13</GreekSeq></word><word seq="12">以及<GreekSeq>18</GreekSeq></word><word seq="13">在<GreekSeq>17</GreekSeq></word><word seq="14">耶路撒冷，<GreekSeq>19</GreekSeq></word><word seq="15">所有的<GreekSeq>21</GreekSeq></word><word seq="16">猶太人<GreekSeq>23</GreekSeq></word><word seq="17">都</word><word seq="18">知道。<GreekSeq>20</GreekSeq></word></CSB></verse>
<verse number="5"><CSB><word seq="1">他們</word><word seq="2">從一開始<GreekSeq>3</GreekSeq></word><word seq="3">就</word><word seq="4">已經認識<GreekSeq>1</GreekSeq></word><word seq="5">我，<GreekSeq>2</GreekSeq></word><word seq="6">如果<GreekSeq>4</GreekSeq></word><word seq="7">他們願意<GreekSeq>5</GreekSeq></word><word seq="8">就</word><word seq="9">可以見證：<GreekSeq>6</GreekSeq></word><word seq="10">我是</word><word seq="11">按著<GreekSeq>8</GreekSeq></word><word seq="12">我們<GreekSeq>13</GreekSeq></word><word seq="13">宗教中<GreekSeq>14</GreekSeq></word><word seq="14">最嚴格的<GreekSeq>10</GreekSeq></word><word seq="15">教派，<GreekSeq>11</GreekSeq></word><word seq="16">過著<GreekSeq>15</GreekSeq></word><word seq="17">法利賽人<GreekSeq>16</GreekSeq></word><word seq="18">的生活。<GreekSeq>15</GreekSeq></word></CSB></verse>
<verse number="6"><CSB><word seq="1">現在<GreekSeq>2</GreekSeq></word><word seq="2">我站<GreekSeq>15</GreekSeq></word><word seq="3">在這裡</word><word seq="4">受審，<GreekSeq>16</GreekSeq></word><word seq="5">是</word><word seq="6">因為<GreekSeq>3</GreekSeq></word><word seq="7">盼望<GreekSeq>4</GreekSeq></word><word seq="8">神<GreekSeq>14</GreekSeq></word><word seq="9">已經賜給<GreekSeq>11</GreekSeq></word><word seq="10">我們<GreekSeq>9</GreekSeq></word><word seq="11">祖先<GreekSeq>8</GreekSeq></word><word seq="12">的那<GreekSeq>5</GreekSeq></word><word seq="13">應許。<GreekSeq>10</GreekSeq></word></CSB></verse>
<verse number="7"><CSB><word seq="1">為了<GreekSeq>1</GreekSeq></word><word seq="2">那[應許]，<GreekSeq>2</GreekSeq></word><word seq="3">我們<GreekSeq>5</GreekSeq></word><word seq="4">十二個支派<GreekSeq>4</GreekSeq></word><word seq="5">日<GreekSeq>10</GreekSeq></word><word seq="6">夜<GreekSeq>8</GreekSeq></word><word seq="7">熱切地<GreekSeq>6</GreekSeq><GreekSeq>7</GreekSeq></word><word seq="8">事奉[神]，<GreekSeq>11</GreekSeq></word><word seq="9">盼望<GreekSeq>12</GreekSeq></word><word seq="10">得到<GreekSeq>13</GreekSeq></word><word seq="11">它。</word><word seq="12">王啊，<GreekSeq>20</GreekSeq></word><word seq="13">我被<GreekSeq>17</GreekSeq></word><word seq="14">猶太人<GreekSeq>19</GreekSeq></word><word seq="15">控告，<GreekSeq>17</GreekSeq></word><word seq="16">就是</word><word seq="17">為了<GreekSeq>14</GreekSeq></word><word seq="18">這<GreekSeq>15</GreekSeq></word><word seq="19">盼望。<GreekSeq>16</GreekSeq></word></CSB></verse>
<verse number="8"><CSB><word seq="1">你們<GreekSeq>5</GreekSeq></word><word seq="2">為什麼<GreekSeq>1</GreekSeq></word><word seq="3">判斷<GreekSeq>3</GreekSeq></word><word seq="4">神<GreekSeq>8</GreekSeq></word><word seq="5">使死人<GreekSeq>9</GreekSeq></word><word seq="6">復活<GreekSeq>10</GreekSeq></word><word seq="7">的事為</word><word seq="8">不可信的<GreekSeq>2</GreekSeq></word><word seq="9">呢？</word></CSB></verse>
<verse number="9"><CSB><word seq="1">事實上，<GreekSeq>2</GreekSeq></word><word seq="2">我<GreekSeq>1</GreekSeq></word><word seq="3">自己<GreekSeq>5</GreekSeq></word><word seq="4">曾經<GreekSeq>3</GreekSeq></word><word seq="5">認為<GreekSeq>4</GreekSeq></word><word seq="6">必須<GreekSeq>12</GreekSeq></word><word seq="7">多<GreekSeq>13</GreekSeq></word><word seq="8">做<GreekSeq>15</GreekSeq></word><word seq="9">反對<GreekSeq>14</GreekSeq></word><word seq="10">拿撒勒人<GreekSeq>11</GreekSeq></word><word seq="11">耶穌之<GreekSeq>9</GreekSeq></word><word seq="12">名<GreekSeq>8</GreekSeq></word><word seq="13">的事，</word></CSB></verse>
<verse number="10"><CSB><word seq="1">我<GreekSeq>3</GreekSeq></word><word seq="2">在<GreekSeq>4</GreekSeq></word><word seq="3">耶路撒冷<GreekSeq>5</GreekSeq></word><word seq="4">也是<GreekSeq>2</GreekSeq></word><word seq="5">這樣<GreekSeq>1</GreekSeq></word><word seq="6">做<GreekSeq>3</GreekSeq></word><word seq="7">的。</word><word seq="8">我<GreekSeq>11</GreekSeq></word><word seq="9">不但<GreekSeq>8</GreekSeq></word><word seq="10">從<GreekSeq>16</GreekSeq></word><word seq="11">祭司長們<GreekSeq>18</GreekSeq></word><word seq="12">得了<GreekSeq>20</GreekSeq></word><word seq="13">權柄<GreekSeq>19</GreekSeq></word><word seq="14">把許多<GreekSeq>7</GreekSeq></word><word seq="15">聖徒<GreekSeq>10</GreekSeq></word><word seq="16">關<GreekSeq>14</GreekSeq></word><word seq="17">進<GreekSeq>12</GreekSeq></word><word seq="18">監獄，<GreekSeq>13</GreekSeq></word><word seq="19">而且<GreekSeq>22</GreekSeq></word><word seq="20">當<GreekSeq>21</GreekSeq></word><word seq="21">他們<GreekSeq>23</GreekSeq></word><word seq="22">被殺的時候，<GreekSeq>21</GreekSeq></word><word seq="23">我也投了<GreekSeq>24</GreekSeq></word><word seq="24">一票。<GreekSeq>25</GreekSeq></word></CSB></verse>
<verse number="11"><CSB><word seq="1">我<GreekSeq>9</GreekSeq></word><word seq="2">在<GreekSeq>2</GreekSeq></word><word seq="3">各<GreekSeq>3</GreekSeq></word><word seq="4">會堂<GreekSeq>5</GreekSeq></word><word seq="5">裡，</word><word seq="6">經常<GreekSeq>6</GreekSeq></word><word seq="7">用刑<GreekSeq>7</GreekSeq></word><word seq="8">逼<GreekSeq>9</GreekSeq></word><word seq="9">他們<GreekSeq>8</GreekSeq></word><word seq="10">說褻瀆的話，<GreekSeq>10</GreekSeq></word><word seq="11">又<GreekSeq>12</GreekSeq></word><word seq="12">越發<GreekSeq>11</GreekSeq></word><word seq="13">惱恨<GreekSeq>13</GreekSeq></word><word seq="14">他們，<GreekSeq>14</GreekSeq></word><word seq="15">甚至<GreekSeq>17</GreekSeq></word><word seq="16">到<GreekSeq>16</GreekSeq></word><word seq="17">國外的<GreekSeq>20</GreekSeq></word><word seq="18">城市<GreekSeq>21</GreekSeq></word><word seq="19">去逼迫<GreekSeq>15</GreekSeq></word><word seq="20">他們。</word></CSB></verse>
<verse number="12"><CSB><word seq="1">「那時<GreekSeq>1</GreekSeq><GreekSeq>2</GreekSeq></word><word seq="2">我</word><word seq="3">[得到]<GreekSeq>7</GreekSeq></word><word seq="4">祭司長們的<GreekSeq>13</GreekSeq></word><word seq="5">授權<GreekSeq>8</GreekSeq></word><word seq="6">和<GreekSeq>9</GreekSeq></word><word seq="7">委任<GreekSeq>10</GreekSeq></word><word seq="8">往<GreekSeq>4</GreekSeq></word><word seq="9">大馬士革<GreekSeq>6</GreekSeq></word><word seq="10">去。<GreekSeq>3</GreekSeq></word></CSB></verse>
<verse number="13"><CSB><word seq="1">王啊，<GreekSeq>7</GreekSeq></word><word seq="2">約在正午，<GreekSeq>1</GreekSeq><GreekSeq>2</GreekSeq></word><word seq="3">我<GreekSeq>6</GreekSeq></word><word seq="4">在<GreekSeq>3</GreekSeq></word><word seq="5">路<GreekSeq>5</GreekSeq></word><word seq="6">上<GreekSeq>3</GreekSeq></word><word seq="7">的時候，</word><word seq="8">看見<GreekSeq>6</GreekSeq></word><word seq="9">一道光，<GreekSeq>16</GreekSeq></word><word seq="10">比<GreekSeq>9</GreekSeq></word><word seq="11">太陽<GreekSeq>13</GreekSeq></word><word seq="12">更<GreekSeq>9</GreekSeq></word><word seq="13">明亮，<GreekSeq>11</GreekSeq></word><word seq="14">從天上<GreekSeq>8</GreekSeq></word><word seq="15">四面照射<GreekSeq>14</GreekSeq></word><word seq="16">我<GreekSeq>15</GreekSeq></word><word seq="17">和<GreekSeq>17</GreekSeq></word><word seq="18">與<GreekSeq>19</GreekSeq></word><word seq="19">我<GreekSeq>20</GreekSeq></word><word seq="20">同<GreekSeq>19</GreekSeq></word><word seq="21">行的人。<GreekSeq>21</GreekSeq></word></CSB></verse>
<verse number="14"><CSB><word seq="1">我們<GreekSeq>4</GreekSeq></word><word seq="2">都<GreekSeq>1</GreekSeq></word><word seq="3">仆倒<GreekSeq>3</GreekSeq></word><word seq="4">在<GreekSeq>5</GreekSeq></word><word seq="5">地。<GreekSeq>7</GreekSeq></word><word seq="6">我聽見<GreekSeq>8</GreekSeq></word><word seq="7">有</word><word seq="8">聲音<GreekSeq>9</GreekSeq></word><word seq="9">[用]希伯來<GreekSeq>14</GreekSeq></word><word seq="10">語<GreekSeq>15</GreekSeq></word><word seq="11">對<GreekSeq>11</GreekSeq></word><word seq="12">我<GreekSeq>12</GreekSeq></word><word seq="13">說：<GreekSeq>10</GreekSeq></word><word seq="14">『掃羅，<GreekSeq>16</GreekSeq></word><word seq="15">掃羅！<GreekSeq>17</GreekSeq></word><word seq="16">你<GreekSeq>20</GreekSeq></word><word seq="17">為什麼<GreekSeq>18</GreekSeq></word><word seq="18">逼迫<GreekSeq>20</GreekSeq></word><word seq="19">我？<GreekSeq>19</GreekSeq></word><word seq="20">你<GreekSeq>22</GreekSeq></word><word seq="21">腳</word><word seq="22">踢<GreekSeq>25</GreekSeq></word><word seq="23">刺棒，<GreekSeq>24</GreekSeq></word><word seq="24">是</word><word seq="25">狂妄的。』<GreekSeq>21</GreekSeq></word></CSB></verse>
<verse number="15"><CSB><word seq="1">「我<GreekSeq>1</GreekSeq></word><word seq="2">問：<GreekSeq>3</GreekSeq></word><word seq="3">『主啊，<GreekSeq>6</GreekSeq></word><word seq="4">你[到底]是<GreekSeq>5</GreekSeq></word><word seq="5">誰？』<GreekSeq>4</GreekSeq></word><word seq="6">「主<GreekSeq>9</GreekSeq></word><word seq="7">說：<GreekSeq>10</GreekSeq></word><word seq="8">『我<GreekSeq>11</GreekSeq></word><word seq="9">就是<GreekSeq>12</GreekSeq></word><word seq="10">你<GreekSeq>15</GreekSeq></word><word seq="11">所逼迫的<GreekSeq>14</GreekSeq><GreekSeq>16</GreekSeq></word><word seq="12">耶穌。<GreekSeq>13</GreekSeq></word></CSB></verse>
<verse number="16"><CSB><word seq="1">你起來，<GreekSeq>2</GreekSeq></word><word seq="2">用<GreekSeq>5</GreekSeq></word><word seq="3">你的<GreekSeq>8</GreekSeq></word><word seq="4">[兩]腳<GreekSeq>7</GreekSeq></word><word seq="5">站好！<GreekSeq>4</GreekSeq></word><word seq="6">[要知道]，<GreekSeq>11</GreekSeq></word><word seq="7">我<GreekSeq>12</GreekSeq></word><word seq="8">向你<GreekSeq>13</GreekSeq></word><word seq="9">顯現<GreekSeq>12</GreekSeq></word><word seq="10">是</word><word seq="11">為<GreekSeq>9</GreekSeq></word><word seq="12">這樣一個[目的]：<GreekSeq>10</GreekSeq></word><word seq="13">預先指定<GreekSeq>14</GreekSeq></word><word seq="14">你<GreekSeq>15</GreekSeq></word><word seq="15">做僕人<GreekSeq>16</GreekSeq></word><word seq="16">和<GreekSeq>17</GreekSeq></word><word seq="17">見證人，<GreekSeq>18</GreekSeq></word><word seq="18">就是<GreekSeq>20</GreekSeq></word><word seq="19">為</word><word seq="20">你所看見<GreekSeq>21</GreekSeq></word><word seq="21">的事，<GreekSeq>19</GreekSeq></word><word seq="22">以及<GreekSeq>24</GreekSeq></word><word seq="23">我將要顯明<GreekSeq>25</GreekSeq></word><word seq="24">給你<GreekSeq>26</GreekSeq></word><word seq="25">的事<GreekSeq>23</GreekSeq></word><word seq="26">做見證人。</word></CSB></verse>
<verse number="17"><CSB><word seq="1">我要</word><word seq="2">從<GreekSeq>3</GreekSeq></word><word seq="3">[以色列]<GreekSeq>4</GreekSeq></word><word seq="4">子民<GreekSeq>5</GreekSeq></word><word seq="5">和<GreekSeq>6</GreekSeq></word><word seq="6">外邦人<GreekSeq>9</GreekSeq></word><word seq="7">當中<GreekSeq>3</GreekSeq></word><word seq="8">把你<GreekSeq>2</GreekSeq></word><word seq="9">救出來。<GreekSeq>1</GreekSeq></word><word seq="10">我<GreekSeq>12</GreekSeq></word><word seq="11">差派<GreekSeq>13</GreekSeq></word><word seq="12">你<GreekSeq>14</GreekSeq></word><word seq="13">到<GreekSeq>10</GreekSeq></word><word seq="14">他們<GreekSeq>11</GreekSeq></word><word seq="15">那裡</word><word seq="16">去，<GreekSeq>13</GreekSeq></word></CSB></verse>
<verse number="18"><CSB><word seq="1">為了開啟<GreekSeq>1</GreekSeq></word><word seq="2">他們的<GreekSeq>3</GreekSeq></word><word seq="3">眼睛，<GreekSeq>2</GreekSeq></word><word seq="4">使他們</word><word seq="5">從<GreekSeq>6</GreekSeq></word><word seq="6">黑暗<GreekSeq>7</GreekSeq></word><word seq="7">歸<GreekSeq>5</GreekSeq></word><word seq="8">向<GreekSeq>8</GreekSeq></word><word seq="9">光明，<GreekSeq>9</GreekSeq></word><word seq="10">從</word><word seq="11">撒旦的<GreekSeq>14</GreekSeq></word><word seq="12">權勢下<GreekSeq>12</GreekSeq></word><word seq="13">[歸]向<GreekSeq>15</GreekSeq></word><word seq="14">神，<GreekSeq>17</GreekSeq></word><word seq="15">使他們<GreekSeq>20</GreekSeq></word><word seq="16">因著信<GreekSeq>28</GreekSeq></word><word seq="17">我，<GreekSeq>31</GreekSeq></word><word seq="18">罪<GreekSeq>22</GreekSeq></word><word seq="19">得赦免，<GreekSeq>21</GreekSeq></word><word seq="20">並且<GreekSeq>23</GreekSeq></word><word seq="21">與<GreekSeq>25</GreekSeq></word><word seq="22">那些<GreekSeq>26</GreekSeq></word><word seq="23">被分別為聖的人<GreekSeq>27</GreekSeq></word><word seq="24">同得<GreekSeq>19</GreekSeq></word><word seq="25">繼業。』<GreekSeq>24</GreekSeq></word></CSB></verse>
<verse number="19"><CSB><word seq="1">「故此，<GreekSeq>1</GreekSeq></word><word seq="2">阿格里帕<GreekSeq>3</GreekSeq></word><word seq="3">王啊，<GreekSeq>2</GreekSeq></word><word seq="4">我<GreekSeq>5</GreekSeq></word><word seq="5">沒<GreekSeq>4</GreekSeq></word><word seq="6">有<GreekSeq>5</GreekSeq></word><word seq="7">悖逆<GreekSeq>6</GreekSeq></word><word seq="8">那<GreekSeq>7</GreekSeq></word><word seq="9">從</word><word seq="10">天上[來]的<GreekSeq>8</GreekSeq></word><word seq="11">異象。<GreekSeq>9</GreekSeq></word></CSB></verse>
<verse number="20"><CSB><word seq="1">我<GreekSeq>18</GreekSeq></word><word seq="2">首先<GreekSeq>5</GreekSeq></word><word seq="3">在<GreekSeq>3</GreekSeq></word><word seq="4">大馬士革，<GreekSeq>4</GreekSeq></word><word seq="5">然後<GreekSeq>7</GreekSeq></word><word seq="6">在耶路撒冷、<GreekSeq>8</GreekSeq></word><word seq="7">猶太<GreekSeq>14</GreekSeq></word><word seq="8">全<GreekSeq>9</GreekSeq></word><word seq="9">地<GreekSeq>12</GreekSeq></word><word seq="10">以及<GreekSeq>15</GreekSeq></word><word seq="11">外邦人<GreekSeq>17</GreekSeq></word><word seq="12">中，<GreekSeq>3</GreekSeq></word><word seq="13">告誡<GreekSeq>18</GreekSeq></word><word seq="14">人們</word><word seq="15">要悔改，<GreekSeq>19</GreekSeq></word><word seq="16">歸<GreekSeq>21</GreekSeq></word><word seq="17">向<GreekSeq>22</GreekSeq></word><word seq="18">神，<GreekSeq>24</GreekSeq></word><word seq="19">行<GreekSeq>29</GreekSeq></word><word seq="20">事<GreekSeq>28</GreekSeq></word><word seq="21">與</word><word seq="22">悔改的[心]<GreekSeq>27</GreekSeq></word><word seq="23">相稱。<GreekSeq>25</GreekSeq></word></CSB></verse>
<verse number="21"><CSB><word seq="1">猶太人<GreekSeq>4</GreekSeq></word><word seq="2">就是</word><word seq="3">因<GreekSeq>1</GreekSeq></word><word seq="4">這<GreekSeq>2</GreekSeq></word><word seq="5">緣故，<GreekSeq>1</GreekSeq></word><word seq="6">在<GreekSeq>7</GreekSeq></word><word seq="7">[聖]殿<GreekSeq>9</GreekSeq></word><word seq="8">裡<GreekSeq>7</GreekSeq></word><word seq="9">抓住<GreekSeq>5</GreekSeq></word><word seq="10">我，<GreekSeq>3</GreekSeq></word><word seq="11">想要<GreekSeq>10</GreekSeq></word><word seq="12">殺害<GreekSeq>11</GreekSeq></word><word seq="13">我。</word></CSB></verse>
<verse number="22"><CSB><word seq="1">然而<GreekSeq>2</GreekSeq></word><word seq="2">我<GreekSeq>12</GreekSeq></word><word seq="3">蒙了<GreekSeq>3</GreekSeq></word><word seq="4">從<GreekSeq>5</GreekSeq></word><word seq="5">神[而來]的<GreekSeq>7</GreekSeq></word><word seq="6">幫助，<GreekSeq>1</GreekSeq></word><word seq="7">直到<GreekSeq>8</GreekSeq></word><word seq="8">今<GreekSeq>11</GreekSeq></word><word seq="9">天<GreekSeq>10</GreekSeq></word><word seq="10">仍</word><word seq="11">能站立得住，<GreekSeq>12</GreekSeq></word><word seq="12">不但<GreekSeq>15</GreekSeq></word><word seq="13">向卑微的，<GreekSeq>14</GreekSeq></word><word seq="14">還<GreekSeq>16</GreekSeq></word><word seq="15">向尊貴的<GreekSeq>17</GreekSeq></word><word seq="16">做見證。<GreekSeq>13</GreekSeq></word><word seq="17">我</word><word seq="18">所講的，<GreekSeq>20</GreekSeq></word><word seq="19">不<GreekSeq>18</GreekSeq></word><word seq="20">外乎<GreekSeq>19</GreekSeq></word><word seq="21">先知們<GreekSeq>24</GreekSeq></word><word seq="22">和<GreekSeq>28</GreekSeq></word><word seq="23">摩西<GreekSeq>29</GreekSeq></word><word seq="24">所說<GreekSeq>25</GreekSeq></word><word seq="25">的那些</word><word seq="26">將要<GreekSeq>26</GreekSeq></word><word seq="27">成就的<GreekSeq>27</GreekSeq></word><word seq="28">事，<GreekSeq>21</GreekSeq></word></CSB></verse>
<verse number="23"><CSB><word seq="1">就是<GreekSeq>1</GreekSeq></word><word seq="2">基督<GreekSeq>4</GreekSeq></word><word seq="3">要</word><word seq="4">受難，<GreekSeq>2</GreekSeq></word><word seq="5">要成為</word><word seq="6">第一個<GreekSeq>6</GreekSeq></word><word seq="7">從<GreekSeq>7</GreekSeq></word><word seq="8">死人<GreekSeq>9</GreekSeq></word><word seq="9">中<GreekSeq>7</GreekSeq></word><word seq="10">復活的[人]，<GreekSeq>8</GreekSeq></word><word seq="11">要<GreekSeq>11</GreekSeq></word><word seq="12">[把]光<GreekSeq>10</GreekSeq></word><word seq="13">傳給<GreekSeq>12</GreekSeq></word><word seq="14">這<GreekSeq>13</GreekSeq></word><word seq="15">子民<GreekSeq>15</GreekSeq></word><word seq="16">和<GreekSeq>16</GreekSeq></word><word seq="17">外邦人。」<GreekSeq>18</GreekSeq></word></CSB></verse>
<verse number="24"><CSB><word seq="1">[保羅]<GreekSeq>3</GreekSeq></word><word seq="2">這樣<GreekSeq>1</GreekSeq></word><word seq="3">申辯的時候，<GreekSeq>4</GreekSeq></word><word seq="4">菲斯特斯<GreekSeq>6</GreekSeq></word><word seq="5">大<GreekSeq>7</GreekSeq></word><word seq="6">聲<GreekSeq>9</GreekSeq></word><word seq="7">說：<GreekSeq>10</GreekSeq></word><word seq="8">「保羅，<GreekSeq>12</GreekSeq></word><word seq="9">你瘋了！<GreekSeq>11</GreekSeq></word><word seq="10">你<GreekSeq>15</GreekSeq></word><word seq="11">學問<GreekSeq>16</GreekSeq></word><word seq="12">太大，<GreekSeq>14</GreekSeq></word><word seq="13">使<GreekSeq>19</GreekSeq></word><word seq="14">你</word><word seq="15">癲狂了。」<GreekSeq>18</GreekSeq></word></CSB></verse>
<verse number="25"><CSB><word seq="1">保羅<GreekSeq>3</GreekSeq></word><word seq="2">說：<GreekSeq>6</GreekSeq></word><word seq="3">「菲斯特斯<GreekSeq>8</GreekSeq></word><word seq="4">大人，<GreekSeq>7</GreekSeq></word><word seq="5">我<GreekSeq>5</GreekSeq></word><word seq="6">沒有<GreekSeq>4</GreekSeq></word><word seq="7">瘋。<GreekSeq>5</GreekSeq></word><word seq="8">我說<GreekSeq>14</GreekSeq></word><word seq="9">的都是</word><word seq="10">真實、<GreekSeq>10</GreekSeq></word><word seq="11">合理的<GreekSeq>12</GreekSeq></word><word seq="12">話。<GreekSeq>13</GreekSeq></word></CSB></verse>
<verse number="26"><CSB><word seq="1">其實<GreekSeq>2</GreekSeq></word><word seq="2">王<GreekSeq>6</GreekSeq></word><word seq="3">知道<GreekSeq>1</GreekSeq></word><word seq="4">這些事，<GreekSeq>4</GreekSeq></word><word seq="5">我<GreekSeq>11</GreekSeq></word><word seq="6">才<GreekSeq>9</GreekSeq></word><word seq="7">對<GreekSeq>7</GreekSeq></word><word seq="8">[王]<GreekSeq>8</GreekSeq></word><word seq="9">放膽<GreekSeq>10</GreekSeq></word><word seq="10">直言。<GreekSeq>11</GreekSeq></word><word seq="11">我深信<GreekSeq>18</GreekSeq></word><word seq="12">這些事<GreekSeq>16</GreekSeq></word><word seq="13">沒有<GreekSeq>19</GreekSeq></word><word seq="14">一件<GreekSeq>15</GreekSeq></word><word seq="15">瞞得過<GreekSeq>12</GreekSeq></word><word seq="16">[王]，<GreekSeq>14</GreekSeq></word><word seq="17">因為<GreekSeq>21</GreekSeq></word><word seq="18">這<GreekSeq>26</GreekSeq></word><word seq="19">不<GreekSeq>20</GreekSeq></word><word seq="20">是<GreekSeq>22</GreekSeq></word><word seq="21">在<GreekSeq>23</GreekSeq></word><word seq="22">角落<GreekSeq>24</GreekSeq></word><word seq="23">裡<GreekSeq>23</GreekSeq></word><word seq="24">做的。<GreekSeq>25</GreekSeq></word></CSB></verse>
<verse number="27"><CSB><word seq="1">阿格里帕<GreekSeq>3</GreekSeq></word><word seq="2">王啊，<GreekSeq>2</GreekSeq></word><word seq="3">您相信<GreekSeq>1</GreekSeq></word><word seq="4">先知<GreekSeq>5</GreekSeq></word><word seq="5">嗎？</word><word seq="6">我知道<GreekSeq>6</GreekSeq></word><word seq="7">您是相信<GreekSeq>8</GreekSeq></word><word seq="8">的。」</word></CSB></verse>
<verse number="28"><CSB><word seq="1">阿格里帕<GreekSeq>3</GreekSeq></word><word seq="2">對<GreekSeq>4</GreekSeq></word><word seq="3">保羅<GreekSeq>6</GreekSeq></word><word seq="4">說：</word><word seq="5">「你<GreekSeq>10</GreekSeq></word><word seq="6">用<GreekSeq>7</GreekSeq></word><word seq="7">幾句[話]<GreekSeq>8</GreekSeq></word><word seq="8">就</word><word seq="9">要說服<GreekSeq>10</GreekSeq></word><word seq="10">我<GreekSeq>9</GreekSeq></word><word seq="11">成為<GreekSeq>12</GreekSeq></word><word seq="12">基督徒<GreekSeq>11</GreekSeq></word><word seq="13">嗎？」</word></CSB></verse>
<verse number="29"><CSB><word seq="1">保羅<GreekSeq>3</GreekSeq></word><word seq="2">說：</word><word seq="3">「無論<GreekSeq>5</GreekSeq></word><word seq="4">[話]多<GreekSeq>13</GreekSeq></word><word seq="5">[話]少，<GreekSeq>10</GreekSeq></word><word seq="6">我<GreekSeq>4</GreekSeq></word><word seq="7">向神<GreekSeq>7</GreekSeq></word><word seq="8">祈求<GreekSeq>4</GreekSeq></word><word seq="9">的，</word><word seq="10">不<GreekSeq>14</GreekSeq></word><word seq="11">僅<GreekSeq>15</GreekSeq></word><word seq="12">是</word><word seq="13">您，<GreekSeq>16</GreekSeq></word><word seq="14">還有<GreekSeq>18</GreekSeq></word><word seq="15">今天<GreekSeq>23</GreekSeq></word><word seq="16">所有<GreekSeq>19</GreekSeq></word><word seq="17">聽<GreekSeq>21</GreekSeq></word><word seq="18">我<GreekSeq>22</GreekSeq></word><word seq="19">[講話]的人<GreekSeq>21</GreekSeq></word><word seq="20">都</word><word seq="21">能成為<GreekSeq>24</GreekSeq></word><word seq="22">像<GreekSeq>26</GreekSeq></word><word seq="23">我<GreekSeq>28</GreekSeq></word><word seq="24">這樣<GreekSeq>25</GreekSeq></word><word seq="25">的人，</word><word seq="26">只是不要<GreekSeq>30</GreekSeq></word><word seq="27">有</word><word seq="28">這些<GreekSeq>33</GreekSeq></word><word seq="29">鎖鏈！」<GreekSeq>32</GreekSeq></word></CSB></verse>
<verse number="30"><CSB><word seq="1">於是<GreekSeq>2</GreekSeq></word><word seq="2">王<GreekSeq>4</GreekSeq></word><word seq="3">和<GreekSeq>5</GreekSeq></word><word seq="4">總督，<GreekSeq>7</GreekSeq></word><word seq="5">還有<GreekSeq>9</GreekSeq></word><word seq="6">百妮基<GreekSeq>10</GreekSeq></word><word seq="7">以及<GreekSeq>11</GreekSeq></word><word seq="8">與他們<GreekSeq>14</GreekSeq></word><word seq="9">坐在一起的人，<GreekSeq>13</GreekSeq></word><word seq="10">都</word><word seq="11">站起來了。<GreekSeq>1</GreekSeq></word></CSB></verse>
<verse number="31"><CSB><word seq="1">當離開的時候，<GreekSeq>2</GreekSeq></word><word seq="2">彼此<GreekSeq>4</GreekSeq><GreekSeq>5</GreekSeq></word><word seq="3">談論<GreekSeq>3</GreekSeq></word><word seq="4">說：<GreekSeq>6</GreekSeq></word><word seq="5">「這個<GreekSeq>17</GreekSeq></word><word seq="6">人<GreekSeq>16</GreekSeq></word><word seq="7">沒有<GreekSeq>8</GreekSeq></word><word seq="8">做<GreekSeq>14</GreekSeq></word><word seq="9">任何<GreekSeq>8</GreekSeq></word><word seq="10">該<GreekSeq>12</GreekSeq></word><word seq="11">死<GreekSeq>9</GreekSeq></word><word seq="12">或<GreekSeq>10</GreekSeq></word><word seq="13">該</word><word seq="14">被捆鎖的<GreekSeq>11</GreekSeq></word><word seq="15">事。」<GreekSeq>13</GreekSeq></word></CSB></verse>
<verse number="32"><CSB><word seq="1">阿格里帕<GreekSeq>1</GreekSeq></word><word seq="2">對菲斯特斯<GreekSeq>4</GreekSeq></word><word seq="3">說：<GreekSeq>5</GreekSeq></word><word seq="4">「這個<GreekSeq>10</GreekSeq></word><word seq="5">人<GreekSeq>9</GreekSeq></word><word seq="6">如果<GreekSeq>11</GreekSeq></word><word seq="7">沒有<GreekSeq>12</GreekSeq></word><word seq="8">向凱撒<GreekSeq>14</GreekSeq></word><word seq="9">上訴，<GreekSeq>13</GreekSeq></word><word seq="10">早就</word><word seq="11">可以<GreekSeq>7</GreekSeq></word><word seq="12">釋放了。」<GreekSeq>6</GreekSeq></word></CSB></verse>
</chapter></book>