<?xml version="1.0" encoding="UTF-8" standalone="no"?><book><chapter number="28">
<verse number="1"><CSB><word seq="1">我們<GreekSeq>4</GreekSeq></word><word seq="2">獲救以後<GreekSeq>2</GreekSeq></word><word seq="3">才<GreekSeq>3</GreekSeq></word><word seq="4">知道<GreekSeq>4</GreekSeq></word><word seq="5">那<GreekSeq>7</GreekSeq></word><word seq="6">島<GreekSeq>8</GreekSeq></word><word seq="7">叫做<GreekSeq>9</GreekSeq></word><word seq="8">馬耳他，<GreekSeq>6</GreekSeq></word></CSB></verse>
<verse number="2"><CSB><word seq="1">那裡的</word><word seq="2">土人<GreekSeq>3</GreekSeq></word><word seq="3">對<GreekSeq>4</GreekSeq></word><word seq="4">我們<GreekSeq>9</GreekSeq></word><word seq="5">非常<GreekSeq>5</GreekSeq><GreekSeq>7</GreekSeq></word><word seq="6">友善。<GreekSeq>8</GreekSeq></word><word seq="7">因為<GreekSeq>16</GreekSeq></word><word seq="8">當時<GreekSeq>20</GreekSeq></word><word seq="9">下著雨，<GreekSeq>18</GreekSeq></word><word seq="10">又<GreekSeq>21</GreekSeq></word><word seq="11">因為<GreekSeq>22</GreekSeq></word><word seq="12">天氣</word><word seq="13">冷，<GreekSeq>24</GreekSeq></word><word seq="14">他們<GreekSeq>10</GreekSeq></word><word seq="15">就<GreekSeq>11</GreekSeq></word><word seq="16">生了<GreekSeq>10</GreekSeq></word><word seq="17">火<GreekSeq>12</GreekSeq></word><word seq="18">接待<GreekSeq>13</GreekSeq></word><word seq="19">我們<GreekSeq>15</GreekSeq></word><word seq="20">大家。<GreekSeq>14</GreekSeq></word></CSB></verse>
<verse number="3"><CSB><word seq="1">保羅<GreekSeq>4</GreekSeq></word><word seq="2">收集了<GreekSeq>1</GreekSeq></word><word seq="3">一捆<GreekSeq>7</GreekSeq></word><word seq="4">柴[火]，<GreekSeq>5</GreekSeq></word><word seq="5">放<GreekSeq>9</GreekSeq></word><word seq="6">在<GreekSeq>10</GreekSeq></word><word seq="7">火<GreekSeq>12</GreekSeq></word><word seq="8">堆</word><word seq="9">上<GreekSeq>10</GreekSeq></word><word seq="10">的時候，<GreekSeq>9</GreekSeq></word><word seq="11">有</word><word seq="12">一條毒蛇<GreekSeq>13</GreekSeq></word><word seq="13">因<GreekSeq>14</GreekSeq></word><word seq="14">熱<GreekSeq>16</GreekSeq></word><word seq="15">鑽了</word><word seq="16">出來，<GreekSeq>17</GreekSeq></word><word seq="17">[咬]住<GreekSeq>18</GreekSeq></word><word seq="18">他的<GreekSeq>21</GreekSeq></word><word seq="19">手。<GreekSeq>20</GreekSeq></word></CSB></verse>
<verse number="4"><CSB><word seq="1">那些<GreekSeq>4</GreekSeq></word><word seq="2">土人<GreekSeq>5</GreekSeq></word><word seq="3">一看見<GreekSeq>3</GreekSeq></word><word seq="4">那<GreekSeq>7</GreekSeq></word><word seq="5">毒蛇<GreekSeq>8</GreekSeq></word><word seq="6">懸<GreekSeq>6</GreekSeq></word><word seq="7">在<GreekSeq>9</GreekSeq></word><word seq="8">他的<GreekSeq>12</GreekSeq></word><word seq="9">手<GreekSeq>11</GreekSeq></word><word seq="10">上，<GreekSeq>9</GreekSeq></word><word seq="11">就</word><word seq="12">彼此<GreekSeq>13</GreekSeq><GreekSeq>14</GreekSeq></word><word seq="13">說：<GreekSeq>15</GreekSeq></word><word seq="14">「這個<GreekSeq>21</GreekSeq></word><word seq="15">人<GreekSeq>20</GreekSeq></word><word seq="16">一定<GreekSeq>16</GreekSeq></word><word seq="17">是<GreekSeq>18</GreekSeq></word><word seq="18">個</word><word seq="19">殺人犯！<GreekSeq>17</GreekSeq></word><word seq="20">雖然</word><word seq="21">從<GreekSeq>24</GreekSeq></word><word seq="22">海裡<GreekSeq>26</GreekSeq></word><word seq="23">獲救了，<GreekSeq>23</GreekSeq></word><word seq="24">但</word><word seq="25">天理<GreekSeq>28</GreekSeq></word><word seq="26">還是</word><word seq="27">不<GreekSeq>30</GreekSeq></word><word seq="28">讓<GreekSeq>31</GreekSeq></word><word seq="29">他<GreekSeq>22</GreekSeq></word><word seq="30">活著。」<GreekSeq>29</GreekSeq></word></CSB></verse>
<verse number="5"><CSB><word seq="1">可是<GreekSeq>3</GreekSeq></word><word seq="2">[保羅]<GreekSeq>1</GreekSeq></word><word seq="3">把那<GreekSeq>5</GreekSeq></word><word seq="4">毒蛇<GreekSeq>6</GreekSeq></word><word seq="5">甩<GreekSeq>4</GreekSeq></word><word seq="6">在<GreekSeq>7</GreekSeq></word><word seq="7">火<GreekSeq>9</GreekSeq></word><word seq="8">裡，<GreekSeq>7</GreekSeq></word><word seq="9">沒有<GreekSeq>11</GreekSeq></word><word seq="10">受<GreekSeq>10</GreekSeq></word><word seq="11">任何<GreekSeq>11</GreekSeq></word><word seq="12">傷害。<GreekSeq>12</GreekSeq></word></CSB></verse>
<verse number="6"><CSB><word seq="1">他們<GreekSeq>1</GreekSeq></word><word seq="2">本來以為<GreekSeq>3</GreekSeq></word><word seq="3">他<GreekSeq>4</GreekSeq></word><word seq="4">快要<GreekSeq>5</GreekSeq></word><word seq="5">腫起來，<GreekSeq>6</GreekSeq></word><word seq="6">或是<GreekSeq>7</GreekSeq></word><word seq="7">突然<GreekSeq>9</GreekSeq></word><word seq="8">倒下<GreekSeq>8</GreekSeq></word><word seq="9">死去，<GreekSeq>10</GreekSeq></word><word seq="10">然而<GreekSeq>13</GreekSeq></word><word seq="11">等了<GreekSeq>15</GreekSeq></word><word seq="12">很久，<GreekSeq>11</GreekSeq><GreekSeq>12</GreekSeq></word><word seq="13">看見<GreekSeq>17</GreekSeq></word><word seq="14">他<GreekSeq>21</GreekSeq></word><word seq="15">沒有任何<GreekSeq>18</GreekSeq></word><word seq="16">異常，<GreekSeq>19</GreekSeq></word><word seq="17">就</word><word seq="18">改變了想法，<GreekSeq>23</GreekSeq></word><word seq="19">說<GreekSeq>24</GreekSeq></word><word seq="20">他<GreekSeq>25</GreekSeq></word><word seq="21">是<GreekSeq>26</GreekSeq></word><word seq="22">個</word><word seq="23">神。<GreekSeq>27</GreekSeq></word></CSB></verse>
<verse number="7"><CSB><word seq="1">在<GreekSeq>1</GreekSeq></word><word seq="2">那個<GreekSeq>7</GreekSeq></word><word seq="3">地方<GreekSeq>6</GreekSeq></word><word seq="4">附近，<GreekSeq>4</GreekSeq></word><word seq="5">有些田產<GreekSeq>9</GreekSeq></word><word seq="6">是<GreekSeq>8</GreekSeq></word><word seq="7">島[上]<GreekSeq>13</GreekSeq></word><word seq="8">首領<GreekSeq>10</GreekSeq><GreekSeq>11</GreekSeq></word><word seq="9">普布利烏<GreekSeq>15</GreekSeq></word><word seq="10">的。</word><word seq="11">他<GreekSeq>16</GreekSeq></word><word seq="12">歡迎<GreekSeq>17</GreekSeq></word><word seq="13">我們，<GreekSeq>18</GreekSeq></word><word seq="14">熱情地<GreekSeq>21</GreekSeq></word><word seq="15">招待了<GreekSeq>22</GreekSeq></word><word seq="16">我們</word><word seq="17">三<GreekSeq>19</GreekSeq></word><word seq="18">天。<GreekSeq>20</GreekSeq></word></CSB></verse>
<verse number="8"><CSB><word seq="1">當時，<GreekSeq>1</GreekSeq></word><word seq="2">普布利烏的<GreekSeq>6</GreekSeq></word><word seq="3">父親<GreekSeq>4</GreekSeq></word><word seq="4">患<GreekSeq>10</GreekSeq></word><word seq="5">熱病<GreekSeq>7</GreekSeq></word><word seq="6">和<GreekSeq>8</GreekSeq></word><word seq="7">痢疾，<GreekSeq>9</GreekSeq></word><word seq="8">躺[在床上]。<GreekSeq>11</GreekSeq></word><word seq="9">保羅<GreekSeq>15</GreekSeq></word><word seq="10">就</word><word seq="11">進去<GreekSeq>16</GreekSeq></word><word seq="12">為<GreekSeq>12</GreekSeq></word><word seq="13">他<GreekSeq>13</GreekSeq></word><word seq="14">禱告，<GreekSeq>18</GreekSeq></word><word seq="15">按<GreekSeq>19</GreekSeq></word><word seq="16">手<GreekSeq>21</GreekSeq></word><word seq="17">在他<GreekSeq>22</GreekSeq></word><word seq="18">身上，</word><word seq="19">使他<GreekSeq>24</GreekSeq></word><word seq="20">痊癒了。<GreekSeq>23</GreekSeq></word></CSB></verse>
<verse number="9"><CSB><word seq="1">這麼一來，<GreekSeq>1</GreekSeq><GreekSeq>3</GreekSeq></word><word seq="2">島<GreekSeq>10</GreekSeq></word><word seq="3">上<GreekSeq>8</GreekSeq></word><word seq="4">其他<GreekSeq>6</GreekSeq></word><word seq="5">有<GreekSeq>11</GreekSeq></word><word seq="6">病<GreekSeq>12</GreekSeq></word><word seq="7">的人<GreekSeq>11</GreekSeq></word><word seq="8">也都</word><word seq="9">來了，<GreekSeq>13</GreekSeq></word><word seq="10">並且<GreekSeq>14</GreekSeq></word><word seq="11">都</word><word seq="12">得了痊癒。<GreekSeq>15</GreekSeq></word></CSB></verse>
<verse number="10"><CSB><word seq="1">他們<GreekSeq>1</GreekSeq></word><word seq="2">十分<GreekSeq>3</GreekSeq></word><word seq="3">尊重<GreekSeq>5</GreekSeq></word><word seq="4">我們；<GreekSeq>6</GreekSeq></word><word seq="5">開船的時候，<GreekSeq>8</GreekSeq></word><word seq="6">還</word><word seq="7">送上<GreekSeq>9</GreekSeq></word><word seq="8">所需要的東西。<GreekSeq>10</GreekSeq><GreekSeq>11</GreekSeq><GreekSeq>12</GreekSeq><GreekSeq>13</GreekSeq></word></CSB></verse>
<verse number="11"><CSB><word seq="1">過了<GreekSeq>1</GreekSeq></word><word seq="2">三個<GreekSeq>3</GreekSeq></word><word seq="3">月，<GreekSeq>4</GreekSeq></word><word seq="4">我們上了<GreekSeq>5</GreekSeq></word><word seq="5">一條亞歷山大的<GreekSeq>12</GreekSeq></word><word seq="6">船<GreekSeq>7</GreekSeq></word><word seq="7">起航。<GreekSeq>5</GreekSeq></word><word seq="8">這船是</word><word seq="9">在<GreekSeq>9</GreekSeq></word><word seq="10">那<GreekSeq>10</GreekSeq></word><word seq="11">海島<GreekSeq>11</GreekSeq></word><word seq="12">過冬的，<GreekSeq>8</GreekSeq></word><word seq="13">以「宙斯雙子神」<GreekSeq>14</GreekSeq></word><word seq="14">為船頭雕像。<GreekSeq>13</GreekSeq></word></CSB></verse>
<verse number="12"><CSB><word seq="1">我們</word><word seq="2">在<GreekSeq>3</GreekSeq></word><word seq="3">敘拉古<GreekSeq>4</GreekSeq></word><word seq="4">靠岸，<GreekSeq>2</GreekSeq></word><word seq="5">停留了<GreekSeq>5</GreekSeq></word><word seq="6">三<GreekSeq>7</GreekSeq></word><word seq="7">天，<GreekSeq>6</GreekSeq></word></CSB></verse>
<verse number="13"><CSB><word seq="1">又</word><word seq="2">從那裡<GreekSeq>1</GreekSeq></word><word seq="3">繞道航行，<GreekSeq>2</GreekSeq></word><word seq="4">到達<GreekSeq>3</GreekSeq></word><word seq="5">利基翁。<GreekSeq>5</GreekSeq></word><word seq="6">過了<GreekSeq>7</GreekSeq></word><word seq="7">一<GreekSeq>8</GreekSeq></word><word seq="8">天，<GreekSeq>9</GreekSeq></word><word seq="9">颳起了<GreekSeq>10</GreekSeq></word><word seq="10">南風，<GreekSeq>11</GreekSeq></word><word seq="11">第二天<GreekSeq>12</GreekSeq></word><word seq="12">我們就到了<GreekSeq>13</GreekSeq></word><word seq="13">普特奧利，<GreekSeq>15</GreekSeq></word></CSB></verse>
<verse number="14"><CSB><word seq="1">在那裡<GreekSeq>1</GreekSeq></word><word seq="2">找到<GreekSeq>2</GreekSeq></word><word seq="3">一些弟兄，<GreekSeq>3</GreekSeq></word><word seq="4">受邀請<GreekSeq>4</GreekSeq></word><word seq="5">與<GreekSeq>5</GreekSeq></word><word seq="6">他們<GreekSeq>6</GreekSeq></word><word seq="7">同<GreekSeq>5</GreekSeq></word><word seq="8">住了<GreekSeq>7</GreekSeq></word><word seq="9">七<GreekSeq>9</GreekSeq></word><word seq="10">天。<GreekSeq>8</GreekSeq></word><word seq="11">這樣，<GreekSeq>11</GreekSeq></word><word seq="12">我們來到了<GreekSeq>15</GreekSeq></word><word seq="13">羅馬。<GreekSeq>14</GreekSeq></word></CSB></verse>
<verse number="15"><CSB><word seq="1">那裡的<GreekSeq>1</GreekSeq></word><word seq="2">弟兄們<GreekSeq>3</GreekSeq></word><word seq="3">聽說了<GreekSeq>4</GreekSeq></word><word seq="4">有關<GreekSeq>6</GreekSeq></word><word seq="5">我們的<GreekSeq>7</GreekSeq></word><word seq="6">事，<GreekSeq>5</GreekSeq></word><word seq="7">趕<GreekSeq>8</GreekSeq></word><word seq="8">到<GreekSeq>12</GreekSeq></word><word seq="9">阿比烏<GreekSeq>13</GreekSeq></word><word seq="10">市場<GreekSeq>14</GreekSeq></word><word seq="11">和<GreekSeq>15</GreekSeq></word><word seq="12">三<GreekSeq>16</GreekSeq></word><word seq="13">館<GreekSeq>17</GreekSeq></word><word seq="14">來<GreekSeq>8</GreekSeq></word><word seq="15">迎接<GreekSeq>10</GreekSeq></word><word seq="16">我們。<GreekSeq>11</GreekSeq></word><word seq="17">保羅<GreekSeq>21</GreekSeq></word><word seq="18">見到<GreekSeq>19</GreekSeq></word><word seq="19">他們，<GreekSeq>18</GreekSeq></word><word seq="20">就</word><word seq="21">感謝<GreekSeq>22</GreekSeq></word><word seq="22">神，<GreekSeq>24</GreekSeq></word><word seq="23">得了<GreekSeq>25</GreekSeq></word><word seq="24">勇氣。<GreekSeq>26</GreekSeq></word></CSB></verse>
<verse number="16"><CSB><word seq="1">我們進了<GreekSeq>3</GreekSeq></word><word seq="2">羅馬<GreekSeq>5</GreekSeq></word><word seq="3">以後，<GreekSeq>1</GreekSeq></word><word seq="4">保羅<GreekSeq>8</GreekSeq></word><word seq="5">獲准<GreekSeq>6</GreekSeq></word><word seq="6">在<GreekSeq>12</GreekSeq></word><word seq="7">一個士兵<GreekSeq>16</GreekSeq></word><word seq="8">的看守之下，<GreekSeq>14</GreekSeq></word><word seq="9">獨自<GreekSeq>10</GreekSeq><GreekSeq>11</GreekSeq></word><word seq="10">居住。<GreekSeq>9</GreekSeq></word></CSB></verse>
<verse number="17"><CSB><word seq="1">第三<GreekSeq>5</GreekSeq></word><word seq="2">天，<GreekSeq>4</GreekSeq></word><word seq="3">[保羅]<GreekSeq>7</GreekSeq></word><word seq="4">請<GreekSeq>6</GreekSeq></word><word seq="5">猶太人的<GreekSeq>11</GreekSeq></word><word seq="6">首領們<GreekSeq>12</GreekSeq></word><word seq="7">來。<GreekSeq>6</GreekSeq></word><word seq="8">他們<GreekSeq>15</GreekSeq></word><word seq="9">聚集了，<GreekSeq>13</GreekSeq></word><word seq="10">保羅</word><word seq="11">就<GreekSeq>14</GreekSeq></word><word seq="12">對<GreekSeq>17</GreekSeq></word><word seq="13">他們<GreekSeq>18</GreekSeq></word><word seq="14">說：<GreekSeq>16</GreekSeq></word><word seq="15">「各位<GreekSeq>20</GreekSeq></word><word seq="16">兄弟，<GreekSeq>21</GreekSeq></word><word seq="17">我</word><word seq="18">沒有<GreekSeq>22</GreekSeq></word><word seq="19">做過<GreekSeq>24</GreekSeq></word><word seq="20">任何<GreekSeq>22</GreekSeq></word><word seq="21">反對<GreekSeq>23</GreekSeq></word><word seq="22">我們</word><word seq="23">民族<GreekSeq>26</GreekSeq></word><word seq="24">或<GreekSeq>27</GreekSeq></word><word seq="25">先祖<GreekSeq>31</GreekSeq></word><word seq="26">規矩<GreekSeq>29</GreekSeq></word><word seq="27">的事，<GreekSeq>24</GreekSeq></word><word seq="28">卻做為</word><word seq="29">囚犯<GreekSeq>32</GreekSeq></word><word seq="30">從<GreekSeq>33</GreekSeq></word><word seq="31">耶路撒冷<GreekSeq>34</GreekSeq></word><word seq="32">被交<GreekSeq>35</GreekSeq></word><word seq="33">到<GreekSeq>36</GreekSeq></word><word seq="34">羅馬人<GreekSeq>40</GreekSeq></word><word seq="35">手<GreekSeq>38</GreekSeq></word><word seq="36">中。<GreekSeq>36</GreekSeq></word></CSB></verse>
<verse number="18"><CSB><word seq="1">他們<GreekSeq>1</GreekSeq></word><word seq="2">審問<GreekSeq>2</GreekSeq></word><word seq="3">我<GreekSeq>3</GreekSeq></word><word seq="4">以後，<GreekSeq>2</GreekSeq></word><word seq="5">因為<GreekSeq>6</GreekSeq><GreekSeq>7</GreekSeq></word><word seq="6">沒<GreekSeq>8</GreekSeq></word><word seq="7">有<GreekSeq>11</GreekSeq></word><word seq="8">處死[我]的<GreekSeq>10</GreekSeq></word><word seq="9">任何<GreekSeq>8</GreekSeq></word><word seq="10">理由，<GreekSeq>9</GreekSeq></word><word seq="11">本來想要<GreekSeq>4</GreekSeq></word><word seq="12">釋放<GreekSeq>5</GreekSeq></word><word seq="13">我。</word></CSB></verse>
<verse number="19"><CSB><word seq="1">但是<GreekSeq>2</GreekSeq></word><word seq="2">由於</word><word seq="3">猶太人<GreekSeq>4</GreekSeq></word><word seq="4">反對，<GreekSeq>1</GreekSeq></word><word seq="5">我被迫<GreekSeq>5</GreekSeq></word><word seq="6">向凱撒<GreekSeq>7</GreekSeq></word><word seq="7">上訴，<GreekSeq>6</GreekSeq></word><word seq="8">並不是<GreekSeq>8</GreekSeq></word><word seq="9">有<GreekSeq>13</GreekSeq></word><word seq="10">什麼事<GreekSeq>14</GreekSeq></word><word seq="11">要控告<GreekSeq>15</GreekSeq></word><word seq="12">自己的<GreekSeq>12</GreekSeq></word><word seq="13">同胞。<GreekSeq>11</GreekSeq></word></CSB></verse>
<verse number="20"><CSB><word seq="1">因<GreekSeq>1</GreekSeq></word><word seq="2">這<GreekSeq>2</GreekSeq></word><word seq="3">理由，<GreekSeq>5</GreekSeq></word><word seq="4">我請<GreekSeq>6</GreekSeq></word><word seq="5">你們<GreekSeq>7</GreekSeq></word><word seq="6">來<GreekSeq>6</GreekSeq></word><word seq="7">見面<GreekSeq>8</GreekSeq></word><word seq="8">談話。<GreekSeq>10</GreekSeq></word><word seq="9">其實<GreekSeq>12</GreekSeq></word><word seq="10">我<GreekSeq>20</GreekSeq></word><word seq="11">是</word><word seq="12">為了<GreekSeq>11</GreekSeq></word><word seq="13">以色列所<GreekSeq>15</GreekSeq><GreekSeq>16</GreekSeq></word><word seq="14">盼望的[事]，<GreekSeq>14</GreekSeq></word><word seq="15">才</word><word seq="16">被這<GreekSeq>19</GreekSeq></word><word seq="17">鎖鏈<GreekSeq>18</GreekSeq></word><word seq="18">捆鎖<GreekSeq>20</GreekSeq></word><word seq="19">的。」</word></CSB></verse>
<verse number="21"><CSB><word seq="1">他們<GreekSeq>1</GreekSeq></word><word seq="2">對<GreekSeq>3</GreekSeq></word><word seq="3">[保羅]<GreekSeq>4</GreekSeq></word><word seq="4">說：<GreekSeq>5</GreekSeq></word><word seq="5">「我們<GreekSeq>6</GreekSeq></word><word seq="6">沒有<GreekSeq>7</GreekSeq></word><word seq="7">收到<GreekSeq>11</GreekSeq></word><word seq="8">從<GreekSeq>12</GreekSeq></word><word seq="9">猶太[來]的<GreekSeq>14</GreekSeq></word><word seq="10">有關<GreekSeq>9</GreekSeq></word><word seq="11">你的<GreekSeq>10</GreekSeq></word><word seq="12">文件。<GreekSeq>8</GreekSeq></word><word seq="13">來到這裡的<GreekSeq>16</GreekSeq></word><word seq="14">同胞中，<GreekSeq>19</GreekSeq></word><word seq="15">也沒<GreekSeq>15</GreekSeq></word><word seq="16">有人<GreekSeq>17</GreekSeq></word><word seq="17">報告過<GreekSeq>20</GreekSeq></word><word seq="18">或<GreekSeq>21</GreekSeq></word><word seq="19">說過<GreekSeq>22</GreekSeq></word><word seq="20">任何<GreekSeq>23</GreekSeq></word><word seq="21">有關<GreekSeq>24</GreekSeq></word><word seq="22">你的<GreekSeq>25</GreekSeq></word><word seq="23">壞[事]。<GreekSeq>26</GreekSeq></word></CSB></verse>
<verse number="22"><CSB><word seq="1">不過<GreekSeq>2</GreekSeq></word><word seq="2">我們覺得應該<GreekSeq>1</GreekSeq></word><word seq="3">聽聽<GreekSeq>5</GreekSeq></word><word seq="4">你的想法，<GreekSeq>6</GreekSeq><GreekSeq>7</GreekSeq></word><word seq="5">因為<GreekSeq>10</GreekSeq></word><word seq="6">我們<GreekSeq>15</GreekSeq></word><word seq="7">確實<GreekSeq>9</GreekSeq></word><word seq="8">知道<GreekSeq>14</GreekSeq></word><word seq="9">有關<GreekSeq>8</GreekSeq></word><word seq="10">這<GreekSeq>13</GreekSeq></word><word seq="11">教派的[事]，<GreekSeq>12</GreekSeq></word><word seq="12">它<GreekSeq>16</GreekSeq></word><word seq="13">到處<GreekSeq>18</GreekSeq></word><word seq="14">遭人反對。」<GreekSeq>19</GreekSeq></word></CSB></verse>
<verse number="23"><CSB><word seq="1">於是<GreekSeq>2</GreekSeq></word><word seq="2">他們</word><word seq="3">[和保羅]<GreekSeq>3</GreekSeq></word><word seq="4">定好了<GreekSeq>1</GreekSeq></word><word seq="5">日子，<GreekSeq>4</GreekSeq></word><word seq="6">就有</word><word seq="7">更多的人<GreekSeq>11</GreekSeq></word><word seq="8">來<GreekSeq>5</GreekSeq></word><word seq="9">到<GreekSeq>6</GreekSeq></word><word seq="10">他<GreekSeq>7</GreekSeq></word><word seq="11">的住所。<GreekSeq>10</GreekSeq></word><word seq="12">保羅</word><word seq="13">從<GreekSeq>33</GreekSeq></word><word seq="14">早<GreekSeq>34</GreekSeq></word><word seq="15">到<GreekSeq>35</GreekSeq></word><word seq="16">晚<GreekSeq>36</GreekSeq></word><word seq="17">對他們<GreekSeq>12</GreekSeq></word><word seq="18">講解，<GreekSeq>13</GreekSeq></word><word seq="19">為<GreekSeq>14</GreekSeq></word><word seq="20">神的<GreekSeq>18</GreekSeq></word><word seq="21">國<GreekSeq>16</GreekSeq></word><word seq="22">鄭重地做見證，<GreekSeq>14</GreekSeq></word><word seq="23">並且<GreekSeq>20</GreekSeq></word><word seq="24">引用<GreekSeq>25</GreekSeq></word><word seq="25">摩西的<GreekSeq>29</GreekSeq></word><word seq="26">律法<GreekSeq>28</GreekSeq></word><word seq="27">和<GreekSeq>30</GreekSeq></word><word seq="28">先知書上<GreekSeq>32</GreekSeq></word><word seq="29">有關<GreekSeq>22</GreekSeq></word><word seq="30">耶穌的<GreekSeq>24</GreekSeq></word><word seq="31">事<GreekSeq>22</GreekSeq></word><word seq="32">來勸導<GreekSeq>19</GreekSeq></word><word seq="33">他們。<GreekSeq>21</GreekSeq></word></CSB></verse>
<verse number="24"><CSB><word seq="1">對他所說的話，<GreekSeq>6</GreekSeq></word><word seq="2">有些人<GreekSeq>2</GreekSeq></word><word seq="3">信從了，<GreekSeq>4</GreekSeq></word><word seq="4">有些人<GreekSeq>7</GreekSeq></word><word seq="5">卻<GreekSeq>8</GreekSeq></word><word seq="6">不相信。<GreekSeq>9</GreekSeq></word></CSB></verse>
<verse number="25"><CSB><word seq="1">他們<GreekSeq>3</GreekSeq></word><word seq="2">彼此<GreekSeq>4</GreekSeq><GreekSeq>5</GreekSeq></word><word seq="3">不一致，<GreekSeq>1</GreekSeq></word><word seq="4">開始散去，<GreekSeq>6</GreekSeq></word><word seq="5">保羅<GreekSeq>9</GreekSeq></word><word seq="6">就</word><word seq="7">說了<GreekSeq>7</GreekSeq></word><word seq="8">一句<GreekSeq>11</GreekSeq></word><word seq="9">話：<GreekSeq>10</GreekSeq></word><word seq="10">「聖<GreekSeq>17</GreekSeq></word><word seq="11">靈<GreekSeq>15</GreekSeq></word><word seq="12">藉著<GreekSeq>19</GreekSeq></word><word seq="13">先知<GreekSeq>22</GreekSeq></word><word seq="14">以賽亞<GreekSeq>20</GreekSeq></word><word seq="15">對<GreekSeq>23</GreekSeq></word><word seq="16">你們<GreekSeq>26</GreekSeq></word><word seq="17">祖先<GreekSeq>25</GreekSeq></word><word seq="18">所說<GreekSeq>18</GreekSeq></word><word seq="19">的是</word><word seq="20">對的。<GreekSeq>13</GreekSeq></word></CSB></verse>
<verse number="26"><CSB><word seq="1">他說：<GreekSeq>1</GreekSeq></word><word seq="2">『你去<GreekSeq>2</GreekSeq></word><word seq="3">告訴<GreekSeq>8</GreekSeq></word><word seq="4">這<GreekSeq>6</GreekSeq></word><word seq="5">子民：<GreekSeq>5</GreekSeq></word><word seq="6">你們將聽了<GreekSeq>10</GreekSeq></word><word seq="7">又</word><word seq="8">聽，<GreekSeq>9</GreekSeq></word><word seq="9">但<GreekSeq>11</GreekSeq></word><word seq="10" note="οὐ μή Strong Code (3364)">絕不<GreekSeq>12</GreekSeq><GreekSeq>13</GreekSeq></word><word seq="11">會領悟；<GreekSeq>14</GreekSeq></word><word seq="12">你們將看了<GreekSeq>17</GreekSeq></word><word seq="13">又</word><word seq="14">看，<GreekSeq>16</GreekSeq></word><word seq="15">但<GreekSeq>18</GreekSeq></word><word seq="16" note="οὐ μή Strong Code (3364)">絕不<GreekSeq>19</GreekSeq><GreekSeq>20</GreekSeq></word><word seq="17">會明白；<GreekSeq>21</GreekSeq></word></CSB></verse>
<verse number="27"><CSB><word seq="1">因為<GreekSeq>2</GreekSeq></word><word seq="2">這<GreekSeq>7</GreekSeq></word><word seq="3">子民的<GreekSeq>6</GreekSeq></word><word seq="4">心<GreekSeq>4</GreekSeq></word><word seq="5">麻木了，<GreekSeq>1</GreekSeq></word><word seq="6">他們充耳不聞，<GreekSeq>10</GreekSeq><GreekSeq>11</GreekSeq><GreekSeq>12</GreekSeq></word><word seq="7">眼睛<GreekSeq>15</GreekSeq></word><word seq="8">閉著；<GreekSeq>17</GreekSeq></word><word seq="9">免得<GreekSeq>18</GreekSeq></word><word seq="10">他們<GreekSeq>19</GreekSeq></word><word seq="11">眼睛<GreekSeq>21</GreekSeq></word><word seq="12">看見，<GreekSeq>19</GreekSeq></word><word seq="13">耳朵<GreekSeq>24</GreekSeq></word><word seq="14">聽見，<GreekSeq>25</GreekSeq></word><word seq="15">心裡<GreekSeq>28</GreekSeq></word><word seq="16">領悟，<GreekSeq>29</GreekSeq></word><word seq="17">回轉過來，<GreekSeq>31</GreekSeq></word><word seq="18">我<GreekSeq>33</GreekSeq></word><word seq="19">就<GreekSeq>32</GreekSeq></word><word seq="20">使他們<GreekSeq>34</GreekSeq></word><word seq="21">痊癒。』<GreekSeq>33</GreekSeq></word></CSB></verse>
<verse number="28"><CSB><word seq="1">所以<GreekSeq>2</GreekSeq></word><word seq="2">你們<GreekSeq>4</GreekSeq></word><word seq="3">應當<GreekSeq>3</GreekSeq></word><word seq="4">知道：<GreekSeq>1</GreekSeq></word><word seq="5">神的<GreekSeq>13</GreekSeq></word><word seq="6">這<GreekSeq>9</GreekSeq></word><word seq="7">救恩<GreekSeq>11</GreekSeq></word><word seq="8">已經傳給了<GreekSeq>8</GreekSeq></word><word seq="9">外邦人，<GreekSeq>7</GreekSeq></word><word seq="10">他們<GreekSeq>14</GreekSeq></word><word seq="11">[反倒]<GreekSeq>15</GreekSeq></word><word seq="12">會聽！」<GreekSeq>16</GreekSeq></word></CSB></verse>
<verse number="29"><CSB><word seq="1" note="有些抄本在此有">保羅說完這些話，猶太人就走了，彼此議論紛紛。<GreekSeq>1</GreekSeq></word></CSB></verse>
<verse number="30"><CSB><word seq="1">保羅</word><word seq="2">在<GreekSeq>5</GreekSeq></word><word seq="3">自己<GreekSeq>6</GreekSeq></word><word seq="4">租的房子<GreekSeq>7</GreekSeq></word><word seq="5">裡<GreekSeq>5</GreekSeq></word><word seq="6">住了<GreekSeq>1</GreekSeq></word><word seq="7">整整<GreekSeq>4</GreekSeq></word><word seq="8">兩年，<GreekSeq>3</GreekSeq></word><word seq="9">所有<GreekSeq>10</GreekSeq></word><word seq="10">來<GreekSeq>12</GreekSeq></word><word seq="11">到<GreekSeq>13</GreekSeq></word><word seq="12">他<GreekSeq>14</GreekSeq></word><word seq="13">那裡<GreekSeq>13</GreekSeq></word><word seq="14">的人，<GreekSeq>12</GreekSeq></word><word seq="15">他[都]歡迎。<GreekSeq>9</GreekSeq></word></CSB></verse>
<verse number="31"><CSB><word seq="1">他宣講<GreekSeq>1</GreekSeq></word><word seq="2">神的<GreekSeq>5</GreekSeq></word><word seq="3">國、<GreekSeq>3</GreekSeq></word><word seq="4">教導<GreekSeq>7</GreekSeq></word><word seq="5">有關<GreekSeq>9</GreekSeq></word><word seq="6">主<GreekSeq>11</GreekSeq></word><word seq="7">耶穌<GreekSeq>12</GreekSeq></word><word seq="8">基督的<GreekSeq>13</GreekSeq></word><word seq="9">事，<GreekSeq>8</GreekSeq></word><word seq="10">滿<GreekSeq>15</GreekSeq></word><word seq="11">有<GreekSeq>14</GreekSeq></word><word seq="12">膽量、<GreekSeq>16</GreekSeq></word><word seq="13">沒有攔阻。<GreekSeq>17</GreekSeq></word></CSB></verse>
</chapter></book>