<?xml version="1.0" encoding="UTF-8" standalone="no"?><book><chapter number="6">
<verse number="1"><CSB><word seq="1">在<GreekSeq>1</GreekSeq></word><word seq="2">那些<GreekSeq>5</GreekSeq></word><word seq="3">日子<GreekSeq>4</GreekSeq></word><word seq="4">裡，<GreekSeq>1</GreekSeq></word><word seq="5">門徒<GreekSeq>8</GreekSeq></word><word seq="6">增多。<GreekSeq>6</GreekSeq></word><word seq="7">說</word><word seq="8">希臘[語]的[猶太人]<GreekSeq>12</GreekSeq></word><word seq="9">抱怨<GreekSeq>9</GreekSeq><GreekSeq>10</GreekSeq></word><word seq="10">那些<GreekSeq>14</GreekSeq></word><word seq="11">說</word><word seq="12">希伯來[語]的[猶太人]，<GreekSeq>15</GreekSeq></word><word seq="13">因為<GreekSeq>16</GreekSeq></word><word seq="14">他們的<GreekSeq>25</GreekSeq></word><word seq="15">寡婦<GreekSeq>24</GreekSeq></word><word seq="16">在<GreekSeq>18</GreekSeq></word><word seq="17">每日的<GreekSeq>22</GreekSeq></word><word seq="18">服事<GreekSeq>20</GreekSeq></word><word seq="19">上<GreekSeq>18</GreekSeq></word><word seq="20">被忽略了。<GreekSeq>17</GreekSeq></word></CSB></verse>
<verse number="2"><CSB><word seq="1">於是<GreekSeq>2</GreekSeq></word><word seq="2">十二[使徒]<GreekSeq>4</GreekSeq></word><word seq="3">召來<GreekSeq>1</GreekSeq></word><word seq="4">全體<GreekSeq>6</GreekSeq></word><word seq="5">門徒，<GreekSeq>8</GreekSeq></word><word seq="6">說：<GreekSeq>9</GreekSeq></word><word seq="7">「我們<GreekSeq>13</GreekSeq></word><word seq="8">撇下<GreekSeq>14</GreekSeq></word><word seq="9">神的<GreekSeq>18</GreekSeq></word><word seq="10">話語，<GreekSeq>16</GreekSeq></word><word seq="11">去管理<GreekSeq>19</GreekSeq></word><word seq="12">[飯食]，<GreekSeq>20</GreekSeq></word><word seq="13">是<GreekSeq>12</GreekSeq></word><word seq="14">不<GreekSeq>10</GreekSeq></word><word seq="15">妥當的。<GreekSeq>11</GreekSeq></word></CSB></verse>
<verse number="3"><CSB><word seq="1">[所以]<GreekSeq>2</GreekSeq></word><word seq="2">弟兄們，<GreekSeq>3</GreekSeq></word><word seq="3">要<GreekSeq>1</GreekSeq></word><word seq="4">從<GreekSeq>5</GreekSeq></word><word seq="5">你們<GreekSeq>6</GreekSeq></word><word seq="6">當中<GreekSeq>5</GreekSeq></word><word seq="7">挑選<GreekSeq>1</GreekSeq></word><word seq="8">七個<GreekSeq>8</GreekSeq></word><word seq="9">有好名聲、<GreekSeq>7</GreekSeq></word><word seq="10">充滿<GreekSeq>9</GreekSeq></word><word seq="11">[聖]靈<GreekSeq>10</GreekSeq></word><word seq="12">和<GreekSeq>11</GreekSeq></word><word seq="13">智慧的<GreekSeq>12</GreekSeq></word><word seq="14">人；<GreekSeq>4</GreekSeq></word><word seq="15">我們就委任<GreekSeq>14</GreekSeq></word><word seq="16">他們<GreekSeq>13</GreekSeq></word><word seq="17">統管<GreekSeq>15</GreekSeq></word><word seq="18">這<GreekSeq>18</GreekSeq></word><word seq="19">事務。<GreekSeq>17</GreekSeq></word></CSB></verse>
<verse number="4"><CSB><word seq="1">這樣，</word><word seq="2">我們<GreekSeq>1</GreekSeq></word><word seq="3">將可專心<GreekSeq>10</GreekSeq></word><word seq="4">於禱告<GreekSeq>4</GreekSeq></word><word seq="5">和<GreekSeq>5</GreekSeq></word><word seq="6">[福音]的<GreekSeq>9</GreekSeq></word><word seq="7">服事工作。」<GreekSeq>7</GreekSeq></word></CSB></verse>
<verse number="5"><CSB><word seq="1">這<GreekSeq>3</GreekSeq></word><word seq="2">話<GreekSeq>4</GreekSeq></word><word seq="3">使<GreekSeq>2</GreekSeq></word><word seq="4">全體<GreekSeq>6</GreekSeq></word><word seq="5">會眾<GreekSeq>8</GreekSeq></word><word seq="6">都</word><word seq="7">喜悅，<GreekSeq>2</GreekSeq></word><word seq="8">於是<GreekSeq>9</GreekSeq></word><word seq="9">選出了<GreekSeq>10</GreekSeq></word><word seq="10">司提反<GreekSeq>11</GreekSeq></word><word seq="11">——他是</word><word seq="12">一個充滿<GreekSeq>13</GreekSeq></word><word seq="13">信仰<GreekSeq>14</GreekSeq></word><word seq="14">和<GreekSeq>15</GreekSeq></word><word seq="15">聖<GreekSeq>17</GreekSeq></word><word seq="16">靈的<GreekSeq>16</GreekSeq></word><word seq="17">人，<GreekSeq>12</GreekSeq></word><word seq="18">還有<GreekSeq>18</GreekSeq></word><word seq="19">腓利、<GreekSeq>19</GreekSeq></word><word seq="20">普羅克羅、<GreekSeq>21</GreekSeq></word><word seq="21">尼卡諾、<GreekSeq>23</GreekSeq></word><word seq="22">提門、<GreekSeq>25</GreekSeq></word><word seq="23">帕米納，<GreekSeq>27</GreekSeq></word><word seq="24">以及<GreekSeq>28</GreekSeq></word><word seq="25">入猶太教的<GreekSeq>30</GreekSeq></word><word seq="26">安提阿人<GreekSeq>31</GreekSeq></word><word seq="27">尼古拉斯。<GreekSeq>29</GreekSeq></word></CSB></verse>
<verse number="6"><CSB><word seq="1">他們<GreekSeq>2</GreekSeq></word><word seq="2">請這些人<GreekSeq>1</GreekSeq></word><word seq="3">站<GreekSeq>2</GreekSeq></word><word seq="4">在<GreekSeq>3</GreekSeq></word><word seq="5">使徒們<GreekSeq>5</GreekSeq></word><word seq="6">面前，<GreekSeq>3</GreekSeq></word><word seq="7">使徒們</word><word seq="8">就<GreekSeq>6</GreekSeq></word><word seq="9">禱告，<GreekSeq>7</GreekSeq></word><word seq="10">按<GreekSeq>8</GreekSeq></word><word seq="11">手<GreekSeq>11</GreekSeq></word><word seq="12">在他們<GreekSeq>9</GreekSeq></word><word seq="13">身上。</word></CSB></verse>
<verse number="7"><CSB><word seq="1">這樣，<GreekSeq>1</GreekSeq></word><word seq="2">神的<GreekSeq>5</GreekSeq></word><word seq="3">話語<GreekSeq>3</GreekSeq></word><word seq="4">不斷擴展，<GreekSeq>6</GreekSeq></word><word seq="5">在<GreekSeq>13</GreekSeq></word><word seq="6">耶路撒冷<GreekSeq>14</GreekSeq></word><word seq="7">門徒的<GreekSeq>12</GreekSeq></word><word seq="8">[人]數<GreekSeq>10</GreekSeq></word><word seq="9">大大<GreekSeq>15</GreekSeq></word><word seq="10">增多，<GreekSeq>8</GreekSeq></word><word seq="11">並且<GreekSeq>17</GreekSeq></word><word seq="12">有</word><word seq="13">一大群<GreekSeq>16</GreekSeq><GreekSeq>18</GreekSeq></word><word seq="14">祭司<GreekSeq>20</GreekSeq></word><word seq="15">也</word><word seq="16">聽從了<GreekSeq>21</GreekSeq></word><word seq="17">這<GreekSeq>22</GreekSeq></word><word seq="18">信仰。<GreekSeq>23</GreekSeq></word></CSB></verse>
<verse number="8"><CSB><word seq="1">司提反<GreekSeq>1</GreekSeq></word><word seq="2">滿有<GreekSeq>3</GreekSeq></word><word seq="3">恩惠<GreekSeq>4</GreekSeq></word><word seq="4">和<GreekSeq>5</GreekSeq></word><word seq="5">能力，<GreekSeq>6</GreekSeq></word><word seq="6">在<GreekSeq>12</GreekSeq></word><word seq="7">民<GreekSeq>14</GreekSeq></word><word seq="8">間<GreekSeq>12</GreekSeq></word><word seq="9">行了<GreekSeq>7</GreekSeq></word><word seq="10">許多</word><word seq="11">大<GreekSeq>11</GreekSeq></word><word seq="12">奇事<GreekSeq>8</GreekSeq></word><word seq="13">和<GreekSeq>9</GreekSeq></word><word seq="14">神蹟。<GreekSeq>10</GreekSeq></word></CSB></verse>
<verse number="9"><CSB><word seq="1">可是<GreekSeq>2</GreekSeq></word><word seq="2">一些<GreekSeq>3</GreekSeq></word><word seq="3">來自<GreekSeq>5</GreekSeq></word><word seq="4">稱為<GreekSeq>9</GreekSeq></word><word seq="5">「自由人」<GreekSeq>10</GreekSeq></word><word seq="6">會堂的<GreekSeq>7</GreekSeq></word><word seq="7">人，</word><word seq="8">包括<GreekSeq>11</GreekSeq></word><word seq="9">一些</word><word seq="10">古利奈人、<GreekSeq>12</GreekSeq></word><word seq="11">亞歷山大人，<GreekSeq>14</GreekSeq></word><word seq="12">還有<GreekSeq>15</GreekSeq></word><word seq="13">來自<GreekSeq>17</GreekSeq></word><word seq="14">奇里乞亞[省]<GreekSeq>18</GreekSeq></word><word seq="15">和<GreekSeq>19</GreekSeq></word><word seq="16">亞細亞[省]<GreekSeq>20</GreekSeq></word><word seq="17">的人，<GreekSeq>16</GreekSeq></word><word seq="18">起來<GreekSeq>1</GreekSeq></word><word seq="19">與<GreekSeq>21</GreekSeq></word><word seq="20">司提反<GreekSeq>23</GreekSeq></word><word seq="21">辯論，<GreekSeq>21</GreekSeq></word></CSB></verse>
<verse number="10"><CSB><word seq="1">但<GreekSeq>1</GreekSeq></word><word seq="2">司提反</word><word seq="3">以智慧<GreekSeq>6</GreekSeq></word><word seq="4">和<GreekSeq>7</GreekSeq></word><word seq="5">[聖]靈<GreekSeq>9</GreekSeq></word><word seq="6">說話，<GreekSeq>11</GreekSeq></word><word seq="7">他們<GreekSeq>3</GreekSeq></word><word seq="8">就</word><word seq="9">抵擋<GreekSeq>4</GreekSeq></word><word seq="10">不住。<GreekSeq>2</GreekSeq><GreekSeq>3</GreekSeq></word></CSB></verse>
<verse number="11"><CSB><word seq="1">於是<GreekSeq>1</GreekSeq></word><word seq="2">他們暗中唆使<GreekSeq>2</GreekSeq></word><word seq="3">人<GreekSeq>3</GreekSeq></word><word seq="4">說：<GreekSeq>4</GreekSeq></word><word seq="5">「我們聽過<GreekSeq>6</GreekSeq></word><word seq="6">這個人<GreekSeq>7</GreekSeq></word><word seq="7">[針]對<GreekSeq>11</GreekSeq></word><word seq="8">摩西<GreekSeq>12</GreekSeq></word><word seq="9">和<GreekSeq>13</GreekSeq></word><word seq="10">神<GreekSeq>15</GreekSeq></word><word seq="11">說<GreekSeq>8</GreekSeq></word><word seq="12">褻瀆的<GreekSeq>10</GreekSeq></word><word seq="13">話語。」<GreekSeq>9</GreekSeq></word></CSB></verse>
<verse number="12"><CSB><word seq="1">他們<GreekSeq>1</GreekSeq></word><word seq="2">又<GreekSeq>2</GreekSeq></word><word seq="3">煽動<GreekSeq>1</GreekSeq></word><word seq="4">民眾、<GreekSeq>4</GreekSeq></word><word seq="5">長老<GreekSeq>7</GreekSeq></word><word seq="6">和<GreekSeq>8</GreekSeq></word><word seq="7">經文士們<GreekSeq>10</GreekSeq></word><word seq="8">就<GreekSeq>11</GreekSeq></word><word seq="9">忽然來<GreekSeq>12</GreekSeq></word><word seq="10">抓住<GreekSeq>13</GreekSeq></word><word seq="11">[司提反]，<GreekSeq>14</GreekSeq></word><word seq="12">把他</word><word seq="13">帶<GreekSeq>16</GreekSeq></word><word seq="14">到<GreekSeq>17</GreekSeq></word><word seq="15">議會，<GreekSeq>19</GreekSeq></word></CSB></verse>
<verse number="13"><CSB><word seq="1">並且<GreekSeq>2</GreekSeq></word><word seq="2">推出<GreekSeq>1</GreekSeq></word><word seq="3">假<GreekSeq>4</GreekSeq></word><word seq="4">見證人<GreekSeq>3</GreekSeq></word><word seq="5">說：<GreekSeq>5</GreekSeq></word><word seq="6">「這個<GreekSeq>8</GreekSeq></word><word seq="7">人<GreekSeq>7</GreekSeq></word><word seq="8">不<GreekSeq>9</GreekSeq></word><word seq="9">斷<GreekSeq>10</GreekSeq></word><word seq="10">地</word><word seq="11">說<GreekSeq>11</GreekSeq></word><word seq="12">褻瀆神的</word><word seq="13">話語，<GreekSeq>12</GreekSeq></word><word seq="14">反對<GreekSeq>13</GreekSeq></word><word seq="15">這<GreekSeq>18</GreekSeq></word><word seq="16">聖<GreekSeq>17</GreekSeq></word><word seq="17">[所]<GreekSeq>15</GreekSeq></word><word seq="18">和<GreekSeq>19</GreekSeq></word><word seq="19">律法。<GreekSeq>21</GreekSeq></word></CSB></verse>
<verse number="14"><CSB><word seq="1">我們曾聽到<GreekSeq>1</GreekSeq></word><word seq="2">他<GreekSeq>3</GreekSeq></word><word seq="3">說，<GreekSeq>4</GreekSeq></word><word seq="4">這個<GreekSeq>9</GreekSeq></word><word seq="5">拿撒勒人<GreekSeq>8</GreekSeq></word><word seq="6">耶穌<GreekSeq>6</GreekSeq></word><word seq="7">要拆毀<GreekSeq>10</GreekSeq></word><word seq="8">這<GreekSeq>13</GreekSeq></word><word seq="9">地方，<GreekSeq>12</GreekSeq></word><word seq="10">也<GreekSeq>14</GreekSeq></word><word seq="11">要改變<GreekSeq>15</GreekSeq></word><word seq="12">摩西<GreekSeq>21</GreekSeq></word><word seq="13">傳給<GreekSeq>19</GreekSeq></word><word seq="14">我們<GreekSeq>20</GreekSeq></word><word seq="15">的規矩。」<GreekSeq>17</GreekSeq></word></CSB></verse>
<verse number="15"><CSB><word seq="1">所有<GreekSeq>5</GreekSeq></word><word seq="2">坐<GreekSeq>7</GreekSeq></word><word seq="3">在<GreekSeq>8</GreekSeq></word><word seq="4">議會<GreekSeq>10</GreekSeq></word><word seq="5">裡<GreekSeq>8</GreekSeq></word><word seq="6">的人<GreekSeq>7</GreekSeq></word><word seq="7">都</word><word seq="8">注視著<GreekSeq>2</GreekSeq></word><word seq="9">[司提反]，<GreekSeq>4</GreekSeq></word><word seq="10">看見<GreekSeq>11</GreekSeq></word><word seq="11">他的<GreekSeq>14</GreekSeq></word><word seq="12">面容<GreekSeq>13</GreekSeq></word><word seq="13">好像<GreekSeq>15</GreekSeq></word><word seq="14">天使的<GreekSeq>17</GreekSeq></word><word seq="15">面容。<GreekSeq>16</GreekSeq></word></CSB></verse>
</chapter></book>