<?xml version="1.0" encoding="UTF-8" standalone="no"?><book><chapter number="21">
<verse number="1"><CSB><word seq="1">我們<GreekSeq>5</GreekSeq></word><word seq="2">與<GreekSeq>7</GreekSeq></word><word seq="3">他們<GreekSeq>8</GreekSeq></word><word seq="4">惜別以後<GreekSeq>6</GreekSeq></word><word seq="5">就<GreekSeq>2</GreekSeq></word><word seq="6">開船<GreekSeq>4</GreekSeq></word><word seq="7">直航，<GreekSeq>9</GreekSeq></word><word seq="8">來<GreekSeq>10</GreekSeq></word><word seq="9">到<GreekSeq>11</GreekSeq></word><word seq="10">科斯<GreekSeq>13</GreekSeq></word><word seq="11">島。</word><word seq="12">第二天<GreekSeq>14</GreekSeq><GreekSeq>16</GreekSeq></word><word seq="13">到了<GreekSeq>17</GreekSeq></word><word seq="14">羅得<GreekSeq>19</GreekSeq></word><word seq="15">島，</word><word seq="16">又從那裡<GreekSeq>20</GreekSeq></word><word seq="17">到<GreekSeq>21</GreekSeq></word><word seq="18">帕塔拉，<GreekSeq>22</GreekSeq></word></CSB></verse>
<verse number="2"><CSB><word seq="1">找到了<GreekSeq>2</GreekSeq></word><word seq="2">一條<GreekSeq>3</GreekSeq></word><word seq="3">開<GreekSeq>4</GreekSeq></word><word seq="4">往<GreekSeq>5</GreekSeq></word><word seq="5">腓尼基<GreekSeq>6</GreekSeq></word><word seq="6">的<GreekSeq>4</GreekSeq></word><word seq="7">船，<GreekSeq>3</GreekSeq></word><word seq="8">就</word><word seq="9">上船<GreekSeq>7</GreekSeq></word><word seq="10">起航。<GreekSeq>8</GreekSeq></word></CSB></verse>
<verse number="3"><CSB><word seq="1">我們望見<GreekSeq>1</GreekSeq></word><word seq="2">塞浦路斯<GreekSeq>4</GreekSeq></word><word seq="3">島，</word><word seq="4">駛過的時候<GreekSeq>6</GreekSeq></word><word seq="5">它<GreekSeq>7</GreekSeq></word><word seq="6">在左邊。<GreekSeq>8</GreekSeq></word><word seq="7">我們繼續<GreekSeq>9</GreekSeq></word><word seq="8">向<GreekSeq>10</GreekSeq></word><word seq="9">敘利亞<GreekSeq>11</GreekSeq></word><word seq="10">省</word><word seq="11">航行，<GreekSeq>9</GreekSeq></word><word seq="12">在<GreekSeq>14</GreekSeq></word><word seq="13">提爾<GreekSeq>15</GreekSeq></word><word seq="14">登陸，<GreekSeq>13</GreekSeq></word><word seq="15">因為<GreekSeq>17</GreekSeq></word><word seq="16">船<GreekSeq>19</GreekSeq></word><word seq="17">要<GreekSeq>20</GreekSeq></word><word seq="18">在那裡<GreekSeq>16</GreekSeq></word><word seq="19">卸<GreekSeq>21</GreekSeq></word><word seq="20">貨。<GreekSeq>23</GreekSeq></word></CSB></verse>
<verse number="4"><CSB><word seq="1">我們找到了<GreekSeq>1</GreekSeq></word><word seq="2">一些<GreekSeq>3</GreekSeq></word><word seq="3">門徒，<GreekSeq>4</GreekSeq></word><word seq="4">就</word><word seq="5">在那裡<GreekSeq>6</GreekSeq></word><word seq="6">住了<GreekSeq>5</GreekSeq></word><word seq="7">七<GreekSeq>8</GreekSeq></word><word seq="8">天。<GreekSeq>7</GreekSeq></word><word seq="9">他們<GreekSeq>9</GreekSeq></word><word seq="10">藉著<GreekSeq>13</GreekSeq></word><word seq="11">[聖]靈，<GreekSeq>15</GreekSeq></word><word seq="12">一直告訴<GreekSeq>12</GreekSeq></word><word seq="13">保羅<GreekSeq>11</GreekSeq></word><word seq="14">不<GreekSeq>16</GreekSeq></word><word seq="15">要上<GreekSeq>17</GreekSeq></word><word seq="16">耶路撒冷<GreekSeq>19</GreekSeq></word><word seq="17">去。<GreekSeq>17</GreekSeq></word></CSB></verse>
<verse number="5"><CSB><word seq="1">那些<GreekSeq>6</GreekSeq></word><word seq="2">日子<GreekSeq>7</GreekSeq></word><word seq="3">過了<GreekSeq>5</GreekSeq></word><word seq="4">以後，<GreekSeq>1</GreekSeq></word><word seq="5">我們<GreekSeq>4</GreekSeq></word><word seq="6">出發<GreekSeq>8</GreekSeq></word><word seq="7">前行，<GreekSeq>9</GreekSeq></word><word seq="8">大家<GreekSeq>12</GreekSeq></word><word seq="9">與<GreekSeq>13</GreekSeq></word><word seq="10">妻子<GreekSeq>14</GreekSeq></word><word seq="11">和<GreekSeq>15</GreekSeq></word><word seq="12">兒女<GreekSeq>16</GreekSeq></word><word seq="13">一起<GreekSeq>13</GreekSeq></word><word seq="14">送<GreekSeq>10</GreekSeq></word><word seq="15">我們<GreekSeq>11</GreekSeq></word><word seq="16">到<GreekSeq>17</GreekSeq></word><word seq="17">城<GreekSeq>20</GreekSeq></word><word seq="18">外。<GreekSeq>18</GreekSeq></word><word seq="19">我們都</word><word seq="20">跪<GreekSeq>22</GreekSeq><GreekSeq>23</GreekSeq><GreekSeq>24</GreekSeq></word><word seq="21">在<GreekSeq>25</GreekSeq></word><word seq="22">岸<GreekSeq>27</GreekSeq></word><word seq="23">上<GreekSeq>25</GreekSeq></word><word seq="24">禱告，<GreekSeq>28</GreekSeq></word></CSB></verse>
<verse number="6"><CSB><word seq="1">彼此<GreekSeq>2</GreekSeq></word><word seq="2">告別。<GreekSeq>1</GreekSeq></word><word seq="3">我們上了<GreekSeq>4</GreekSeq></word><word seq="4">船，<GreekSeq>7</GreekSeq></word><word seq="5">他們<GreekSeq>8</GreekSeq></word><word seq="6">就<GreekSeq>9</GreekSeq></word><word seq="7">回<GreekSeq>10</GreekSeq></word><word seq="8">自己的家<GreekSeq>12</GreekSeq><GreekSeq>13</GreekSeq></word><word seq="9">去了。<GreekSeq>10</GreekSeq></word></CSB></verse>
<verse number="7"><CSB><word seq="1">我們<GreekSeq>1</GreekSeq></word><word seq="2">結束了<GreekSeq>5</GreekSeq></word><word seq="3">從<GreekSeq>6</GreekSeq></word><word seq="4">提爾<GreekSeq>7</GreekSeq></word><word seq="5">開始的</word><word seq="6">航程，<GreekSeq>4</GreekSeq></word><word seq="7">到達<GreekSeq>8</GreekSeq></word><word seq="8">托勒密，<GreekSeq>10</GreekSeq></word><word seq="9">就<GreekSeq>11</GreekSeq></word><word seq="10">去問候<GreekSeq>12</GreekSeq></word><word seq="11">弟兄們，<GreekSeq>14</GreekSeq></word><word seq="12">在<GreekSeq>18</GreekSeq></word><word seq="13">他們<GreekSeq>19</GreekSeq></word><word seq="14">那裡<GreekSeq>18</GreekSeq></word><word seq="15">住了<GreekSeq>15</GreekSeq></word><word seq="16">一<GreekSeq>16</GreekSeq></word><word seq="17">天。<GreekSeq>17</GreekSeq></word></CSB></verse>
<verse number="8"><CSB><word seq="1">第二天<GreekSeq>3</GreekSeq></word><word seq="2">我們<GreekSeq>5</GreekSeq></word><word seq="3">離開<GreekSeq>4</GreekSeq></word><word seq="4">那裡，</word><word seq="5">來<GreekSeq>5</GreekSeq></word><word seq="6">到<GreekSeq>6</GreekSeq></word><word seq="7">凱撒里亞，<GreekSeq>7</GreekSeq></word><word seq="8">進了<GreekSeq>9</GreekSeq></word><word seq="9">傳福音者<GreekSeq>15</GreekSeq></word><word seq="10">腓利的<GreekSeq>13</GreekSeq></word><word seq="11">家，<GreekSeq>12</GreekSeq></word><word seq="12">住<GreekSeq>20</GreekSeq></word><word seq="13">在<GreekSeq>21</GreekSeq></word><word seq="14">他<GreekSeq>22</GreekSeq></word><word seq="15">那裡，<GreekSeq>21</GreekSeq></word><word seq="16">他是<GreekSeq>16</GreekSeq></word><word seq="17">那<GreekSeq>18</GreekSeq></word><word seq="18">七位<GreekSeq>19</GreekSeq></word><word seq="19">執事</word><word seq="20">中[的一位]。<GreekSeq>17</GreekSeq></word></CSB></verse>
<verse number="9"><CSB><word seq="1">他<GreekSeq>1</GreekSeq></word><word seq="2">有<GreekSeq>3</GreekSeq></word><word seq="3">四個<GreekSeq>5</GreekSeq></word><word seq="4">女兒，<GreekSeq>4</GreekSeq></word><word seq="5">都是</word><word seq="6">童貞女，<GreekSeq>6</GreekSeq></word><word seq="7">是</word><word seq="8">做先知傳道的。<GreekSeq>7</GreekSeq></word></CSB></verse>
<verse number="10"><CSB><word seq="1">我們</word><word seq="2">住了<GreekSeq>1</GreekSeq></word><word seq="3">好幾<GreekSeq>4</GreekSeq></word><word seq="4">天，<GreekSeq>3</GreekSeq></word><word seq="5">有一個<GreekSeq>6</GreekSeq></word><word seq="6">名叫<GreekSeq>11</GreekSeq></word><word seq="7">阿伽布斯<GreekSeq>12</GreekSeq></word><word seq="8">的</word><word seq="9">先知<GreekSeq>10</GreekSeq></word><word seq="10">從<GreekSeq>7</GreekSeq></word><word seq="11">猶太<GreekSeq>9</GreekSeq></word><word seq="12">下來了。<GreekSeq>5</GreekSeq></word></CSB></verse>
<verse number="11"><CSB><word seq="1">他來<GreekSeq>2</GreekSeq></word><word seq="2">到<GreekSeq>3</GreekSeq></word><word seq="3">我們<GreekSeq>4</GreekSeq></word><word seq="4">這裡，<GreekSeq>3</GreekSeq></word><word seq="5">拿起<GreekSeq>6</GreekSeq></word><word seq="6">保羅的<GreekSeq>10</GreekSeq></word><word seq="7">腰帶，<GreekSeq>8</GreekSeq></word><word seq="8">把<GreekSeq>11</GreekSeq></word><word seq="9">自己的<GreekSeq>12</GreekSeq></word><word seq="10">手<GreekSeq>17</GreekSeq></word><word seq="11">腳<GreekSeq>14</GreekSeq></word><word seq="12">捆起來，<GreekSeq>11</GreekSeq></word><word seq="13">說：<GreekSeq>18</GreekSeq></word><word seq="14">「聖<GreekSeq>24</GreekSeq></word><word seq="15">靈<GreekSeq>22</GreekSeq></word><word seq="16">這樣<GreekSeq>19</GreekSeq></word><word seq="17">說，<GreekSeq>20</GreekSeq></word><word seq="18">猶太人<GreekSeq>37</GreekSeq></word><word seq="19">在<GreekSeq>34</GreekSeq></word><word seq="20">耶路撒冷<GreekSeq>35</GreekSeq></word><word seq="21">要<GreekSeq>33</GreekSeq></word><word seq="22">如此<GreekSeq>32</GreekSeq></word><word seq="23">捆綁<GreekSeq>33</GreekSeq></word><word seq="24">這<GreekSeq>31</GreekSeq></word><word seq="25">腰帶<GreekSeq>30</GreekSeq></word><word seq="26">的主人，<GreekSeq>26</GreekSeq><GreekSeq>27</GreekSeq><GreekSeq>28</GreekSeq></word><word seq="27">把他</word><word seq="28">交<GreekSeq>39</GreekSeq></word><word seq="29">在<GreekSeq>40</GreekSeq></word><word seq="30">外邦人的<GreekSeq>42</GreekSeq></word><word seq="31">手<GreekSeq>41</GreekSeq></word><word seq="32">中。」<GreekSeq>40</GreekSeq></word></CSB></verse>
<verse number="12"><CSB><word seq="1">我們一聽<GreekSeq>3</GreekSeq></word><word seq="2">這些[話]，<GreekSeq>4</GreekSeq></word><word seq="3">就<GreekSeq>7</GreekSeq></word><word seq="4">和<GreekSeq>8</GreekSeq></word><word seq="5">當地的人<GreekSeq>9</GreekSeq><GreekSeq>10</GreekSeq></word><word seq="6">懇求<GreekSeq>5</GreekSeq></word><word seq="7">[保羅]<GreekSeq>14</GreekSeq></word><word seq="8">不<GreekSeq>12</GreekSeq></word><word seq="9">要上<GreekSeq>13</GreekSeq></word><word seq="10">耶路撒冷<GreekSeq>16</GreekSeq></word><word seq="11">去。<GreekSeq>13</GreekSeq></word></CSB></verse>
<verse number="13"><CSB><word seq="1">這時候<GreekSeq>1</GreekSeq></word><word seq="2">保羅<GreekSeq>4</GreekSeq></word><word seq="3">說：<GreekSeq>2</GreekSeq></word><word seq="4">「你們<GreekSeq>6</GreekSeq></word><word seq="5">為什麼<GreekSeq>5</GreekSeq></word><word seq="6">哭，<GreekSeq>7</GreekSeq></word><word seq="7">使<GreekSeq>9</GreekSeq></word><word seq="8">我<GreekSeq>10</GreekSeq></word><word seq="9">心<GreekSeq>12</GreekSeq></word><word seq="10">碎<GreekSeq>9</GreekSeq></word><word seq="11">呢？</word><word seq="12">我<GreekSeq>13</GreekSeq></word><word seq="13">為了<GreekSeq>25</GreekSeq></word><word seq="14">主<GreekSeq>29</GreekSeq></word><word seq="15">耶穌的<GreekSeq>30</GreekSeq></word><word seq="16">名，<GreekSeq>27</GreekSeq></word><word seq="17">不<GreekSeq>15</GreekSeq></word><word seq="18">僅<GreekSeq>16</GreekSeq></word><word seq="19">被捆綁，<GreekSeq>17</GreekSeq></word><word seq="20">即使<GreekSeq>18</GreekSeq></word><word seq="21">死<GreekSeq>20</GreekSeq></word><word seq="22">在<GreekSeq>21</GreekSeq></word><word seq="23">耶路撒冷，<GreekSeq>22</GreekSeq></word><word seq="24">也<GreekSeq>19</GreekSeq></word><word seq="25">都</word><word seq="26">預備好了。」<GreekSeq>23</GreekSeq></word></CSB></verse>
<verse number="14"><CSB><word seq="1">我們<GreekSeq>5</GreekSeq></word><word seq="2">既然<GreekSeq>3</GreekSeq></word><word seq="3">不<GreekSeq>1</GreekSeq></word><word seq="4">能說服<GreekSeq>2</GreekSeq></word><word seq="5">[保羅]，<GreekSeq>4</GreekSeq></word><word seq="6">就都</word><word seq="7">安靜下來，<GreekSeq>5</GreekSeq></word><word seq="8">只</word><word seq="9">說：<GreekSeq>6</GreekSeq></word><word seq="10">「願<GreekSeq>11</GreekSeq></word><word seq="11">主的<GreekSeq>8</GreekSeq></word><word seq="12">旨意<GreekSeq>10</GreekSeq></word><word seq="13">成就。」<GreekSeq>11</GreekSeq></word></CSB></verse>
<verse number="15"><CSB><word seq="1">過了<GreekSeq>1</GreekSeq></word><word seq="2">幾天，<GreekSeq>4</GreekSeq></word><word seq="3">我們收拾行李，<GreekSeq>6</GreekSeq></word><word seq="4">上<GreekSeq>7</GreekSeq></word><word seq="5">耶路撒冷<GreekSeq>9</GreekSeq></word><word seq="6">去。<GreekSeq>7</GreekSeq></word></CSB></verse>
<verse number="16"><CSB><word seq="1">凱撒里亞的<GreekSeq>7</GreekSeq></word><word seq="2">一些<GreekSeq>4</GreekSeq></word><word seq="3">門徒<GreekSeq>5</GreekSeq></word><word seq="4">也<GreekSeq>3</GreekSeq></word><word seq="5">陪<GreekSeq>8</GreekSeq></word><word seq="6">我們<GreekSeq>9</GreekSeq></word><word seq="7">一起去，<GreekSeq>1</GreekSeq></word><word seq="8">帶[我們]到<GreekSeq>10</GreekSeq></word><word seq="9">一個<GreekSeq>15</GreekSeq></word><word seq="10">塞浦路斯人<GreekSeq>16</GreekSeq></word><word seq="11">納森<GreekSeq>14</GreekSeq></word><word seq="12">家裡去</word><word seq="13">作客住宿。<GreekSeq>13</GreekSeq></word><word seq="14">他做</word><word seq="15">門徒<GreekSeq>18</GreekSeq></word><word seq="16">已經很久了。<GreekSeq>17</GreekSeq></word></CSB></verse>
<verse number="17"><CSB><word seq="1">我們<GreekSeq>3</GreekSeq></word><word seq="2">到了<GreekSeq>1</GreekSeq></word><word seq="3">耶路撒冷，<GreekSeq>5</GreekSeq></word><word seq="4">弟兄們<GreekSeq>10</GreekSeq></word><word seq="5">很高興地<GreekSeq>6</GreekSeq></word><word seq="6">歡迎<GreekSeq>7</GreekSeq></word><word seq="7">我們。<GreekSeq>8</GreekSeq></word></CSB></verse>
<verse number="18"><CSB><word seq="1">第二天，<GreekSeq>3</GreekSeq></word><word seq="2">保羅<GreekSeq>6</GreekSeq></word><word seq="3">與<GreekSeq>7</GreekSeq></word><word seq="4">我們<GreekSeq>8</GreekSeq></word><word seq="5">一起<GreekSeq>7</GreekSeq></word><word seq="6">去<GreekSeq>4</GreekSeq></word><word seq="7">[探望]<GreekSeq>9</GreekSeq></word><word seq="8">雅各，<GreekSeq>10</GreekSeq></word><word seq="9">所有的<GreekSeq>11</GreekSeq></word><word seq="10">長老<GreekSeq>15</GreekSeq></word><word seq="11">也<GreekSeq>12</GreekSeq></word><word seq="12">都</word><word seq="13">來了。<GreekSeq>13</GreekSeq></word></CSB></verse>
<verse number="19"><CSB><word seq="1">保羅</word><word seq="2">問候<GreekSeq>2</GreekSeq></word><word seq="3">他們<GreekSeq>3</GreekSeq></word><word seq="4">後，</word><word seq="5">一一<GreekSeq>5</GreekSeq><GreekSeq>6</GreekSeq><GreekSeq>7</GreekSeq></word><word seq="6">述說<GreekSeq>4</GreekSeq></word><word seq="7">神<GreekSeq>11</GreekSeq></word><word seq="8">藉著<GreekSeq>15</GreekSeq></word><word seq="9">他的<GreekSeq>18</GreekSeq></word><word seq="10">服事，<GreekSeq>17</GreekSeq></word><word seq="11">在<GreekSeq>12</GreekSeq></word><word seq="12">外邦人<GreekSeq>14</GreekSeq></word><word seq="13">中<GreekSeq>12</GreekSeq></word><word seq="14">所做的事。<GreekSeq>8</GreekSeq><GreekSeq>9</GreekSeq></word></CSB></verse>
<verse number="20"><CSB><word seq="1">他們<GreekSeq>1</GreekSeq></word><word seq="2">聽了<GreekSeq>3</GreekSeq></word><word seq="3">就<GreekSeq>2</GreekSeq></word><word seq="4">不住地榮耀<GreekSeq>4</GreekSeq></word><word seq="5">神，<GreekSeq>6</GreekSeq></word><word seq="6">又<GreekSeq>8</GreekSeq></word><word seq="7">對[保羅]<GreekSeq>9</GreekSeq></word><word seq="8">說：<GreekSeq>7</GreekSeq></word><word seq="9">「弟兄，<GreekSeq>11</GreekSeq></word><word seq="10">你看<GreekSeq>10</GreekSeq></word><word seq="11">猶太人<GreekSeq>17</GreekSeq></word><word seq="12">中<GreekSeq>15</GreekSeq></word><word seq="13">信[主]的人<GreekSeq>19</GreekSeq></word><word seq="14">有<GreekSeq>14</GreekSeq></word><word seq="15">多少<GreekSeq>12</GreekSeq></word><word seq="16">萬，<GreekSeq>13</GreekSeq></word><word seq="17">而且<GreekSeq>20</GreekSeq></word><word seq="18">他們<GreekSeq>25</GreekSeq></word><word seq="19">都<GreekSeq>21</GreekSeq></word><word seq="20">是<GreekSeq>25</GreekSeq></word><word seq="21">對律法<GreekSeq>24</GreekSeq></word><word seq="22">熱心的人。<GreekSeq>22</GreekSeq></word></CSB></verse>
<verse number="21"><CSB><word seq="1">他們聽到<GreekSeq>1</GreekSeq></word><word seq="2">有關<GreekSeq>3</GreekSeq></word><word seq="3">你的事，<GreekSeq>4</GreekSeq></word><word seq="4">[說]<GreekSeq>5</GreekSeq></word><word seq="5">你教導<GreekSeq>7</GreekSeq></word><word seq="6">所有<GreekSeq>14</GreekSeq></word><word seq="7">在<GreekSeq>11</GreekSeq></word><word seq="8">外邦人<GreekSeq>13</GreekSeq></word><word seq="9">中<GreekSeq>11</GreekSeq></word><word seq="10">的猶太人<GreekSeq>15</GreekSeq></word><word seq="11">離道反教、<GreekSeq>6</GreekSeq></word><word seq="12">背棄<GreekSeq>8</GreekSeq></word><word seq="13">摩西，<GreekSeq>9</GreekSeq></word><word seq="14">叫<GreekSeq>16</GreekSeq></word><word seq="15">他們<GreekSeq>19</GreekSeq></word><word seq="16">不要<GreekSeq>17</GreekSeq></word><word seq="17">給孩子<GreekSeq>21</GreekSeq></word><word seq="18">行割禮，<GreekSeq>18</GreekSeq></word><word seq="19">也不<GreekSeq>22</GreekSeq></word><word seq="20">要<GreekSeq>25</GreekSeq></word><word seq="21">按規矩<GreekSeq>24</GreekSeq></word><word seq="22">行事。<GreekSeq>25</GreekSeq></word></CSB></verse>
<verse number="22"><CSB><word seq="1">他們<GreekSeq>5</GreekSeq></word><word seq="2">一定<GreekSeq>4</GreekSeq></word><word seq="3">會聽到<GreekSeq>5</GreekSeq></word><word seq="4">你來這裡了。<GreekSeq>7</GreekSeq></word><word seq="5">那麼<GreekSeq>2</GreekSeq></word><word seq="6">該怎麼辦呢？<GreekSeq>1</GreekSeq><GreekSeq>3</GreekSeq></word></CSB></verse>
<verse number="23"><CSB><word seq="1">你<GreekSeq>3</GreekSeq></word><word seq="2">就<GreekSeq>2</GreekSeq></word><word seq="3">[照]我們告訴你的<GreekSeq>4</GreekSeq><GreekSeq>6</GreekSeq></word><word seq="4">去做吧。<GreekSeq>3</GreekSeq></word><word seq="5">我們<GreekSeq>8</GreekSeq></word><word seq="6">這裡</word><word seq="7">有<GreekSeq>7</GreekSeq></word><word seq="8">四個<GreekSeq>10</GreekSeq></word><word seq="9">人，<GreekSeq>9</GreekSeq></word><word seq="10">他們都許過<GreekSeq>12</GreekSeq></word><word seq="11">願。<GreekSeq>11</GreekSeq></word></CSB></verse>
<verse number="24"><CSB><word seq="1">你<GreekSeq>3</GreekSeq></word><word seq="2">帶<GreekSeq>2</GreekSeq></word><word seq="3">他們<GreekSeq>1</GreekSeq></word><word seq="4">去，<GreekSeq>2</GreekSeq></word><word seq="5">與<GreekSeq>4</GreekSeq></word><word seq="6">他們<GreekSeq>5</GreekSeq></word><word seq="7">一起<GreekSeq>4</GreekSeq></word><word seq="8">行潔淨禮，<GreekSeq>3</GreekSeq></word><word seq="9">並且<GreekSeq>6</GreekSeq></word><word seq="10">替<GreekSeq>8</GreekSeq></word><word seq="11">他們<GreekSeq>9</GreekSeq></word><word seq="12">付錢，<GreekSeq>7</GreekSeq></word><word seq="13">好讓<GreekSeq>10</GreekSeq></word><word seq="14">他們剃掉<GreekSeq>11</GreekSeq></word><word seq="15">頭[髮]。<GreekSeq>13</GreekSeq></word><word seq="16">這樣，<GreekSeq>14</GreekSeq></word><word seq="17">大家<GreekSeq>16</GreekSeq></word><word seq="18">就會知道<GreekSeq>15</GreekSeq></word><word seq="19">有關<GreekSeq>20</GreekSeq></word><word seq="20">你的<GreekSeq>21</GreekSeq></word><word seq="21">傳聞<GreekSeq>18</GreekSeq><GreekSeq>19</GreekSeq></word><word seq="22">不<GreekSeq>22</GreekSeq></word><word seq="23">是<GreekSeq>23</GreekSeq></word><word seq="24">真的，<GreekSeq>22</GreekSeq></word><word seq="25">而且<GreekSeq>24</GreekSeq></word><word seq="26">你<GreekSeq>25</GreekSeq></word><word seq="27">自己<GreekSeq>27</GreekSeq></word><word seq="28">也是<GreekSeq>26</GreekSeq></word><word seq="29">照著規矩行事、<GreekSeq>25</GreekSeq></word><word seq="30">遵守<GreekSeq>28</GreekSeq></word><word seq="31">律法<GreekSeq>30</GreekSeq></word><word seq="32">的。<GreekSeq>28</GreekSeq></word></CSB></verse>
<verse number="25"><CSB><word seq="1">至於<GreekSeq>1</GreekSeq></word><word seq="2">已經相信的<GreekSeq>4</GreekSeq></word><word seq="3">外邦人，<GreekSeq>5</GreekSeq></word><word seq="4">我們<GreekSeq>6</GreekSeq></word><word seq="5">照著決定<GreekSeq>8</GreekSeq></word><word seq="6">寫了信，<GreekSeq>7</GreekSeq></word><word seq="7">要他們<GreekSeq>10</GreekSeq></word><word seq="8">遠避<GreekSeq>9</GreekSeq></word><word seq="9">祭過偶像的食物，<GreekSeq>11</GreekSeq><GreekSeq>13</GreekSeq></word><word seq="10">[遠避]血<GreekSeq>15</GreekSeq></word><word seq="11">和<GreekSeq>16</GreekSeq></word><word seq="12">勒死的[動物]，<GreekSeq>17</GreekSeq></word><word seq="13">[遠避]淫亂。」<GreekSeq>19</GreekSeq></word></CSB></verse>
<verse number="26"><CSB><word seq="1">於是，<GreekSeq>1</GreekSeq></word><word seq="2">第二天<GreekSeq>8</GreekSeq><GreekSeq>9</GreekSeq></word><word seq="3">保羅<GreekSeq>3</GreekSeq></word><word seq="4">帶了<GreekSeq>4</GreekSeq></word><word seq="5">那<GreekSeq>5</GreekSeq></word><word seq="6">[四個]人，<GreekSeq>6</GreekSeq></word><word seq="7">與<GreekSeq>10</GreekSeq></word><word seq="8">他們<GreekSeq>11</GreekSeq></word><word seq="9">一起<GreekSeq>10</GreekSeq></word><word seq="10">行了潔淨禮，<GreekSeq>12</GreekSeq></word><word seq="11">進了<GreekSeq>13</GreekSeq></word><word seq="12">[聖]殿，<GreekSeq>16</GreekSeq></word><word seq="13">宣告<GreekSeq>17</GreekSeq></word><word seq="14">潔淨<GreekSeq>23</GreekSeq></word><word seq="15">期滿<GreekSeq>19</GreekSeq></word><word seq="16">的日子，<GreekSeq>21</GreekSeq></word><word seq="17">直到<GreekSeq>24</GreekSeq></word><word seq="18">為<GreekSeq>27</GreekSeq></word><word seq="19">他們<GreekSeq>30</GreekSeq></word><word seq="20">每一個人的<GreekSeq>28</GreekSeq><GreekSeq>29</GreekSeq></word><word seq="21">供物<GreekSeq>32</GreekSeq></word><word seq="22">都</word><word seq="23">被獻上<GreekSeq>26</GreekSeq></word><word seq="24">為止。</word></CSB></verse>
<verse number="27"><CSB><word seq="1">那<GreekSeq>4</GreekSeq></word><word seq="2">七<GreekSeq>5</GreekSeq></word><word seq="3">天<GreekSeq>6</GreekSeq></word><word seq="4">快要<GreekSeq>3</GreekSeq></word><word seq="5">結束<GreekSeq>7</GreekSeq></word><word seq="6">的時候，<GreekSeq>1</GreekSeq></word><word seq="7">從<GreekSeq>9</GreekSeq></word><word seq="8">亞細亞[省來]的<GreekSeq>11</GreekSeq></word><word seq="9">一些<GreekSeq>8</GreekSeq></word><word seq="10">猶太人<GreekSeq>12</GreekSeq></word><word seq="11">看到<GreekSeq>13</GreekSeq></word><word seq="12">[保羅]<GreekSeq>14</GreekSeq></word><word seq="13">在<GreekSeq>15</GreekSeq></word><word seq="14">[聖]殿<GreekSeq>17</GreekSeq></word><word seq="15">裡，<GreekSeq>15</GreekSeq></word><word seq="16">就</word><word seq="17">煽動<GreekSeq>18</GreekSeq></word><word seq="18">整個<GreekSeq>19</GreekSeq></word><word seq="19">人群，<GreekSeq>21</GreekSeq></word><word seq="20">下<GreekSeq>23</GreekSeq></word><word seq="21">手<GreekSeq>27</GreekSeq></word><word seq="22">[捉拿]<GreekSeq>24</GreekSeq></word><word seq="23">他，<GreekSeq>25</GreekSeq></word></CSB></verse>
<verse number="28"><CSB><word seq="1">喊叫：<GreekSeq>1</GreekSeq></word><word seq="2">「各位<GreekSeq>2</GreekSeq></word><word seq="3">以色列人哪，<GreekSeq>3</GreekSeq></word><word seq="4">請幫忙！<GreekSeq>4</GreekSeq></word><word seq="5">這個<GreekSeq>5</GreekSeq></word><word seq="6">人<GreekSeq>8</GreekSeq></word><word seq="7">就是<GreekSeq>6</GreekSeq></word><word seq="8">那<GreekSeq>9</GreekSeq></word><word seq="9">到處<GreekSeq>21</GreekSeq></word><word seq="10">教導<GreekSeq>22</GreekSeq></word><word seq="11">大家<GreekSeq>20</GreekSeq></word><word seq="12">反對<GreekSeq>10</GreekSeq></word><word seq="13">我們的</word><word seq="14">民族、<GreekSeq>12</GreekSeq></word><word seq="15">律法，<GreekSeq>15</GreekSeq></word><word seq="16">反對</word><word seq="17">這<GreekSeq>19</GreekSeq></word><word seq="18">地方<GreekSeq>18</GreekSeq></word><word seq="19">的！<GreekSeq>22</GreekSeq></word><word seq="20">他<GreekSeq>27</GreekSeq></word><word seq="21">甚至<GreekSeq>23</GreekSeq></word><word seq="22">[把]希臘人<GreekSeq>26</GreekSeq></word><word seq="23">帶<GreekSeq>27</GreekSeq></word><word seq="24">進<GreekSeq>28</GreekSeq></word><word seq="25">[聖]殿，<GreekSeq>30</GreekSeq></word><word seq="26">玷汙了<GreekSeq>32</GreekSeq></word><word seq="27">這<GreekSeq>36</GreekSeq></word><word seq="28">聖<GreekSeq>34</GreekSeq></word><word seq="29">地。」<GreekSeq>35</GreekSeq></word></CSB></verse>
<verse number="29"><CSB><word seq="1">原來<GreekSeq>2</GreekSeq></word><word seq="2">他們<GreekSeq>1</GreekSeq></word><word seq="3">曾經看見<GreekSeq>3</GreekSeq></word><word seq="4">以弗所人<GreekSeq>6</GreekSeq></word><word seq="5">特羅費摩<GreekSeq>4</GreekSeq></word><word seq="6">與<GreekSeq>10</GreekSeq></word><word seq="7">[保羅]<GreekSeq>11</GreekSeq></word><word seq="8">一起<GreekSeq>10</GreekSeq></word><word seq="9">在<GreekSeq>7</GreekSeq></word><word seq="10">城<GreekSeq>9</GreekSeq></word><word seq="11">裡，<GreekSeq>7</GreekSeq></word><word seq="12">就</word><word seq="13">以為<GreekSeq>13</GreekSeq></word><word seq="14">保羅<GreekSeq>20</GreekSeq></word><word seq="15">帶<GreekSeq>18</GreekSeq></word><word seq="16">他<GreekSeq>12</GreekSeq></word><word seq="17">進<GreekSeq>15</GreekSeq></word><word seq="18">了</word><word seq="19">[聖]殿。<GreekSeq>17</GreekSeq></word></CSB></verse>
<verse number="30"><CSB><word seq="1">於是<GreekSeq>2</GreekSeq></word><word seq="2">全<GreekSeq>5</GreekSeq></word><word seq="3">城<GreekSeq>4</GreekSeq></word><word seq="4">的人都</word><word seq="5">被煽動了，<GreekSeq>1</GreekSeq></word><word seq="6">民眾<GreekSeq>10</GreekSeq></word><word seq="7">一起跑來，<GreekSeq>7</GreekSeq><GreekSeq>8</GreekSeq></word><word seq="8">抓住<GreekSeq>12</GreekSeq></word><word seq="9">保羅，<GreekSeq>14</GreekSeq></word><word seq="10">把他<GreekSeq>16</GreekSeq></word><word seq="11">拖<GreekSeq>15</GreekSeq></word><word seq="12">出<GreekSeq>17</GreekSeq></word><word seq="13">[聖]殿，<GreekSeq>19</GreekSeq></word><word seq="14">[殿]門<GreekSeq>24</GreekSeq></word><word seq="15">立刻<GreekSeq>21</GreekSeq></word><word seq="16">關上了。<GreekSeq>22</GreekSeq></word></CSB></verse>
<verse number="31"><CSB><word seq="1">在他們想<GreekSeq>1</GreekSeq></word><word seq="2">殺<GreekSeq>4</GreekSeq></word><word seq="3">[保羅]<GreekSeq>3</GreekSeq></word><word seq="4">的時候，<GreekSeq>1</GreekSeq></word><word seq="5">有</word><word seq="6">消息<GreekSeq>6</GreekSeq></word><word seq="7">上報到<GreekSeq>5</GreekSeq></word><word seq="8">軍團的<GreekSeq>10</GreekSeq></word><word seq="9">千夫長，<GreekSeq>8</GreekSeq></word><word seq="10">[說]<GreekSeq>11</GreekSeq></word><word seq="11">全<GreekSeq>12</GreekSeq></word><word seq="12">耶路撒冷<GreekSeq>14</GreekSeq></word><word seq="13">都混亂了。<GreekSeq>13</GreekSeq></word></CSB></verse>
<verse number="32"><CSB><word seq="1">[千夫長]<GreekSeq>1</GreekSeq></word><word seq="2">立即<GreekSeq>2</GreekSeq></word><word seq="3">帶著<GreekSeq>3</GreekSeq></word><word seq="4">士兵<GreekSeq>4</GreekSeq></word><word seq="5">和<GreekSeq>5</GreekSeq></word><word seq="6">幾個百夫長<GreekSeq>6</GreekSeq></word><word seq="7">跑下去，<GreekSeq>7</GreekSeq></word><word seq="8">到<GreekSeq>8</GreekSeq></word><word seq="9">了</word><word seq="10">他們<GreekSeq>9</GreekSeq></word><word seq="11">那裡。</word><word seq="12">他們<GreekSeq>10</GreekSeq></word><word seq="13">一看見<GreekSeq>12</GreekSeq></word><word seq="14">千夫長<GreekSeq>14</GreekSeq></word><word seq="15">和<GreekSeq>15</GreekSeq></word><word seq="16">士兵們，<GreekSeq>17</GreekSeq></word><word seq="17">就</word><word seq="18">停止<GreekSeq>18</GreekSeq></word><word seq="19">毆打<GreekSeq>19</GreekSeq></word><word seq="20">保羅。<GreekSeq>21</GreekSeq></word></CSB></verse>
<verse number="33"><CSB><word seq="1">於是<GreekSeq>1</GreekSeq></word><word seq="2">千夫長<GreekSeq>4</GreekSeq></word><word seq="3">上前<GreekSeq>2</GreekSeq></word><word seq="4">抓住<GreekSeq>5</GreekSeq></word><word seq="5">[保羅]，<GreekSeq>6</GreekSeq></word><word seq="6">下令<GreekSeq>8</GreekSeq></word><word seq="7">用兩條<GreekSeq>11</GreekSeq></word><word seq="8">鐵鏈<GreekSeq>10</GreekSeq></word><word seq="9">把他</word><word seq="10">捆起來，<GreekSeq>9</GreekSeq></word><word seq="11">然後<GreekSeq>12</GreekSeq></word><word seq="12">查問<GreekSeq>13</GreekSeq></word><word seq="13">他[到底]是<GreekSeq>15</GreekSeq></word><word seq="14">什麼人，<GreekSeq>14</GreekSeq></word><word seq="15">做了<GreekSeq>19</GreekSeq></word><word seq="16">什麼事。<GreekSeq>17</GreekSeq></word></CSB></verse>
<verse number="34"><CSB><word seq="1">人群<GreekSeq>8</GreekSeq></word><word seq="2">當中，<GreekSeq>6</GreekSeq></word><word seq="3">有的喊<GreekSeq>5</GreekSeq></word><word seq="4">這個，<GreekSeq>1</GreekSeq></word><word seq="5">有的喊</word><word seq="6">那個；<GreekSeq>3</GreekSeq></word><word seq="7">[千夫長]<GreekSeq>12</GreekSeq></word><word seq="8">因為<GreekSeq>16</GreekSeq></word><word seq="9">騷亂，<GreekSeq>18</GreekSeq></word><word seq="10">無法<GreekSeq>9</GreekSeq><GreekSeq>10</GreekSeq></word><word seq="11">知道<GreekSeq>13</GreekSeq></word><word seq="12">真相，<GreekSeq>14</GreekSeq><GreekSeq>15</GreekSeq></word><word seq="13">就</word><word seq="14">下令<GreekSeq>19</GreekSeq></word><word seq="15">[把保羅]<GreekSeq>21</GreekSeq></word><word seq="16">帶<GreekSeq>20</GreekSeq></word><word seq="17">到<GreekSeq>22</GreekSeq></word><word seq="18">營樓<GreekSeq>24</GreekSeq></word><word seq="19">裡<GreekSeq>22</GreekSeq></word><word seq="20">去。<GreekSeq>20</GreekSeq></word></CSB></verse>
<verse number="35"><CSB><word seq="1">[保羅]到了<GreekSeq>3</GreekSeq></word><word seq="2">臺階<GreekSeq>6</GreekSeq></word><word seq="3">上<GreekSeq>4</GreekSeq></word><word seq="4">的時候，<GreekSeq>1</GreekSeq></word><word seq="5">由於<GreekSeq>13</GreekSeq></word><word seq="6">人群<GreekSeq>17</GreekSeq></word><word seq="7">凶猛，<GreekSeq>15</GreekSeq></word><word seq="8">士兵們<GreekSeq>12</GreekSeq></word><word seq="9">只好<GreekSeq>7</GreekSeq></word><word seq="10">把他<GreekSeq>9</GreekSeq></word><word seq="11">抬起來<GreekSeq>8</GreekSeq></word><word seq="12">走。</word></CSB></verse>
<verse number="36"><CSB><word seq="1">那<GreekSeq>3</GreekSeq></word><word seq="2">一群<GreekSeq>4</GreekSeq></word><word seq="3">人<GreekSeq>6</GreekSeq></word><word seq="4">跟在後面，<GreekSeq>1</GreekSeq></word><word seq="5">喊叫：<GreekSeq>7</GreekSeq></word><word seq="6">「除掉<GreekSeq>8</GreekSeq></word><word seq="7">他！」<GreekSeq>9</GreekSeq></word></CSB></verse>
<verse number="37"><CSB><word seq="1">保羅<GreekSeq>8</GreekSeq></word><word seq="2">快要<GreekSeq>1</GreekSeq></word><word seq="3">被押<GreekSeq>3</GreekSeq></word><word seq="4">進<GreekSeq>4</GreekSeq></word><word seq="5">營樓<GreekSeq>6</GreekSeq></word><word seq="6">的時候，就</word><word seq="7">對千夫長<GreekSeq>11</GreekSeq></word><word seq="8">說：<GreekSeq>9</GreekSeq></word><word seq="9">「我<GreekSeq>14</GreekSeq></word><word seq="10">是否<GreekSeq>12</GreekSeq></word><word seq="11">可以<GreekSeq>13</GreekSeq></word><word seq="12">對<GreekSeq>17</GreekSeq></word><word seq="13">你<GreekSeq>18</GreekSeq></word><word seq="14">說句話？」<GreekSeq>15</GreekSeq><GreekSeq>16</GreekSeq></word><word seq="15">[千夫長]<GreekSeq>19</GreekSeq></word><word seq="16">說：<GreekSeq>21</GreekSeq></word><word seq="17">「你懂<GreekSeq>23</GreekSeq></word><word seq="18">希臘語<GreekSeq>22</GreekSeq></word><word seq="19">嗎？</word></CSB></verse>
<verse number="38"><CSB><word seq="1">你<GreekSeq>3</GreekSeq></word><word seq="2">究竟<GreekSeq>2</GreekSeq></word><word seq="3">是<GreekSeq>4</GreekSeq></word><word seq="4">不是<GreekSeq>1</GreekSeq></word><word seq="5">那個<GreekSeq>5</GreekSeq></word><word seq="6">前<GreekSeq>8</GreekSeq></word><word seq="7">些<GreekSeq>9</GreekSeq></word><word seq="8">日子<GreekSeq>11</GreekSeq></word><word seq="9">作亂、<GreekSeq>12</GreekSeq></word><word seq="10">帶領<GreekSeq>14</GreekSeq></word><word seq="11">四千個<GreekSeq>19</GreekSeq></word><word seq="12">凶<GreekSeq>22</GreekSeq></word><word seq="13">徒<GreekSeq>20</GreekSeq></word><word seq="14">進入<GreekSeq>15</GreekSeq></word><word seq="15">曠野<GreekSeq>17</GreekSeq></word><word seq="16">的</word><word seq="17">埃及人<GreekSeq>6</GreekSeq></word><word seq="18">呢？」</word></CSB></verse>
<verse number="39"><CSB><word seq="1">保羅<GreekSeq>4</GreekSeq></word><word seq="2">回答</word><word seq="3">說：<GreekSeq>1</GreekSeq></word><word seq="4">「我<GreekSeq>5</GreekSeq></word><word seq="5">是<GreekSeq>8</GreekSeq></word><word seq="6">猶太<GreekSeq>9</GreekSeq></word><word seq="7">人，<GreekSeq>6</GreekSeq></word><word seq="8">是</word><word seq="9">奇里乞亞[省]的<GreekSeq>12</GreekSeq></word><word seq="10">塔爾蘇人，<GreekSeq>10</GreekSeq></word><word seq="11">並</word><word seq="12">不是<GreekSeq>13</GreekSeq></word><word seq="13">無名之<GreekSeq>14</GreekSeq></word><word seq="14">城的<GreekSeq>15</GreekSeq></word><word seq="15">公民，<GreekSeq>16</GreekSeq></word><word seq="16">請求<GreekSeq>17</GreekSeq></word><word seq="17">你<GreekSeq>19</GreekSeq></word><word seq="18">准許<GreekSeq>20</GreekSeq></word><word seq="19">我<GreekSeq>21</GreekSeq></word><word seq="20">向<GreekSeq>23</GreekSeq></word><word seq="21">民眾<GreekSeq>25</GreekSeq></word><word seq="22">說話。」<GreekSeq>22</GreekSeq></word></CSB></verse>
<verse number="40"><CSB><word seq="1">[千夫長]<GreekSeq>3</GreekSeq></word><word seq="2">准許了，<GreekSeq>1</GreekSeq></word><word seq="3">保羅<GreekSeq>5</GreekSeq></word><word seq="4">就</word><word seq="5">站<GreekSeq>6</GreekSeq></word><word seq="6">在<GreekSeq>7</GreekSeq></word><word seq="7">臺階<GreekSeq>9</GreekSeq></word><word seq="8">上，<GreekSeq>7</GreekSeq></word><word seq="9">向民眾<GreekSeq>14</GreekSeq></word><word seq="10">揮一下<GreekSeq>10</GreekSeq></word><word seq="11">手，<GreekSeq>12</GreekSeq></word><word seq="12">大家都<GreekSeq>15</GreekSeq></word><word seq="13">寂靜無聲，<GreekSeq>17</GreekSeq></word><word seq="14">保羅就</word><word seq="15">用希伯來<GreekSeq>21</GreekSeq></word><word seq="16">語<GreekSeq>22</GreekSeq></word><word seq="17">呼籲，<GreekSeq>19</GreekSeq></word><word seq="18">說：<GreekSeq>23</GreekSeq></word></CSB></verse>
</chapter></book>