<?xml version="1.0" encoding="UTF-8" standalone="no"?><book><chapter number="1">
<verse number="1"><CSB><word seq="1">照著<GreekSeq>5</GreekSeq></word><word seq="2">神的<GreekSeq>7</GreekSeq></word><word seq="3">旨意<GreekSeq>6</GreekSeq></word><word seq="4">做</word><word seq="5">基督<GreekSeq>3</GreekSeq></word><word seq="6">耶穌<GreekSeq>4</GreekSeq></word><word seq="7">使徒<GreekSeq>2</GreekSeq></word><word seq="8">的</word><word seq="9">保羅，<GreekSeq>1</GreekSeq></word><word seq="10">以及<GreekSeq>8</GreekSeq></word><word seq="11">弟兄<GreekSeq>11</GreekSeq></word><word seq="12">提摩太，<GreekSeq>9</GreekSeq></word></CSB></verse>
<verse number="2"><CSB><word seq="1">致<GreekSeq>4</GreekSeq></word><word seq="2">歌羅西<GreekSeq>3</GreekSeq></word><word seq="3">的</word><word seq="4">聖徒們，<GreekSeq>4</GreekSeq></word><word seq="5">就是<GreekSeq>5</GreekSeq></word><word seq="6">在<GreekSeq>8</GreekSeq></word><word seq="7">基督<GreekSeq>9</GreekSeq></word><word seq="8">裡<GreekSeq>8</GreekSeq></word><word seq="9">忠心的<GreekSeq>6</GreekSeq></word><word seq="10">弟兄：<GreekSeq>7</GreekSeq></word><word seq="11">願</word><word seq="12">恩典<GreekSeq>10</GreekSeq></word><word seq="13">與<GreekSeq>12</GreekSeq></word><word seq="14">平安<GreekSeq>13</GreekSeq></word><word seq="15">從<GreekSeq>14</GreekSeq></word><word seq="16">神<GreekSeq>15</GreekSeq></word><word seq="17">我們的<GreekSeq>17</GreekSeq></word><word seq="18">父<GreekSeq>16</GreekSeq></word><word seq="19">[臨到]你們！<GreekSeq>11</GreekSeq></word></CSB></verse>
<verse number="3"><CSB><word seq="1">我們<GreekSeq>1</GreekSeq></word><word seq="2">為<GreekSeq>11</GreekSeq></word><word seq="3">你們<GreekSeq>12</GreekSeq></word><word seq="4">禱告的時候，<GreekSeq>13</GreekSeq></word><word seq="5">總是<GreekSeq>10</GreekSeq></word><word seq="6">感謝<GreekSeq>1</GreekSeq></word><word seq="7">神<GreekSeq>3</GreekSeq></word><word seq="8">我們<GreekSeq>7</GreekSeq></word><word seq="9">主<GreekSeq>6</GreekSeq></word><word seq="10">耶穌<GreekSeq>8</GreekSeq></word><word seq="11">基督的<GreekSeq>9</GreekSeq></word><word seq="12">父，<GreekSeq>4</GreekSeq></word></CSB></verse>
<verse number="4"><CSB><word seq="1">因為我們</word><word seq="2">聽說了<GreekSeq>1</GreekSeq></word><word seq="3">你們<GreekSeq>4</GreekSeq></word><word seq="4">在<GreekSeq>5</GreekSeq></word><word seq="5">基督<GreekSeq>6</GreekSeq></word><word seq="6">耶穌<GreekSeq>7</GreekSeq></word><word seq="7">裡<GreekSeq>5</GreekSeq></word><word seq="8">的<GreekSeq>4</GreekSeq></word><word seq="9">信仰，<GreekSeq>3</GreekSeq></word><word seq="10">以及<GreekSeq>8</GreekSeq></word><word seq="11">對<GreekSeq>13</GreekSeq></word><word seq="12">所有<GreekSeq>14</GreekSeq></word><word seq="13">聖徒<GreekSeq>15</GreekSeq><GreekSeq>16</GreekSeq></word><word seq="14">所懷的<GreekSeq>11</GreekSeq><GreekSeq>12</GreekSeq></word><word seq="15">愛——<GreekSeq>10</GreekSeq></word></CSB></verse>
<verse number="5"><CSB><word seq="1">這[信心和愛]<GreekSeq>4</GreekSeq></word><word seq="2">是</word><word seq="3">藉著<GreekSeq>1</GreekSeq></word><word seq="4">那<GreekSeq>4</GreekSeq></word><word seq="5">為你們<GreekSeq>6</GreekSeq></word><word seq="6">存留<GreekSeq>5</GreekSeq></word><word seq="7">在<GreekSeq>7</GreekSeq></word><word seq="8">天上<GreekSeq>9</GreekSeq></word><word seq="9">的盼望，<GreekSeq>3</GreekSeq></word><word seq="10">這[盼望]<GreekSeq>10</GreekSeq></word><word seq="11">是</word><word seq="12">你們<GreekSeq>11</GreekSeq></word><word seq="13">在<GreekSeq>12</GreekSeq></word><word seq="14">傳到你們那裡的</word><word seq="15">福音<GreekSeq>18</GreekSeq></word><word seq="16">真理之<GreekSeq>16</GreekSeq></word><word seq="17">話語<GreekSeq>14</GreekSeq></word><word seq="18">中<GreekSeq>12</GreekSeq></word><word seq="19">所聽過的，<GreekSeq>11</GreekSeq></word></CSB></verse>
<verse number="6"><CSB><word seq="1">正如<GreekSeq>5</GreekSeq></word><word seq="2">它<GreekSeq>11</GreekSeq></word><word seq="3">在<GreekSeq>7</GreekSeq></word><word seq="4">全<GreekSeq>8</GreekSeq></word><word seq="5">世界，<GreekSeq>10</GreekSeq></word><word seq="6">不斷地結果子<GreekSeq>12</GreekSeq></word><word seq="7">和<GreekSeq>13</GreekSeq></word><word seq="8">擴展；<GreekSeq>14</GreekSeq></word><word seq="9">自從<GreekSeq>19</GreekSeq></word><word seq="10">你們<GreekSeq>22</GreekSeq></word><word seq="11">在<GreekSeq>29</GreekSeq></word><word seq="12">真理<GreekSeq>30</GreekSeq></word><word seq="13">中<GreekSeq>29</GreekSeq></word><word seq="14">聽見<GreekSeq>22</GreekSeq></word><word seq="15">並<GreekSeq>23</GreekSeq></word><word seq="16">了解<GreekSeq>24</GreekSeq></word><word seq="17">神<GreekSeq>28</GreekSeq></word><word seq="18">恩典<GreekSeq>26</GreekSeq></word><word seq="19">的</word><word seq="20">那<GreekSeq>20</GreekSeq></word><word seq="21">一天<GreekSeq>21</GreekSeq></word><word seq="22">起，</word><word seq="23">在<GreekSeq>17</GreekSeq></word><word seq="24">你們<GreekSeq>18</GreekSeq></word><word seq="25">中間<GreekSeq>17</GreekSeq></word><word seq="26">也<GreekSeq>16</GreekSeq></word><word seq="27">像這一樣，<GreekSeq>15</GreekSeq></word></CSB></verse>
<verse number="7"><CSB><word seq="1">正如<GreekSeq>1</GreekSeq></word><word seq="2">你們<GreekSeq>2</GreekSeq></word><word seq="3">從<GreekSeq>3</GreekSeq></word><word seq="4">蒙愛的人，<GreekSeq>5</GreekSeq><GreekSeq>6</GreekSeq></word><word seq="5">就是與</word><word seq="6">我們<GreekSeq>8</GreekSeq></word><word seq="7">同做奴僕的<GreekSeq>7</GreekSeq></word><word seq="8">以帕弗拉<GreekSeq>4</GreekSeq></word><word seq="9">那裡</word><word seq="10">所學到的；<GreekSeq>2</GreekSeq></word><word seq="11">他<GreekSeq>9</GreekSeq></word><word seq="12">為<GreekSeq>12</GreekSeq></word><word seq="13">你們<GreekSeq>13</GreekSeq></word><word seq="14">做了<GreekSeq>10</GreekSeq></word><word seq="15">基督<GreekSeq>16</GreekSeq></word><word seq="16">忠心的<GreekSeq>11</GreekSeq></word><word seq="17">僕人，<GreekSeq>14</GreekSeq></word></CSB></verse>
<verse number="8"><CSB><word seq="1">也<GreekSeq>2</GreekSeq></word><word seq="2">把<GreekSeq>3</GreekSeq></word><word seq="3">你們<GreekSeq>6</GreekSeq></word><word seq="4">在<GreekSeq>8</GreekSeq></word><word seq="5">[聖]靈<GreekSeq>9</GreekSeq></word><word seq="6">裡<GreekSeq>8</GreekSeq></word><word seq="7">的愛<GreekSeq>7</GreekSeq></word><word seq="8">告訴了<GreekSeq>3</GreekSeq></word><word seq="9">我們。<GreekSeq>4</GreekSeq></word></CSB></verse>
<verse number="9"><CSB><word seq="1">為<GreekSeq>1</GreekSeq></word><word seq="2">此，<GreekSeq>2</GreekSeq></word><word seq="3">我們<GreekSeq>4</GreekSeq></word><word seq="4">自從<GreekSeq>5</GreekSeq></word><word seq="5">聽到<GreekSeq>8</GreekSeq></word><word seq="6">這事的</word><word seq="7">那<GreekSeq>6</GreekSeq></word><word seq="8">一天<GreekSeq>7</GreekSeq></word><word seq="9">起，就</word><word seq="10">不<GreekSeq>9</GreekSeq></word><word seq="11">斷<GreekSeq>10</GreekSeq></word><word seq="12">地</word><word seq="13">為<GreekSeq>11</GreekSeq></word><word seq="14">你們<GreekSeq>12</GreekSeq></word><word seq="15">禱告<GreekSeq>13</GreekSeq></word><word seq="16">和<GreekSeq>14</GreekSeq></word><word seq="17">祈求：<GreekSeq>15</GreekSeq></word><word seq="18">願你們<GreekSeq>17</GreekSeq></word><word seq="19">藉著<GreekSeq>23</GreekSeq></word><word seq="20">一切<GreekSeq>24</GreekSeq></word><word seq="21">屬靈的<GreekSeq>28</GreekSeq></word><word seq="22">智慧<GreekSeq>25</GreekSeq></word><word seq="23">和<GreekSeq>26</GreekSeq></word><word seq="24">悟性，<GreekSeq>27</GreekSeq></word><word seq="25">能被<GreekSeq>17</GreekSeq></word><word seq="26">[神]<GreekSeq>22</GreekSeq></word><word seq="27">旨意的<GreekSeq>21</GreekSeq></word><word seq="28">真正知識<GreekSeq>19</GreekSeq></word><word seq="29">所充滿；<GreekSeq>17</GreekSeq></word></CSB></verse>
<verse number="10"><CSB><word seq="1">好讓你們</word><word seq="2">行事為人<GreekSeq>1</GreekSeq></word><word seq="3">配得上<GreekSeq>2</GreekSeq></word><word seq="4">主，<GreekSeq>4</GreekSeq></word><word seq="5">凡事<GreekSeq>6</GreekSeq></word><word seq="6">蒙[他]喜悅，<GreekSeq>7</GreekSeq></word><word seq="7">在<GreekSeq>8</GreekSeq></word><word seq="8">一切<GreekSeq>9</GreekSeq></word><word seq="9">美善<GreekSeq>11</GreekSeq></word><word seq="10">的</word><word seq="11">工作<GreekSeq>10</GreekSeq></word><word seq="12">中<GreekSeq>8</GreekSeq></word><word seq="13">結出果子，<GreekSeq>12</GreekSeq></word><word seq="14">在<GreekSeq>16</GreekSeq></word><word seq="15">神的<GreekSeq>18</GreekSeq></word><word seq="16">真正知識<GreekSeq>16</GreekSeq></word><word seq="17">上</word><word seq="18">不斷長進。<GreekSeq>14</GreekSeq></word></CSB></verse>
<verse number="11"><CSB><word seq="1">願你們</word><word seq="2">按照<GreekSeq>5</GreekSeq></word><word seq="3">他<GreekSeq>10</GreekSeq></word><word seq="4">榮耀的<GreekSeq>9</GreekSeq></word><word seq="5">權能，<GreekSeq>7</GreekSeq></word><word seq="6">藉著<GreekSeq>1</GreekSeq></word><word seq="7">一切<GreekSeq>2</GreekSeq></word><word seq="8">能力<GreekSeq>3</GreekSeq></word><word seq="9">得以剛強，<GreekSeq>4</GreekSeq></word><word seq="10">[好讓]<GreekSeq>11</GreekSeq></word><word seq="11">你們</word><word seq="12">凡事<GreekSeq>12</GreekSeq></word><word seq="13">忍耐<GreekSeq>13</GreekSeq></word><word seq="14">寬容，<GreekSeq>15</GreekSeq></word><word seq="15">懷著<GreekSeq>16</GreekSeq></word><word seq="16">喜樂的[心]<GreekSeq>17</GreekSeq></word></CSB></verse>
<verse number="12"><CSB><word seq="1">感謝<GreekSeq>1</GreekSeq></word><word seq="2">父<GreekSeq>3</GreekSeq></word><word seq="3">——他使<GreekSeq>5</GreekSeq></word><word seq="4">你們<GreekSeq>6</GreekSeq></word><word seq="5">能夠<GreekSeq>5</GreekSeq></word><word seq="6">分享<GreekSeq>9</GreekSeq></word><word seq="7">聖徒們<GreekSeq>12</GreekSeq><GreekSeq>13</GreekSeq></word><word seq="8">在<GreekSeq>14</GreekSeq></word><word seq="9">光明<GreekSeq>16</GreekSeq></word><word seq="10">中<GreekSeq>14</GreekSeq></word><word seq="11">的</word><word seq="12">繼業；<GreekSeq>11</GreekSeq></word></CSB></verse>
<verse number="13"><CSB><word seq="1">他<GreekSeq>1</GreekSeq></word><word seq="2">救<GreekSeq>2</GreekSeq></word><word seq="3">我們<GreekSeq>3</GreekSeq></word><word seq="4">脫離<GreekSeq>4</GreekSeq></word><word seq="5">了</word><word seq="6">黑暗的<GreekSeq>8</GreekSeq></word><word seq="7">權勢，<GreekSeq>6</GreekSeq></word><word seq="8">把[我們]遷<GreekSeq>10</GreekSeq></word><word seq="9">入<GreekSeq>11</GreekSeq></word><word seq="10">他<GreekSeq>18</GreekSeq></word><word seq="11">愛<GreekSeq>17</GreekSeq></word><word seq="12">子的<GreekSeq>15</GreekSeq></word><word seq="13">國度；<GreekSeq>13</GreekSeq></word></CSB></verse>
<verse number="14"><CSB><word seq="1">在<GreekSeq>1</GreekSeq></word><word seq="2">他<GreekSeq>2</GreekSeq></word><word seq="3">裡面，<GreekSeq>1</GreekSeq></word><word seq="4">我們得[蒙]<GreekSeq>3</GreekSeq></word><word seq="5">救贖，<GreekSeq>5</GreekSeq></word><word seq="6">罪得<GreekSeq>9</GreekSeq></word><word seq="7">赦免。<GreekSeq>7</GreekSeq></word></CSB></verse>
<verse number="15"><CSB><word seq="1">[愛子]<GreekSeq>1</GreekSeq></word><word seq="2">是<GreekSeq>2</GreekSeq></word><word seq="3">那<GreekSeq>6</GreekSeq></word><word seq="4">不可見之<GreekSeq>7</GreekSeq></word><word seq="5">神的<GreekSeq>5</GreekSeq></word><word seq="6">形像，<GreekSeq>3</GreekSeq></word><word seq="7">是</word><word seq="8">一切<GreekSeq>9</GreekSeq></word><word seq="9">被造之物的<GreekSeq>10</GreekSeq></word><word seq="10">長子，<GreekSeq>8</GreekSeq></word></CSB></verse>
<verse number="16"><CSB><word seq="1">因為<GreekSeq>1</GreekSeq></word><word seq="2">萬有<GreekSeq>5</GreekSeq><GreekSeq>6</GreekSeq></word><word seq="3">都是</word><word seq="4">藉著<GreekSeq>2</GreekSeq></word><word seq="5">他<GreekSeq>3</GreekSeq></word><word seq="6">造的：<GreekSeq>4</GreekSeq></word><word seq="7">天<GreekSeq>9</GreekSeq></word><word seq="8">上<GreekSeq>7</GreekSeq></word><word seq="9">和<GreekSeq>10</GreekSeq></word><word seq="10">地<GreekSeq>13</GreekSeq></word><word seq="11">上<GreekSeq>11</GreekSeq></word><word seq="12">的，</word><word seq="13">看得見<GreekSeq>15</GreekSeq></word><word seq="14">和<GreekSeq>16</GreekSeq></word><word seq="15">看不見的，<GreekSeq>18</GreekSeq></word><word seq="16">無論<GreekSeq>19</GreekSeq></word><word seq="17">王位<GreekSeq>20</GreekSeq></word><word seq="18">或<GreekSeq>21</GreekSeq></word><word seq="19">主權，<GreekSeq>22</GreekSeq></word><word seq="20">統治的<GreekSeq>24</GreekSeq></word><word seq="21">或<GreekSeq>25</GreekSeq></word><word seq="22">掌權的，<GreekSeq>26</GreekSeq></word><word seq="23">一切<GreekSeq>28</GreekSeq></word><word seq="24">都是</word><word seq="25">藉著<GreekSeq>29</GreekSeq></word><word seq="26">他<GreekSeq>30</GreekSeq></word><word seq="27">造<GreekSeq>34</GreekSeq></word><word seq="28">的，</word><word seq="29">也是<GreekSeq>31</GreekSeq></word><word seq="30">為<GreekSeq>32</GreekSeq></word><word seq="31">他<GreekSeq>33</GreekSeq></word><word seq="32">而造的，</word></CSB></verse>
<verse number="17"><CSB><word seq="1">他<GreekSeq>2</GreekSeq></word><word seq="2">在<GreekSeq>4</GreekSeq></word><word seq="3">萬有<GreekSeq>5</GreekSeq></word><word seq="4">之先，<GreekSeq>4</GreekSeq></word><word seq="5">萬有<GreekSeq>7</GreekSeq><GreekSeq>8</GreekSeq></word><word seq="6">也<GreekSeq>6</GreekSeq></word><word seq="7">藉著<GreekSeq>9</GreekSeq></word><word seq="8">他<GreekSeq>10</GreekSeq></word><word seq="9">而</word><word seq="10">存在，<GreekSeq>11</GreekSeq></word></CSB></verse>
<verse number="18"><CSB><word seq="1">他<GreekSeq>2</GreekSeq></word><word seq="2">是<GreekSeq>3</GreekSeq></word><word seq="3">身體的<GreekSeq>7</GreekSeq></word><word seq="4">頭，<GreekSeq>5</GreekSeq></word><word seq="5">就是</word><word seq="6">教會的[頭]，<GreekSeq>9</GreekSeq></word><word seq="7">他<GreekSeq>10</GreekSeq></word><word seq="8">是<GreekSeq>11</GreekSeq></word><word seq="9">元始，<GreekSeq>12</GreekSeq></word><word seq="10">是</word><word seq="11">從<GreekSeq>14</GreekSeq></word><word seq="12">死人<GreekSeq>15</GreekSeq><GreekSeq>16</GreekSeq></word><word seq="13">中<GreekSeq>14</GreekSeq></word><word seq="14">首先[復活]的，<GreekSeq>13</GreekSeq></word><word seq="15">為要使<GreekSeq>17</GreekSeq></word><word seq="16">他<GreekSeq>21</GreekSeq></word><word seq="17">能<GreekSeq>18</GreekSeq></word><word seq="18">在<GreekSeq>19</GreekSeq></word><word seq="19">萬有<GreekSeq>20</GreekSeq></word><word seq="20">中<GreekSeq>19</GreekSeq></word><word seq="21">居首位，<GreekSeq>22</GreekSeq></word></CSB></verse>
<verse number="19"><CSB><word seq="1">因為<GreekSeq>1</GreekSeq></word><word seq="2">[父]樂意<GreekSeq>4</GreekSeq></word><word seq="3">使一切的<GreekSeq>5</GreekSeq></word><word seq="4">豐盛完美<GreekSeq>7</GreekSeq></word><word seq="5">都</word><word seq="6">住<GreekSeq>8</GreekSeq></word><word seq="7">在<GreekSeq>2</GreekSeq></word><word seq="8">他<GreekSeq>3</GreekSeq></word><word seq="9">裡面，<GreekSeq>2</GreekSeq></word></CSB></verse>
<verse number="20"><CSB><word seq="1">又<GreekSeq>1</GreekSeq></word><word seq="2">藉著<GreekSeq>2</GreekSeq></word><word seq="3">他<GreekSeq>15</GreekSeq></word><word seq="4">在十字架上[所流]的<GreekSeq>14</GreekSeq></word><word seq="5">血<GreekSeq>12</GreekSeq></word><word seq="6">成就了和平，<GreekSeq>9</GreekSeq></word><word seq="7">就是</word><word seq="8">藉著<GreekSeq>10</GreekSeq></word><word seq="9">他</word><word seq="10">使<GreekSeq>4</GreekSeq></word><word seq="11">萬有<GreekSeq>5</GreekSeq><GreekSeq>6</GreekSeq></word><word seq="12">——無論<GreekSeq>18</GreekSeq></word><word seq="13">地<GreekSeq>22</GreekSeq></word><word seq="14">上<GreekSeq>20</GreekSeq></word><word seq="15">的</word><word seq="16">或<GreekSeq>23</GreekSeq></word><word seq="17">天<GreekSeq>27</GreekSeq></word><word seq="18">上<GreekSeq>25</GreekSeq></word><word seq="19">的——都</word><word seq="20">與<GreekSeq>7</GreekSeq></word><word seq="21">他自己<GreekSeq>8</GreekSeq></word><word seq="22">和好了。<GreekSeq>4</GreekSeq></word></CSB></verse>
<verse number="21"><CSB><word seq="1">從前，<GreekSeq>3</GreekSeq></word><word seq="2">你們<GreekSeq>2</GreekSeq></word><word seq="3">在<GreekSeq>10</GreekSeq></word><word seq="4">邪惡的<GreekSeq>14</GreekSeq></word><word seq="5">行為<GreekSeq>12</GreekSeq></word><word seq="6">中<GreekSeq>10</GreekSeq></word><word seq="7">與神</word><word seq="8">隔絕，<GreekSeq>5</GreekSeq></word><word seq="9">在意念中<GreekSeq>9</GreekSeq></word><word seq="10">與他</word><word seq="11">為敵；<GreekSeq>7</GreekSeq></word></CSB></verse>
<verse number="22"><CSB><word seq="1">但<GreekSeq>2</GreekSeq></word><word seq="2">如今，<GreekSeq>1</GreekSeq></word><word seq="3">神</word><word seq="4">在<GreekSeq>4</GreekSeq></word><word seq="5">[基督]的<GreekSeq>9</GreekSeq></word><word seq="6">血肉之<GreekSeq>8</GreekSeq></word><word seq="7">軀<GreekSeq>6</GreekSeq></word><word seq="8">上，<GreekSeq>4</GreekSeq></word><word seq="9">藉著<GreekSeq>10</GreekSeq></word><word seq="10">死<GreekSeq>12</GreekSeq></word><word seq="11">使你們<GreekSeq>14</GreekSeq></word><word seq="12">與他自己和好了，<GreekSeq>3</GreekSeq></word><word seq="13">並且<GreekSeq>16</GreekSeq></word><word seq="14">使你們<GreekSeq>14</GreekSeq></word><word seq="15">站<GreekSeq>13</GreekSeq></word><word seq="16">在<GreekSeq>20</GreekSeq></word><word seq="17">他<GreekSeq>21</GreekSeq></word><word seq="18">面前，<GreekSeq>20</GreekSeq></word><word seq="19">是</word><word seq="20">聖潔、<GreekSeq>15</GreekSeq></word><word seq="21">毫無瑕疵、<GreekSeq>17</GreekSeq></word><word seq="22">無可指責的。<GreekSeq>19</GreekSeq></word></CSB></verse>
<verse number="23"><CSB><word seq="1">可是<GreekSeq>2</GreekSeq></word><word seq="2">你們要持守<GreekSeq>3</GreekSeq></word><word seq="3">信仰，<GreekSeq>5</GreekSeq></word><word seq="4">立定根基，<GreekSeq>6</GreekSeq></word><word seq="5">堅定不移，<GreekSeq>8</GreekSeq></word><word seq="6">不要<GreekSeq>10</GreekSeq></word><word seq="7">從<GreekSeq>12</GreekSeq></word><word seq="8">你們所聽到的<GreekSeq>17</GreekSeq><GreekSeq>18</GreekSeq></word><word seq="9">福音<GreekSeq>16</GreekSeq></word><word seq="10">盼望上<GreekSeq>14</GreekSeq></word><word seq="11">被挪去。<GreekSeq>11</GreekSeq></word><word seq="12">這福音是</word><word seq="13">傳給<GreekSeq>20</GreekSeq></word><word seq="14">天<GreekSeq>27</GreekSeq></word><word seq="15">下<GreekSeq>25</GreekSeq></word><word seq="16">萬<GreekSeq>22</GreekSeq></word><word seq="17">[人]<GreekSeq>23</GreekSeq></word><word seq="18">的，</word><word seq="19">我<GreekSeq>30</GreekSeq></word><word seq="20">保羅<GreekSeq>31</GreekSeq></word><word seq="21">也</word><word seq="22">成了<GreekSeq>29</GreekSeq></word><word seq="23">這[福音]的<GreekSeq>28</GreekSeq></word><word seq="24">僕人。<GreekSeq>32</GreekSeq></word></CSB></verse>
<verse number="24"><CSB><word seq="1">如今<GreekSeq>1</GreekSeq></word><word seq="2">我<GreekSeq>2</GreekSeq></word><word seq="3">為<GreekSeq>6</GreekSeq></word><word seq="4">你們<GreekSeq>7</GreekSeq></word><word seq="5">受苦難，<GreekSeq>5</GreekSeq></word><word seq="6">感到歡喜；<GreekSeq>2</GreekSeq></word><word seq="7">並且<GreekSeq>8</GreekSeq></word><word seq="8">我</word><word seq="9">為<GreekSeq>20</GreekSeq></word><word seq="10">[基督]的<GreekSeq>23</GreekSeq></word><word seq="11">身體，<GreekSeq>22</GreekSeq></word><word seq="12">就是<GreekSeq>25</GreekSeq></word><word seq="13">教會，<GreekSeq>27</GreekSeq></word><word seq="14">要</word><word seq="15">在<GreekSeq>16</GreekSeq></word><word seq="16">我的<GreekSeq>19</GreekSeq></word><word seq="17">肉體<GreekSeq>18</GreekSeq></word><word seq="18">上<GreekSeq>16</GreekSeq></word><word seq="19">補滿<GreekSeq>9</GreekSeq></word><word seq="20">基督<GreekSeq>15</GreekSeq></word><word seq="21">患難的<GreekSeq>13</GreekSeq></word><word seq="22">缺欠。<GreekSeq>11</GreekSeq></word></CSB></verse>
<verse number="25"><CSB><word seq="1">神<GreekSeq>9</GreekSeq></word><word seq="2">為了<GreekSeq>13</GreekSeq></word><word seq="3">你們<GreekSeq>14</GreekSeq></word><word seq="4">的緣故</word><word seq="5">賜給了<GreekSeq>11</GreekSeq></word><word seq="6">我<GreekSeq>12</GreekSeq></word><word seq="7">任務，</word><word seq="8">我<GreekSeq>3</GreekSeq></word><word seq="9">按照<GreekSeq>5</GreekSeq></word><word seq="10">這<GreekSeq>6</GreekSeq></word><word seq="11">任務<GreekSeq>7</GreekSeq></word><word seq="12">成為<GreekSeq>2</GreekSeq></word><word seq="13">[教會]的<GreekSeq>1</GreekSeq></word><word seq="14">僕人，<GreekSeq>4</GreekSeq></word><word seq="15">為要使<GreekSeq>15</GreekSeq></word><word seq="16">神的<GreekSeq>19</GreekSeq></word><word seq="17">話語<GreekSeq>17</GreekSeq></word><word seq="18">完全[傳開]。<GreekSeq>15</GreekSeq></word></CSB></verse>
<verse number="26"><CSB><word seq="1">這[話語]<GreekSeq>1</GreekSeq></word><word seq="2">就是</word><word seq="3">歷世歷代<GreekSeq>5</GreekSeq><GreekSeq>6</GreekSeq><GreekSeq>7</GreekSeq><GreekSeq>8</GreekSeq><GreekSeq>9</GreekSeq><GreekSeq>10</GreekSeq><GreekSeq>11</GreekSeq></word><word seq="4">被隱藏的<GreekSeq>4</GreekSeq></word><word seq="5">奧祕，<GreekSeq>2</GreekSeq></word><word seq="6">但<GreekSeq>13</GreekSeq></word><word seq="7">如今<GreekSeq>12</GreekSeq></word><word seq="8">已經顯明給<GreekSeq>14</GreekSeq></word><word seq="9">他的<GreekSeq>17</GreekSeq></word><word seq="10">聖徒們。<GreekSeq>15</GreekSeq><GreekSeq>16</GreekSeq></word></CSB></verse>
<verse number="27"><CSB><word seq="1">神<GreekSeq>4</GreekSeq></word><word seq="2">願意<GreekSeq>2</GreekSeq></word><word seq="3">在<GreekSeq>14</GreekSeq></word><word seq="4">外邦人<GreekSeq>16</GreekSeq></word><word seq="5">中，<GreekSeq>14</GreekSeq></word><word seq="6">讓他們<GreekSeq>1</GreekSeq></word><word seq="7">明白<GreekSeq>5</GreekSeq></word><word seq="8">什麼<GreekSeq>6</GreekSeq></word><word seq="9">是</word><word seq="10">這<GreekSeq>13</GreekSeq></word><word seq="11">奧祕的<GreekSeq>12</GreekSeq></word><word seq="12">榮耀的<GreekSeq>10</GreekSeq></word><word seq="13">豐盛；<GreekSeq>8</GreekSeq></word><word seq="14">那<GreekSeq>17</GreekSeq></word><word seq="15">就是：<GreekSeq>18</GreekSeq></word><word seq="16">基督<GreekSeq>19</GreekSeq></word><word seq="17">在<GreekSeq>20</GreekSeq></word><word seq="18">你們<GreekSeq>21</GreekSeq></word><word seq="19">裡面，<GreekSeq>20</GreekSeq></word><word seq="20">他是</word><word seq="21">榮耀的<GreekSeq>25</GreekSeq></word><word seq="22">盼望！<GreekSeq>23</GreekSeq></word></CSB></verse>
<verse number="28"><CSB><word seq="1">我們<GreekSeq>2</GreekSeq></word><word seq="2">傳揚<GreekSeq>3</GreekSeq></word><word seq="3">[基督]，<GreekSeq>1</GreekSeq></word><word seq="4">用<GreekSeq>11</GreekSeq></word><word seq="5">一切的<GreekSeq>12</GreekSeq></word><word seq="6">智慧<GreekSeq>13</GreekSeq></word><word seq="7">勸誡<GreekSeq>4</GreekSeq></word><word seq="8">所有<GreekSeq>5</GreekSeq></word><word seq="9">人，<GreekSeq>6</GreekSeq></word><word seq="10">教導<GreekSeq>8</GreekSeq></word><word seq="11">所有<GreekSeq>9</GreekSeq></word><word seq="12">人，<GreekSeq>10</GreekSeq></word><word seq="13">好讓<GreekSeq>14</GreekSeq></word><word seq="14">我們使<GreekSeq>15</GreekSeq></word><word seq="15">所有的<GreekSeq>16</GreekSeq></word><word seq="16">人<GreekSeq>17</GreekSeq></word><word seq="17">在<GreekSeq>19</GreekSeq></word><word seq="18">基督<GreekSeq>20</GreekSeq></word><word seq="19">裡<GreekSeq>19</GreekSeq></word><word seq="20">成熟，<GreekSeq>18</GreekSeq></word><word seq="21">能夠獻給<GreekSeq>15</GreekSeq></word><word seq="22">神。</word></CSB></verse>
<verse number="29"><CSB><word seq="1">我<GreekSeq>4</GreekSeq></word><word seq="2">也<GreekSeq>3</GreekSeq></word><word seq="3">為<GreekSeq>1</GreekSeq></word><word seq="4">此<GreekSeq>2</GreekSeq></word><word seq="5">勞苦，<GreekSeq>4</GreekSeq></word><word seq="6">藉著<GreekSeq>6</GreekSeq></word><word seq="7">他<GreekSeq>9</GreekSeq></word><word seq="8">在<GreekSeq>12</GreekSeq></word><word seq="9">我<GreekSeq>13</GreekSeq></word><word seq="10">裡面<GreekSeq>12</GreekSeq></word><word seq="11">的</word><word seq="12">大能<GreekSeq>14</GreekSeq><GreekSeq>15</GreekSeq></word><word seq="13">作為<GreekSeq>8</GreekSeq></word><word seq="14">而</word><word seq="15">爭戰。<GreekSeq>5</GreekSeq></word></CSB></verse>
</chapter></book>