<?xml version="1.0" encoding="UTF-8" standalone="no"?><book><chapter number="2">
<verse number="1"><CSB><word seq="1">過了<GreekSeq>2</GreekSeq></word><word seq="2">十四<GreekSeq>3</GreekSeq></word><word seq="3">年，<GreekSeq>4</GreekSeq></word><word seq="4">我<GreekSeq>6</GreekSeq></word><word seq="5">與<GreekSeq>9</GreekSeq></word><word seq="6">巴拿巴<GreekSeq>10</GreekSeq></word><word seq="7">一起<GreekSeq>9</GreekSeq></word><word seq="8">再次<GreekSeq>5</GreekSeq></word><word seq="9">上<GreekSeq>6</GreekSeq></word><word seq="10">耶路撒冷，<GreekSeq>8</GreekSeq></word><word seq="11">並且<GreekSeq>12</GreekSeq></word><word seq="12">帶著<GreekSeq>11</GreekSeq></word><word seq="13">提多<GreekSeq>13</GreekSeq></word><word seq="14">一起<GreekSeq>11</GreekSeq></word><word seq="15">去。<GreekSeq>6</GreekSeq></word></CSB></verse>
<verse number="2"><CSB><word seq="1">我<GreekSeq>1</GreekSeq></word><word seq="2">是</word><word seq="3">照著<GreekSeq>3</GreekSeq></word><word seq="4">啟示<GreekSeq>4</GreekSeq></word><word seq="5">上去<GreekSeq>1</GreekSeq></word><word seq="6">的，</word><word seq="7">向他們<GreekSeq>7</GreekSeq></word><word seq="8">陳述了<GreekSeq>6</GreekSeq></word><word seq="9">我<GreekSeq>11</GreekSeq></word><word seq="10">在<GreekSeq>12</GreekSeq></word><word seq="11">外邦人<GreekSeq>14</GreekSeq></word><word seq="12">中<GreekSeq>12</GreekSeq></word><word seq="13">所傳的<GreekSeq>10</GreekSeq><GreekSeq>11</GreekSeq></word><word seq="14">福音，<GreekSeq>9</GreekSeq></word><word seq="15">不過<GreekSeq>17</GreekSeq></word><word seq="16">是</word><word seq="17">單獨地<GreekSeq>15</GreekSeq><GreekSeq>16</GreekSeq></word><word seq="18">向那些<GreekSeq>18</GreekSeq></word><word seq="19">公認是人物的<GreekSeq>19</GreekSeq></word><word seq="20">做了陳述，</word><word seq="21">免得<GreekSeq>20</GreekSeq><GreekSeq>21</GreekSeq></word><word seq="22">我過去<GreekSeq>24</GreekSeq></word><word seq="23">或是<GreekSeq>25</GreekSeq></word><word seq="24">現在所奔跑<GreekSeq>26</GreekSeq></word><word seq="25">的都</word><word seq="26">落了空。<GreekSeq>22</GreekSeq><GreekSeq>23</GreekSeq></word></CSB></verse>
<verse number="3"><CSB><word seq="1">與<GreekSeq>5</GreekSeq></word><word seq="2">我<GreekSeq>6</GreekSeq></word><word seq="3">在一起<GreekSeq>5</GreekSeq></word><word seq="4">的</word><word seq="5">提多，<GreekSeq>3</GreekSeq></word><word seq="6">雖然</word><word seq="7">是<GreekSeq>8</GreekSeq></word><word seq="8">希臘人，<GreekSeq>7</GreekSeq></word><word seq="9">也沒有<GreekSeq>2</GreekSeq></word><word seq="10">被迫<GreekSeq>9</GreekSeq></word><word seq="11">受割禮。<GreekSeq>10</GreekSeq></word></CSB></verse>
<verse number="4"><CSB><word seq="1">其實提到這件事，是</word><word seq="2">因著<GreekSeq>1</GreekSeq></word><word seq="3">一些<GreekSeq>3</GreekSeq></word><word seq="4">偷偷進來的<GreekSeq>4</GreekSeq></word><word seq="5">假弟兄<GreekSeq>5</GreekSeq></word><word seq="6">的緣故；</word><word seq="7">他們<GreekSeq>6</GreekSeq></word><word seq="8">混進來<GreekSeq>7</GreekSeq></word><word seq="9">窺視<GreekSeq>8</GreekSeq></word><word seq="10">我們<GreekSeq>11</GreekSeq></word><word seq="11">在<GreekSeq>14</GreekSeq></word><word seq="12">基督<GreekSeq>15</GreekSeq></word><word seq="13">耶穌<GreekSeq>16</GreekSeq></word><word seq="14">裡<GreekSeq>14</GreekSeq></word><word seq="15">所擁有的<GreekSeq>12</GreekSeq><GreekSeq>13</GreekSeq></word><word seq="16">自由，<GreekSeq>10</GreekSeq></word><word seq="17">為了<GreekSeq>17</GreekSeq></word><word seq="18">要奴役<GreekSeq>19</GreekSeq></word><word seq="19">我們。<GreekSeq>18</GreekSeq></word></CSB></verse>
<verse number="5"><CSB><word seq="1">我們<GreekSeq>5</GreekSeq></word><word seq="2">對這些人，<GreekSeq>1</GreekSeq></word><word seq="3">一刻<GreekSeq>3</GreekSeq><GreekSeq>4</GreekSeq></word><word seq="4">也沒有<GreekSeq>2</GreekSeq></word><word seq="5">屈服<GreekSeq>5</GreekSeq></word><word seq="6">妥協，<GreekSeq>7</GreekSeq></word><word seq="7">好使<GreekSeq>8</GreekSeq></word><word seq="8">福音的<GreekSeq>12</GreekSeq></word><word seq="9">真理<GreekSeq>10</GreekSeq></word><word seq="10">在<GreekSeq>14</GreekSeq></word><word seq="11">你們<GreekSeq>15</GreekSeq></word><word seq="12">中間</word><word seq="13">繼續存留。<GreekSeq>13</GreekSeq></word></CSB></verse>
<verse number="6"><CSB><word seq="1">至於<GreekSeq>1</GreekSeq></word><word seq="2">那些<GreekSeq>3</GreekSeq></word><word seq="3">公認是人物的<GreekSeq>4</GreekSeq><GreekSeq>5</GreekSeq><GreekSeq>6</GreekSeq></word><word seq="4">——無論他們<GreekSeq>7</GreekSeq></word><word seq="5">從前<GreekSeq>8</GreekSeq></word><word seq="6">什麼樣，<GreekSeq>6</GreekSeq></word><word seq="7">都</word><word seq="8">對我<GreekSeq>11</GreekSeq></word><word seq="9">沒<GreekSeq>10</GreekSeq></word><word seq="10">有區別；<GreekSeq>12</GreekSeq></word><word seq="11">神<GreekSeq>15</GreekSeq></word><word seq="12">不<GreekSeq>17</GreekSeq></word><word seq="13">以外貌<GreekSeq>13</GreekSeq></word><word seq="14">取<GreekSeq>18</GreekSeq></word><word seq="15">人。<GreekSeq>16</GreekSeq></word><word seq="16">那些<GreekSeq>21</GreekSeq></word><word seq="17">公認是人物的<GreekSeq>22</GreekSeq></word><word seq="18">並</word><word seq="19">沒有<GreekSeq>23</GreekSeq></word><word seq="20">給我<GreekSeq>19</GreekSeq></word><word seq="21">增添<GreekSeq>24</GreekSeq></word><word seq="22">什麼；<GreekSeq>23</GreekSeq></word></CSB></verse>
<verse number="7"><CSB><word seq="1">不過<GreekSeq>1</GreekSeq></word><word seq="2">他們<GreekSeq>3</GreekSeq></word><word seq="3">反而<GreekSeq>2</GreekSeq></word><word seq="4">看出來：<GreekSeq>3</GreekSeq></word><word seq="5">我受了委託<GreekSeq>5</GreekSeq></word><word seq="6">去傳</word><word seq="7">福音<GreekSeq>7</GreekSeq></word><word seq="8">給</word><word seq="9">沒有受割禮的[人]，<GreekSeq>9</GreekSeq></word><word seq="10">正如<GreekSeq>10</GreekSeq></word><word seq="11">彼得<GreekSeq>11</GreekSeq></word><word seq="12">受了委託去傳福音</word><word seq="13">給受割禮的[人]，<GreekSeq>13</GreekSeq></word></CSB></verse>
<verse number="8"><CSB><word seq="1">因為<GreekSeq>2</GreekSeq></word><word seq="2">在彼得<GreekSeq>4</GreekSeq></word><word seq="3">裡面做工、<GreekSeq>3</GreekSeq></word><word seq="4">使他</word><word seq="5">做<GreekSeq>5</GreekSeq></word><word seq="6">受割禮之[人]<GreekSeq>8</GreekSeq></word><word seq="7">使徒<GreekSeq>6</GreekSeq></word><word seq="8">的</word><word seq="9">那一位，<GreekSeq>1</GreekSeq></word><word seq="10">也<GreekSeq>10</GreekSeq></word><word seq="11">在我<GreekSeq>11</GreekSeq></word><word seq="12">裡面做工、<GreekSeq>9</GreekSeq></word><word seq="13">使我</word><word seq="14">做<GreekSeq>12</GreekSeq></word><word seq="15">外邦人<GreekSeq>14</GreekSeq></word><word seq="16">的使徒。</word></CSB></verse>
<verse number="9"><CSB><word seq="1">公認<GreekSeq>14</GreekSeq></word><word seq="2">是<GreekSeq>16</GreekSeq></word><word seq="3">柱石<GreekSeq>15</GreekSeq></word><word seq="4">的<GreekSeq>14</GreekSeq></word><word seq="5">雅各、<GreekSeq>8</GreekSeq></word><word seq="6">磯法<GreekSeq>10</GreekSeq></word><word seq="7">和<GreekSeq>11</GreekSeq></word><word seq="8">約翰，<GreekSeq>12</GreekSeq></word><word seq="9">既然<GreekSeq>1</GreekSeq></word><word seq="10">明白了<GreekSeq>2</GreekSeq></word><word seq="11">[神]所賜給<GreekSeq>6</GreekSeq></word><word seq="12">我<GreekSeq>7</GreekSeq></word><word seq="13">的<GreekSeq>6</GreekSeq></word><word seq="14">恩典，<GreekSeq>4</GreekSeq></word><word seq="15">就</word><word seq="16">向<GreekSeq>19</GreekSeq></word><word seq="17">巴拿巴<GreekSeq>21</GreekSeq></word><word seq="18">和<GreekSeq>20</GreekSeq></word><word seq="19">我<GreekSeq>19</GreekSeq></word><word seq="20">[伸出]<GreekSeq>18</GreekSeq></word><word seq="21">右手<GreekSeq>17</GreekSeq></word><word seq="22">行契合之禮，<GreekSeq>22</GreekSeq></word><word seq="23">要<GreekSeq>23</GreekSeq></word><word seq="24">我們<GreekSeq>24</GreekSeq></word><word seq="25">往<GreekSeq>25</GreekSeq></word><word seq="26">外邦人<GreekSeq>27</GreekSeq></word><word seq="27">那裡去，</word><word seq="28">而<GreekSeq>29</GreekSeq></word><word seq="29">他們<GreekSeq>28</GreekSeq></word><word seq="30">往<GreekSeq>30</GreekSeq></word><word seq="31">受割禮的[人]<GreekSeq>32</GreekSeq></word><word seq="32">那裡去；</word></CSB></verse>
<verse number="10"><CSB><word seq="1">只是<GreekSeq>1</GreekSeq></word><word seq="2">要<GreekSeq>4</GreekSeq></word><word seq="3">我們記得<GreekSeq>5</GreekSeq></word><word seq="4">窮人，<GreekSeq>3</GreekSeq></word><word seq="5">而</word><word seq="6">這一點<GreekSeq>6</GreekSeq></word><word seq="7">也<GreekSeq>7</GreekSeq></word><word seq="8">正是<GreekSeq>9</GreekSeq><GreekSeq>10</GreekSeq></word><word seq="9">我一向努力<GreekSeq>8</GreekSeq></word><word seq="10">做的。<GreekSeq>11</GreekSeq></word></CSB></verse>
<verse number="11"><CSB><word seq="1">不過<GreekSeq>2</GreekSeq></word><word seq="2">磯法<GreekSeq>4</GreekSeq></word><word seq="3">來<GreekSeq>3</GreekSeq></word><word seq="4">到<GreekSeq>5</GreekSeq></word><word seq="5">安提阿<GreekSeq>6</GreekSeq></word><word seq="6">的時候，<GreekSeq>1</GreekSeq></word><word seq="7">我曾<GreekSeq>10</GreekSeq></word><word seq="8">當<GreekSeq>7</GreekSeq></word><word seq="9">面<GreekSeq>8</GreekSeq></word><word seq="10">抵擋<GreekSeq>10</GreekSeq></word><word seq="11">他，<GreekSeq>9</GreekSeq></word><word seq="12">因為<GreekSeq>11</GreekSeq></word><word seq="13">他有<GreekSeq>13</GreekSeq></word><word seq="14">該責備的地方。<GreekSeq>12</GreekSeq></word></CSB></verse>
<verse number="12"><CSB><word seq="1">原來，<GreekSeq>3</GreekSeq></word><word seq="2">從<GreekSeq>6</GreekSeq></word><word seq="3">雅各<GreekSeq>7</GreekSeq></word><word seq="4">那裡<GreekSeq>6</GreekSeq></word><word seq="5">來的<GreekSeq>4</GreekSeq></word><word seq="6">一些人<GreekSeq>5</GreekSeq></word><word seq="7">到達之前，磯法</word><word seq="8">與<GreekSeq>8</GreekSeq></word><word seq="9">外邦人<GreekSeq>10</GreekSeq></word><word seq="10">一起吃飯；<GreekSeq>11</GreekSeq></word><word seq="11">可是<GreekSeq>13</GreekSeq></word><word seq="12">那些人一到，<GreekSeq>14</GreekSeq></word><word seq="13">他[因為]怕<GreekSeq>19</GreekSeq></word><word seq="14">那些<GreekSeq>20</GreekSeq></word><word seq="15">割禮派的人，<GreekSeq>20</GreekSeq><GreekSeq>21</GreekSeq><GreekSeq>22</GreekSeq></word><word seq="16">就<GreekSeq>16</GreekSeq></word><word seq="17">退縮，<GreekSeq>15</GreekSeq></word><word seq="18">與外邦人</word><word seq="19">分開了。<GreekSeq>17</GreekSeq></word></CSB></verse>
<verse number="13"><CSB><word seq="1">其餘的<GreekSeq>6</GreekSeq></word><word seq="2">猶太人<GreekSeq>5</GreekSeq><GreekSeq>7</GreekSeq></word><word seq="3">也<GreekSeq>4</GreekSeq></word><word seq="4">跟著<GreekSeq>2</GreekSeq></word><word seq="5">他<GreekSeq>3</GreekSeq></word><word seq="6">裝假，<GreekSeq>2</GreekSeq></word><word seq="7">以致<GreekSeq>8</GreekSeq></word><word seq="8">連</word><word seq="9">巴拿巴<GreekSeq>10</GreekSeq></word><word seq="10">也<GreekSeq>9</GreekSeq></word><word seq="11">被<GreekSeq>11</GreekSeq></word><word seq="12">他們的<GreekSeq>12</GreekSeq></word><word seq="13">偽善<GreekSeq>14</GreekSeq></word><word seq="14">引入歧途。<GreekSeq>11</GreekSeq></word></CSB></verse>
<verse number="14"><CSB><word seq="1">但<GreekSeq>1</GreekSeq></word><word seq="2">我一看見<GreekSeq>3</GreekSeq></word><word seq="3">他們的行為<GreekSeq>6</GreekSeq></word><word seq="4">不<GreekSeq>5</GreekSeq></word><word seq="5">符合<GreekSeq>7</GreekSeq></word><word seq="6">福音的<GreekSeq>11</GreekSeq></word><word seq="7">真理，<GreekSeq>9</GreekSeq></word><word seq="8">就</word><word seq="9">在<GreekSeq>15</GreekSeq></word><word seq="10">大家<GreekSeq>16</GreekSeq></word><word seq="11">面前<GreekSeq>15</GreekSeq></word><word seq="12">對磯法<GreekSeq>14</GreekSeq></word><word seq="13">說：<GreekSeq>12</GreekSeq></word><word seq="14">「你<GreekSeq>18</GreekSeq></word><word seq="15">身為<GreekSeq>20</GreekSeq></word><word seq="16">猶太人，<GreekSeq>19</GreekSeq></word><word seq="17">如果<GreekSeq>17</GreekSeq></word><word seq="18">像外邦人<GreekSeq>21</GreekSeq></word><word seq="19">而<GreekSeq>22</GreekSeq></word><word seq="20">不<GreekSeq>23</GreekSeq></word><word seq="21">像猶太人<GreekSeq>24</GreekSeq></word><word seq="22">那樣</word><word seq="23">生活，<GreekSeq>25</GreekSeq></word><word seq="24">怎麼<GreekSeq>26</GreekSeq></word><word seq="25">還要</word><word seq="26">強求<GreekSeq>29</GreekSeq></word><word seq="27">外邦人<GreekSeq>28</GreekSeq></word><word seq="28">像猶太人<GreekSeq>30</GreekSeq></word><word seq="29">一樣呢？」</word></CSB></verse>
<verse number="15"><CSB><word seq="1">我們<GreekSeq>1</GreekSeq></word><word seq="2">生來<GreekSeq>2</GreekSeq></word><word seq="3">是</word><word seq="4">猶太人，<GreekSeq>3</GreekSeq></word><word seq="5">不是<GreekSeq>5</GreekSeq></word><word seq="6">「外邦[中]的<GreekSeq>7</GreekSeq></word><word seq="7">罪人」，<GreekSeq>8</GreekSeq></word></CSB></verse>
<verse number="16"><CSB><word seq="1">不過<GreekSeq>2</GreekSeq></word><word seq="2">我們知道：<GreekSeq>1</GreekSeq></word><word seq="3">人<GreekSeq>6</GreekSeq></word><word seq="4">被稱為義<GreekSeq>5</GreekSeq></word><word seq="5">不是<GreekSeq>4</GreekSeq></word><word seq="6">本於<GreekSeq>7</GreekSeq></word><word seq="7">律法[上]的<GreekSeq>9</GreekSeq></word><word seq="8">行為，<GreekSeq>8</GreekSeq></word><word seq="9" note="ἐὰν μή Strong Code (3362)">而是<GreekSeq>10</GreekSeq><GreekSeq>11</GreekSeq></word><word seq="10">藉著<GreekSeq>12</GreekSeq></word><word seq="11">信<GreekSeq>13</GreekSeq></word><word seq="12">耶穌<GreekSeq>14</GreekSeq></word><word seq="13">基督。<GreekSeq>15</GreekSeq></word><word seq="14">於是<GreekSeq>16</GreekSeq></word><word seq="15">我們<GreekSeq>17</GreekSeq></word><word seq="16">信了<GreekSeq>21</GreekSeq></word><word seq="17">基督<GreekSeq>19</GreekSeq></word><word seq="18">耶穌，<GreekSeq>20</GreekSeq></word><word seq="19">為要<GreekSeq>22</GreekSeq></word><word seq="20">因<GreekSeq>24</GreekSeq></word><word seq="21">信<GreekSeq>25</GreekSeq></word><word seq="22">基督<GreekSeq>26</GreekSeq></word><word seq="23">稱義，<GreekSeq>23</GreekSeq></word><word seq="24">而<GreekSeq>27</GreekSeq></word><word seq="25">不是<GreekSeq>28</GreekSeq></word><word seq="26">本於<GreekSeq>29</GreekSeq></word><word seq="27">律法[上]的<GreekSeq>31</GreekSeq></word><word seq="28">行為，<GreekSeq>30</GreekSeq></word><word seq="29">因為<GreekSeq>32</GreekSeq></word><word seq="30">沒有<GreekSeq>36</GreekSeq></word><word seq="31">[一個人]<GreekSeq>39</GreekSeq></word><word seq="32">本於<GreekSeq>33</GreekSeq></word><word seq="33">律法[上]的<GreekSeq>35</GreekSeq></word><word seq="34">行為<GreekSeq>34</GreekSeq></word><word seq="35">會被稱為義。<GreekSeq>37</GreekSeq></word></CSB></verse>
<verse number="17"><CSB><word seq="1">但<GreekSeq>2</GreekSeq></word><word seq="2">如果<GreekSeq>1</GreekSeq></word><word seq="3">我們自己尋求<GreekSeq>3</GreekSeq></word><word seq="4">在<GreekSeq>5</GreekSeq></word><word seq="5">基督<GreekSeq>6</GreekSeq></word><word seq="6">裡<GreekSeq>5</GreekSeq></word><word seq="7">被稱為義，<GreekSeq>4</GreekSeq></word><word seq="8">卻<GreekSeq>8</GreekSeq></word><word seq="9">被發現<GreekSeq>7</GreekSeq></word><word seq="10">還是<GreekSeq>8</GreekSeq></word><word seq="11">罪人，<GreekSeq>10</GreekSeq></word><word seq="12">那麼，</word><word seq="13">難道<GreekSeq>11</GreekSeq></word><word seq="14">基督<GreekSeq>12</GreekSeq></word><word seq="15">就成了</word><word seq="16">罪的<GreekSeq>13</GreekSeq></word><word seq="17">僕人<GreekSeq>14</GreekSeq></word><word seq="18">嗎？</word><word seq="19">絕對不是！<GreekSeq>15</GreekSeq><GreekSeq>16</GreekSeq></word></CSB></verse>
<verse number="18"><CSB><word seq="1">因為<GreekSeq>2</GreekSeq></word><word seq="2">我<GreekSeq>7</GreekSeq></word><word seq="3">如果<GreekSeq>1</GreekSeq></word><word seq="4">重<GreekSeq>6</GreekSeq></word><word seq="5">建<GreekSeq>7</GreekSeq></word><word seq="6">自己以前所拆毀的，<GreekSeq>3</GreekSeq><GreekSeq>4</GreekSeq></word><word seq="7">就</word><word seq="8">證明我<GreekSeq>10</GreekSeq></word><word seq="9">是</word><word seq="10">違犯律法的人。<GreekSeq>8</GreekSeq></word></CSB></verse>
<verse number="19"><CSB><word seq="1">原來<GreekSeq>2</GreekSeq></word><word seq="2">藉著<GreekSeq>3</GreekSeq></word><word seq="3">律法，<GreekSeq>4</GreekSeq></word><word seq="4">我<GreekSeq>1</GreekSeq></word><word seq="5">已經<GreekSeq>6</GreekSeq></word><word seq="6">向律法<GreekSeq>5</GreekSeq></word><word seq="7">死了，<GreekSeq>6</GreekSeq></word><word seq="8">使<GreekSeq>7</GreekSeq></word><word seq="9">我能<GreekSeq>9</GreekSeq></word><word seq="10">向神<GreekSeq>8</GreekSeq></word><word seq="11">活著。<GreekSeq>9</GreekSeq></word><word seq="12">我已經<GreekSeq>11</GreekSeq></word><word seq="13">和基督<GreekSeq>10</GreekSeq></word><word seq="14">一起被釘十字架，<GreekSeq>11</GreekSeq></word></CSB></verse>
<verse number="20"><CSB><word seq="1">所以</word><word seq="2">現在活著<GreekSeq>1</GreekSeq></word><word seq="3">的</word><word seq="4">不再是<GreekSeq>3</GreekSeq></word><word seq="5">我，<GreekSeq>4</GreekSeq></word><word seq="6">而是<GreekSeq>6</GreekSeq></word><word seq="7">基督<GreekSeq>9</GreekSeq></word><word seq="8">在<GreekSeq>7</GreekSeq></word><word seq="9">我<GreekSeq>8</GreekSeq></word><word seq="10">裡面<GreekSeq>7</GreekSeq></word><word seq="11">活著；<GreekSeq>5</GreekSeq></word><word seq="12">並且<GreekSeq>11</GreekSeq></word><word seq="13">如今<GreekSeq>12</GreekSeq></word><word seq="14">我<GreekSeq>13</GreekSeq></word><word seq="15">在<GreekSeq>14</GreekSeq></word><word seq="16">肉體<GreekSeq>15</GreekSeq></word><word seq="17">中<GreekSeq>14</GreekSeq></word><word seq="18">活著，<GreekSeq>13</GreekSeq></word><word seq="19">是</word><word seq="20">因<GreekSeq>16</GreekSeq></word><word seq="21">信<GreekSeq>17</GreekSeq></word><word seq="22">神的<GreekSeq>23</GreekSeq></word><word seq="23">兒子<GreekSeq>21</GreekSeq></word><word seq="24">而</word><word seq="25">活；<GreekSeq>18</GreekSeq></word><word seq="26">他<GreekSeq>24</GreekSeq></word><word seq="27">愛<GreekSeq>25</GreekSeq></word><word seq="28">我，<GreekSeq>26</GreekSeq></word><word seq="29">甚至<GreekSeq>27</GreekSeq></word><word seq="30">為<GreekSeq>30</GreekSeq></word><word seq="31">我<GreekSeq>31</GreekSeq></word><word seq="32">捨棄了<GreekSeq>28</GreekSeq></word><word seq="33">自己。<GreekSeq>29</GreekSeq></word></CSB></verse>
<verse number="21"><CSB><word seq="1">我<GreekSeq>2</GreekSeq></word><word seq="2">不<GreekSeq>1</GreekSeq></word><word seq="3">棄絕<GreekSeq>2</GreekSeq></word><word seq="4">神的<GreekSeq>6</GreekSeq></word><word seq="5">恩典，<GreekSeq>4</GreekSeq></word><word seq="6">因為<GreekSeq>8</GreekSeq></word><word seq="7">義<GreekSeq>11</GreekSeq></word><word seq="8">如果<GreekSeq>7</GreekSeq></word><word seq="9">是</word><word seq="10">藉著<GreekSeq>9</GreekSeq></word><word seq="11">律法<GreekSeq>10</GreekSeq></word><word seq="12">而來的，那麼，</word><word seq="13">基督<GreekSeq>13</GreekSeq></word><word seq="14">就<GreekSeq>12</GreekSeq></word><word seq="15">白白地<GreekSeq>14</GreekSeq></word><word seq="16">死了。<GreekSeq>15</GreekSeq></word></CSB></verse>
</chapter></book>