<?xml version="1.0" encoding="UTF-8" standalone="no"?><book><chapter number="18">
<verse number="1"><CSB><word seq="1">耶穌<GreekSeq>3</GreekSeq></word><word seq="2">說了<GreekSeq>2</GreekSeq></word><word seq="3">這些[話]，<GreekSeq>1</GreekSeq></word><word seq="4">就</word><word seq="5">與<GreekSeq>5</GreekSeq></word><word seq="6">他的<GreekSeq>8</GreekSeq></word><word seq="7">門徒們<GreekSeq>7</GreekSeq></word><word seq="8">一起<GreekSeq>5</GreekSeq></word><word seq="9">出去，<GreekSeq>4</GreekSeq></word><word seq="10">過了<GreekSeq>9</GreekSeq></word><word seq="11">汲淪<GreekSeq>13</GreekSeq></word><word seq="12">溪谷。<GreekSeq>11</GreekSeq></word><word seq="13">在那裡<GreekSeq>14</GreekSeq></word><word seq="14">有<GreekSeq>15</GreekSeq></word><word seq="15">一個園子，<GreekSeq>16</GreekSeq></word><word seq="16">[耶穌]<GreekSeq>20</GreekSeq></word><word seq="17">和<GreekSeq>21</GreekSeq></word><word seq="18">他的<GreekSeq>24</GreekSeq></word><word seq="19">門徒們<GreekSeq>23</GreekSeq></word><word seq="20">進去了。<GreekSeq>19</GreekSeq></word></CSB></verse>
<verse number="2"><CSB><word seq="1">出賣<GreekSeq>6</GreekSeq></word><word seq="2">[耶穌]<GreekSeq>7</GreekSeq></word><word seq="3">的<GreekSeq>6</GreekSeq></word><word seq="4">猶大<GreekSeq>4</GreekSeq></word><word seq="5">也<GreekSeq>3</GreekSeq></word><word seq="6">知道<GreekSeq>1</GreekSeq></word><word seq="7">那<GreekSeq>8</GreekSeq></word><word seq="8">地方，<GreekSeq>9</GreekSeq></word><word seq="9">因為<GreekSeq>10</GreekSeq></word><word seq="10">耶穌<GreekSeq>13</GreekSeq></word><word seq="11">經常<GreekSeq>11</GreekSeq></word><word seq="12">在那裡<GreekSeq>14</GreekSeq></word><word seq="13">與<GreekSeq>15</GreekSeq></word><word seq="14">他的<GreekSeq>18</GreekSeq></word><word seq="15">門徒們<GreekSeq>17</GreekSeq></word><word seq="16">一同聚集。<GreekSeq>12</GreekSeq></word></CSB></verse>
<verse number="3"><CSB><word seq="1">於是<GreekSeq>2</GreekSeq></word><word seq="2">猶大<GreekSeq>3</GreekSeq></word><word seq="3">領著<GreekSeq>4</GreekSeq></word><word seq="4">一隊士兵，<GreekSeq>6</GreekSeq></word><word seq="5">還有<GreekSeq>7</GreekSeq></word><word seq="6">祭司長們<GreekSeq>10</GreekSeq></word><word seq="7">和<GreekSeq>11</GreekSeq></word><word seq="8">法利賽人的<GreekSeq>14</GreekSeq></word><word seq="9">差役們，<GreekSeq>15</GreekSeq></word><word seq="10">帶著<GreekSeq>18</GreekSeq></word><word seq="11">燈籠、<GreekSeq>21</GreekSeq></word><word seq="12">火把、<GreekSeq>19</GreekSeq></word><word seq="13">兵器<GreekSeq>23</GreekSeq></word><word seq="14">來到<GreekSeq>16</GreekSeq></word><word seq="15">那裡。<GreekSeq>17</GreekSeq></word></CSB></verse>
<verse number="4"><CSB><word seq="1">耶穌<GreekSeq>1</GreekSeq></word><word seq="2">知道<GreekSeq>3</GreekSeq></word><word seq="3">就要臨<GreekSeq>6</GreekSeq></word><word seq="4">到<GreekSeq>7</GreekSeq></word><word seq="5">自己<GreekSeq>8</GreekSeq></word><word seq="6">的<GreekSeq>6</GreekSeq></word><word seq="7">一切，<GreekSeq>4</GreekSeq></word><word seq="8">於是<GreekSeq>10</GreekSeq></word><word seq="9">上前<GreekSeq>9</GreekSeq></word><word seq="10">對他們<GreekSeq>12</GreekSeq></word><word seq="11">說：<GreekSeq>11</GreekSeq></word><word seq="12">「你們找<GreekSeq>14</GreekSeq></word><word seq="13">誰？」<GreekSeq>13</GreekSeq></word></CSB></verse>
<verse number="5"><CSB><word seq="1">他們回答：<GreekSeq>1</GreekSeq></word><word seq="2">「拿撒勒人<GreekSeq>5</GreekSeq></word><word seq="3">耶穌。」<GreekSeq>3</GreekSeq></word><word seq="4">[耶穌]說：<GreekSeq>6</GreekSeq></word><word seq="5">「我<GreekSeq>8</GreekSeq></word><word seq="6">就是。」<GreekSeq>9</GreekSeq></word><word seq="7">出賣<GreekSeq>15</GreekSeq></word><word seq="8">他<GreekSeq>16</GreekSeq></word><word seq="9">的<GreekSeq>15</GreekSeq></word><word seq="10">猶大<GreekSeq>13</GreekSeq></word><word seq="11">也<GreekSeq>12</GreekSeq></word><word seq="12">與<GreekSeq>17</GreekSeq></word><word seq="13">他們<GreekSeq>18</GreekSeq></word><word seq="14">站<GreekSeq>10</GreekSeq></word><word seq="15">在一起。<GreekSeq>17</GreekSeq></word></CSB></verse>
<verse number="6"><CSB><word seq="1">耶穌</word><word seq="2">一<GreekSeq>1</GreekSeq></word><word seq="3">說<GreekSeq>3</GreekSeq></word><word seq="4">「我<GreekSeq>5</GreekSeq></word><word seq="5">就是」，<GreekSeq>6</GreekSeq></word><word seq="6">他們[就]<GreekSeq>7</GreekSeq></word><word seq="7">往後<GreekSeq>8</GreekSeq><GreekSeq>9</GreekSeq><GreekSeq>10</GreekSeq></word><word seq="8">退，<GreekSeq>7</GreekSeq></word><word seq="9">倒<GreekSeq>12</GreekSeq></word><word seq="10">在地上。<GreekSeq>13</GreekSeq></word></CSB></verse>
<verse number="7"><CSB><word seq="1">於是<GreekSeq>2</GreekSeq></word><word seq="2">耶穌</word><word seq="3">又<GreekSeq>1</GreekSeq></word><word seq="4">問：<GreekSeq>3</GreekSeq></word><word seq="5">「你們找<GreekSeq>6</GreekSeq></word><word seq="6">誰？」<GreekSeq>5</GreekSeq></word><word seq="7">他們<GreekSeq>7</GreekSeq></word><word seq="8">說：<GreekSeq>9</GreekSeq></word><word seq="9">「拿撒勒人<GreekSeq>12</GreekSeq></word><word seq="10">耶穌。」<GreekSeq>10</GreekSeq></word></CSB></verse>
<verse number="8"><CSB><word seq="1">耶穌<GreekSeq>2</GreekSeq></word><word seq="2">回答：<GreekSeq>1</GreekSeq></word><word seq="3">「我已經告訴<GreekSeq>3</GreekSeq></word><word seq="4">你們<GreekSeq>4</GreekSeq></word><word seq="5">『我<GreekSeq>6</GreekSeq></word><word seq="6">就是』。<GreekSeq>7</GreekSeq></word><word seq="7">因此，<GreekSeq>9</GreekSeq></word><word seq="8">你們<GreekSeq>11</GreekSeq></word><word seq="9">如果<GreekSeq>8</GreekSeq></word><word seq="10">找<GreekSeq>11</GreekSeq></word><word seq="11">我，<GreekSeq>10</GreekSeq></word><word seq="12">就</word><word seq="13">讓<GreekSeq>12</GreekSeq></word><word seq="14">這些人<GreekSeq>13</GreekSeq></word><word seq="15">走吧！」<GreekSeq>14</GreekSeq></word></CSB></verse>
<verse number="9"><CSB><word seq="1">這是<GreekSeq>1</GreekSeq></word><word seq="2">為要應驗<GreekSeq>2</GreekSeq></word><word seq="3">[耶穌]說過的<GreekSeq>5</GreekSeq><GreekSeq>6</GreekSeq></word><word seq="4">話：<GreekSeq>4</GreekSeq></word><word seq="5">「你所賜給<GreekSeq>9</GreekSeq></word><word seq="6">我<GreekSeq>10</GreekSeq></word><word seq="7">的人，<GreekSeq>8</GreekSeq></word><word seq="8">我<GreekSeq>12</GreekSeq></word><word seq="9">一個<GreekSeq>15</GreekSeq></word><word seq="10">也</word><word seq="11">沒有<GreekSeq>11</GreekSeq></word><word seq="12">丟失。」<GreekSeq>12</GreekSeq></word></CSB></verse>
<verse number="10"><CSB><word seq="1">西門<GreekSeq>1</GreekSeq></word><word seq="2">彼得<GreekSeq>3</GreekSeq></word><word seq="3">帶著<GreekSeq>4</GreekSeq></word><word seq="4">一把刀。<GreekSeq>5</GreekSeq></word><word seq="5">他拔出<GreekSeq>6</GreekSeq></word><word seq="6">[刀]<GreekSeq>7</GreekSeq></word><word seq="7">來，</word><word seq="8">向<GreekSeq>9</GreekSeq></word><word seq="9">大祭司的<GreekSeq>12</GreekSeq></word><word seq="10">奴僕<GreekSeq>13</GreekSeq></word><word seq="11">砍去，<GreekSeq>9</GreekSeq></word><word seq="12">削掉了<GreekSeq>15</GreekSeq></word><word seq="13">他的<GreekSeq>16</GreekSeq></word><word seq="14">右<GreekSeq>20</GreekSeq></word><word seq="15">耳。<GreekSeq>18</GreekSeq></word><word seq="16">那<GreekSeq>24</GreekSeq></word><word seq="17">奴僕<GreekSeq>25</GreekSeq></word><word seq="18">的</word><word seq="19">名字<GreekSeq>23</GreekSeq></word><word seq="20">是<GreekSeq>21</GreekSeq></word><word seq="21">馬勒古。<GreekSeq>26</GreekSeq></word></CSB></verse>
<verse number="11"><CSB><word seq="1">耶穌<GreekSeq>4</GreekSeq></word><word seq="2">就<GreekSeq>2</GreekSeq></word><word seq="3">對彼得<GreekSeq>6</GreekSeq></word><word seq="4">說：<GreekSeq>1</GreekSeq></word><word seq="5">「把<GreekSeq>7</GreekSeq></word><word seq="6">刀<GreekSeq>9</GreekSeq></word><word seq="7">收回<GreekSeq>7</GreekSeq></word><word seq="8">鞘<GreekSeq>12</GreekSeq></word><word seq="9">裡！<GreekSeq>10</GreekSeq></word><word seq="10">父<GreekSeq>19</GreekSeq></word><word seq="11">所賜給<GreekSeq>15</GreekSeq><GreekSeq>16</GreekSeq></word><word seq="12">我<GreekSeq>17</GreekSeq></word><word seq="13">的杯，<GreekSeq>14</GreekSeq></word><word seq="14">我<GreekSeq>22</GreekSeq></word><word seq="15" note="οὐ μή Strong Code (3364)">難道能不<GreekSeq>20</GreekSeq><GreekSeq>21</GreekSeq></word><word seq="16">喝<GreekSeq>22</GreekSeq></word><word seq="17">嗎？」</word></CSB></verse>
<verse number="12"><CSB><word seq="1">於是<GreekSeq>2</GreekSeq></word><word seq="2">那<GreekSeq>1</GreekSeq></word><word seq="3">隊士兵<GreekSeq>3</GreekSeq></word><word seq="4">和<GreekSeq>4</GreekSeq></word><word seq="5">千夫長，<GreekSeq>6</GreekSeq></word><word seq="6">以及<GreekSeq>7</GreekSeq></word><word seq="7">猶太人的<GreekSeq>11</GreekSeq></word><word seq="8">差役們，<GreekSeq>9</GreekSeq></word><word seq="9">抓住<GreekSeq>12</GreekSeq></word><word seq="10">耶穌，<GreekSeq>14</GreekSeq></word><word seq="11">把他<GreekSeq>17</GreekSeq></word><word seq="12">捆綁[起來]，<GreekSeq>16</GreekSeq></word></CSB></verse>
<verse number="13"><CSB><word seq="1">先<GreekSeq>5</GreekSeq></word><word seq="2">帶<GreekSeq>2</GreekSeq></word><word seq="3">到<GreekSeq>3</GreekSeq></word><word seq="4">亞納<GreekSeq>4</GreekSeq></word><word seq="5">面前，<GreekSeq>3</GreekSeq></word><word seq="6">因為<GreekSeq>7</GreekSeq></word><word seq="7">[亞納]是<GreekSeq>6</GreekSeq></word><word seq="8">[當]<GreekSeq>16</GreekSeq></word><word seq="9">年的<GreekSeq>15</GreekSeq></word><word seq="10">大祭司<GreekSeq>13</GreekSeq></word><word seq="11">該亞法的<GreekSeq>10</GreekSeq></word><word seq="12">岳父。<GreekSeq>8</GreekSeq></word></CSB></verse>
<verse number="14"><CSB><word seq="1">該亞法<GreekSeq>3</GreekSeq></word><word seq="2">就是<GreekSeq>1</GreekSeq></word><word seq="3">曾經<GreekSeq>7</GreekSeq></word><word seq="4">向那些<GreekSeq>6</GreekSeq></word><word seq="5">猶太人<GreekSeq>7</GreekSeq></word><word seq="6">建議<GreekSeq>5</GreekSeq></word><word seq="7">「一個<GreekSeq>10</GreekSeq></word><word seq="8">人<GreekSeq>11</GreekSeq></word><word seq="9">替<GreekSeq>13</GreekSeq></word><word seq="10">民眾<GreekSeq>15</GreekSeq></word><word seq="11">死<GreekSeq>12</GreekSeq></word><word seq="12">是有益處的」<GreekSeq>9</GreekSeq></word><word seq="13">那個人。<GreekSeq>4</GreekSeq></word></CSB></verse>
<verse number="15"><CSB><word seq="1">這時，<GreekSeq>2</GreekSeq></word><word seq="2">西門<GreekSeq>5</GreekSeq></word><word seq="3">彼得<GreekSeq>6</GreekSeq></word><word seq="4">和<GreekSeq>7</GreekSeq></word><word seq="5">另一個<GreekSeq>8</GreekSeq></word><word seq="6">門徒<GreekSeq>9</GreekSeq></word><word seq="7">跟著<GreekSeq>1</GreekSeq></word><word seq="8">耶穌。<GreekSeq>4</GreekSeq></word><word seq="9">那<GreekSeq>13</GreekSeq></word><word seq="10">門徒<GreekSeq>12</GreekSeq></word><word seq="11">是<GreekSeq>14</GreekSeq></word><word seq="12">大祭司<GreekSeq>17</GreekSeq></word><word seq="13">所認識的，<GreekSeq>15</GreekSeq></word><word seq="14">[所以]<GreekSeq>18</GreekSeq></word><word seq="15">跟著<GreekSeq>19</GreekSeq></word><word seq="16">耶穌<GreekSeq>21</GreekSeq></word><word seq="17">進了<GreekSeq>22</GreekSeq></word><word seq="18">大祭司的<GreekSeq>26</GreekSeq></word><word seq="19">院子；<GreekSeq>24</GreekSeq></word></CSB></verse>
<verse number="16"><CSB><word seq="1">彼得<GreekSeq>3</GreekSeq></word><word seq="2">卻<GreekSeq>2</GreekSeq></word><word seq="3">站<GreekSeq>4</GreekSeq></word><word seq="4">在<GreekSeq>5</GreekSeq></word><word seq="5">門<GreekSeq>7</GreekSeq></word><word seq="6">外。<GreekSeq>8</GreekSeq></word><word seq="7">後來，<GreekSeq>10</GreekSeq></word><word seq="8">大祭司<GreekSeq>18</GreekSeq></word><word seq="9">認識的<GreekSeq>16</GreekSeq></word><word seq="10">那個<GreekSeq>14</GreekSeq></word><word seq="11">門徒<GreekSeq>12</GreekSeq></word><word seq="12">出來，<GreekSeq>9</GreekSeq></word><word seq="13">對看門的<GreekSeq>22</GreekSeq></word><word seq="14">說了[一聲]，<GreekSeq>20</GreekSeq></word><word seq="15">就<GreekSeq>23</GreekSeq></word><word seq="16">把<GreekSeq>24</GreekSeq></word><word seq="17">彼得<GreekSeq>26</GreekSeq></word><word seq="18">帶了進去。<GreekSeq>24</GreekSeq></word></CSB></verse>
<verse number="17"><CSB><word seq="1">那<GreekSeq>5</GreekSeq></word><word seq="2">看門<GreekSeq>8</GreekSeq></word><word seq="3">的</word><word seq="4">女僕<GreekSeq>6</GreekSeq></word><word seq="5">問<GreekSeq>1</GreekSeq></word><word seq="6">彼得：<GreekSeq>4</GreekSeq></word><word seq="7">「你<GreekSeq>11</GreekSeq></word><word seq="8">不<GreekSeq>9</GreekSeq></word><word seq="9">也<GreekSeq>10</GreekSeq></word><word seq="10">是<GreekSeq>15</GreekSeq></word><word seq="11">這個<GreekSeq>18</GreekSeq></word><word seq="12">人的<GreekSeq>17</GreekSeq></word><word seq="13">門徒<GreekSeq>14</GreekSeq></word><word seq="14">嗎？」</word><word seq="15">[彼得]<GreekSeq>20</GreekSeq></word><word seq="16">說：<GreekSeq>19</GreekSeq></word><word seq="17">「我<GreekSeq>22</GreekSeq></word><word seq="18">不<GreekSeq>21</GreekSeq></word><word seq="19">是。」<GreekSeq>22</GreekSeq></word></CSB></verse>
<verse number="18"><CSB><word seq="1">因為<GreekSeq>10</GreekSeq></word><word seq="2">當時<GreekSeq>12</GreekSeq></word><word seq="3">天氣寒冷，<GreekSeq>11</GreekSeq></word><word seq="4">奴僕<GreekSeq>4</GreekSeq></word><word seq="5">和<GreekSeq>5</GreekSeq></word><word seq="6">差役們<GreekSeq>7</GreekSeq></word><word seq="7">生了<GreekSeq>9</GreekSeq></word><word seq="8">一堆炭火，<GreekSeq>8</GreekSeq></word><word seq="9">站著<GreekSeq>1</GreekSeq></word><word seq="10">取暖。<GreekSeq>14</GreekSeq></word><word seq="11">彼得<GreekSeq>19</GreekSeq></word><word seq="12">也<GreekSeq>17</GreekSeq></word><word seq="13">與<GreekSeq>20</GreekSeq></word><word seq="14">他們<GreekSeq>21</GreekSeq></word><word seq="15">站<GreekSeq>22</GreekSeq></word><word seq="16">在一起<GreekSeq>20</GreekSeq></word><word seq="17">取暖。<GreekSeq>24</GreekSeq></word></CSB></verse>
<verse number="19"><CSB><word seq="1">那時，<GreekSeq>2</GreekSeq></word><word seq="2">大祭司<GreekSeq>3</GreekSeq></word><word seq="3">盤問<GreekSeq>4</GreekSeq></word><word seq="4">耶穌<GreekSeq>6</GreekSeq></word><word seq="5">有關<GreekSeq>7</GreekSeq></word><word seq="6">他的<GreekSeq>10</GreekSeq></word><word seq="7">門徒<GreekSeq>9</GreekSeq></word><word seq="8">和<GreekSeq>11</GreekSeq></word><word seq="9">他<GreekSeq>15</GreekSeq></word><word seq="10">教導的[事]。<GreekSeq>14</GreekSeq></word></CSB></verse>
<verse number="20"><CSB><word seq="1">耶穌<GreekSeq>3</GreekSeq></word><word seq="2">回答<GreekSeq>1</GreekSeq></word><word seq="3">他：<GreekSeq>2</GreekSeq></word><word seq="4">「我<GreekSeq>4</GreekSeq></word><word seq="5">一向<GreekSeq>6</GreekSeq></word><word seq="6">公開地<GreekSeq>5</GreekSeq></word><word seq="7">對世人<GreekSeq>8</GreekSeq></word><word seq="8">講話。<GreekSeq>6</GreekSeq></word><word seq="9">我<GreekSeq>9</GreekSeq></word><word seq="10">總是<GreekSeq>10</GreekSeq></word><word seq="11">在<GreekSeq>12</GreekSeq></word><word seq="12">會堂<GreekSeq>13</GreekSeq></word><word seq="13">和<GreekSeq>14</GreekSeq></word><word seq="14">[聖]殿，<GreekSeq>17</GreekSeq></word><word seq="15">就是</word><word seq="16">所有<GreekSeq>19</GreekSeq></word><word seq="17">猶太人<GreekSeq>21</GreekSeq></word><word seq="18">聚集<GreekSeq>22</GreekSeq></word><word seq="19">的地方<GreekSeq>18</GreekSeq></word><word seq="20">教導人。<GreekSeq>11</GreekSeq></word><word seq="21">我<GreekSeq>26</GreekSeq></word><word seq="22">沒有<GreekSeq>27</GreekSeq></word><word seq="23">在<GreekSeq>24</GreekSeq></word><word seq="24">隱祕<GreekSeq>25</GreekSeq></word><word seq="25">中<GreekSeq>24</GreekSeq></word><word seq="26">講過<GreekSeq>26</GreekSeq></word><word seq="27">什麼。<GreekSeq>27</GreekSeq></word></CSB></verse>
<verse number="21"><CSB><word seq="1">你<GreekSeq>3</GreekSeq></word><word seq="2">為什麼<GreekSeq>1</GreekSeq></word><word seq="3">問<GreekSeq>3</GreekSeq></word><word seq="4">我<GreekSeq>2</GreekSeq></word><word seq="5">呢？</word><word seq="6">你可以去問<GreekSeq>4</GreekSeq></word><word seq="7">那些<GreekSeq>5</GreekSeq></word><word seq="8">聽見過的人，<GreekSeq>6</GreekSeq></word><word seq="9">我<GreekSeq>8</GreekSeq></word><word seq="10">對他們<GreekSeq>9</GreekSeq></word><word seq="11">講了<GreekSeq>8</GreekSeq></word><word seq="12">什麼。<GreekSeq>7</GreekSeq></word><word seq="13">你看，<GreekSeq>10</GreekSeq></word><word seq="14">我<GreekSeq>15</GreekSeq></word><word seq="15">所說的，<GreekSeq>13</GreekSeq><GreekSeq>14</GreekSeq></word><word seq="16">那些人<GreekSeq>11</GreekSeq></word><word seq="17">都</word><word seq="18">知道。」<GreekSeq>12</GreekSeq></word></CSB></verse>
<verse number="22"><CSB><word seq="1">[耶穌]<GreekSeq>3</GreekSeq></word><word seq="2">說了<GreekSeq>4</GreekSeq></word><word seq="3">這些[話]，<GreekSeq>1</GreekSeq></word><word seq="4">站在旁邊的<GreekSeq>6</GreekSeq></word><word seq="5">一個<GreekSeq>5</GreekSeq></word><word seq="6">差役<GreekSeq>8</GreekSeq></word><word seq="7">就</word><word seq="8">打了<GreekSeq>9</GreekSeq></word><word seq="9">[他]<GreekSeq>12</GreekSeq></word><word seq="10">一巴掌，<GreekSeq>10</GreekSeq></word><word seq="11">說：<GreekSeq>13</GreekSeq></word><word seq="12">「你<GreekSeq>15</GreekSeq></word><word seq="13">這樣<GreekSeq>14</GreekSeq></word><word seq="14">回答<GreekSeq>15</GreekSeq></word><word seq="15">大祭司<GreekSeq>17</GreekSeq></word><word seq="16">嗎？」</word></CSB></verse>
<verse number="23"><CSB><word seq="1">耶穌<GreekSeq>3</GreekSeq></word><word seq="2">回答<GreekSeq>1</GreekSeq></word><word seq="3">他：<GreekSeq>2</GreekSeq></word><word seq="4">「如果<GreekSeq>4</GreekSeq></word><word seq="5">我說<GreekSeq>6</GreekSeq></word><word seq="6">得</word><word seq="7">不對，<GreekSeq>5</GreekSeq></word><word seq="8">你可以見證<GreekSeq>7</GreekSeq></word><word seq="9">哪裡<GreekSeq>8</GreekSeq></word><word seq="10">不對；<GreekSeq>10</GreekSeq></word><word seq="11">如果<GreekSeq>11</GreekSeq></word><word seq="12">[說得]對，<GreekSeq>13</GreekSeq></word><word seq="13">你<GreekSeq>16</GreekSeq></word><word seq="14">為什麼<GreekSeq>14</GreekSeq></word><word seq="15">打<GreekSeq>16</GreekSeq></word><word seq="16">我<GreekSeq>15</GreekSeq></word><word seq="17">呢？」</word></CSB></verse>
<verse number="24"><CSB><word seq="1">那時候<GreekSeq>2</GreekSeq></word><word seq="2">耶穌</word><word seq="3">仍然被捆綁，<GreekSeq>6</GreekSeq></word><word seq="4">亞納<GreekSeq>5</GreekSeq></word><word seq="5">把他<GreekSeq>3</GreekSeq></word><word seq="6">押送<GreekSeq>1</GreekSeq></word><word seq="7">到<GreekSeq>7</GreekSeq></word><word seq="8">大祭司<GreekSeq>10</GreekSeq></word><word seq="9">該亞法<GreekSeq>8</GreekSeq></word><word seq="10">那裡<GreekSeq>7</GreekSeq></word><word seq="11">去。</word></CSB></verse>
<verse number="25"><CSB><word seq="1">西門<GreekSeq>3</GreekSeq></word><word seq="2">彼得<GreekSeq>4</GreekSeq></word><word seq="3">正<GreekSeq>1</GreekSeq></word><word seq="4">站著<GreekSeq>5</GreekSeq></word><word seq="5">取暖，<GreekSeq>7</GreekSeq></word><word seq="6">有人</word><word seq="7">對他<GreekSeq>10</GreekSeq></word><word seq="8">說：<GreekSeq>8</GreekSeq></word><word seq="9">「你<GreekSeq>13</GreekSeq></word><word seq="10">不<GreekSeq>11</GreekSeq></word><word seq="11">也<GreekSeq>12</GreekSeq></word><word seq="12">是<GreekSeq>18</GreekSeq></word><word seq="13">他的<GreekSeq>17</GreekSeq></word><word seq="14">門徒<GreekSeq>16</GreekSeq></word><word seq="15">嗎？」</word><word seq="16">[彼得]<GreekSeq>20</GreekSeq></word><word seq="17">否認<GreekSeq>19</GreekSeq></word><word seq="18">說：<GreekSeq>22</GreekSeq></word><word seq="19">「我<GreekSeq>24</GreekSeq></word><word seq="20">不<GreekSeq>23</GreekSeq></word><word seq="21">是。」<GreekSeq>24</GreekSeq></word></CSB></verse>
<verse number="26"><CSB><word seq="1">大祭司的<GreekSeq>7</GreekSeq></word><word seq="2">一個<GreekSeq>2</GreekSeq></word><word seq="3">奴僕，<GreekSeq>5</GreekSeq></word><word seq="4">就是<GreekSeq>9</GreekSeq></word><word seq="5">被<GreekSeq>11</GreekSeq></word><word seq="6">彼得<GreekSeq>12</GreekSeq></word><word seq="7">削掉<GreekSeq>11</GreekSeq></word><word seq="8">耳朵<GreekSeq>14</GreekSeq></word><word seq="9">的那個人<GreekSeq>10</GreekSeq></word><word seq="10">的</word><word seq="11">親戚，<GreekSeq>8</GreekSeq></word><word seq="12">說：<GreekSeq>1</GreekSeq></word><word seq="13">「我<GreekSeq>16</GreekSeq></word><word seq="14">不是<GreekSeq>15</GreekSeq></word><word seq="15">看見<GreekSeq>18</GreekSeq></word><word seq="16">你<GreekSeq>17</GreekSeq></word><word seq="17">與<GreekSeq>22</GreekSeq></word><word seq="18">他<GreekSeq>23</GreekSeq></word><word seq="19">一起<GreekSeq>22</GreekSeq></word><word seq="20">在<GreekSeq>19</GreekSeq></word><word seq="21">園子<GreekSeq>21</GreekSeq></word><word seq="22">裡<GreekSeq>19</GreekSeq></word><word seq="23">嗎？」</word></CSB></verse>
<verse number="27"><CSB><word seq="1">彼得<GreekSeq>4</GreekSeq></word><word seq="2">再次<GreekSeq>1</GreekSeq></word><word seq="3">否認。<GreekSeq>3</GreekSeq></word><word seq="4">立時，<GreekSeq>6</GreekSeq></word><word seq="5">雞<GreekSeq>7</GreekSeq></word><word seq="6">就<GreekSeq>5</GreekSeq></word><word seq="7">叫了。<GreekSeq>8</GreekSeq></word></CSB></verse>
<verse number="28"><CSB><word seq="1">他們<GreekSeq>1</GreekSeq></word><word seq="2">把耶穌<GreekSeq>4</GreekSeq></word><word seq="3">從<GreekSeq>5</GreekSeq></word><word seq="4">該亞法<GreekSeq>7</GreekSeq></word><word seq="5">那裡</word><word seq="6">帶<GreekSeq>1</GreekSeq></word><word seq="7">到<GreekSeq>8</GreekSeq></word><word seq="8">總督府，<GreekSeq>10</GreekSeq></word><word seq="9">那[時]是<GreekSeq>11</GreekSeq></word><word seq="10">清晨。<GreekSeq>13</GreekSeq></word><word seq="11">他們<GreekSeq>23</GreekSeq></word><word seq="12">為了<GreekSeq>21</GreekSeq></word><word seq="13">不<GreekSeq>22</GreekSeq></word><word seq="14">被汙穢，<GreekSeq>23</GreekSeq></word><word seq="15">能吃<GreekSeq>25</GreekSeq></word><word seq="16">逾越節[的晚餐]，<GreekSeq>27</GreekSeq></word><word seq="17">就<GreekSeq>14</GreekSeq></word><word seq="18">沒有<GreekSeq>16</GreekSeq></word><word seq="19">進<GreekSeq>17</GreekSeq></word><word seq="20">入<GreekSeq>18</GreekSeq></word><word seq="21">總督府。<GreekSeq>20</GreekSeq></word></CSB></verse>
<verse number="29"><CSB><word seq="1">於是<GreekSeq>2</GreekSeq></word><word seq="2">彼拉多<GreekSeq>4</GreekSeq></word><word seq="3">出來，<GreekSeq>1</GreekSeq></word><word seq="4">到<GreekSeq>6</GreekSeq></word><word seq="5">他們<GreekSeq>7</GreekSeq></word><word seq="6">那裡，<GreekSeq>6</GreekSeq></word><word seq="7">說：<GreekSeq>9</GreekSeq></word><word seq="8">「你們提出<GreekSeq>12</GreekSeq></word><word seq="9">什麼<GreekSeq>10</GreekSeq></word><word seq="10">來控告<GreekSeq>11</GreekSeq></word><word seq="11">這個<GreekSeq>16</GreekSeq></word><word seq="12">人？」<GreekSeq>15</GreekSeq></word></CSB></verse>
<verse number="30"><CSB><word seq="1">他們回答<GreekSeq>1</GreekSeq></word><word seq="2">說：<GreekSeq>3</GreekSeq></word><word seq="3">「這個人<GreekSeq>8</GreekSeq></word><word seq="4">如果<GreekSeq>5</GreekSeq></word><word seq="5">不<GreekSeq>6</GreekSeq></word><word seq="6">是<GreekSeq>7</GreekSeq></word><word seq="7">作<GreekSeq>10</GreekSeq></word><word seq="8">惡的，<GreekSeq>9</GreekSeq></word><word seq="9">我們<GreekSeq>14</GreekSeq></word><word seq="10">就</word><word seq="11">不會<GreekSeq>11</GreekSeq></word><word seq="12">把他<GreekSeq>15</GreekSeq></word><word seq="13">交給<GreekSeq>14</GreekSeq></word><word seq="14">你了。」<GreekSeq>13</GreekSeq></word></CSB></verse>
<verse number="31"><CSB><word seq="1">彼拉多<GreekSeq>5</GreekSeq></word><word seq="2">對他們<GreekSeq>3</GreekSeq></word><word seq="3">說：<GreekSeq>1</GreekSeq></word><word seq="4">「你們自己<GreekSeq>8</GreekSeq></word><word seq="5">把他<GreekSeq>7</GreekSeq></word><word seq="6">帶走，<GreekSeq>6</GreekSeq></word><word seq="7">按照<GreekSeq>10</GreekSeq></word><word seq="8">你們的<GreekSeq>13</GreekSeq></word><word seq="9">律法<GreekSeq>12</GreekSeq></word><word seq="10">審判<GreekSeq>14</GreekSeq></word><word seq="11">他<GreekSeq>15</GreekSeq></word><word seq="12">吧。」</word><word seq="13">那些<GreekSeq>18</GreekSeq></word><word seq="14">猶太人<GreekSeq>19</GreekSeq></word><word seq="15">回答說：<GreekSeq>16</GreekSeq></word><word seq="16">「我們<GreekSeq>20</GreekSeq></word><word seq="17">不<GreekSeq>21</GreekSeq></word><word seq="18">可以<GreekSeq>22</GreekSeq></word><word seq="19">處死<GreekSeq>23</GreekSeq></word><word seq="20">人。」<GreekSeq>24</GreekSeq></word></CSB></verse>
<verse number="32"><CSB><word seq="1">這<GreekSeq>6</GreekSeq></word><word seq="2">是</word><word seq="3">為要<GreekSeq>1</GreekSeq></word><word seq="4">應驗<GreekSeq>6</GreekSeq></word><word seq="5">耶穌[說過]的<GreekSeq>5</GreekSeq></word><word seq="6">話，<GreekSeq>3</GreekSeq></word><word seq="7">就是</word><word seq="8">他指明<GreekSeq>9</GreekSeq></word><word seq="9">自己</word><word seq="10">將要<GreekSeq>12</GreekSeq></word><word seq="11">怎樣<GreekSeq>10</GreekSeq></word><word seq="12">死<GreekSeq>11</GreekSeq></word><word seq="13">的那些話。<GreekSeq>7</GreekSeq><GreekSeq>8</GreekSeq></word></CSB></verse>
<verse number="33"><CSB><word seq="1">彼拉多<GreekSeq>8</GreekSeq></word><word seq="2">又<GreekSeq>3</GreekSeq></word><word seq="3">進了<GreekSeq>1</GreekSeq></word><word seq="4">總督府，<GreekSeq>6</GreekSeq></word><word seq="5">把<GreekSeq>10</GreekSeq></word><word seq="6">耶穌<GreekSeq>12</GreekSeq></word><word seq="7">叫來，<GreekSeq>10</GreekSeq></word><word seq="8">問<GreekSeq>14</GreekSeq></word><word seq="9">他：<GreekSeq>15</GreekSeq></word><word seq="10">「你<GreekSeq>16</GreekSeq></word><word seq="11">是<GreekSeq>17</GreekSeq></word><word seq="12">猶太人的<GreekSeq>21</GreekSeq></word><word seq="13">王<GreekSeq>19</GreekSeq></word><word seq="14">嗎？」</word></CSB></verse>
<verse number="34"><CSB><word seq="1">耶穌<GreekSeq>2</GreekSeq></word><word seq="2">回答：<GreekSeq>1</GreekSeq></word><word seq="3">「這[話]<GreekSeq>6</GreekSeq></word><word seq="4">是</word><word seq="5">你<GreekSeq>5</GreekSeq></word><word seq="6">自己<GreekSeq>4</GreekSeq></word><word seq="7">說<GreekSeq>7</GreekSeq></word><word seq="8">的，</word><word seq="9">還是<GreekSeq>8</GreekSeq></word><word seq="10">別人<GreekSeq>9</GreekSeq></word><word seq="11">告訴過<GreekSeq>10</GreekSeq></word><word seq="12">你<GreekSeq>11</GreekSeq></word><word seq="13">關於<GreekSeq>12</GreekSeq></word><word seq="14">我的[事]<GreekSeq>13</GreekSeq></word><word seq="15">呢？」</word></CSB></verse>
<verse number="35"><CSB><word seq="1">彼拉多<GreekSeq>3</GreekSeq></word><word seq="2">說：<GreekSeq>1</GreekSeq></word><word seq="3">「難道<GreekSeq>4</GreekSeq></word><word seq="4">我<GreekSeq>5</GreekSeq></word><word seq="5">是<GreekSeq>7</GreekSeq></word><word seq="6">猶太人<GreekSeq>6</GreekSeq></word><word seq="7">嗎？是</word><word seq="8">你<GreekSeq>11</GreekSeq></word><word seq="9">本國的人<GreekSeq>9</GreekSeq></word><word seq="10">和<GreekSeq>12</GreekSeq></word><word seq="11">祭司長們<GreekSeq>14</GreekSeq></word><word seq="12">把你<GreekSeq>16</GreekSeq></word><word seq="13">交給了<GreekSeq>15</GreekSeq></word><word seq="14">我。<GreekSeq>17</GreekSeq></word><word seq="15">你[到底]做了<GreekSeq>19</GreekSeq></word><word seq="16">什麼？」<GreekSeq>18</GreekSeq></word></CSB></verse>
<verse number="36"><CSB><word seq="1">耶穌<GreekSeq>2</GreekSeq></word><word seq="2">回答：<GreekSeq>1</GreekSeq></word><word seq="3">「我的<GreekSeq>6</GreekSeq></word><word seq="4">國<GreekSeq>4</GreekSeq></word><word seq="5">不<GreekSeq>7</GreekSeq></word><word seq="6">屬於<GreekSeq>9</GreekSeq></word><word seq="7">這個<GreekSeq>12</GreekSeq></word><word seq="8">世界。<GreekSeq>11</GreekSeq></word><word seq="9">如果<GreekSeq>13</GreekSeq></word><word seq="10">我的<GreekSeq>22</GreekSeq></word><word seq="11">國<GreekSeq>20</GreekSeq></word><word seq="12">屬於<GreekSeq>14</GreekSeq></word><word seq="13">這個<GreekSeq>17</GreekSeq></word><word seq="14">世界，<GreekSeq>20</GreekSeq></word><word seq="15">我的<GreekSeq>26</GreekSeq></word><word seq="16">僕人們<GreekSeq>24</GreekSeq></word><word seq="17">早</word><word seq="18">就會爭戰，<GreekSeq>27</GreekSeq><GreekSeq>28</GreekSeq></word><word seq="19">不<GreekSeq>30</GreekSeq></word><word seq="20">讓我被交給<GreekSeq>31</GreekSeq></word><word seq="21">那些<GreekSeq>32</GreekSeq></word><word seq="22">猶太人。<GreekSeq>33</GreekSeq></word><word seq="23">但<GreekSeq>35</GreekSeq></word><word seq="24">如今，<GreekSeq>34</GreekSeq></word><word seq="25">我的<GreekSeq>39</GreekSeq></word><word seq="26">國<GreekSeq>37</GreekSeq></word><word seq="27">不<GreekSeq>40</GreekSeq></word><word seq="28">在這裡。」<GreekSeq>42</GreekSeq></word></CSB></verse>
<verse number="37"><CSB><word seq="1">於是<GreekSeq>2</GreekSeq></word><word seq="2">彼拉多<GreekSeq>5</GreekSeq></word><word seq="3">問：<GreekSeq>1</GreekSeq></word><word seq="4">「那麼，<GreekSeq>6</GreekSeq></word><word seq="5">你<GreekSeq>9</GreekSeq></word><word seq="6">就是<GreekSeq>8</GreekSeq></word><word seq="7">王？」<GreekSeq>7</GreekSeq></word><word seq="8">耶穌<GreekSeq>12</GreekSeq></word><word seq="9">回答：<GreekSeq>10</GreekSeq></word><word seq="10">「是</word><word seq="11">你<GreekSeq>13</GreekSeq></word><word seq="12">說<GreekSeq>14</GreekSeq></word><word seq="13">的，</word><word seq="14">我就是<GreekSeq>17</GreekSeq></word><word seq="15">王。<GreekSeq>16</GreekSeq></word><word seq="16">我<GreekSeq>18</GreekSeq></word><word seq="17">為<GreekSeq>19</GreekSeq></word><word seq="18">此<GreekSeq>20</GreekSeq></word><word seq="19">而</word><word seq="20">生，<GreekSeq>21</GreekSeq></word><word seq="21">也<GreekSeq>22</GreekSeq></word><word seq="22">為<GreekSeq>23</GreekSeq></word><word seq="23">此<GreekSeq>24</GreekSeq></word><word seq="24">而</word><word seq="25">來<GreekSeq>25</GreekSeq></word><word seq="26">到<GreekSeq>26</GreekSeq></word><word seq="27">這<GreekSeq>27</GreekSeq></word><word seq="28">世界，<GreekSeq>28</GreekSeq></word><word seq="29">是</word><word seq="30">要<GreekSeq>29</GreekSeq></word><word seq="31">為<GreekSeq>30</GreekSeq></word><word seq="32">真理<GreekSeq>32</GreekSeq></word><word seq="33">做見證。<GreekSeq>30</GreekSeq></word><word seq="34">凡<GreekSeq>33</GreekSeq></word><word seq="35">是<GreekSeq>35</GreekSeq></word><word seq="36">屬於<GreekSeq>36</GreekSeq></word><word seq="37">真理<GreekSeq>38</GreekSeq></word><word seq="38">的人，<GreekSeq>35</GreekSeq></word><word seq="39">都</word><word seq="40">聽<GreekSeq>39</GreekSeq></word><word seq="41">我的<GreekSeq>40</GreekSeq></word><word seq="42">聲音。」<GreekSeq>42</GreekSeq></word></CSB></verse>
<verse number="38"><CSB><word seq="1">彼拉多<GreekSeq>4</GreekSeq></word><word seq="2">說：<GreekSeq>1</GreekSeq></word><word seq="3">「什麼<GreekSeq>5</GreekSeq></word><word seq="4">是<GreekSeq>6</GreekSeq></word><word seq="5">真理？」<GreekSeq>7</GreekSeq></word><word seq="6">說了<GreekSeq>10</GreekSeq></word><word seq="7">這[話]，<GreekSeq>9</GreekSeq></word><word seq="8">他<GreekSeq>12</GreekSeq></word><word seq="9">又<GreekSeq>11</GreekSeq></word><word seq="10">出去<GreekSeq>12</GreekSeq></word><word seq="11">對<GreekSeq>13</GreekSeq></word><word seq="12">猶太人<GreekSeq>15</GreekSeq></word><word seq="13">說：<GreekSeq>17</GreekSeq></word><word seq="14">「我<GreekSeq>19</GreekSeq></word><word seq="15">查<GreekSeq>21</GreekSeq></word><word seq="16">不<GreekSeq>20</GreekSeq></word><word seq="17">出<GreekSeq>21</GreekSeq></word><word seq="18">他有<GreekSeq>22</GreekSeq><GreekSeq>23</GreekSeq></word><word seq="19">什麼<GreekSeq>21</GreekSeq></word><word seq="20">罪。<GreekSeq>24</GreekSeq></word></CSB></verse>
<verse number="39"><CSB><word seq="1">不過<GreekSeq>2</GreekSeq></word><word seq="2">你們<GreekSeq>4</GreekSeq></word><word seq="3">有<GreekSeq>1</GreekSeq></word><word seq="4">一個慣例：<GreekSeq>3</GreekSeq></word><word seq="5">[每逢]<GreekSeq>9</GreekSeq></word><word seq="6">逾越節，<GreekSeq>11</GreekSeq></word><word seq="7">我可以<GreekSeq>7</GreekSeq></word><word seq="8">給你們<GreekSeq>8</GreekSeq></word><word seq="9">釋放<GreekSeq>7</GreekSeq></word><word seq="10">一個[囚犯]。<GreekSeq>6</GreekSeq></word><word seq="11">那麼，<GreekSeq>13</GreekSeq></word><word seq="12">你們願意<GreekSeq>12</GreekSeq></word><word seq="13">我<GreekSeq>14</GreekSeq></word><word seq="14">給你們<GreekSeq>15</GreekSeq></word><word seq="15">釋放<GreekSeq>14</GreekSeq></word><word seq="16">這<GreekSeq>16</GreekSeq></word><word seq="17">猶太人的<GreekSeq>19</GreekSeq></word><word seq="18">王<GreekSeq>17</GreekSeq></word><word seq="19">嗎？」</word></CSB></verse>
<verse number="40"><CSB><word seq="1">他們<GreekSeq>1</GreekSeq></word><word seq="2">就<GreekSeq>2</GreekSeq></word><word seq="3">再次<GreekSeq>3</GreekSeq></word><word seq="4">大聲喊叫<GreekSeq>1</GreekSeq></word><word seq="5">說：<GreekSeq>4</GreekSeq></word><word seq="6">「不要<GreekSeq>5</GreekSeq></word><word seq="7">這個人！<GreekSeq>6</GreekSeq></word><word seq="8">要</word><word seq="9">巴拉巴！」<GreekSeq>9</GreekSeq></word><word seq="10">這<GreekSeq>12</GreekSeq></word><word seq="11">巴拉巴<GreekSeq>13</GreekSeq></word><word seq="12">其實</word><word seq="13">是<GreekSeq>10</GreekSeq></word><word seq="14">個</word><word seq="15">強盜。<GreekSeq>14</GreekSeq></word></CSB></verse>
</chapter></book>