<?xml version="1.0" encoding="UTF-8" standalone="no"?><book><chapter number="8">
<verse number="1"><CSB><word seq="1">耶穌<GreekSeq>1</GreekSeq></word><word seq="2">卻<GreekSeq>2</GreekSeq></word><word seq="3">往<GreekSeq>4</GreekSeq></word><word seq="4">橄欖<GreekSeq>8</GreekSeq></word><word seq="5">山<GreekSeq>6</GreekSeq></word><word seq="6">去。<GreekSeq>3</GreekSeq></word></CSB></verse>
<verse number="2"><CSB><word seq="1">清晨，<GreekSeq>1</GreekSeq></word><word seq="2">耶穌</word><word seq="3">又<GreekSeq>3</GreekSeq></word><word seq="4">來<GreekSeq>4</GreekSeq></word><word seq="5">到<GreekSeq>5</GreekSeq></word><word seq="6">[聖]殿，<GreekSeq>7</GreekSeq></word><word seq="7">全體<GreekSeq>9</GreekSeq></word><word seq="8">民眾<GreekSeq>11</GreekSeq></word><word seq="9">到<GreekSeq>13</GreekSeq></word><word seq="10">他<GreekSeq>14</GreekSeq></word><word seq="11">那裡，<GreekSeq>13</GreekSeq></word><word seq="12">他<GreekSeq>16</GreekSeq></word><word seq="13">就<GreekSeq>15</GreekSeq></word><word seq="14">坐下，<GreekSeq>16</GreekSeq></word><word seq="15">開始</word><word seq="16">教導<GreekSeq>17</GreekSeq></word><word seq="17">他們。<GreekSeq>18</GreekSeq></word></CSB></verse>
<verse number="3"><CSB><word seq="1">這時，<GreekSeq>2</GreekSeq></word><word seq="2">經文士們<GreekSeq>4</GreekSeq></word><word seq="3">和<GreekSeq>5</GreekSeq></word><word seq="4">法利賽人<GreekSeq>7</GreekSeq></word><word seq="5">帶來<GreekSeq>1</GreekSeq></word><word seq="6">一個<GreekSeq>8</GreekSeq></word><word seq="7">在<GreekSeq>9</GreekSeq></word><word seq="8">通姦<GreekSeq>10</GreekSeq></word><word seq="9">時</word><word seq="10">被抓住的<GreekSeq>11</GreekSeq></word><word seq="11">婦人，<GreekSeq>8</GreekSeq></word><word seq="12">叫她<GreekSeq>14</GreekSeq></word><word seq="13">站<GreekSeq>13</GreekSeq></word><word seq="14">在<GreekSeq>15</GreekSeq></word><word seq="15">中間。<GreekSeq>16</GreekSeq></word></CSB></verse>
<verse number="4"><CSB><word seq="1">他們<GreekSeq>1</GreekSeq></word><word seq="2">對[耶穌]<GreekSeq>2</GreekSeq></word><word seq="3">說：<GreekSeq>1</GreekSeq></word><word seq="4">「老師，<GreekSeq>3</GreekSeq></word><word seq="5">這<GreekSeq>4</GreekSeq></word><word seq="6">婦人<GreekSeq>6</GreekSeq></word><word seq="7">是正在<GreekSeq>8</GreekSeq><GreekSeq>9</GreekSeq></word><word seq="8">通姦的時候<GreekSeq>10</GreekSeq></word><word seq="9">被抓住的。<GreekSeq>7</GreekSeq></word></CSB></verse>
<verse number="5"><CSB><word seq="1">摩西<GreekSeq>6</GreekSeq></word><word seq="2">在<GreekSeq>1</GreekSeq></word><word seq="3">律法<GreekSeq>4</GreekSeq></word><word seq="4">上<GreekSeq>1</GreekSeq></word><word seq="5">吩咐<GreekSeq>7</GreekSeq></word><word seq="6">我們<GreekSeq>5</GreekSeq></word><word seq="7">用石頭砸死<GreekSeq>10</GreekSeq></word><word seq="8">這樣的女人，<GreekSeq>9</GreekSeq></word><word seq="9">既然如此，<GreekSeq>12</GreekSeq></word><word seq="10">你<GreekSeq>11</GreekSeq></word><word seq="11">怎麼<GreekSeq>13</GreekSeq></word><word seq="12">說<GreekSeq>14</GreekSeq></word><word seq="13">呢？」</word></CSB></verse>
<verse number="6"><CSB><word seq="1">他們說<GreekSeq>3</GreekSeq></word><word seq="2">這[話]<GreekSeq>1</GreekSeq></word><word seq="3">是要</word><word seq="4">試探<GreekSeq>4</GreekSeq></word><word seq="5">[耶穌]，<GreekSeq>5</GreekSeq></word><word seq="6">為要<GreekSeq>6</GreekSeq></word><word seq="7">找[把柄]<GreekSeq>7</GreekSeq></word><word seq="8">來控告<GreekSeq>8</GreekSeq></word><word seq="9">他。<GreekSeq>9</GreekSeq></word><word seq="10">耶穌<GreekSeq>12</GreekSeq></word><word seq="11">卻<GreekSeq>11</GreekSeq></word><word seq="12">彎<GreekSeq>14</GreekSeq></word><word seq="13">下<GreekSeq>13</GreekSeq></word><word seq="14">腰，<GreekSeq>14</GreekSeq></word><word seq="15">開始</word><word seq="16">用指頭<GreekSeq>16</GreekSeq></word><word seq="17">在<GreekSeq>18</GreekSeq></word><word seq="18">地<GreekSeq>20</GreekSeq></word><word seq="19">上<GreekSeq>18</GreekSeq></word><word seq="20">寫字。<GreekSeq>17</GreekSeq></word></CSB></verse>
<verse number="7"><CSB><word seq="1">可是<GreekSeq>2</GreekSeq></word><word seq="2">當<GreekSeq>1</GreekSeq></word><word seq="3">他們不停地<GreekSeq>3</GreekSeq></word><word seq="4">追問<GreekSeq>4</GreekSeq></word><word seq="5">[耶穌]<GreekSeq>5</GreekSeq></word><word seq="6">的時候，耶穌</word><word seq="7">就<GreekSeq>7</GreekSeq></word><word seq="8">直起身來，<GreekSeq>6</GreekSeq></word><word seq="9">對他們<GreekSeq>9</GreekSeq></word><word seq="10">說：<GreekSeq>8</GreekSeq></word><word seq="11">「你們當中<GreekSeq>12</GreekSeq></word><word seq="12">誰<GreekSeq>10</GreekSeq></word><word seq="13">沒有罪，<GreekSeq>11</GreekSeq></word><word seq="14">誰就<GreekSeq>16</GreekSeq></word><word seq="15">先<GreekSeq>13</GreekSeq></word><word seq="16">用<GreekSeq>16</GreekSeq></word><word seq="17">石頭<GreekSeq>17</GreekSeq></word><word seq="18">砸<GreekSeq>14</GreekSeq></word><word seq="19">她<GreekSeq>15</GreekSeq></word><word seq="20">吧！」</word></CSB></verse>
<verse number="8"><CSB><word seq="1">然後<GreekSeq>1</GreekSeq></word><word seq="2">他<GreekSeq>3</GreekSeq></word><word seq="3">又<GreekSeq>2</GreekSeq></word><word seq="4">彎下腰去，<GreekSeq>3</GreekSeq></word><word seq="5">繼續<GreekSeq>4</GreekSeq></word><word seq="6">在<GreekSeq>5</GreekSeq></word><word seq="7">地<GreekSeq>7</GreekSeq></word><word seq="8">上<GreekSeq>5</GreekSeq></word><word seq="9">寫字。<GreekSeq>4</GreekSeq></word></CSB></verse>
<verse number="9"><CSB><word seq="1">他們<GreekSeq>1</GreekSeq></word><word seq="2">聽了<GreekSeq>3</GreekSeq></word><word seq="3">這話，</word><word seq="4">從<GreekSeq>9</GreekSeq></word><word seq="5">年長的<GreekSeq>11</GreekSeq></word><word seq="6">開始，<GreekSeq>8</GreekSeq></word><word seq="7">一個<GreekSeq>5</GreekSeq></word><word seq="8">接<GreekSeq>6</GreekSeq></word><word seq="9">一個<GreekSeq>7</GreekSeq></word><word seq="10">地</word><word seq="11">走開了。<GreekSeq>4</GreekSeq></word><word seq="12">最後，</word><word seq="13">只<GreekSeq>14</GreekSeq></word><word seq="14">剩下<GreekSeq>13</GreekSeq></word><word seq="15">耶穌</word><word seq="16">和<GreekSeq>15</GreekSeq></word><word seq="17">那<GreekSeq>16</GreekSeq></word><word seq="18">站<GreekSeq>20</GreekSeq></word><word seq="19">在<GreekSeq>18</GreekSeq></word><word seq="20">中間的<GreekSeq>19</GreekSeq></word><word seq="21">婦人。<GreekSeq>17</GreekSeq></word></CSB></verse>
<verse number="10"><CSB><word seq="1">耶穌<GreekSeq>4</GreekSeq></word><word seq="2">直起身來<GreekSeq>1</GreekSeq></word><word seq="3">問<GreekSeq>5</GreekSeq></word><word seq="4">她：<GreekSeq>6</GreekSeq></word><word seq="5">「婦人，<GreekSeq>7</GreekSeq></word><word seq="6">他們<GreekSeq>9</GreekSeq></word><word seq="7">在哪裡？<GreekSeq>8</GreekSeq></word><word seq="8">沒有人<GreekSeq>10</GreekSeq></word><word seq="9">定<GreekSeq>12</GreekSeq></word><word seq="10">你<GreekSeq>11</GreekSeq></word><word seq="11">的罪<GreekSeq>12</GreekSeq></word><word seq="12">嗎？」</word></CSB></verse>
<verse number="11"><CSB><word seq="1">她<GreekSeq>1</GreekSeq></word><word seq="2">說：<GreekSeq>3</GreekSeq></word><word seq="3">「主啊，<GreekSeq>5</GreekSeq></word><word seq="4">沒有。」<GreekSeq>4</GreekSeq></word><word seq="5">耶穌<GreekSeq>9</GreekSeq></word><word seq="6">說：<GreekSeq>6</GreekSeq></word><word seq="7">「我<GreekSeq>11</GreekSeq></word><word seq="8">也不<GreekSeq>10</GreekSeq></word><word seq="9">定<GreekSeq>13</GreekSeq></word><word seq="10">你<GreekSeq>12</GreekSeq></word><word seq="11">的罪。<GreekSeq>13</GreekSeq></word><word seq="12">你回去吧！<GreekSeq>14</GreekSeq></word><word seq="13">從<GreekSeq>16</GreekSeq></word><word seq="14">今<GreekSeq>18</GreekSeq></word><word seq="15">以後</word><word seq="16">不要再<GreekSeq>19</GreekSeq></word><word seq="17">犯罪了。」<GreekSeq>20</GreekSeq></word></CSB></verse>
<verse number="12"><CSB><word seq="1">耶穌<GreekSeq>6</GreekSeq></word><word seq="2">又<GreekSeq>1</GreekSeq></word><word seq="3">對眾人<GreekSeq>3</GreekSeq></word><word seq="4">說：<GreekSeq>4</GreekSeq></word><word seq="5">「我<GreekSeq>8</GreekSeq></word><word seq="6">就是<GreekSeq>9</GreekSeq></word><word seq="7">世界的<GreekSeq>13</GreekSeq></word><word seq="8">光。<GreekSeq>11</GreekSeq></word><word seq="9">跟從<GreekSeq>15</GreekSeq></word><word seq="10">我<GreekSeq>16</GreekSeq></word><word seq="11">的人，<GreekSeq>15</GreekSeq></word><word seq="12" note="οὐ μή Strong Code (3364)">絕不會<GreekSeq>17</GreekSeq><GreekSeq>18</GreekSeq></word><word seq="13">在<GreekSeq>20</GreekSeq></word><word seq="14">黑暗<GreekSeq>22</GreekSeq></word><word seq="15">裡<GreekSeq>20</GreekSeq></word><word seq="16">行走，<GreekSeq>19</GreekSeq></word><word seq="17">卻<GreekSeq>23</GreekSeq></word><word seq="18">要得到<GreekSeq>24</GreekSeq></word><word seq="19">生命的<GreekSeq>28</GreekSeq></word><word seq="20">光。」<GreekSeq>26</GreekSeq></word></CSB></verse>
<verse number="13"><CSB><word seq="1">法利賽人<GreekSeq>5</GreekSeq></word><word seq="2">對他<GreekSeq>3</GreekSeq></word><word seq="3">說：<GreekSeq>1</GreekSeq></word><word seq="4">「你<GreekSeq>6</GreekSeq></word><word seq="5">為<GreekSeq>7</GreekSeq></word><word seq="6">自己<GreekSeq>8</GreekSeq></word><word seq="7">做見證，<GreekSeq>9</GreekSeq></word><word seq="8">你的<GreekSeq>12</GreekSeq></word><word seq="9">見證<GreekSeq>11</GreekSeq></word><word seq="10">是<GreekSeq>14</GreekSeq></word><word seq="11">無效的。」<GreekSeq>13</GreekSeq><GreekSeq>15</GreekSeq></word></CSB></verse>
<verse number="14"><CSB><word seq="1">耶穌<GreekSeq>2</GreekSeq></word><word seq="2">回答：<GreekSeq>1</GreekSeq></word><word seq="3">「即使<GreekSeq>6</GreekSeq></word><word seq="4">我<GreekSeq>7</GreekSeq></word><word seq="5">為<GreekSeq>9</GreekSeq></word><word seq="6">自己<GreekSeq>10</GreekSeq></word><word seq="7">做見證，<GreekSeq>8</GreekSeq></word><word seq="8">我的<GreekSeq>15</GreekSeq></word><word seq="9">見證<GreekSeq>14</GreekSeq></word><word seq="10">也</word><word seq="11">是<GreekSeq>12</GreekSeq></word><word seq="12">有效的，<GreekSeq>11</GreekSeq></word><word seq="13">因為<GreekSeq>16</GreekSeq></word><word seq="14">我知道<GreekSeq>17</GreekSeq></word><word seq="15">我<GreekSeq>19</GreekSeq></word><word seq="16">從哪裡<GreekSeq>18</GreekSeq></word><word seq="17">來，<GreekSeq>19</GreekSeq></word><word seq="18">往<GreekSeq>22</GreekSeq></word><word seq="19">哪裡<GreekSeq>21</GreekSeq></word><word seq="20">去；<GreekSeq>22</GreekSeq></word><word seq="21">而<GreekSeq>24</GreekSeq></word><word seq="22">你們<GreekSeq>23</GreekSeq></word><word seq="23">卻</word><word seq="24">不<GreekSeq>25</GreekSeq></word><word seq="25">知道<GreekSeq>26</GreekSeq></word><word seq="26">我<GreekSeq>28</GreekSeq></word><word seq="27">從哪裡<GreekSeq>27</GreekSeq></word><word seq="28">來，<GreekSeq>28</GreekSeq></word><word seq="29">往<GreekSeq>31</GreekSeq></word><word seq="30">哪裡<GreekSeq>30</GreekSeq></word><word seq="31">去。<GreekSeq>31</GreekSeq></word></CSB></verse>
<verse number="15"><CSB><word seq="1">你們<GreekSeq>1</GreekSeq></word><word seq="2">是</word><word seq="3">按<GreekSeq>2</GreekSeq></word><word seq="4">[人的標準]<GreekSeq>4</GreekSeq></word><word seq="5">來評斷，<GreekSeq>5</GreekSeq></word><word seq="6">我<GreekSeq>6</GreekSeq></word><word seq="7">卻</word><word seq="8">不<GreekSeq>7</GreekSeq></word><word seq="9">評斷<GreekSeq>8</GreekSeq></word><word seq="10">任何人。<GreekSeq>9</GreekSeq></word></CSB></verse>
<verse number="16"><CSB><word seq="1">不過，<GreekSeq>4</GreekSeq></word><word seq="2">就算<GreekSeq>1</GreekSeq><GreekSeq>2</GreekSeq></word><word seq="3">我<GreekSeq>5</GreekSeq></word><word seq="4">評斷，<GreekSeq>3</GreekSeq></word><word seq="5">我的<GreekSeq>9</GreekSeq></word><word seq="6">評斷<GreekSeq>7</GreekSeq></word><word seq="7">也</word><word seq="8">是<GreekSeq>11</GreekSeq></word><word seq="9">真實的，<GreekSeq>10</GreekSeq></word><word seq="10">因為<GreekSeq>12</GreekSeq></word><word seq="11">我<GreekSeq>15</GreekSeq></word><word seq="12">不<GreekSeq>14</GreekSeq></word><word seq="13">是<GreekSeq>15</GreekSeq></word><word seq="14">獨自一人，<GreekSeq>13</GreekSeq></word><word seq="15">而是<GreekSeq>16</GreekSeq></word><word seq="16">有</word><word seq="17">那<GreekSeq>19</GreekSeq></word><word seq="18">派<GreekSeq>20</GreekSeq></word><word seq="19">我<GreekSeq>21</GreekSeq></word><word seq="20">來的<GreekSeq>20</GreekSeq></word><word seq="21">父<GreekSeq>22</GreekSeq></word><word seq="22">與<GreekSeq>18</GreekSeq></word><word seq="23">我<GreekSeq>17</GreekSeq></word><word seq="24">同在。</word></CSB></verse>
<verse number="17"><CSB><word seq="1">連<GreekSeq>1</GreekSeq></word><word seq="2">你們的<GreekSeq>7</GreekSeq></word><word seq="3">律法<GreekSeq>4</GreekSeq></word><word seq="4">上<GreekSeq>2</GreekSeq></word><word seq="5">也<GreekSeq>5</GreekSeq></word><word seq="6">記載著：<GreekSeq>8</GreekSeq></word><word seq="7">兩個<GreekSeq>10</GreekSeq></word><word seq="8">人的<GreekSeq>11</GreekSeq></word><word seq="9">見證<GreekSeq>13</GreekSeq></word><word seq="10">才</word><word seq="11">是<GreekSeq>15</GreekSeq></word><word seq="12">有效的。<GreekSeq>14</GreekSeq></word></CSB></verse>
<verse number="18"><CSB><word seq="1">我<GreekSeq>1</GreekSeq></word><word seq="2">為<GreekSeq>5</GreekSeq></word><word seq="3">自己<GreekSeq>6</GreekSeq></word><word seq="4">做見證，<GreekSeq>4</GreekSeq></word><word seq="5">派<GreekSeq>12</GreekSeq></word><word seq="6">我<GreekSeq>13</GreekSeq></word><word seq="7">來的<GreekSeq>12</GreekSeq></word><word seq="8">父<GreekSeq>14</GreekSeq></word><word seq="9">也<GreekSeq>7</GreekSeq></word><word seq="10">為<GreekSeq>9</GreekSeq></word><word seq="11">我<GreekSeq>10</GreekSeq></word><word seq="12">做見證。」<GreekSeq>8</GreekSeq></word></CSB></verse>
<verse number="19"><CSB><word seq="1">他們<GreekSeq>1</GreekSeq></word><word seq="2">就<GreekSeq>2</GreekSeq></word><word seq="3">問<GreekSeq>1</GreekSeq></word><word seq="4">[耶穌]：<GreekSeq>3</GreekSeq></word><word seq="5">「你的<GreekSeq>8</GreekSeq></word><word seq="6">『父』<GreekSeq>7</GreekSeq></word><word seq="7">在哪裡？」<GreekSeq>4</GreekSeq></word><word seq="8">耶穌<GreekSeq>10</GreekSeq></word><word seq="9">回答：<GreekSeq>9</GreekSeq></word><word seq="10">「你們<GreekSeq>13</GreekSeq></word><word seq="11">既不<GreekSeq>11</GreekSeq></word><word seq="12">認識<GreekSeq>13</GreekSeq></word><word seq="13">我，<GreekSeq>12</GreekSeq></word><word seq="14">也不<GreekSeq>14</GreekSeq></word><word seq="15">認識</word><word seq="16">我的<GreekSeq>17</GreekSeq></word><word seq="17">父；<GreekSeq>16</GreekSeq></word><word seq="18">如果<GreekSeq>18</GreekSeq></word><word seq="19">你們認識<GreekSeq>20</GreekSeq></word><word seq="20">我，<GreekSeq>19</GreekSeq></word><word seq="21">也<GreekSeq>21</GreekSeq></word><word seq="22">就認識<GreekSeq>25</GreekSeq><GreekSeq>26</GreekSeq></word><word seq="23">我的<GreekSeq>24</GreekSeq></word><word seq="24">父。」<GreekSeq>23</GreekSeq></word></CSB></verse>
<verse number="20"><CSB><word seq="1">這些<GreekSeq>1</GreekSeq></word><word seq="2">話<GreekSeq>3</GreekSeq></word><word seq="3">是耶穌</word><word seq="4">在<GreekSeq>9</GreekSeq></word><word seq="5">[聖]殿<GreekSeq>11</GreekSeq></word><word seq="6">的奉獻箱<GreekSeq>7</GreekSeq></word><word seq="7">附近</word><word seq="8">教導人的時候<GreekSeq>8</GreekSeq></word><word seq="9">說<GreekSeq>4</GreekSeq></word><word seq="10">的。</word><word seq="11">可是<GreekSeq>12</GreekSeq></word><word seq="12">沒有人<GreekSeq>13</GreekSeq></word><word seq="13">抓<GreekSeq>14</GreekSeq></word><word seq="14">他，<GreekSeq>15</GreekSeq></word><word seq="15">因為<GreekSeq>16</GreekSeq></word><word seq="16">他的<GreekSeq>21</GreekSeq></word><word seq="17">時候<GreekSeq>20</GreekSeq></word><word seq="18">還沒有<GreekSeq>17</GreekSeq></word><word seq="19">到。<GreekSeq>18</GreekSeq></word></CSB></verse>
<verse number="21"><CSB><word seq="1">後來，<GreekSeq>2</GreekSeq></word><word seq="2">耶穌</word><word seq="3">又<GreekSeq>3</GreekSeq></word><word seq="4">對他們<GreekSeq>4</GreekSeq></word><word seq="5">說：<GreekSeq>1</GreekSeq></word><word seq="6">「我<GreekSeq>5</GreekSeq></word><word seq="7">要去了，<GreekSeq>6</GreekSeq></word><word seq="8">你們將要尋找<GreekSeq>8</GreekSeq></word><word seq="9">我，<GreekSeq>9</GreekSeq></word><word seq="10">並且<GreekSeq>10</GreekSeq></word><word seq="11">將死<GreekSeq>15</GreekSeq></word><word seq="12">在<GreekSeq>11</GreekSeq></word><word seq="13">自己的<GreekSeq>14</GreekSeq></word><word seq="14">罪<GreekSeq>13</GreekSeq></word><word seq="15">中。<GreekSeq>11</GreekSeq></word><word seq="16">我<GreekSeq>17</GreekSeq></word><word seq="17">去<GreekSeq>18</GreekSeq></word><word seq="18">的地方，<GreekSeq>16</GreekSeq></word><word seq="19">你們<GreekSeq>19</GreekSeq></word><word seq="20">不<GreekSeq>20</GreekSeq></word><word seq="21">能<GreekSeq>21</GreekSeq></word><word seq="22">去。」<GreekSeq>22</GreekSeq></word></CSB></verse>
<verse number="22"><CSB><word seq="1">那些<GreekSeq>3</GreekSeq></word><word seq="2">猶太人<GreekSeq>4</GreekSeq></word><word seq="3">就<GreekSeq>2</GreekSeq></word><word seq="4">說：<GreekSeq>1</GreekSeq></word><word seq="5">「他說<GreekSeq>9</GreekSeq></word><word seq="6">『我<GreekSeq>11</GreekSeq></word><word seq="7">去<GreekSeq>12</GreekSeq></word><word seq="8">的地方，<GreekSeq>10</GreekSeq></word><word seq="9">你們<GreekSeq>13</GreekSeq></word><word seq="10">不<GreekSeq>14</GreekSeq></word><word seq="11">能<GreekSeq>15</GreekSeq></word><word seq="12">去』，<GreekSeq>16</GreekSeq></word><word seq="13">難道<GreekSeq>5</GreekSeq></word><word seq="14">他要自殺<GreekSeq>6</GreekSeq><GreekSeq>7</GreekSeq></word><word seq="15">嗎？」</word></CSB></verse>
<verse number="23"><CSB><word seq="1">耶穌</word><word seq="2">對他們<GreekSeq>3</GreekSeq></word><word seq="3">說：<GreekSeq>2</GreekSeq></word><word seq="4">「你們<GreekSeq>4</GreekSeq></word><word seq="5">從<GreekSeq>5</GreekSeq></word><word seq="6">下面[來]，<GreekSeq>7</GreekSeq></word><word seq="7">我<GreekSeq>9</GreekSeq></word><word seq="8">從<GreekSeq>10</GreekSeq></word><word seq="9">上面[來]；<GreekSeq>12</GreekSeq></word><word seq="10">你們<GreekSeq>14</GreekSeq></word><word seq="11">屬於<GreekSeq>15</GreekSeq></word><word seq="12">這<GreekSeq>16</GreekSeq></word><word seq="13">世界，<GreekSeq>18</GreekSeq></word><word seq="14">我<GreekSeq>20</GreekSeq></word><word seq="15">不<GreekSeq>21</GreekSeq></word><word seq="16">屬於<GreekSeq>23</GreekSeq></word><word seq="17">這<GreekSeq>26</GreekSeq></word><word seq="18">世界。<GreekSeq>25</GreekSeq></word></CSB></verse>
<verse number="24"><CSB><word seq="1">所以<GreekSeq>2</GreekSeq></word><word seq="2">我<GreekSeq>1</GreekSeq></word><word seq="3">對你們<GreekSeq>3</GreekSeq></word><word seq="4">說過<GreekSeq>1</GreekSeq></word><word seq="5">『你們將死<GreekSeq>5</GreekSeq></word><word seq="6">在<GreekSeq>6</GreekSeq></word><word seq="7">[自己]的<GreekSeq>9</GreekSeq></word><word seq="8">罪孽<GreekSeq>8</GreekSeq></word><word seq="9">中。』<GreekSeq>6</GreekSeq></word><word seq="10">事實上，<GreekSeq>11</GreekSeq></word><word seq="11">你們<GreekSeq>13</GreekSeq></word><word seq="12">如果<GreekSeq>10</GreekSeq></word><word seq="13">不<GreekSeq>12</GreekSeq></word><word seq="14">信<GreekSeq>13</GreekSeq></word><word seq="15">我<GreekSeq>15</GreekSeq></word><word seq="16">就是[那一位]，<GreekSeq>16</GreekSeq></word><word seq="17">就將死<GreekSeq>17</GreekSeq></word><word seq="18">在<GreekSeq>18</GreekSeq></word><word seq="19">[自己]的<GreekSeq>21</GreekSeq></word><word seq="20">罪孽<GreekSeq>20</GreekSeq></word><word seq="21">中。」<GreekSeq>18</GreekSeq></word></CSB></verse>
<verse number="25"><CSB><word seq="1">他們問：<GreekSeq>1</GreekSeq></word><word seq="2">「你<GreekSeq>4</GreekSeq></word><word seq="3">到底</word><word seq="4">是<GreekSeq>6</GreekSeq></word><word seq="5">誰？」<GreekSeq>5</GreekSeq></word><word seq="6">耶穌<GreekSeq>10</GreekSeq></word><word seq="7">說：<GreekSeq>7</GreekSeq></word><word seq="8">「我<GreekSeq>16</GreekSeq></word><word seq="9">從一開始<GreekSeq>12</GreekSeq></word><word seq="10">就<GreekSeq>15</GreekSeq></word><word seq="11">告訴<GreekSeq>16</GreekSeq></word><word seq="12">你們<GreekSeq>17</GreekSeq></word><word seq="13">了。</word></CSB></verse>
<verse number="26"><CSB><word seq="1">關於<GreekSeq>3</GreekSeq></word><word seq="2">你們，<GreekSeq>4</GreekSeq></word><word seq="3">我有<GreekSeq>2</GreekSeq></word><word seq="4">很多事<GreekSeq>1</GreekSeq></word><word seq="5">要說、<GreekSeq>5</GreekSeq></word><word seq="6">要評斷；<GreekSeq>7</GreekSeq></word><word seq="7">不過<GreekSeq>8</GreekSeq></word><word seq="8">派<GreekSeq>10</GreekSeq></word><word seq="9">我<GreekSeq>11</GreekSeq></word><word seq="10">來的<GreekSeq>10</GreekSeq></word><word seq="11">那一位<GreekSeq>9</GreekSeq></word><word seq="12">是<GreekSeq>13</GreekSeq></word><word seq="13">真實的，<GreekSeq>12</GreekSeq></word><word seq="14">我<GreekSeq>14</GreekSeq></word><word seq="15">從<GreekSeq>17</GreekSeq></word><word seq="16">他<GreekSeq>18</GreekSeq></word><word seq="17">那裡<GreekSeq>17</GreekSeq></word><word seq="18">聽了<GreekSeq>16</GreekSeq></word><word seq="19">這些事，<GreekSeq>19</GreekSeq></word><word seq="20">就</word><word seq="21">向<GreekSeq>21</GreekSeq></word><word seq="22">世人<GreekSeq>23</GreekSeq></word><word seq="23">說出來。」<GreekSeq>20</GreekSeq></word></CSB></verse>
<verse number="27"><CSB><word seq="1">他們<GreekSeq>2</GreekSeq></word><word seq="2">不<GreekSeq>1</GreekSeq></word><word seq="3">明白<GreekSeq>2</GreekSeq></word><word seq="4">耶穌</word><word seq="5">對他們<GreekSeq>6</GreekSeq></word><word seq="6">說的<GreekSeq>7</GreekSeq></word><word seq="7">是</word><word seq="8">[有關]父<GreekSeq>5</GreekSeq></word><word seq="9">的事。</word></CSB></verse>
<verse number="28"><CSB><word seq="1">所以<GreekSeq>2</GreekSeq></word><word seq="2">耶穌<GreekSeq>5</GreekSeq></word><word seq="3">說：<GreekSeq>1</GreekSeq></word><word seq="4">「你們舉起<GreekSeq>7</GreekSeq></word><word seq="5">人<GreekSeq>11</GreekSeq></word><word seq="6">子<GreekSeq>9</GreekSeq></word><word seq="7">的時候，<GreekSeq>6</GreekSeq></word><word seq="8">你們<GreekSeq>13</GreekSeq></word><word seq="9">那時<GreekSeq>12</GreekSeq></word><word seq="10">就會明白<GreekSeq>13</GreekSeq></word><word seq="11">我<GreekSeq>15</GreekSeq></word><word seq="12">[就]是[那一位]，<GreekSeq>16</GreekSeq></word><word seq="13">也<GreekSeq>17</GreekSeq></word><word seq="14">會明白</word><word seq="15">我<GreekSeq>20</GreekSeq></word><word seq="16">不<GreekSeq>21</GreekSeq></word><word seq="17">憑<GreekSeq>18</GreekSeq></word><word seq="18">自己<GreekSeq>19</GreekSeq></word><word seq="19">做<GreekSeq>20</GreekSeq></word><word seq="20">什麼，<GreekSeq>21</GreekSeq></word><word seq="21">而且<GreekSeq>22</GreekSeq></word><word seq="22">我說<GreekSeq>29</GreekSeq></word><word seq="23">這些[話]，<GreekSeq>28</GreekSeq></word><word seq="24">也是<GreekSeq>22</GreekSeq></word><word seq="25">照著<GreekSeq>23</GreekSeq></word><word seq="26">父<GreekSeq>27</GreekSeq></word><word seq="27">所</word><word seq="28">教導<GreekSeq>24</GreekSeq></word><word seq="29">我<GreekSeq>25</GreekSeq></word><word seq="30">的。</word></CSB></verse>
<verse number="29"><CSB><word seq="1">派<GreekSeq>3</GreekSeq></word><word seq="2">我<GreekSeq>4</GreekSeq></word><word seq="3">來的<GreekSeq>3</GreekSeq></word><word seq="4">那一位<GreekSeq>2</GreekSeq></word><word seq="5">與<GreekSeq>5</GreekSeq></word><word seq="6">我<GreekSeq>6</GreekSeq></word><word seq="7">同在；<GreekSeq>5</GreekSeq></word><word seq="8">他<GreekSeq>9</GreekSeq></word><word seq="9">沒有<GreekSeq>8</GreekSeq></word><word seq="10">撇下<GreekSeq>9</GreekSeq></word><word seq="11">我，<GreekSeq>10</GreekSeq></word><word seq="12">使我</word><word seq="13">獨自一人，<GreekSeq>11</GreekSeq></word><word seq="14">因為<GreekSeq>12</GreekSeq></word><word seq="15">我<GreekSeq>13</GreekSeq></word><word seq="16">一直<GreekSeq>18</GreekSeq></word><word seq="17">做<GreekSeq>17</GreekSeq></word><word seq="18">他<GreekSeq>16</GreekSeq></word><word seq="19">所喜悅的事。」<GreekSeq>14</GreekSeq><GreekSeq>15</GreekSeq></word></CSB></verse>
<verse number="30"><CSB><word seq="1">[耶穌]<GreekSeq>2</GreekSeq></word><word seq="2">說<GreekSeq>3</GreekSeq></word><word seq="3">這些[話]<GreekSeq>1</GreekSeq></word><word seq="4">的時候，<GreekSeq>3</GreekSeq></word><word seq="5">許多人<GreekSeq>4</GreekSeq></word><word seq="6">就</word><word seq="7">信了<GreekSeq>5</GreekSeq></word><word seq="8">他。<GreekSeq>7</GreekSeq></word></CSB></verse>
<verse number="31"><CSB><word seq="1">於是<GreekSeq>2</GreekSeq></word><word seq="2">耶穌<GreekSeq>4</GreekSeq></word><word seq="3">對<GreekSeq>5</GreekSeq></word><word seq="4">信<GreekSeq>7</GreekSeq></word><word seq="5">他<GreekSeq>8</GreekSeq></word><word seq="6">的<GreekSeq>7</GreekSeq></word><word seq="7">猶太人<GreekSeq>9</GreekSeq></word><word seq="8">說：<GreekSeq>1</GreekSeq></word><word seq="9">「你們<GreekSeq>11</GreekSeq></word><word seq="10">如果<GreekSeq>10</GreekSeq></word><word seq="11">住<GreekSeq>12</GreekSeq></word><word seq="12">在<GreekSeq>13</GreekSeq></word><word seq="13">我的<GreekSeq>17</GreekSeq></word><word seq="14">話語<GreekSeq>15</GreekSeq></word><word seq="15">中，<GreekSeq>13</GreekSeq></word><word seq="16">就</word><word seq="17">真<GreekSeq>18</GreekSeq></word><word seq="18">是<GreekSeq>21</GreekSeq></word><word seq="19">我的<GreekSeq>20</GreekSeq></word><word seq="20">門徒<GreekSeq>19</GreekSeq></word><word seq="21">了，</word></CSB></verse>
<verse number="32"><CSB><word seq="1">並且<GreekSeq>1</GreekSeq></word><word seq="2">你們將明白<GreekSeq>2</GreekSeq></word><word seq="3">真理，<GreekSeq>4</GreekSeq></word><word seq="4">而<GreekSeq>5</GreekSeq></word><word seq="5">真理<GreekSeq>7</GreekSeq></word><word seq="6">將使<GreekSeq>8</GreekSeq></word><word seq="7">你們<GreekSeq>9</GreekSeq></word><word seq="8">自由。」<GreekSeq>8</GreekSeq></word></CSB></verse>
<verse number="33"><CSB><word seq="1">他們回答：<GreekSeq>1</GreekSeq></word><word seq="2">「我們是<GreekSeq>6</GreekSeq></word><word seq="3">亞伯拉罕的<GreekSeq>5</GreekSeq></word><word seq="4">後裔，<GreekSeq>4</GreekSeq></word><word seq="5">從來<GreekSeq>10</GreekSeq></word><word seq="6">沒有<GreekSeq>8</GreekSeq></word><word seq="7">做過<GreekSeq>9</GreekSeq></word><word seq="8">誰<GreekSeq>8</GreekSeq></word><word seq="9">的奴僕。<GreekSeq>9</GreekSeq></word><word seq="10">你<GreekSeq>12</GreekSeq></word><word seq="11">怎麼<GreekSeq>11</GreekSeq></word><word seq="12">說<GreekSeq>13</GreekSeq></word><word seq="13">『你們將要得<GreekSeq>16</GreekSeq></word><word seq="14">自由』<GreekSeq>15</GreekSeq></word><word seq="15">呢？」</word></CSB></verse>
<verse number="34"><CSB><word seq="1">耶穌<GreekSeq>4</GreekSeq></word><word seq="2">回答：<GreekSeq>1</GreekSeq></word><word seq="3">「我<GreekSeq>7</GreekSeq></word><word seq="4">確確實實地<GreekSeq>5</GreekSeq><GreekSeq>6</GreekSeq></word><word seq="5">告訴<GreekSeq>7</GreekSeq></word><word seq="6">你們：<GreekSeq>8</GreekSeq></word><word seq="7">所有<GreekSeq>10</GreekSeq></word><word seq="8">犯<GreekSeq>12</GreekSeq></word><word seq="9">罪<GreekSeq>14</GreekSeq></word><word seq="10">的，<GreekSeq>12</GreekSeq></word><word seq="11">就是<GreekSeq>16</GreekSeq></word><word seq="12">罪的<GreekSeq>18</GreekSeq></word><word seq="13">奴隸。<GreekSeq>15</GreekSeq></word></CSB></verse>
<verse number="35"><CSB><word seq="1">奴隸<GreekSeq>3</GreekSeq></word><word seq="2">不<GreekSeq>4</GreekSeq></word><word seq="3">會</word><word seq="4">永遠<GreekSeq>9</GreekSeq><GreekSeq>11</GreekSeq></word><word seq="5">住<GreekSeq>5</GreekSeq></word><word seq="6">在<GreekSeq>6</GreekSeq></word><word seq="7">家<GreekSeq>8</GreekSeq></word><word seq="8">裡，<GreekSeq>6</GreekSeq></word><word seq="9">兒子<GreekSeq>13</GreekSeq></word><word seq="10">卻會</word><word seq="11">永遠<GreekSeq>15</GreekSeq><GreekSeq>17</GreekSeq></word><word seq="12">住<GreekSeq>14</GreekSeq></word><word seq="13">在家裡。</word></CSB></verse>
<verse number="36"><CSB><word seq="1">所以，<GreekSeq>2</GreekSeq></word><word seq="2">如果<GreekSeq>1</GreekSeq></word><word seq="3">子<GreekSeq>4</GreekSeq></word><word seq="4">使你們<GreekSeq>5</GreekSeq></word><word seq="5">自由，<GreekSeq>6</GreekSeq></word><word seq="6">你們就<GreekSeq>9</GreekSeq></word><word seq="7">真正<GreekSeq>7</GreekSeq></word><word seq="8">自由了。<GreekSeq>8</GreekSeq></word></CSB></verse>
<verse number="37"><CSB><word seq="1">我知道<GreekSeq>1</GreekSeq></word><word seq="2">你們是<GreekSeq>5</GreekSeq></word><word seq="3">亞伯拉罕的<GreekSeq>4</GreekSeq></word><word seq="4">後裔。<GreekSeq>3</GreekSeq></word><word seq="5">可是<GreekSeq>6</GreekSeq></word><word seq="6">你們想要<GreekSeq>7</GreekSeq></word><word seq="7">殺<GreekSeq>9</GreekSeq></word><word seq="8">我，<GreekSeq>8</GreekSeq></word><word seq="9">因為<GreekSeq>10</GreekSeq></word><word seq="10">你們<GreekSeq>18</GreekSeq></word><word seq="11">裡面<GreekSeq>17</GreekSeq></word><word seq="12">容<GreekSeq>16</GreekSeq></word><word seq="13">不<GreekSeq>15</GreekSeq></word><word seq="14">下<GreekSeq>16</GreekSeq></word><word seq="15">我的<GreekSeq>14</GreekSeq></word><word seq="16">話語。<GreekSeq>12</GreekSeq></word></CSB></verse>
<verse number="38"><CSB><word seq="1">我<GreekSeq>2</GreekSeq></word><word seq="2">所</word><word seq="3">說<GreekSeq>7</GreekSeq></word><word seq="4">的，是</word><word seq="5">我<GreekSeq>2</GreekSeq></word><word seq="6">從<GreekSeq>4</GreekSeq></word><word seq="7">我</word><word seq="8">父<GreekSeq>6</GreekSeq></word><word seq="9">那裡<GreekSeq>4</GreekSeq></word><word seq="10">所看到的；<GreekSeq>1</GreekSeq><GreekSeq>3</GreekSeq></word><word seq="11">而實際上，<GreekSeq>10</GreekSeq></word><word seq="12">你們<GreekSeq>9</GreekSeq></word><word seq="13">所</word><word seq="14">做<GreekSeq>16</GreekSeq></word><word seq="15">的，是</word><word seq="16">從<GreekSeq>13</GreekSeq></word><word seq="17">你們的</word><word seq="18">父<GreekSeq>15</GreekSeq></word><word seq="19">那裡<GreekSeq>13</GreekSeq></word><word seq="20">所聽到的。」<GreekSeq>11</GreekSeq><GreekSeq>12</GreekSeq></word></CSB></verse>
<verse number="39"><CSB><word seq="1">他們回答<GreekSeq>1</GreekSeq></word><word seq="2">說：<GreekSeq>3</GreekSeq></word><word seq="3">「亞伯拉罕<GreekSeq>8</GreekSeq></word><word seq="4">是<GreekSeq>9</GreekSeq></word><word seq="5">我們的<GreekSeq>7</GreekSeq></word><word seq="6">父！」<GreekSeq>6</GreekSeq></word><word seq="7">耶穌<GreekSeq>13</GreekSeq></word><word seq="8">說：<GreekSeq>10</GreekSeq></word><word seq="9">「如果<GreekSeq>14</GreekSeq></word><word seq="10">你們是<GreekSeq>18</GreekSeq></word><word seq="11">亞伯拉罕的<GreekSeq>16</GreekSeq><GreekSeq>17</GreekSeq></word><word seq="12">兒女，<GreekSeq>15</GreekSeq></word><word seq="13">就</word><word seq="14">會做<GreekSeq>23</GreekSeq></word><word seq="15">亞伯拉罕[所]<GreekSeq>21</GreekSeq><GreekSeq>22</GreekSeq></word><word seq="16">做的事。<GreekSeq>20</GreekSeq></word></CSB></verse>
<verse number="40"><CSB><word seq="1">但<GreekSeq>2</GreekSeq></word><word seq="2">如今，<GreekSeq>1</GreekSeq></word><word seq="3">我把<GreekSeq>11</GreekSeq></word><word seq="4">從<GreekSeq>14</GreekSeq></word><word seq="5">神<GreekSeq>16</GreekSeq></word><word seq="6">那裡<GreekSeq>14</GreekSeq></word><word seq="7">所聽到的<GreekSeq>12</GreekSeq><GreekSeq>13</GreekSeq></word><word seq="8">真理<GreekSeq>9</GreekSeq></word><word seq="9">告訴了<GreekSeq>11</GreekSeq></word><word seq="10">你們，<GreekSeq>10</GreekSeq></word><word seq="11">你們[就]想<GreekSeq>3</GreekSeq></word><word seq="12">殺<GreekSeq>5</GreekSeq></word><word seq="13">我。<GreekSeq>4</GreekSeq></word><word seq="14">亞伯拉罕<GreekSeq>18</GreekSeq></word><word seq="15">沒有<GreekSeq>19</GreekSeq></word><word seq="16">做過<GreekSeq>20</GreekSeq></word><word seq="17">這種事。<GreekSeq>17</GreekSeq></word></CSB></verse>
<verse number="41"><CSB><word seq="1">你們<GreekSeq>1</GreekSeq></word><word seq="2">在做<GreekSeq>2</GreekSeq></word><word seq="3">你們的<GreekSeq>7</GreekSeq></word><word seq="4">父<GreekSeq>6</GreekSeq></word><word seq="5">所做的事。」<GreekSeq>4</GreekSeq></word><word seq="6">他們[回答]說：<GreekSeq>8</GreekSeq></word><word seq="7">「我們<GreekSeq>11</GreekSeq></word><word seq="8">不是<GreekSeq>14</GreekSeq></word><word seq="9">由<GreekSeq>12</GreekSeq></word><word seq="10">淫亂<GreekSeq>13</GreekSeq></word><word seq="11">所生<GreekSeq>15</GreekSeq></word><word seq="12">的，</word><word seq="13">我們[只]有<GreekSeq>18</GreekSeq></word><word seq="14">一位<GreekSeq>16</GreekSeq></word><word seq="15">父，<GreekSeq>17</GreekSeq></word><word seq="16">就是</word><word seq="17">神。」<GreekSeq>20</GreekSeq></word></CSB></verse>
<verse number="42"><CSB><word seq="1">耶穌<GreekSeq>4</GreekSeq></word><word seq="2">說：<GreekSeq>1</GreekSeq></word><word seq="3">「如果<GreekSeq>5</GreekSeq></word><word seq="4">神<GreekSeq>7</GreekSeq></word><word seq="5">是<GreekSeq>10</GreekSeq></word><word seq="6">你們的<GreekSeq>9</GreekSeq></word><word seq="7">父，<GreekSeq>8</GreekSeq></word><word seq="8">你們就會愛<GreekSeq>11</GreekSeq><GreekSeq>12</GreekSeq></word><word seq="9">我，<GreekSeq>13</GreekSeq></word><word seq="10">因為<GreekSeq>15</GreekSeq></word><word seq="11">我<GreekSeq>14</GreekSeq></word><word seq="12">是</word><word seq="13">出於<GreekSeq>19</GreekSeq></word><word seq="14">神，<GreekSeq>18</GreekSeq></word><word seq="15">並且<GreekSeq>20</GreekSeq></word><word seq="16">從神那裡</word><word seq="17">來。<GreekSeq>21</GreekSeq></word><word seq="18">要知道，<GreekSeq>23</GreekSeq></word><word seq="19">我<GreekSeq>26</GreekSeq></word><word seq="20">並不是<GreekSeq>22</GreekSeq></word><word seq="21">憑<GreekSeq>24</GreekSeq></word><word seq="22">自己<GreekSeq>25</GreekSeq></word><word seq="23">而</word><word seq="24">來<GreekSeq>26</GreekSeq></word><word seq="25">的，</word><word seq="26">而是<GreekSeq>27</GreekSeq></word><word seq="27">那一位<GreekSeq>28</GreekSeq></word><word seq="28">差派了<GreekSeq>30</GreekSeq></word><word seq="29">我。<GreekSeq>29</GreekSeq></word></CSB></verse>
<verse number="43"><CSB><word seq="1">你們<GreekSeq>8</GreekSeq></word><word seq="2">為什麼<GreekSeq>1</GreekSeq><GreekSeq>2</GreekSeq></word><word seq="3">不<GreekSeq>7</GreekSeq></word><word seq="4">明白<GreekSeq>8</GreekSeq></word><word seq="5">我的<GreekSeq>6</GreekSeq></word><word seq="6">話<GreekSeq>4</GreekSeq></word><word seq="7">呢？這是</word><word seq="8">因為<GreekSeq>9</GreekSeq></word><word seq="9">你們聽不進<GreekSeq>10</GreekSeq><GreekSeq>11</GreekSeq><GreekSeq>12</GreekSeq></word><word seq="10">我的<GreekSeq>16</GreekSeq></word><word seq="11">話語。<GreekSeq>14</GreekSeq></word></CSB></verse>
<verse number="44"><CSB><word seq="1">你們<GreekSeq>1</GreekSeq></word><word seq="2">屬於<GreekSeq>2</GreekSeq></word><word seq="3">你們的</word><word seq="4">父<GreekSeq>4</GreekSeq></word><word seq="5">——魔鬼，<GreekSeq>6</GreekSeq></word><word seq="6">並且<GreekSeq>8</GreekSeq></word><word seq="7">想要隨<GreekSeq>14</GreekSeq></word><word seq="8">你們<GreekSeq>13</GreekSeq></word><word seq="9">父的<GreekSeq>12</GreekSeq></word><word seq="10">欲望<GreekSeq>10</GreekSeq></word><word seq="11">去做。<GreekSeq>15</GreekSeq></word><word seq="12">他<GreekSeq>16</GreekSeq></word><word seq="13">從<GreekSeq>19</GreekSeq></word><word seq="14">起初<GreekSeq>20</GreekSeq></word><word seq="15">就是<GreekSeq>18</GreekSeq></word><word seq="16">殺人的，<GreekSeq>17</GreekSeq></word><word seq="17">不<GreekSeq>25</GreekSeq></word><word seq="18">站<GreekSeq>26</GreekSeq></word><word seq="19">在<GreekSeq>22</GreekSeq></word><word seq="20">真理<GreekSeq>24</GreekSeq></word><word seq="21">之中，<GreekSeq>22</GreekSeq></word><word seq="22">因為<GreekSeq>27</GreekSeq></word><word seq="23">他<GreekSeq>32</GreekSeq></word><word seq="24">裡面<GreekSeq>31</GreekSeq></word><word seq="25">沒<GreekSeq>28</GreekSeq></word><word seq="26">有<GreekSeq>29</GreekSeq></word><word seq="27">真理。<GreekSeq>30</GreekSeq></word><word seq="28">他說<GreekSeq>34</GreekSeq></word><word seq="29">虛假之事<GreekSeq>36</GreekSeq></word><word seq="30">是</word><word seq="31">出於<GreekSeq>37</GreekSeq></word><word seq="32">自己的[本性]，<GreekSeq>38</GreekSeq><GreekSeq>39</GreekSeq></word><word seq="33">因為<GreekSeq>41</GreekSeq></word><word seq="34">他[本來就]是<GreekSeq>43</GreekSeq></word><word seq="35">個</word><word seq="36">說謊者，<GreekSeq>42</GreekSeq></word><word seq="37">並且<GreekSeq>44</GreekSeq></word><word seq="38">是</word><word seq="39">[說謊者]之<GreekSeq>47</GreekSeq></word><word seq="40">父。<GreekSeq>46</GreekSeq></word></CSB></verse>
<verse number="45"><CSB><word seq="1">可是<GreekSeq>2</GreekSeq></word><word seq="2">因為<GreekSeq>3</GreekSeq></word><word seq="3">我<GreekSeq>1</GreekSeq></word><word seq="4">講<GreekSeq>6</GreekSeq></word><word seq="5">真理，<GreekSeq>5</GreekSeq></word><word seq="6">你們<GreekSeq>8</GreekSeq></word><word seq="7">就</word><word seq="8">不<GreekSeq>7</GreekSeq></word><word seq="9">相信<GreekSeq>8</GreekSeq></word><word seq="10">我！<GreekSeq>9</GreekSeq></word></CSB></verse>
<verse number="46"><CSB><word seq="1">你們<GreekSeq>3</GreekSeq></word><word seq="2">當中<GreekSeq>2</GreekSeq></word><word seq="3">誰<GreekSeq>1</GreekSeq></word><word seq="4">能指證<GreekSeq>4</GreekSeq></word><word seq="5">我<GreekSeq>5</GreekSeq></word><word seq="6">有罪<GreekSeq>6</GreekSeq><GreekSeq>7</GreekSeq></word><word seq="7">呢？</word><word seq="8">既然<GreekSeq>8</GreekSeq></word><word seq="9">我講<GreekSeq>10</GreekSeq></word><word seq="10">的是</word><word seq="11">真理，<GreekSeq>9</GreekSeq></word><word seq="12">你們<GreekSeq>13</GreekSeq></word><word seq="13">為什麼<GreekSeq>11</GreekSeq><GreekSeq>12</GreekSeq></word><word seq="14">不<GreekSeq>14</GreekSeq></word><word seq="15">相信<GreekSeq>15</GreekSeq></word><word seq="16">我<GreekSeq>16</GreekSeq></word><word seq="17">呢？</word></CSB></verse>
<verse number="47"><CSB><word seq="1">屬<GreekSeq>3</GreekSeq></word><word seq="2">神的<GreekSeq>5</GreekSeq></word><word seq="3">人，<GreekSeq>2</GreekSeq></word><word seq="4">就</word><word seq="5">聽<GreekSeq>10</GreekSeq></word><word seq="6">神的<GreekSeq>9</GreekSeq></word><word seq="7">話語；<GreekSeq>7</GreekSeq></word><word seq="8">你們<GreekSeq>13</GreekSeq></word><word seq="9">之所以<GreekSeq>11</GreekSeq><GreekSeq>12</GreekSeq></word><word seq="10">不<GreekSeq>14</GreekSeq></word><word seq="11">聽，<GreekSeq>15</GreekSeq></word><word seq="12">是<GreekSeq>21</GreekSeq></word><word seq="13">因為<GreekSeq>16</GreekSeq></word><word seq="14">你們<GreekSeq>21</GreekSeq></word><word seq="15">不<GreekSeq>20</GreekSeq></word><word seq="16">屬於<GreekSeq>17</GreekSeq></word><word seq="17">神。」<GreekSeq>19</GreekSeq></word></CSB></verse>
<verse number="48"><CSB><word seq="1">那些<GreekSeq>2</GreekSeq></word><word seq="2">猶太人<GreekSeq>3</GreekSeq></word><word seq="3">回答<GreekSeq>1</GreekSeq></word><word seq="4">說：<GreekSeq>5</GreekSeq></word><word seq="5">「我們<GreekSeq>10</GreekSeq></word><word seq="6">說<GreekSeq>9</GreekSeq></word><word seq="7">你<GreekSeq>14</GreekSeq></word><word seq="8">是<GreekSeq>13</GreekSeq></word><word seq="9">個</word><word seq="10">撒馬利亞人，<GreekSeq>12</GreekSeq></word><word seq="11">並且<GreekSeq>15</GreekSeq></word><word seq="12">有<GreekSeq>17</GreekSeq></word><word seq="13">鬼魔<GreekSeq>16</GreekSeq></word><word seq="14">[附身]，<GreekSeq>17</GreekSeq></word><word seq="15">難道</word><word seq="16">說得<GreekSeq>9</GreekSeq></word><word seq="17">不<GreekSeq>7</GreekSeq></word><word seq="18">對<GreekSeq>8</GreekSeq></word><word seq="19">嗎？」</word></CSB></verse>
<verse number="49"><CSB><word seq="1">耶穌<GreekSeq>2</GreekSeq></word><word seq="2">回答：<GreekSeq>1</GreekSeq></word><word seq="3">「我<GreekSeq>3</GreekSeq></word><word seq="4">沒<GreekSeq>5</GreekSeq></word><word seq="5">有<GreekSeq>6</GreekSeq></word><word seq="6">鬼魔<GreekSeq>4</GreekSeq></word><word seq="7">[附身]。<GreekSeq>6</GreekSeq></word><word seq="8">我尊重<GreekSeq>8</GreekSeq></word><word seq="9">我的<GreekSeq>11</GreekSeq></word><word seq="10">父，<GreekSeq>10</GreekSeq></word><word seq="11">你們<GreekSeq>13</GreekSeq></word><word seq="12">卻<GreekSeq>12</GreekSeq></word><word seq="13">侮辱<GreekSeq>14</GreekSeq></word><word seq="14">我。<GreekSeq>15</GreekSeq></word></CSB></verse>
<verse number="50"><CSB><word seq="1">我<GreekSeq>1</GreekSeq></word><word seq="2">不<GreekSeq>3</GreekSeq></word><word seq="3">尋求<GreekSeq>4</GreekSeq></word><word seq="4">自己的<GreekSeq>7</GreekSeq></word><word seq="5">榮耀，<GreekSeq>6</GreekSeq></word><word seq="6">但</word><word seq="7">有<GreekSeq>8</GreekSeq></word><word seq="8">尋求<GreekSeq>10</GreekSeq></word><word seq="9">和<GreekSeq>11</GreekSeq></word><word seq="10">判斷的<GreekSeq>12</GreekSeq></word><word seq="11">那一位。<GreekSeq>9</GreekSeq></word></CSB></verse>
<verse number="51"><CSB><word seq="1">我<GreekSeq>3</GreekSeq></word><word seq="2">確確實實地<GreekSeq>1</GreekSeq><GreekSeq>2</GreekSeq></word><word seq="3">告訴<GreekSeq>3</GreekSeq></word><word seq="4">你們：<GreekSeq>4</GreekSeq></word><word seq="5">人<GreekSeq>6</GreekSeq></word><word seq="6">如果<GreekSeq>5</GreekSeq></word><word seq="7">遵守<GreekSeq>10</GreekSeq></word><word seq="8">我的<GreekSeq>8</GreekSeq></word><word seq="9">話語，<GreekSeq>9</GreekSeq></word><word seq="10">就</word><word seq="11" note="οὐ μή Strong Code (3364)">絕不<GreekSeq>12</GreekSeq><GreekSeq>13</GreekSeq></word><word seq="12">見<GreekSeq>14</GreekSeq></word><word seq="13">死亡，<GreekSeq>11</GreekSeq></word><word seq="14">直到<GreekSeq>15</GreekSeq></word><word seq="15">永遠。」<GreekSeq>17</GreekSeq></word></CSB></verse>
<verse number="52"><CSB><word seq="1">猶太人<GreekSeq>5</GreekSeq></word><word seq="2">說：<GreekSeq>1</GreekSeq></word><word seq="3">「現在<GreekSeq>6</GreekSeq></word><word seq="4">我們知道<GreekSeq>7</GreekSeq></word><word seq="5">你[是]有<GreekSeq>10</GreekSeq></word><word seq="6">鬼魔<GreekSeq>9</GreekSeq></word><word seq="7">[附身]<GreekSeq>10</GreekSeq></word><word seq="8">的。</word><word seq="9">亞伯拉罕<GreekSeq>11</GreekSeq></word><word seq="10">死了，<GreekSeq>12</GreekSeq></word><word seq="11">先知們<GreekSeq>15</GreekSeq></word><word seq="12">也[死了]，<GreekSeq>13</GreekSeq></word><word seq="13">你<GreekSeq>17</GreekSeq></word><word seq="14">還<GreekSeq>16</GreekSeq></word><word seq="15">說<GreekSeq>17</GreekSeq></word><word seq="16">『人<GreekSeq>20</GreekSeq></word><word seq="17">如果<GreekSeq>19</GreekSeq></word><word seq="18">遵守<GreekSeq>24</GreekSeq></word><word seq="19">我的<GreekSeq>23</GreekSeq></word><word seq="20">話語，<GreekSeq>22</GreekSeq></word><word seq="21">就</word><word seq="22" note="οὐ μή Strong Code (3364)">絕不<GreekSeq>25</GreekSeq><GreekSeq>26</GreekSeq></word><word seq="23">會嘗到<GreekSeq>27</GreekSeq></word><word seq="24">死的[滋味]，<GreekSeq>28</GreekSeq></word><word seq="25">直到<GreekSeq>29</GreekSeq></word><word seq="26">永遠。』<GreekSeq>31</GreekSeq></word></CSB></verse>
<verse number="53"><CSB><word seq="1">難道<GreekSeq>1</GreekSeq></word><word seq="2">你<GreekSeq>2</GreekSeq></word><word seq="3">比<GreekSeq>3</GreekSeq></word><word seq="4">我們的<GreekSeq>7</GreekSeq></word><word seq="5">先祖<GreekSeq>6</GreekSeq></word><word seq="6">亞伯拉罕<GreekSeq>8</GreekSeq></word><word seq="7">更大<GreekSeq>3</GreekSeq></word><word seq="8">嗎？</word><word seq="9">他<GreekSeq>9</GreekSeq></word><word seq="10">死了，<GreekSeq>10</GreekSeq></word><word seq="11">先知們<GreekSeq>13</GreekSeq></word><word seq="12">也<GreekSeq>11</GreekSeq></word><word seq="13">死了。<GreekSeq>14</GreekSeq></word><word seq="14">你<GreekSeq>17</GreekSeq></word><word seq="15">把自己<GreekSeq>16</GreekSeq></word><word seq="16">當做<GreekSeq>17</GreekSeq></word><word seq="17">什麼人？」<GreekSeq>15</GreekSeq></word></CSB></verse>
<verse number="54"><CSB><word seq="1">耶穌<GreekSeq>2</GreekSeq></word><word seq="2">回答：<GreekSeq>1</GreekSeq></word><word seq="3">「如果<GreekSeq>3</GreekSeq></word><word seq="4">我<GreekSeq>4</GreekSeq></word><word seq="5">榮耀<GreekSeq>5</GreekSeq></word><word seq="6">自己，<GreekSeq>6</GreekSeq></word><word seq="7">我的<GreekSeq>9</GreekSeq></word><word seq="8">榮耀<GreekSeq>8</GreekSeq></word><word seq="9">就算不得什麼。<GreekSeq>10</GreekSeq><GreekSeq>11</GreekSeq></word><word seq="10">榮耀<GreekSeq>17</GreekSeq></word><word seq="11">我<GreekSeq>18</GreekSeq></word><word seq="12">的<GreekSeq>17</GreekSeq></word><word seq="13">是<GreekSeq>12</GreekSeq></word><word seq="14">我的<GreekSeq>15</GreekSeq></word><word seq="15">父，<GreekSeq>14</GreekSeq></word><word seq="16">就是<GreekSeq>22</GreekSeq></word><word seq="17">你們<GreekSeq>20</GreekSeq></word><word seq="18">說<GreekSeq>21</GreekSeq></word><word seq="19">『他是<GreekSeq>25</GreekSeq></word><word seq="20">[我們]的<GreekSeq>24</GreekSeq></word><word seq="21">神』<GreekSeq>23</GreekSeq></word><word seq="22">的那一位。<GreekSeq>19</GreekSeq></word></CSB></verse>
<verse number="55"><CSB><word seq="1">你們<GreekSeq>3</GreekSeq></word><word seq="2">不<GreekSeq>2</GreekSeq></word><word seq="3">認識<GreekSeq>3</GreekSeq></word><word seq="4">他，<GreekSeq>4</GreekSeq></word><word seq="5">我<GreekSeq>5</GreekSeq></word><word seq="6">卻<GreekSeq>6</GreekSeq></word><word seq="7">認識<GreekSeq>7</GreekSeq></word><word seq="8">他。<GreekSeq>8</GreekSeq></word><word seq="9">如果<GreekSeq>9</GreekSeq></word><word seq="10">我說<GreekSeq>10</GreekSeq></word><word seq="11">我<GreekSeq>13</GreekSeq></word><word seq="12">不<GreekSeq>12</GreekSeq></word><word seq="13">認識<GreekSeq>13</GreekSeq></word><word seq="14">他，<GreekSeq>14</GreekSeq></word><word seq="15">我就成了<GreekSeq>15</GreekSeq></word><word seq="16">像<GreekSeq>16</GreekSeq></word><word seq="17">你們<GreekSeq>17</GreekSeq></word><word seq="18">那樣的<GreekSeq>16</GreekSeq></word><word seq="19">說謊者。<GreekSeq>18</GreekSeq></word><word seq="20">但<GreekSeq>19</GreekSeq></word><word seq="21">我認識<GreekSeq>20</GreekSeq></word><word seq="22">他，<GreekSeq>21</GreekSeq></word><word seq="23">也<GreekSeq>22</GreekSeq></word><word seq="24">遵守<GreekSeq>26</GreekSeq></word><word seq="25">他的<GreekSeq>25</GreekSeq></word><word seq="26">話語。<GreekSeq>24</GreekSeq></word></CSB></verse>
<verse number="56"><CSB><word seq="1">你們的<GreekSeq>4</GreekSeq></word><word seq="2">先祖<GreekSeq>3</GreekSeq></word><word seq="3">亞伯拉罕<GreekSeq>1</GreekSeq></word><word seq="4">因為<GreekSeq>6</GreekSeq></word><word seq="5">將要看到<GreekSeq>7</GreekSeq></word><word seq="6">我的<GreekSeq>11</GreekSeq></word><word seq="7">日子<GreekSeq>9</GreekSeq></word><word seq="8">就</word><word seq="9">快樂。<GreekSeq>5</GreekSeq></word><word seq="10">他看到了，<GreekSeq>13</GreekSeq></word><word seq="11">就<GreekSeq>14</GreekSeq></word><word seq="12">歡喜。」<GreekSeq>15</GreekSeq></word></CSB></verse>
<verse number="57"><CSB><word seq="1">猶太人<GreekSeq>4</GreekSeq></word><word seq="2">就<GreekSeq>2</GreekSeq></word><word seq="3">對<GreekSeq>5</GreekSeq></word><word seq="4">他<GreekSeq>6</GreekSeq></word><word seq="5">說：<GreekSeq>1</GreekSeq></word><word seq="6">「你<GreekSeq>10</GreekSeq></word><word seq="7">還不<GreekSeq>9</GreekSeq></word><word seq="8">到<GreekSeq>10</GreekSeq></word><word seq="9">五十<GreekSeq>7</GreekSeq></word><word seq="10">歲，<GreekSeq>8</GreekSeq></word><word seq="11">[怎麼會]<GreekSeq>11</GreekSeq></word><word seq="12">見過<GreekSeq>13</GreekSeq></word><word seq="13">亞伯拉罕？」<GreekSeq>12</GreekSeq></word></CSB></verse>
<verse number="58"><CSB><word seq="1">耶穌<GreekSeq>3</GreekSeq></word><word seq="2">對他們<GreekSeq>2</GreekSeq></word><word seq="3">說：<GreekSeq>1</GreekSeq></word><word seq="4">「我<GreekSeq>6</GreekSeq></word><word seq="5">確確實實地<GreekSeq>4</GreekSeq><GreekSeq>5</GreekSeq></word><word seq="6">告訴<GreekSeq>6</GreekSeq></word><word seq="7">你們：<GreekSeq>7</GreekSeq></word><word seq="8">亞伯拉罕<GreekSeq>9</GreekSeq></word><word seq="9">存在<GreekSeq>10</GreekSeq></word><word seq="10">之前，<GreekSeq>8</GreekSeq></word><word seq="11">我<GreekSeq>11</GreekSeq></word><word seq="12">就存在了。」<GreekSeq>12</GreekSeq></word></CSB></verse>
<verse number="59"><CSB><word seq="1">他們<GreekSeq>1</GreekSeq></word><word seq="2">因此<GreekSeq>2</GreekSeq></word><word seq="3">拿起<GreekSeq>1</GreekSeq></word><word seq="4">石頭<GreekSeq>3</GreekSeq></word><word seq="5">要<GreekSeq>4</GreekSeq></word><word seq="6">砸<GreekSeq>5</GreekSeq></word><word seq="7">他。<GreekSeq>7</GreekSeq></word><word seq="8">耶穌<GreekSeq>8</GreekSeq></word><word seq="9">卻<GreekSeq>9</GreekSeq></word><word seq="10">被隱藏，<GreekSeq>10</GreekSeq></word><word seq="11">離開了<GreekSeq>12</GreekSeq></word><word seq="12">[聖]殿。<GreekSeq>15</GreekSeq></word></CSB></verse>
</chapter></book>