<?xml version="1.0" encoding="UTF-8" standalone="no"?><book><chapter number="17">
<verse number="1"><CSB><word seq="1">耶穌<GreekSeq>3</GreekSeq></word><word seq="2">說[完]了<GreekSeq>2</GreekSeq></word><word seq="3">這些[話]，<GreekSeq>1</GreekSeq></word><word seq="4">就<GreekSeq>4</GreekSeq></word><word seq="5">舉<GreekSeq>5</GreekSeq></word><word seq="6">目<GreekSeq>7</GreekSeq></word><word seq="7">望<GreekSeq>9</GreekSeq></word><word seq="8">天，<GreekSeq>11</GreekSeq></word><word seq="9">說：<GreekSeq>12</GreekSeq></word><word seq="10">「父啊，<GreekSeq>13</GreekSeq></word><word seq="11">時候<GreekSeq>16</GreekSeq></word><word seq="12">到了！<GreekSeq>14</GreekSeq></word><word seq="13">願你榮耀<GreekSeq>17</GreekSeq></word><word seq="14">你的<GreekSeq>18</GreekSeq></word><word seq="15">兒子，<GreekSeq>20</GreekSeq></word><word seq="16">好讓<GreekSeq>21</GreekSeq></word><word seq="17">兒子<GreekSeq>23</GreekSeq></word><word seq="18">也</word><word seq="19">榮耀<GreekSeq>24</GreekSeq></word><word seq="20">你，<GreekSeq>25</GreekSeq></word></CSB></verse>
<verse number="2"><CSB><word seq="1">正如<GreekSeq>1</GreekSeq></word><word seq="2">你賜給<GreekSeq>2</GreekSeq></word><word seq="3">他<GreekSeq>3</GreekSeq></word><word seq="4">權柄管轄<GreekSeq>4</GreekSeq></word><word seq="5">所有的<GreekSeq>5</GreekSeq></word><word seq="6">[人]，<GreekSeq>6</GreekSeq></word><word seq="7">好讓<GreekSeq>7</GreekSeq></word><word seq="8">他把<GreekSeq>12</GreekSeq></word><word seq="9">永恆的<GreekSeq>15</GreekSeq></word><word seq="10">生命<GreekSeq>14</GreekSeq></word><word seq="11">給與<GreekSeq>12</GreekSeq></word><word seq="12">一切<GreekSeq>8</GreekSeq></word><word seq="13">你所賜給<GreekSeq>10</GreekSeq></word><word seq="14">他<GreekSeq>11</GreekSeq></word><word seq="15">的人。<GreekSeq>9</GreekSeq></word></CSB></verse>
<verse number="3"><CSB><word seq="1">認識<GreekSeq>8</GreekSeq></word><word seq="2">你<GreekSeq>9</GreekSeq></word><word seq="3">——獨一的<GreekSeq>11</GreekSeq></word><word seq="4">真<GreekSeq>12</GreekSeq></word><word seq="5">神，<GreekSeq>13</GreekSeq></word><word seq="6">並<GreekSeq>14</GreekSeq></word><word seq="7">認識</word><word seq="8">你所差派的<GreekSeq>15</GreekSeq><GreekSeq>16</GreekSeq></word><word seq="9">耶穌<GreekSeq>17</GreekSeq></word><word seq="10">基督，<GreekSeq>18</GreekSeq></word><word seq="11">這<GreekSeq>1</GreekSeq></word><word seq="12">就<GreekSeq>2</GreekSeq></word><word seq="13">是<GreekSeq>3</GreekSeq></word><word seq="14">永恆的<GreekSeq>5</GreekSeq></word><word seq="15">生命。<GreekSeq>6</GreekSeq></word></CSB></verse>
<verse number="4"><CSB><word seq="1">我<GreekSeq>1</GreekSeq></word><word seq="2">完成了<GreekSeq>9</GreekSeq></word><word seq="3">你交給<GreekSeq>11</GreekSeq></word><word seq="4">我<GreekSeq>12</GreekSeq></word><word seq="5">該做<GreekSeq>14</GreekSeq></word><word seq="6">的事，<GreekSeq>8</GreekSeq></word><word seq="7">因而</word><word seq="8">在<GreekSeq>4</GreekSeq></word><word seq="9">地<GreekSeq>6</GreekSeq></word><word seq="10">上<GreekSeq>4</GreekSeq></word><word seq="11">榮耀了<GreekSeq>3</GreekSeq></word><word seq="12">你。<GreekSeq>2</GreekSeq></word></CSB></verse>
<verse number="5"><CSB><word seq="1">父啊，<GreekSeq>6</GreekSeq></word><word seq="2">現在<GreekSeq>2</GreekSeq></word><word seq="3">願<GreekSeq>3</GreekSeq></word><word seq="4">你<GreekSeq>5</GreekSeq></word><word seq="5">用那榮耀，</word><word seq="6">與<GreekSeq>7</GreekSeq></word><word seq="7">你自己<GreekSeq>8</GreekSeq></word><word seq="8">一起<GreekSeq>7</GreekSeq></word><word seq="9">榮耀<GreekSeq>3</GreekSeq></word><word seq="10">我，<GreekSeq>4</GreekSeq></word><word seq="11">那<GreekSeq>9</GreekSeq></word><word seq="12">榮耀<GreekSeq>10</GreekSeq></word><word seq="13">是<GreekSeq>17</GreekSeq></word><word seq="14">世界<GreekSeq>16</GreekSeq></word><word seq="15">存在</word><word seq="16">以前<GreekSeq>13</GreekSeq></word><word seq="17">我<GreekSeq>12</GreekSeq></word><word seq="18">與<GreekSeq>18</GreekSeq></word><word seq="19">你<GreekSeq>19</GreekSeq></word><word seq="20">一起<GreekSeq>18</GreekSeq></word><word seq="21">就</word><word seq="22">有的。<GreekSeq>11</GreekSeq><GreekSeq>12</GreekSeq></word></CSB></verse>
<verse number="6"><CSB><word seq="1">「你<GreekSeq>8</GreekSeq></word><word seq="2">從<GreekSeq>10</GreekSeq></word><word seq="3">世上<GreekSeq>12</GreekSeq></word><word seq="4">所</word><word seq="5">賜給<GreekSeq>8</GreekSeq></word><word seq="6">我<GreekSeq>9</GreekSeq></word><word seq="7">的人，<GreekSeq>6</GreekSeq></word><word seq="8">我已經把<GreekSeq>1</GreekSeq></word><word seq="9">你的<GreekSeq>2</GreekSeq></word><word seq="10">名<GreekSeq>4</GreekSeq></word><word seq="11">向他們<GreekSeq>7</GreekSeq></word><word seq="12">顯明了。<GreekSeq>1</GreekSeq></word><word seq="13">他們是<GreekSeq>14</GreekSeq></word><word seq="14">你的，<GreekSeq>13</GreekSeq></word><word seq="15">你<GreekSeq>17</GreekSeq></word><word seq="16">把他們<GreekSeq>16</GreekSeq></word><word seq="17">賜給了<GreekSeq>17</GreekSeq></word><word seq="18">我，<GreekSeq>15</GreekSeq></word><word seq="19">他們<GreekSeq>22</GreekSeq></word><word seq="20">也<GreekSeq>18</GreekSeq></word><word seq="21">遵守了<GreekSeq>22</GreekSeq></word><word seq="22">你的<GreekSeq>21</GreekSeq></word><word seq="23">話語。<GreekSeq>20</GreekSeq></word></CSB></verse>
<verse number="7"><CSB><word seq="1">現在<GreekSeq>1</GreekSeq></word><word seq="2">他們已經知道，<GreekSeq>2</GreekSeq></word><word seq="3">你所賜給<GreekSeq>6</GreekSeq></word><word seq="4">我<GreekSeq>7</GreekSeq></word><word seq="5">的</word><word seq="6">一切都<GreekSeq>4</GreekSeq></word><word seq="7">是<GreekSeq>10</GreekSeq></word><word seq="8">從<GreekSeq>8</GreekSeq></word><word seq="9">你[而來]的，<GreekSeq>9</GreekSeq></word></CSB></verse>
<verse number="8"><CSB><word seq="1">因為<GreekSeq>1</GreekSeq></word><word seq="2">你所賜給<GreekSeq>5</GreekSeq></word><word seq="3">我<GreekSeq>6</GreekSeq></word><word seq="4">的話語，<GreekSeq>3</GreekSeq></word><word seq="5">我已經給了<GreekSeq>7</GreekSeq></word><word seq="6">他們。<GreekSeq>8</GreekSeq></word><word seq="7">他們<GreekSeq>10</GreekSeq></word><word seq="8">領受了，<GreekSeq>11</GreekSeq></word><word seq="9">也<GreekSeq>12</GreekSeq></word><word seq="10">確實<GreekSeq>14</GreekSeq></word><word seq="11">知道<GreekSeq>13</GreekSeq></word><word seq="12">我<GreekSeq>18</GreekSeq></word><word seq="13">是</word><word seq="14">從<GreekSeq>16</GreekSeq></word><word seq="15">你<GreekSeq>17</GreekSeq></word><word seq="16">而</word><word seq="17">來<GreekSeq>18</GreekSeq></word><word seq="18">的，</word><word seq="19">並且<GreekSeq>19</GreekSeq></word><word seq="20">相信<GreekSeq>20</GreekSeq></word><word seq="21">是</word><word seq="22">你<GreekSeq>22</GreekSeq></word><word seq="23">差派了<GreekSeq>24</GreekSeq></word><word seq="24">我。<GreekSeq>23</GreekSeq></word></CSB></verse>
<verse number="9"><CSB><word seq="1">我<GreekSeq>1</GreekSeq></word><word seq="2">為<GreekSeq>2</GreekSeq></word><word seq="3">他們<GreekSeq>3</GreekSeq></word><word seq="4">祈求。<GreekSeq>4</GreekSeq></word><word seq="5">我<GreekSeq>9</GreekSeq></word><word seq="6">不是<GreekSeq>5</GreekSeq></word><word seq="7">為<GreekSeq>6</GreekSeq></word><word seq="8">世人，<GreekSeq>8</GreekSeq></word><word seq="9">而是<GreekSeq>10</GreekSeq></word><word seq="10">為<GreekSeq>11</GreekSeq></word><word seq="11">你所賜給<GreekSeq>13</GreekSeq></word><word seq="12">我<GreekSeq>14</GreekSeq></word><word seq="13">的人<GreekSeq>12</GreekSeq></word><word seq="14">祈求，<GreekSeq>9</GreekSeq></word><word seq="15">因為<GreekSeq>15</GreekSeq></word><word seq="16">他們是<GreekSeq>17</GreekSeq></word><word seq="17">你的。<GreekSeq>16</GreekSeq></word></CSB></verse>
<verse number="10"><CSB><word seq="1">一切<GreekSeq>4</GreekSeq></word><word seq="2">[屬於]我的<GreekSeq>3</GreekSeq></word><word seq="3">都</word><word seq="4">是<GreekSeq>6</GreekSeq></word><word seq="5">你的，<GreekSeq>5</GreekSeq></word><word seq="6">[屬於]你的<GreekSeq>9</GreekSeq></word><word seq="7">也是<GreekSeq>7</GreekSeq></word><word seq="8">我的，<GreekSeq>10</GreekSeq></word><word seq="9">並且<GreekSeq>11</GreekSeq></word><word seq="10">我<GreekSeq>12</GreekSeq></word><word seq="11">在<GreekSeq>13</GreekSeq></word><word seq="12">他們<GreekSeq>14</GreekSeq></word><word seq="13">裡面<GreekSeq>13</GreekSeq></word><word seq="14">得了榮耀。<GreekSeq>12</GreekSeq></word></CSB></verse>
<verse number="11"><CSB><word seq="1">今後<GreekSeq>1</GreekSeq></word><word seq="2">我<GreekSeq>3</GreekSeq></word><word seq="3">不<GreekSeq>2</GreekSeq></word><word seq="4">在<GreekSeq>4</GreekSeq></word><word seq="5">這<GreekSeq>5</GreekSeq></word><word seq="6">世界上<GreekSeq>6</GreekSeq></word><word seq="7">了，</word><word seq="8">而<GreekSeq>7</GreekSeq></word><word seq="9">他們<GreekSeq>8</GreekSeq></word><word seq="10">在<GreekSeq>9</GreekSeq></word><word seq="11">這<GreekSeq>10</GreekSeq></word><word seq="12">世界上，<GreekSeq>11</GreekSeq></word><word seq="13">我卻<GreekSeq>13</GreekSeq></word><word seq="14">要<GreekSeq>16</GreekSeq></word><word seq="15">到<GreekSeq>14</GreekSeq></word><word seq="16">你<GreekSeq>15</GreekSeq></word><word seq="17">那裡<GreekSeq>14</GreekSeq></word><word seq="18">去。<GreekSeq>16</GreekSeq></word><word seq="19">聖<GreekSeq>18</GreekSeq></word><word seq="20">父啊，<GreekSeq>17</GreekSeq></word><word seq="21">願你<GreekSeq>19</GreekSeq></word><word seq="22">奉<GreekSeq>21</GreekSeq></word><word seq="23">你的<GreekSeq>24</GreekSeq></word><word seq="24">名，<GreekSeq>23</GreekSeq></word><word seq="25">就是奉</word><word seq="26">你賜給<GreekSeq>26</GreekSeq></word><word seq="27">我<GreekSeq>27</GreekSeq></word><word seq="28">的[名]<GreekSeq>25</GreekSeq></word><word seq="29">保守<GreekSeq>19</GreekSeq></word><word seq="30">他們，<GreekSeq>20</GreekSeq></word><word seq="31">使<GreekSeq>28</GreekSeq></word><word seq="32">他們[合而]為<GreekSeq>29</GreekSeq></word><word seq="33">一，<GreekSeq>30</GreekSeq></word><word seq="34">就像<GreekSeq>31</GreekSeq></word><word seq="35">我們<GreekSeq>32</GreekSeq></word><word seq="36">那樣。<GreekSeq>31</GreekSeq></word></CSB></verse>
<verse number="12"><CSB><word seq="1">我<GreekSeq>2</GreekSeq></word><word seq="2">與<GreekSeq>3</GreekSeq></word><word seq="3">他們<GreekSeq>4</GreekSeq></word><word seq="4">在一起<GreekSeq>3</GreekSeq></word><word seq="5">的時候，<GreekSeq>1</GreekSeq></word><word seq="6">我<GreekSeq>5</GreekSeq></word><word seq="7">奉<GreekSeq>8</GreekSeq></word><word seq="8">你的<GreekSeq>11</GreekSeq></word><word seq="9">名，<GreekSeq>10</GreekSeq></word><word seq="10">就是奉</word><word seq="11">你賜給<GreekSeq>13</GreekSeq></word><word seq="12">我<GreekSeq>14</GreekSeq></word><word seq="13">的[名]<GreekSeq>12</GreekSeq></word><word seq="14">保守了<GreekSeq>6</GreekSeq></word><word seq="15">他們，<GreekSeq>7</GreekSeq></word><word seq="16">也<GreekSeq>15</GreekSeq></word><word seq="17">護衛了<GreekSeq>16</GreekSeq></word><word seq="18">他們。</word><word seq="19">他們<GreekSeq>20</GreekSeq></word><word seq="20">當中<GreekSeq>19</GreekSeq></word><word seq="21" note="εἰ μή Strong Code (1508)">除了<GreekSeq>22</GreekSeq><GreekSeq>23</GreekSeq></word><word seq="22">那<GreekSeq>24</GreekSeq></word><word seq="23">滅亡之<GreekSeq>27</GreekSeq></word><word seq="24">子<GreekSeq>25</GreekSeq></word><word seq="25">以外，</word><word seq="26">沒有一個人<GreekSeq>18</GreekSeq></word><word seq="27">失落。<GreekSeq>21</GreekSeq></word><word seq="28">這是</word><word seq="29">為<GreekSeq>28</GreekSeq></word><word seq="30">要應驗<GreekSeq>31</GreekSeq></word><word seq="31">經上的話。<GreekSeq>30</GreekSeq></word></CSB></verse>
<verse number="13"><CSB><word seq="1">但<GreekSeq>2</GreekSeq></word><word seq="2">如今<GreekSeq>1</GreekSeq></word><word seq="3">我就要<GreekSeq>5</GreekSeq></word><word seq="4">到<GreekSeq>3</GreekSeq></word><word seq="5">你<GreekSeq>4</GreekSeq></word><word seq="6">那裡<GreekSeq>3</GreekSeq></word><word seq="7">去了。<GreekSeq>5</GreekSeq></word><word seq="8">我<GreekSeq>8</GreekSeq></word><word seq="9">在<GreekSeq>9</GreekSeq></word><word seq="10">世上<GreekSeq>11</GreekSeq></word><word seq="11">說<GreekSeq>8</GreekSeq></word><word seq="12">這些[話]，<GreekSeq>7</GreekSeq></word><word seq="13">是要讓<GreekSeq>12</GreekSeq></word><word seq="14">他們<GreekSeq>20</GreekSeq></word><word seq="15">裡面<GreekSeq>19</GreekSeq></word><word seq="16">充滿<GreekSeq>18</GreekSeq></word><word seq="17">我的<GreekSeq>17</GreekSeq></word><word seq="18">喜樂。<GreekSeq>15</GreekSeq></word></CSB></verse>
<verse number="14"><CSB><word seq="1">我<GreekSeq>1</GreekSeq></word><word seq="2">把<GreekSeq>2</GreekSeq></word><word seq="3">你的<GreekSeq>6</GreekSeq></word><word seq="4">話語<GreekSeq>5</GreekSeq></word><word seq="5">給了<GreekSeq>2</GreekSeq></word><word seq="6">他們，<GreekSeq>3</GreekSeq></word><word seq="7">而<GreekSeq>7</GreekSeq></word><word seq="8">世界<GreekSeq>9</GreekSeq></word><word seq="9">恨<GreekSeq>10</GreekSeq></word><word seq="10">他們，<GreekSeq>11</GreekSeq></word><word seq="11">因為<GreekSeq>12</GreekSeq></word><word seq="12">他們<GreekSeq>14</GreekSeq></word><word seq="13">不<GreekSeq>13</GreekSeq></word><word seq="14">屬於<GreekSeq>15</GreekSeq></word><word seq="15">這<GreekSeq>16</GreekSeq></word><word seq="16">世界，<GreekSeq>17</GreekSeq></word><word seq="17">就像<GreekSeq>18</GreekSeq></word><word seq="18">我<GreekSeq>19</GreekSeq></word><word seq="19">不<GreekSeq>20</GreekSeq></word><word seq="20">屬於<GreekSeq>22</GreekSeq></word><word seq="21">這<GreekSeq>23</GreekSeq></word><word seq="22">世界<GreekSeq>24</GreekSeq></word><word seq="23">那樣。<GreekSeq>18</GreekSeq></word></CSB></verse>
<verse number="15"><CSB><word seq="1">我<GreekSeq>2</GreekSeq></word><word seq="2">不是<GreekSeq>1</GreekSeq></word><word seq="3">求<GreekSeq>2</GreekSeq></word><word seq="4">你帶<GreekSeq>4</GreekSeq></word><word seq="5">他們<GreekSeq>5</GreekSeq></word><word seq="6">離開<GreekSeq>6</GreekSeq></word><word seq="7">這<GreekSeq>7</GreekSeq></word><word seq="8">世界，<GreekSeq>8</GreekSeq></word><word seq="9">而是<GreekSeq>9</GreekSeq></word><word seq="10">求你保守<GreekSeq>11</GreekSeq></word><word seq="11">他們<GreekSeq>12</GreekSeq></word><word seq="12">脫離<GreekSeq>13</GreekSeq></word><word seq="13">那<GreekSeq>14</GreekSeq></word><word seq="14">惡[者]。<GreekSeq>15</GreekSeq></word></CSB></verse>
<verse number="16"><CSB><word seq="1">他們<GreekSeq>5</GreekSeq></word><word seq="2">不<GreekSeq>4</GreekSeq></word><word seq="3">屬於<GreekSeq>1</GreekSeq></word><word seq="4">這<GreekSeq>2</GreekSeq></word><word seq="5">世界，<GreekSeq>3</GreekSeq></word><word seq="6">就像<GreekSeq>6</GreekSeq></word><word seq="7">我<GreekSeq>7</GreekSeq></word><word seq="8">不<GreekSeq>8</GreekSeq></word><word seq="9">屬於<GreekSeq>10</GreekSeq></word><word seq="10">這<GreekSeq>11</GreekSeq></word><word seq="11">世界<GreekSeq>12</GreekSeq></word><word seq="12">那樣。<GreekSeq>6</GreekSeq></word></CSB></verse>
<verse number="17"><CSB><word seq="1">願你<GreekSeq>1</GreekSeq></word><word seq="2">在<GreekSeq>3</GreekSeq></word><word seq="3">真理<GreekSeq>5</GreekSeq></word><word seq="4">中<GreekSeq>3</GreekSeq></word><word seq="5">使他們<GreekSeq>2</GreekSeq></word><word seq="6">分別為聖，<GreekSeq>1</GreekSeq></word><word seq="7">你的<GreekSeq>9</GreekSeq></word><word seq="8">話語<GreekSeq>7</GreekSeq></word><word seq="9">就是<GreekSeq>11</GreekSeq></word><word seq="10">真理。<GreekSeq>10</GreekSeq></word></CSB></verse>
<verse number="18"><CSB><word seq="1">正如<GreekSeq>1</GreekSeq></word><word seq="2">你差派<GreekSeq>3</GreekSeq></word><word seq="3">我<GreekSeq>2</GreekSeq></word><word seq="4">到<GreekSeq>4</GreekSeq></word><word seq="5">世界上<GreekSeq>6</GreekSeq></word><word seq="6">來，<GreekSeq>3</GreekSeq></word><word seq="7">我也<GreekSeq>7</GreekSeq></word><word seq="8">差派<GreekSeq>8</GreekSeq></word><word seq="9">他們<GreekSeq>9</GreekSeq></word><word seq="10">到<GreekSeq>10</GreekSeq></word><word seq="11">世界上<GreekSeq>12</GreekSeq></word><word seq="12">去。<GreekSeq>8</GreekSeq></word></CSB></verse>
<verse number="19"><CSB><word seq="1">我<GreekSeq>4</GreekSeq></word><word seq="2">為[了]<GreekSeq>2</GreekSeq></word><word seq="3">他們，<GreekSeq>3</GreekSeq></word><word seq="4">自己<GreekSeq>6</GreekSeq></word><word seq="5">分別為聖，<GreekSeq>5</GreekSeq></word><word seq="6">好使<GreekSeq>7</GreekSeq></word><word seq="7">他們<GreekSeq>10</GreekSeq></word><word seq="8">也<GreekSeq>9</GreekSeq></word><word seq="9">能<GreekSeq>8</GreekSeq></word><word seq="10">在<GreekSeq>12</GreekSeq></word><word seq="11">真理<GreekSeq>13</GreekSeq></word><word seq="12">中<GreekSeq>12</GreekSeq></word><word seq="13">被分別為聖。<GreekSeq>11</GreekSeq></word></CSB></verse>
<verse number="20"><CSB><word seq="1">「我<GreekSeq>5</GreekSeq></word><word seq="2">不<GreekSeq>1</GreekSeq></word><word seq="3">僅<GreekSeq>6</GreekSeq></word><word seq="4">為<GreekSeq>2</GreekSeq></word><word seq="5">他們<GreekSeq>3</GreekSeq></word><word seq="6">祈求，<GreekSeq>5</GreekSeq></word><word seq="7">還<GreekSeq>8</GreekSeq></word><word seq="8">為<GreekSeq>9</GreekSeq></word><word seq="9">那些<GreekSeq>10</GreekSeq></word><word seq="10">因<GreekSeq>12</GreekSeq></word><word seq="11">他們的<GreekSeq>15</GreekSeq></word><word seq="12">話<GreekSeq>14</GreekSeq></word><word seq="13">而</word><word seq="14">信<GreekSeq>11</GreekSeq></word><word seq="15">我<GreekSeq>17</GreekSeq></word><word seq="16">的人<GreekSeq>11</GreekSeq></word><word seq="17">祈求，</word></CSB></verse>
<verse number="21"><CSB><word seq="1">願他們<GreekSeq>4</GreekSeq></word><word seq="2">都<GreekSeq>2</GreekSeq></word><word seq="3">[合而]為<GreekSeq>4</GreekSeq></word><word seq="4">一。<GreekSeq>3</GreekSeq></word><word seq="5">父啊，<GreekSeq>7</GreekSeq></word><word seq="6">正如<GreekSeq>5</GreekSeq></word><word seq="7">你<GreekSeq>6</GreekSeq></word><word seq="8">在<GreekSeq>8</GreekSeq></word><word seq="9">我<GreekSeq>9</GreekSeq></word><word seq="10">裡面，<GreekSeq>8</GreekSeq></word><word seq="11">我也<GreekSeq>10</GreekSeq></word><word seq="12">在<GreekSeq>11</GreekSeq></word><word seq="13">你<GreekSeq>12</GreekSeq></word><word seq="14">裡面，<GreekSeq>11</GreekSeq></word><word seq="15">願<GreekSeq>18</GreekSeq></word><word seq="16">他們<GreekSeq>15</GreekSeq></word><word seq="17">也<GreekSeq>14</GreekSeq></word><word seq="18">在<GreekSeq>16</GreekSeq></word><word seq="19">我們<GreekSeq>17</GreekSeq></word><word seq="20">裡面，<GreekSeq>16</GreekSeq></word><word seq="21">好讓<GreekSeq>19</GreekSeq></word><word seq="22">世界<GreekSeq>21</GreekSeq></word><word seq="23">相信<GreekSeq>22</GreekSeq></word><word seq="24">是</word><word seq="25">你<GreekSeq>24</GreekSeq></word><word seq="26">差派了<GreekSeq>26</GreekSeq></word><word seq="27">我。<GreekSeq>25</GreekSeq></word></CSB></verse>
<verse number="22"><CSB><word seq="1">你賜給<GreekSeq>5</GreekSeq></word><word seq="2">我<GreekSeq>6</GreekSeq></word><word seq="3">的榮耀，<GreekSeq>3</GreekSeq></word><word seq="4">我<GreekSeq>1</GreekSeq></word><word seq="5">已經給了<GreekSeq>7</GreekSeq></word><word seq="6">他們，<GreekSeq>8</GreekSeq></word><word seq="7">使<GreekSeq>9</GreekSeq></word><word seq="8">他們[合而]為<GreekSeq>10</GreekSeq></word><word seq="9">一，<GreekSeq>11</GreekSeq></word><word seq="10">就像<GreekSeq>12</GreekSeq></word><word seq="11">我們<GreekSeq>13</GreekSeq></word><word seq="12">是</word><word seq="13">一[體]的。<GreekSeq>14</GreekSeq></word></CSB></verse>
<verse number="23"><CSB><word seq="1">我<GreekSeq>1</GreekSeq></word><word seq="2">在<GreekSeq>2</GreekSeq></word><word seq="3">他們<GreekSeq>3</GreekSeq></word><word seq="4">裡面，<GreekSeq>2</GreekSeq></word><word seq="5">你<GreekSeq>5</GreekSeq></word><word seq="6">在<GreekSeq>6</GreekSeq></word><word seq="7">我<GreekSeq>7</GreekSeq></word><word seq="8">裡面，<GreekSeq>6</GreekSeq></word><word seq="9">願他們能<GreekSeq>9</GreekSeq></word><word seq="10">完全<GreekSeq>10</GreekSeq></word><word seq="11">[合]<GreekSeq>11</GreekSeq></word><word seq="12">一，<GreekSeq>12</GreekSeq></word><word seq="13">好讓<GreekSeq>13</GreekSeq></word><word seq="14">世界<GreekSeq>16</GreekSeq></word><word seq="15">知道<GreekSeq>14</GreekSeq></word><word seq="16">是</word><word seq="17">你<GreekSeq>18</GreekSeq></word><word seq="18">差派了<GreekSeq>20</GreekSeq></word><word seq="19">我，<GreekSeq>19</GreekSeq></word><word seq="20">也<GreekSeq>21</GreekSeq></word><word seq="21">知道</word><word seq="22">你愛<GreekSeq>22</GreekSeq></word><word seq="23">他們，<GreekSeq>23</GreekSeq></word><word seq="24">就像<GreekSeq>24</GreekSeq></word><word seq="25">愛<GreekSeq>26</GreekSeq></word><word seq="26">我<GreekSeq>25</GreekSeq></word><word seq="27">那樣。<GreekSeq>24</GreekSeq></word></CSB></verse>
<verse number="24"><CSB><word seq="1">父啊，<GreekSeq>1</GreekSeq></word><word seq="2">我<GreekSeq>9</GreekSeq></word><word seq="3">在<GreekSeq>8</GreekSeq></word><word seq="4">哪裡，<GreekSeq>7</GreekSeq></word><word seq="5">願<GreekSeq>5</GreekSeq></word><word seq="6">你所賜給<GreekSeq>3</GreekSeq></word><word seq="7">我<GreekSeq>4</GreekSeq></word><word seq="8">的人<GreekSeq>2</GreekSeq></word><word seq="9">也<GreekSeq>10</GreekSeq></word><word seq="10">能<GreekSeq>11</GreekSeq></word><word seq="11">與<GreekSeq>12</GreekSeq></word><word seq="12">我<GreekSeq>13</GreekSeq></word><word seq="13">在[哪裡]，<GreekSeq>11</GreekSeq></word><word seq="14">好讓<GreekSeq>14</GreekSeq></word><word seq="15">他們能看見<GreekSeq>15</GreekSeq></word><word seq="16">你所賜給<GreekSeq>21</GreekSeq></word><word seq="17">我的<GreekSeq>19</GreekSeq></word><word seq="18">榮耀，<GreekSeq>17</GreekSeq></word><word seq="19">因為<GreekSeq>23</GreekSeq></word><word seq="20">你<GreekSeq>24</GreekSeq></word><word seq="21">在<GreekSeq>26</GreekSeq></word><word seq="22">創<GreekSeq>27</GreekSeq></word><word seq="23">世<GreekSeq>28</GreekSeq></word><word seq="24">以前<GreekSeq>26</GreekSeq></word><word seq="25">就</word><word seq="26">愛<GreekSeq>24</GreekSeq></word><word seq="27">我<GreekSeq>25</GreekSeq></word><word seq="28">了。</word></CSB></verse>
<verse number="25"><CSB><word seq="1">公義的<GreekSeq>2</GreekSeq></word><word seq="2">父啊，<GreekSeq>1</GreekSeq></word><word seq="3">雖然<GreekSeq>3</GreekSeq></word><word seq="4">世界<GreekSeq>5</GreekSeq></word><word seq="5">不<GreekSeq>7</GreekSeq></word><word seq="6">認識<GreekSeq>8</GreekSeq></word><word seq="7">你，<GreekSeq>6</GreekSeq></word><word seq="8">我<GreekSeq>9</GreekSeq></word><word seq="9">卻<GreekSeq>10</GreekSeq></word><word seq="10">認識<GreekSeq>12</GreekSeq></word><word seq="11">你，<GreekSeq>11</GreekSeq></word><word seq="12">這些人<GreekSeq>14</GreekSeq></word><word seq="13">也<GreekSeq>13</GreekSeq></word><word seq="14">知道<GreekSeq>15</GreekSeq></word><word seq="15">是</word><word seq="16">你<GreekSeq>17</GreekSeq></word><word seq="17">差派了<GreekSeq>19</GreekSeq></word><word seq="18">我。<GreekSeq>18</GreekSeq></word></CSB></verse>
<verse number="26"><CSB><word seq="1">我將<GreekSeq>2</GreekSeq></word><word seq="2">你的<GreekSeq>6</GreekSeq></word><word seq="3">名<GreekSeq>5</GreekSeq></word><word seq="4">向他們<GreekSeq>3</GreekSeq></word><word seq="5">顯明了，<GreekSeq>2</GreekSeq></word><word seq="6">並且還<GreekSeq>7</GreekSeq></word><word seq="7">要顯明。<GreekSeq>8</GreekSeq></word><word seq="8">這樣，<GreekSeq>9</GreekSeq></word><word seq="9">你愛<GreekSeq>13</GreekSeq></word><word seq="10">我<GreekSeq>14</GreekSeq></word><word seq="11">的</word><word seq="12">愛<GreekSeq>11</GreekSeq></word><word seq="13">就</word><word seq="14">能<GreekSeq>17</GreekSeq></word><word seq="15">在<GreekSeq>15</GreekSeq></word><word seq="16">他們<GreekSeq>16</GreekSeq></word><word seq="17">裡面，<GreekSeq>15</GreekSeq></word><word seq="18">我也<GreekSeq>18</GreekSeq></word><word seq="19">能</word><word seq="20">在<GreekSeq>19</GreekSeq></word><word seq="21">他們<GreekSeq>20</GreekSeq></word><word seq="22">裡面。」<GreekSeq>19</GreekSeq></word></CSB></verse>
</chapter></book>