<?xml version="1.0" encoding="UTF-8" standalone="no"?><book><chapter number="19">
<verse number="1"><CSB><word seq="1">於是<GreekSeq>1</GreekSeq></word><word seq="2">彼拉多<GreekSeq>5</GreekSeq></word><word seq="3">吩咐</word><word seq="4">把<GreekSeq>3</GreekSeq></word><word seq="5">耶穌<GreekSeq>7</GreekSeq></word><word seq="6">帶走，<GreekSeq>3</GreekSeq></word><word seq="7">鞭打了。<GreekSeq>9</GreekSeq></word></CSB></verse>
<verse number="2"><CSB><word seq="1">士兵們<GreekSeq>3</GreekSeq></word><word seq="2">用<GreekSeq>6</GreekSeq></word><word seq="3">荊棘<GreekSeq>7</GreekSeq></word><word seq="4">編了<GreekSeq>4</GreekSeq></word><word seq="5">冠冕，<GreekSeq>5</GreekSeq></word><word seq="6">戴在<GreekSeq>8</GreekSeq></word><word seq="7">[耶穌]的<GreekSeq>9</GreekSeq></word><word seq="8">頭上，<GreekSeq>11</GreekSeq></word><word seq="9">又<GreekSeq>12</GreekSeq></word><word seq="10">給他<GreekSeq>16</GreekSeq></word><word seq="11">披上<GreekSeq>15</GreekSeq></word><word seq="12">紫色<GreekSeq>14</GreekSeq></word><word seq="13">袍子。<GreekSeq>13</GreekSeq></word></CSB></verse>
<verse number="3"><CSB><word seq="1">他們[不斷地]來<GreekSeq>2</GreekSeq></word><word seq="2">到<GreekSeq>3</GreekSeq></word><word seq="3">他<GreekSeq>4</GreekSeq></word><word seq="4">面前<GreekSeq>3</GreekSeq></word><word seq="5">說：<GreekSeq>6</GreekSeq></word><word seq="6">「萬歲，<GreekSeq>7</GreekSeq></word><word seq="7">猶太人的<GreekSeq>11</GreekSeq></word><word seq="8">王！」<GreekSeq>9</GreekSeq></word><word seq="9">又<GreekSeq>12</GreekSeq></word><word seq="10">[不住地]<GreekSeq>13</GreekSeq></word><word seq="11">用手掌<GreekSeq>15</GreekSeq></word><word seq="12">打<GreekSeq>13</GreekSeq></word><word seq="13">他。<GreekSeq>14</GreekSeq></word></CSB></verse>
<verse number="4"><CSB><word seq="1">彼拉多<GreekSeq>6</GreekSeq></word><word seq="2">再次<GreekSeq>3</GreekSeq></word><word seq="3">出來<GreekSeq>2</GreekSeq></word><word seq="4">對[猶太人]<GreekSeq>9</GreekSeq></word><word seq="5">說：<GreekSeq>8</GreekSeq></word><word seq="6">「看！<GreekSeq>10</GreekSeq></word><word seq="7">我<GreekSeq>11</GreekSeq></word><word seq="8">把他<GreekSeq>13</GreekSeq></word><word seq="9">帶<GreekSeq>11</GreekSeq></word><word seq="10">出來<GreekSeq>14</GreekSeq></word><word seq="11">給你們，<GreekSeq>12</GreekSeq></word><word seq="12">是要<GreekSeq>15</GreekSeq></word><word seq="13">你們知道，<GreekSeq>16</GreekSeq></word><word seq="14">我查<GreekSeq>20</GreekSeq></word><word seq="15">不<GreekSeq>18</GreekSeq></word><word seq="16">出<GreekSeq>20</GreekSeq></word><word seq="17">他有<GreekSeq>21</GreekSeq><GreekSeq>22</GreekSeq></word><word seq="18">什麼<GreekSeq>20</GreekSeq></word><word seq="19">罪。」<GreekSeq>19</GreekSeq></word></CSB></verse>
<verse number="5"><CSB><word seq="1">這時候，<GreekSeq>2</GreekSeq></word><word seq="2">耶穌<GreekSeq>4</GreekSeq></word><word seq="3">出來了，<GreekSeq>1</GreekSeq></word><word seq="4">他戴著<GreekSeq>6</GreekSeq></word><word seq="5">荊棘<GreekSeq>8</GreekSeq></word><word seq="6">冠冕，<GreekSeq>9</GreekSeq></word><word seq="7">披著</word><word seq="8">紫色<GreekSeq>12</GreekSeq></word><word seq="9">袍子。<GreekSeq>13</GreekSeq></word><word seq="10">彼拉多</word><word seq="11">對他們<GreekSeq>16</GreekSeq></word><word seq="12">說：<GreekSeq>15</GreekSeq></word><word seq="13">「看，<GreekSeq>17</GreekSeq></word><word seq="14">這個<GreekSeq>18</GreekSeq></word><word seq="15">人！」<GreekSeq>19</GreekSeq></word></CSB></verse>
<verse number="6"><CSB><word seq="1">祭司長們<GreekSeq>6</GreekSeq></word><word seq="2">和<GreekSeq>7</GreekSeq></word><word seq="3">差役們<GreekSeq>9</GreekSeq></word><word seq="4">一看見<GreekSeq>1</GreekSeq><GreekSeq>3</GreekSeq></word><word seq="5">[耶穌]，<GreekSeq>4</GreekSeq></word><word seq="6">就</word><word seq="7">喊叫<GreekSeq>10</GreekSeq></word><word seq="8">說：<GreekSeq>11</GreekSeq></word><word seq="9">「釘上十字架！<GreekSeq>12</GreekSeq></word><word seq="10">釘上十字架！」<GreekSeq>13</GreekSeq></word><word seq="11">彼拉多<GreekSeq>17</GreekSeq></word><word seq="12">對他們<GreekSeq>15</GreekSeq></word><word seq="13">說：<GreekSeq>14</GreekSeq></word><word seq="14">「你們自己<GreekSeq>20</GreekSeq></word><word seq="15">把他<GreekSeq>19</GreekSeq></word><word seq="16">帶走<GreekSeq>18</GreekSeq></word><word seq="17">釘上十字架！<GreekSeq>22</GreekSeq></word><word seq="18">[要知道]，<GreekSeq>24</GreekSeq></word><word seq="19">我<GreekSeq>23</GreekSeq></word><word seq="20">查<GreekSeq>26</GreekSeq></word><word seq="21">不<GreekSeq>25</GreekSeq></word><word seq="22">出<GreekSeq>26</GreekSeq></word><word seq="23">他有<GreekSeq>27</GreekSeq><GreekSeq>28</GreekSeq></word><word seq="24">罪。」<GreekSeq>29</GreekSeq></word></CSB></verse>
<verse number="7"><CSB><word seq="1">那些<GreekSeq>3</GreekSeq></word><word seq="2">猶太人<GreekSeq>4</GreekSeq></word><word seq="3">回答：<GreekSeq>1</GreekSeq></word><word seq="4">「我們<GreekSeq>5</GreekSeq></word><word seq="5">有<GreekSeq>7</GreekSeq></word><word seq="6">律法，<GreekSeq>6</GreekSeq></word><word seq="7">按照<GreekSeq>9</GreekSeq></word><word seq="8">這<GreekSeq>10</GreekSeq></word><word seq="9">律法，<GreekSeq>11</GreekSeq></word><word seq="10">他是應該<GreekSeq>12</GreekSeq></word><word seq="11">死的，<GreekSeq>13</GreekSeq></word><word seq="12">因為<GreekSeq>14</GreekSeq></word><word seq="13">他把自己當做<GreekSeq>17</GreekSeq><GreekSeq>18</GreekSeq></word><word seq="14">神的<GreekSeq>16</GreekSeq></word><word seq="15">兒子。」<GreekSeq>15</GreekSeq></word></CSB></verse>
<verse number="8"><CSB><word seq="1">彼拉多<GreekSeq>5</GreekSeq></word><word seq="2">一<GreekSeq>1</GreekSeq></word><word seq="3">聽<GreekSeq>3</GreekSeq></word><word seq="4">這<GreekSeq>6</GreekSeq></word><word seq="5">話，<GreekSeq>8</GreekSeq></word><word seq="6">就</word><word seq="7">更加<GreekSeq>9</GreekSeq></word><word seq="8">懼怕了，<GreekSeq>10</GreekSeq></word></CSB></verse>
<verse number="9"><CSB><word seq="1">又<GreekSeq>1</GreekSeq></word><word seq="2">進了<GreekSeq>2</GreekSeq></word><word seq="3">總督府，<GreekSeq>5</GreekSeq></word><word seq="4">問<GreekSeq>8</GreekSeq></word><word seq="5">耶穌：<GreekSeq>10</GreekSeq></word><word seq="6">「你<GreekSeq>13</GreekSeq></word><word seq="7">到底</word><word seq="8">是<GreekSeq>12</GreekSeq></word><word seq="9">從哪裡[來]的？」<GreekSeq>11</GreekSeq></word><word seq="10">耶穌<GreekSeq>16</GreekSeq></word><word seq="11">卻<GreekSeq>15</GreekSeq></word><word seq="12">沒有<GreekSeq>18</GreekSeq></word><word seq="13">回答<GreekSeq>17</GreekSeq></word><word seq="14">他。<GreekSeq>20</GreekSeq></word></CSB></verse>
<verse number="10"><CSB><word seq="1">彼拉多<GreekSeq>5</GreekSeq></word><word seq="2">就<GreekSeq>2</GreekSeq></word><word seq="3">說：<GreekSeq>1</GreekSeq></word><word seq="4">「你<GreekSeq>8</GreekSeq></word><word seq="5">不<GreekSeq>7</GreekSeq></word><word seq="6">與我<GreekSeq>6</GreekSeq></word><word seq="7">說話<GreekSeq>8</GreekSeq></word><word seq="8">嗎？難道</word><word seq="9">你<GreekSeq>10</GreekSeq></word><word seq="10">不<GreekSeq>9</GreekSeq></word><word seq="11">知道<GreekSeq>10</GreekSeq></word><word seq="12">我有<GreekSeq>13</GreekSeq></word><word seq="13">權<GreekSeq>12</GreekSeq></word><word seq="14">釋放<GreekSeq>14</GreekSeq></word><word seq="15">你，<GreekSeq>15</GreekSeq></word><word seq="16">也<GreekSeq>16</GreekSeq></word><word seq="17">有<GreekSeq>18</GreekSeq></word><word seq="18">權<GreekSeq>17</GreekSeq></word><word seq="19">把你<GreekSeq>20</GreekSeq></word><word seq="20">釘上十字架<GreekSeq>19</GreekSeq></word><word seq="21">嗎？」</word></CSB></verse>
<verse number="11"><CSB><word seq="1">耶穌<GreekSeq>3</GreekSeq></word><word seq="2">回答：<GreekSeq>1</GreekSeq></word><word seq="3">「如果<GreekSeq>10</GreekSeq></word><word seq="4">權柄</word><word seq="5">不<GreekSeq>11</GreekSeq></word><word seq="6">是<GreekSeq>12</GreekSeq></word><word seq="7">從上面<GreekSeq>15</GreekSeq></word><word seq="8">賜給<GreekSeq>13</GreekSeq></word><word seq="9">你<GreekSeq>14</GreekSeq></word><word seq="10">的，<GreekSeq>13</GreekSeq></word><word seq="11">你<GreekSeq>5</GreekSeq></word><word seq="12">就</word><word seq="13">對<GreekSeq>7</GreekSeq></word><word seq="14">我<GreekSeq>8</GreekSeq></word><word seq="15">沒<GreekSeq>4</GreekSeq></word><word seq="16">有<GreekSeq>5</GreekSeq></word><word seq="17">任何<GreekSeq>9</GreekSeq></word><word seq="18">權柄。<GreekSeq>6</GreekSeq></word><word seq="19">所以，<GreekSeq>16</GreekSeq><GreekSeq>17</GreekSeq></word><word seq="20">把我<GreekSeq>20</GreekSeq></word><word seq="21">交給<GreekSeq>19</GreekSeq></word><word seq="22">你<GreekSeq>21</GreekSeq></word><word seq="23">的人<GreekSeq>19</GreekSeq></word><word seq="24">有<GreekSeq>24</GreekSeq></word><word seq="25">更大的<GreekSeq>22</GreekSeq></word><word seq="26">罪。」<GreekSeq>23</GreekSeq></word></CSB></verse>
<verse number="12"><CSB><word seq="1">由<GreekSeq>1</GreekSeq></word><word seq="2">此，<GreekSeq>2</GreekSeq></word><word seq="3">彼拉多<GreekSeq>4</GreekSeq></word><word seq="4">就</word><word seq="5">想要<GreekSeq>5</GreekSeq></word><word seq="6">釋放<GreekSeq>6</GreekSeq></word><word seq="7">[耶穌]。<GreekSeq>7</GreekSeq></word><word seq="8">可是<GreekSeq>9</GreekSeq></word><word seq="9">猶太人<GreekSeq>10</GreekSeq></word><word seq="10">喊叫<GreekSeq>11</GreekSeq></word><word seq="11">說：<GreekSeq>12</GreekSeq></word><word seq="12">「你<GreekSeq>15</GreekSeq></word><word seq="13">如果<GreekSeq>13</GreekSeq></word><word seq="14">釋放<GreekSeq>15</GreekSeq></word><word seq="15">這個人，<GreekSeq>14</GreekSeq></word><word seq="16">就</word><word seq="17">不<GreekSeq>16</GreekSeq></word><word seq="18">是<GreekSeq>17</GreekSeq></word><word seq="19">凱撒的<GreekSeq>20</GreekSeq></word><word seq="20">朋友<GreekSeq>18</GreekSeq></word><word seq="21">了。</word><word seq="22">所有<GreekSeq>21</GreekSeq></word><word seq="23">把自己<GreekSeq>24</GreekSeq></word><word seq="24">當做<GreekSeq>25</GreekSeq></word><word seq="25">王<GreekSeq>23</GreekSeq></word><word seq="26">的，<GreekSeq>25</GreekSeq></word><word seq="27">就是</word><word seq="28">反對<GreekSeq>26</GreekSeq></word><word seq="29">凱撒<GreekSeq>28</GreekSeq></word><word seq="30">的！」</word></CSB></verse>
<verse number="13"><CSB><word seq="1">彼拉多<GreekSeq>3</GreekSeq></word><word seq="2">聽了<GreekSeq>4</GreekSeq></word><word seq="3">這<GreekSeq>7</GreekSeq></word><word seq="4">話，<GreekSeq>6</GreekSeq></word><word seq="5">就</word><word seq="6">把耶穌<GreekSeq>11</GreekSeq></word><word seq="7">帶到<GreekSeq>8</GreekSeq></word><word seq="8">外面，<GreekSeq>9</GreekSeq></word><word seq="9">並<GreekSeq>12</GreekSeq></word><word seq="10">在<GreekSeq>16</GreekSeq></word><word seq="11">一個叫<GreekSeq>18</GreekSeq></word><word seq="12">「鋪石臺」<GreekSeq>19</GreekSeq></word><word seq="13">的地方<GreekSeq>17</GreekSeq></word><word seq="14">坐<GreekSeq>13</GreekSeq></word><word seq="15">上<GreekSeq>14</GreekSeq></word><word seq="16">了</word><word seq="17">審判席。<GreekSeq>15</GreekSeq></word><word seq="18">「鋪石臺」</word><word seq="19">希伯來語<GreekSeq>20</GreekSeq></word><word seq="20">叫做</word><word seq="21">「伽巴達」。<GreekSeq>22</GreekSeq></word></CSB></verse>
<verse number="14"><CSB><word seq="1">那[天]是<GreekSeq>1</GreekSeq></word><word seq="2">逾越節的<GreekSeq>4</GreekSeq><GreekSeq>5</GreekSeq></word><word seq="3">預備[日]，<GreekSeq>3</GreekSeq></word><word seq="4">大約<GreekSeq>8</GreekSeq></word><word seq="5">在<GreekSeq>7</GreekSeq></word><word seq="6">[中午十二點]，<GreekSeq>6</GreekSeq><GreekSeq>9</GreekSeq></word><word seq="7">[彼拉多]<GreekSeq>11</GreekSeq></word><word seq="8">對猶太人<GreekSeq>13</GreekSeq></word><word seq="9">說：<GreekSeq>11</GreekSeq></word><word seq="10">「看，<GreekSeq>14</GreekSeq></word><word seq="11">你們的<GreekSeq>17</GreekSeq></word><word seq="12">王！」<GreekSeq>16</GreekSeq></word></CSB></verse>
<verse number="15"><CSB><word seq="1">他們<GreekSeq>3</GreekSeq></word><word seq="2">就<GreekSeq>2</GreekSeq></word><word seq="3">大聲喊叫：<GreekSeq>1</GreekSeq></word><word seq="4">「除掉[他]！<GreekSeq>4</GreekSeq></word><word seq="5">除掉[他]！<GreekSeq>5</GreekSeq></word><word seq="6">把他<GreekSeq>7</GreekSeq></word><word seq="7">釘上十字架！」<GreekSeq>6</GreekSeq></word><word seq="8">彼拉多<GreekSeq>11</GreekSeq></word><word seq="9">問：<GreekSeq>8</GreekSeq></word><word seq="10">「我可以把<GreekSeq>15</GreekSeq></word><word seq="11">你們的<GreekSeq>14</GreekSeq></word><word seq="12">王<GreekSeq>13</GreekSeq></word><word seq="13">釘上十字架<GreekSeq>15</GreekSeq></word><word seq="14">嗎？」</word><word seq="15">祭司長們<GreekSeq>18</GreekSeq></word><word seq="16">回答：<GreekSeq>16</GreekSeq></word><word seq="17" note="εἰ μή Strong Code (1508)">「除了<GreekSeq>22</GreekSeq><GreekSeq>23</GreekSeq></word><word seq="18">凱撒，<GreekSeq>24</GreekSeq></word><word seq="19">我們<GreekSeq>20</GreekSeq></word><word seq="20">沒<GreekSeq>19</GreekSeq></word><word seq="21">有<GreekSeq>20</GreekSeq></word><word seq="22">王！」<GreekSeq>21</GreekSeq></word></CSB></verse>
<verse number="16"><CSB><word seq="1">於是<GreekSeq>2</GreekSeq></word><word seq="2">彼拉多</word><word seq="3">把[耶穌]<GreekSeq>4</GreekSeq></word><word seq="4">交給<GreekSeq>3</GreekSeq></word><word seq="5">他們<GreekSeq>5</GreekSeq></word><word seq="6">去釘上十字架。<GreekSeq>7</GreekSeq></word><word seq="7">他們<GreekSeq>8</GreekSeq></word><word seq="8">就<GreekSeq>9</GreekSeq></word><word seq="9">把耶穌<GreekSeq>11</GreekSeq></word><word seq="10">帶走了。<GreekSeq>8</GreekSeq></word></CSB></verse>
<verse number="17"><CSB><word seq="1">[耶穌]自己<GreekSeq>3</GreekSeq></word><word seq="2">背著<GreekSeq>2</GreekSeq></word><word seq="3">十字架<GreekSeq>5</GreekSeq></word><word seq="4">出來，<GreekSeq>6</GreekSeq></word><word seq="5">前往<GreekSeq>7</GreekSeq></word><word seq="6">一個<GreekSeq>8</GreekSeq></word><word seq="7">叫<GreekSeq>9</GreekSeq></word><word seq="8">「骷髏[地]」的<GreekSeq>10</GreekSeq></word><word seq="9">地方，<GreekSeq>11</GreekSeq></word><word seq="10">希伯來語<GreekSeq>14</GreekSeq></word><word seq="11">叫做<GreekSeq>13</GreekSeq></word><word seq="12">「各各他」。<GreekSeq>15</GreekSeq></word></CSB></verse>
<verse number="18"><CSB><word seq="1">在那裡，<GreekSeq>1</GreekSeq></word><word seq="2">他們<GreekSeq>3</GreekSeq></word><word seq="3">把[耶穌]<GreekSeq>2</GreekSeq></word><word seq="4">釘上十字架，<GreekSeq>3</GreekSeq></word><word seq="5">還<GreekSeq>4</GreekSeq></word><word seq="6">把</word><word seq="7">另外<GreekSeq>7</GreekSeq></word><word seq="8">兩個<GreekSeq>8</GreekSeq></word><word seq="9">人</word><word seq="10">與<GreekSeq>5</GreekSeq></word><word seq="11">[耶穌]<GreekSeq>6</GreekSeq></word><word seq="12">一起<GreekSeq>5</GreekSeq></word><word seq="13">釘上十字架，</word><word seq="14">這邊一個，<GreekSeq>9</GreekSeq></word><word seq="15">那邊一個，<GreekSeq>11</GreekSeq></word><word seq="16">耶穌<GreekSeq>15</GreekSeq></word><word seq="17">在中間。<GreekSeq>12</GreekSeq></word></CSB></verse>
<verse number="19"><CSB><word seq="1">彼拉多<GreekSeq>6</GreekSeq></word><word seq="2">還<GreekSeq>3</GreekSeq></word><word seq="3">寫了<GreekSeq>1</GreekSeq></word><word seq="4">一個牌子，<GreekSeq>4</GreekSeq></word><word seq="5">掛<GreekSeq>8</GreekSeq></word><word seq="6">在<GreekSeq>9</GreekSeq></word><word seq="7">十字架<GreekSeq>11</GreekSeq></word><word seq="8">上，<GreekSeq>9</GreekSeq></word><word seq="9">寫的<GreekSeq>14</GreekSeq></word><word seq="10">是：<GreekSeq>12</GreekSeq></word><word seq="11">「拿撒勒人<GreekSeq>17</GreekSeq></word><word seq="12">耶穌，<GreekSeq>15</GreekSeq></word><word seq="13">猶太人的<GreekSeq>21</GreekSeq></word><word seq="14">王。」<GreekSeq>19</GreekSeq></word></CSB></verse>
<verse number="20"><CSB><word seq="1">許多<GreekSeq>5</GreekSeq></word><word seq="2">猶太人<GreekSeq>8</GreekSeq></word><word seq="3">都</word><word seq="4">讀了<GreekSeq>6</GreekSeq></word><word seq="5">這<GreekSeq>1</GreekSeq></word><word seq="6">牌子，<GreekSeq>4</GreekSeq></word><word seq="7">因為<GreekSeq>9</GreekSeq></word><word seq="8">耶穌<GreekSeq>19</GreekSeq></word><word seq="9">被釘十字架<GreekSeq>17</GreekSeq></word><word seq="10">的地方<GreekSeq>16</GreekSeq></word><word seq="11">離<GreekSeq>10</GreekSeq></word><word seq="12">城<GreekSeq>15</GreekSeq></word><word seq="13">不遠，<GreekSeq>10</GreekSeq></word><word seq="14">而且<GreekSeq>20</GreekSeq></word><word seq="15">[牌子]是<GreekSeq>21</GreekSeq></word><word seq="16">用<GreekSeq>22</GreekSeq></word><word seq="17">希伯來文、<GreekSeq>23</GreekSeq></word><word seq="18">拉丁文、<GreekSeq>24</GreekSeq></word><word seq="19">希臘文<GreekSeq>25</GreekSeq></word><word seq="20">寫的。<GreekSeq>22</GreekSeq></word></CSB></verse>
<verse number="21"><CSB><word seq="1">猶太人的<GreekSeq>8</GreekSeq></word><word seq="2">祭司長們<GreekSeq>6</GreekSeq></word><word seq="3">對彼拉多<GreekSeq>4</GreekSeq></word><word seq="4">說：<GreekSeq>1</GreekSeq></word><word seq="5">「請<GreekSeq>10</GreekSeq></word><word seq="6">不<GreekSeq>9</GreekSeq></word><word seq="7">要寫<GreekSeq>10</GreekSeq></word><word seq="8">『猶太人的<GreekSeq>14</GreekSeq></word><word seq="9">王』，<GreekSeq>12</GreekSeq></word><word seq="10">而<GreekSeq>15</GreekSeq></word><word seq="11">要寫</word><word seq="12">『這個人<GreekSeq>17</GreekSeq></word><word seq="13">說：<GreekSeq>18</GreekSeq></word><word seq="14">我是<GreekSeq>20</GreekSeq></word><word seq="15">猶太人的<GreekSeq>22</GreekSeq></word><word seq="16">王。』」<GreekSeq>19</GreekSeq></word></CSB></verse>
<verse number="22"><CSB><word seq="1">彼拉多<GreekSeq>3</GreekSeq></word><word seq="2">回答：<GreekSeq>1</GreekSeq></word><word seq="3">「我所寫的，<GreekSeq>4</GreekSeq><GreekSeq>5</GreekSeq></word><word seq="4">我已經寫了。」<GreekSeq>6</GreekSeq></word></CSB></verse>
<verse number="23"><CSB><word seq="1">士兵們<GreekSeq>3</GreekSeq></word><word seq="2">將耶穌<GreekSeq>7</GreekSeq></word><word seq="3">釘上十字架<GreekSeq>5</GreekSeq></word><word seq="4">以後，<GreekSeq>4</GreekSeq></word><word seq="5">把<GreekSeq>8</GreekSeq></word><word seq="6">他的<GreekSeq>11</GreekSeq></word><word seq="7">衣服<GreekSeq>10</GreekSeq></word><word seq="8">拿來<GreekSeq>8</GreekSeq></word><word seq="9">分成<GreekSeq>13</GreekSeq></word><word seq="10">四<GreekSeq>14</GreekSeq></word><word seq="11">份，<GreekSeq>15</GreekSeq></word><word seq="12">每<GreekSeq>16</GreekSeq></word><word seq="13">[人]<GreekSeq>17</GreekSeq></word><word seq="14">一份。<GreekSeq>18</GreekSeq></word><word seq="15">他們</word><word seq="16">又<GreekSeq>19</GreekSeq></word><word seq="17">拿了</word><word seq="18">裡衣，<GreekSeq>21</GreekSeq></word><word seq="19">這[件]<GreekSeq>24</GreekSeq></word><word seq="20">裡衣<GreekSeq>25</GreekSeq></word><word seq="21">沒有接縫，<GreekSeq>26</GreekSeq></word><word seq="22">從<GreekSeq>27</GreekSeq></word><word seq="23">上<GreekSeq>29</GreekSeq></word><word seq="24">到下</word><word seq="25">由<GreekSeq>31</GreekSeq></word><word seq="26">整片<GreekSeq>32</GreekSeq></word><word seq="27">織成。<GreekSeq>30</GreekSeq></word></CSB></verse>
<verse number="24"><CSB><word seq="1">他們<GreekSeq>1</GreekSeq></word><word seq="2">彼此<GreekSeq>3</GreekSeq><GreekSeq>4</GreekSeq></word><word seq="3">說：<GreekSeq>1</GreekSeq></word><word seq="4">「不<GreekSeq>5</GreekSeq></word><word seq="5">要<GreekSeq>6</GreekSeq></word><word seq="6">把它<GreekSeq>7</GreekSeq></word><word seq="7">撕開，<GreekSeq>6</GreekSeq></word><word seq="8">讓我們抽籤，<GreekSeq>9</GreekSeq></word><word seq="9">看它<GreekSeq>10</GreekSeq><GreekSeq>11</GreekSeq></word><word seq="10">是<GreekSeq>13</GreekSeq></word><word seq="11">誰的。」<GreekSeq>12</GreekSeq></word><word seq="12">這是<GreekSeq>14</GreekSeq></word><word seq="13">為要應驗<GreekSeq>17</GreekSeq></word><word seq="14">經上的話：<GreekSeq>16</GreekSeq></word><word seq="15">「他們<GreekSeq>24</GreekSeq></word><word seq="16">分了<GreekSeq>20</GreekSeq></word><word seq="17">我的<GreekSeq>23</GreekSeq></word><word seq="18">衣服，<GreekSeq>22</GreekSeq></word><word seq="19">又<GreekSeq>25</GreekSeq></word><word seq="20">為<GreekSeq>26</GreekSeq></word><word seq="21">我的<GreekSeq>29</GreekSeq></word><word seq="22">衣裳<GreekSeq>28</GreekSeq></word><word seq="23">抽<GreekSeq>30</GreekSeq></word><word seq="24">籤。」<GreekSeq>31</GreekSeq></word><word seq="25">士兵們<GreekSeq>35</GreekSeq></word><word seq="26">果然<GreekSeq>33</GreekSeq></word><word seq="27">做了<GreekSeq>37</GreekSeq></word><word seq="28">這些事。<GreekSeq>36</GreekSeq></word></CSB></verse>
<verse number="25"><CSB><word seq="1">在<GreekSeq>3</GreekSeq></word><word seq="2">耶穌的<GreekSeq>7</GreekSeq></word><word seq="3">十字架<GreekSeq>5</GreekSeq></word><word seq="4">旁邊，<GreekSeq>3</GreekSeq></word><word seq="5">站著<GreekSeq>1</GreekSeq></word><word seq="6">他的<GreekSeq>10</GreekSeq></word><word seq="7">母親、<GreekSeq>9</GreekSeq></word><word seq="8">他<GreekSeq>16</GreekSeq></word><word seq="9">母親的<GreekSeq>15</GreekSeq></word><word seq="10">妹妹、<GreekSeq>13</GreekSeq></word><word seq="11">克羅帕的<GreekSeq>20</GreekSeq></word><word seq="12">[妻子]<GreekSeq>18</GreekSeq></word><word seq="13">瑪麗亞，<GreekSeq>17</GreekSeq></word><word seq="14">以及<GreekSeq>21</GreekSeq></word><word seq="15">茉大拉<GreekSeq>24</GreekSeq></word><word seq="16">的</word><word seq="17">瑪麗亞。<GreekSeq>22</GreekSeq></word></CSB></verse>
<verse number="26"><CSB><word seq="1">耶穌<GreekSeq>1</GreekSeq></word><word seq="2">看到<GreekSeq>3</GreekSeq></word><word seq="3">母親<GreekSeq>5</GreekSeq></word><word seq="4">和<GreekSeq>6</GreekSeq></word><word seq="5">他所愛的<GreekSeq>10</GreekSeq><GreekSeq>11</GreekSeq></word><word seq="6">那<GreekSeq>7</GreekSeq></word><word seq="7">門徒<GreekSeq>8</GreekSeq></word><word seq="8">站在旁邊，<GreekSeq>9</GreekSeq></word><word seq="9">就</word><word seq="10">對母親<GreekSeq>14</GreekSeq></word><word seq="11">說：<GreekSeq>12</GreekSeq></word><word seq="12">「[母親]，<GreekSeq>15</GreekSeq></word><word seq="13">看哪，<GreekSeq>16</GreekSeq></word><word seq="14">你的<GreekSeq>19</GreekSeq></word><word seq="15">兒子！」<GreekSeq>18</GreekSeq></word></CSB></verse>
<verse number="27"><CSB><word seq="1">然後<GreekSeq>1</GreekSeq></word><word seq="2">對那<GreekSeq>3</GreekSeq></word><word seq="3">門徒<GreekSeq>4</GreekSeq></word><word seq="4">說：<GreekSeq>2</GreekSeq></word><word seq="5">「看哪，<GreekSeq>5</GreekSeq></word><word seq="6">你的<GreekSeq>8</GreekSeq></word><word seq="7">母親！」<GreekSeq>7</GreekSeq></word><word seq="8">從<GreekSeq>10</GreekSeq></word><word seq="9">那<GreekSeq>11</GreekSeq></word><word seq="10">時候<GreekSeq>13</GreekSeq></word><word seq="11">起，</word><word seq="12">那<GreekSeq>15</GreekSeq></word><word seq="13">門徒<GreekSeq>16</GreekSeq></word><word seq="14">就</word><word seq="15">[把耶穌的母親]<GreekSeq>17</GreekSeq></word><word seq="16">接<GreekSeq>14</GreekSeq></word><word seq="17">到<GreekSeq>18</GreekSeq></word><word seq="18">自己的家<GreekSeq>20</GreekSeq></word><word seq="19">裡。<GreekSeq>18</GreekSeq></word></CSB></verse>
<verse number="28"><CSB><word seq="1">這事<GreekSeq>2</GreekSeq></word><word seq="2">以後，<GreekSeq>1</GreekSeq></word><word seq="3">耶穌<GreekSeq>5</GreekSeq></word><word seq="4">知道<GreekSeq>3</GreekSeq></word><word seq="5">一切都<GreekSeq>8</GreekSeq></word><word seq="6">已經<GreekSeq>7</GreekSeq></word><word seq="7">完成了，<GreekSeq>9</GreekSeq></word><word seq="8">為要<GreekSeq>10</GreekSeq></word><word seq="9">應驗<GreekSeq>11</GreekSeq></word><word seq="10">經上的話，<GreekSeq>13</GreekSeq></word><word seq="11">就</word><word seq="12">說：<GreekSeq>14</GreekSeq></word><word seq="13">「我渴了。」<GreekSeq>15</GreekSeq></word></CSB></verse>
<verse number="29"><CSB><word seq="1">那裡放著<GreekSeq>2</GreekSeq></word><word seq="2">一個裝滿<GreekSeq>4</GreekSeq></word><word seq="3">酸酒的<GreekSeq>3</GreekSeq></word><word seq="4">容器。<GreekSeq>1</GreekSeq></word><word seq="5">他們<GreekSeq>11</GreekSeq></word><word seq="6">就<GreekSeq>6</GreekSeq></word><word seq="7">把</word><word seq="8">蘸滿了<GreekSeq>7</GreekSeq></word><word seq="9">酸酒的<GreekSeq>9</GreekSeq></word><word seq="10">海綿<GreekSeq>5</GreekSeq></word><word seq="11">套在<GreekSeq>11</GreekSeq></word><word seq="12">牛膝草<GreekSeq>10</GreekSeq></word><word seq="13">上，<GreekSeq>11</GreekSeq></word><word seq="14">送到<GreekSeq>12</GreekSeq></word><word seq="15">他的<GreekSeq>13</GreekSeq></word><word seq="16">嘴<GreekSeq>15</GreekSeq></word><word seq="17">邊。</word></CSB></verse>
<verse number="30"><CSB><word seq="1">耶穌<GreekSeq>7</GreekSeq></word><word seq="2">嘗了<GreekSeq>3</GreekSeq></word><word seq="3">酸酒<GreekSeq>5</GreekSeq></word><word seq="4">後，<GreekSeq>1</GreekSeq></word><word seq="5">就</word><word seq="6">說：<GreekSeq>8</GreekSeq></word><word seq="7">「成了！」<GreekSeq>9</GreekSeq></word><word seq="8">然後<GreekSeq>10</GreekSeq></word><word seq="9">垂下<GreekSeq>11</GreekSeq></word><word seq="10">頭，<GreekSeq>13</GreekSeq></word><word seq="11">交出了<GreekSeq>14</GreekSeq></word><word seq="12">靈[魂]。<GreekSeq>16</GreekSeq></word></CSB></verse>
<verse number="31"><CSB><word seq="1">因為<GreekSeq>4</GreekSeq></word><word seq="2">那[天]是<GreekSeq>6</GreekSeq></word><word seq="3">預備日，<GreekSeq>5</GreekSeq></word><word seq="4">又</word><word seq="5">因為<GreekSeq>19</GreekSeq></word><word seq="6">那個<GreekSeq>23</GreekSeq></word><word seq="7">安息日<GreekSeq>25</GreekSeq></word><word seq="8">是<GreekSeq>18</GreekSeq></word><word seq="9">個</word><word seq="10">大<GreekSeq>20</GreekSeq></word><word seq="11">[節]日，<GreekSeq>22</GreekSeq></word><word seq="12">那些<GreekSeq>1</GreekSeq></word><word seq="13">猶太人<GreekSeq>3</GreekSeq></word><word seq="14">為了<GreekSeq>7</GreekSeq></word><word seq="15">不<GreekSeq>8</GreekSeq></word><word seq="16">讓<GreekSeq>9</GreekSeq></word><word seq="17">[屍]體<GreekSeq>14</GreekSeq></word><word seq="18">在<GreekSeq>15</GreekSeq></word><word seq="19">安息日<GreekSeq>17</GreekSeq></word><word seq="20">留<GreekSeq>9</GreekSeq></word><word seq="21">在<GreekSeq>10</GreekSeq></word><word seq="22">十字架<GreekSeq>12</GreekSeq></word><word seq="23">上，<GreekSeq>10</GreekSeq></word><word seq="24">就</word><word seq="25">向<GreekSeq>26</GreekSeq></word><word seq="26">彼拉多<GreekSeq>28</GreekSeq></word><word seq="27">請求，<GreekSeq>26</GreekSeq></word><word seq="28">好<GreekSeq>29</GreekSeq></word><word seq="29">把<GreekSeq>30</GreekSeq></word><word seq="30">他們的<GreekSeq>31</GreekSeq></word><word seq="31">腿<GreekSeq>33</GreekSeq></word><word seq="32">打斷，<GreekSeq>30</GreekSeq></word><word seq="33">把[屍體]拿走。<GreekSeq>35</GreekSeq></word></CSB></verse>
<verse number="32"><CSB><word seq="1">士兵們<GreekSeq>4</GreekSeq></word><word seq="2">就<GreekSeq>2</GreekSeq></word><word seq="3">來，<GreekSeq>1</GreekSeq></word><word seq="4">把<GreekSeq>9</GreekSeq></word><word seq="5">與[耶穌]<GreekSeq>17</GreekSeq></word><word seq="6">一起被釘十字架的<GreekSeq>16</GreekSeq></word><word seq="7">頭一個[人]的<GreekSeq>6</GreekSeq><GreekSeq>8</GreekSeq></word><word seq="8">腿<GreekSeq>11</GreekSeq></word><word seq="9">打斷，<GreekSeq>9</GreekSeq></word><word seq="10">又<GreekSeq>12</GreekSeq></word><word seq="11">把</word><word seq="12">另一個[人]的<GreekSeq>13</GreekSeq><GreekSeq>14</GreekSeq></word><word seq="13">也打斷了。</word></CSB></verse>
<verse number="33"><CSB><word seq="1">可是，<GreekSeq>2</GreekSeq></word><word seq="2">當他們來<GreekSeq>5</GreekSeq></word><word seq="3">到<GreekSeq>1</GreekSeq></word><word seq="4">耶穌<GreekSeq>4</GreekSeq></word><word seq="5">那裡，<GreekSeq>1</GreekSeq></word><word seq="6">看見<GreekSeq>7</GreekSeq></word><word seq="7">他<GreekSeq>9</GreekSeq></word><word seq="8">已經<GreekSeq>8</GreekSeq></word><word seq="9">死了，<GreekSeq>10</GreekSeq></word><word seq="10">就</word><word seq="11">沒有<GreekSeq>11</GreekSeq></word><word seq="12">打斷<GreekSeq>12</GreekSeq></word><word seq="13">他的<GreekSeq>13</GreekSeq></word><word seq="14">腿。<GreekSeq>15</GreekSeq></word></CSB></verse>
<verse number="34"><CSB><word seq="1">不過<GreekSeq>1</GreekSeq></word><word seq="2">有</word><word seq="3">一個<GreekSeq>2</GreekSeq></word><word seq="4">士兵<GreekSeq>4</GreekSeq></word><word seq="5">用長矛<GreekSeq>5</GreekSeq></word><word seq="6">刺入<GreekSeq>9</GreekSeq></word><word seq="7">[耶穌]的<GreekSeq>6</GreekSeq></word><word seq="8">肋旁，<GreekSeq>8</GreekSeq></word><word seq="9">立刻<GreekSeq>12</GreekSeq></word><word seq="10">有</word><word seq="11">血<GreekSeq>13</GreekSeq></word><word seq="12">和<GreekSeq>14</GreekSeq></word><word seq="13">水<GreekSeq>15</GreekSeq></word><word seq="14">[流了]出來。<GreekSeq>11</GreekSeq></word></CSB></verse>
<verse number="35"><CSB><word seq="1">看見這事的<GreekSeq>3</GreekSeq></word><word seq="2">那人<GreekSeq>2</GreekSeq></word><word seq="3">做了見證<GreekSeq>4</GreekSeq></word><word seq="4">——他的<GreekSeq>7</GreekSeq></word><word seq="5">見證<GreekSeq>10</GreekSeq></word><word seq="6">是<GreekSeq>8</GreekSeq></word><word seq="7">真實的，<GreekSeq>6</GreekSeq></word><word seq="8">並且<GreekSeq>11</GreekSeq></word><word seq="9">他<GreekSeq>12</GreekSeq></word><word seq="10">知道<GreekSeq>13</GreekSeq></word><word seq="11">他所說<GreekSeq>16</GreekSeq></word><word seq="12">的是</word><word seq="13">真實的——<GreekSeq>15</GreekSeq></word><word seq="14">這是</word><word seq="15">為了<GreekSeq>17</GreekSeq></word><word seq="16">要<GreekSeq>20</GreekSeq></word><word seq="17">你們<GreekSeq>19</GreekSeq></word><word seq="18">也<GreekSeq>18</GreekSeq></word><word seq="19">信。<GreekSeq>20</GreekSeq></word></CSB></verse>
<verse number="36"><CSB><word seq="1">事實上，<GreekSeq>2</GreekSeq></word><word seq="2">這些事<GreekSeq>3</GreekSeq></word><word seq="3">發生，<GreekSeq>1</GreekSeq></word><word seq="4">是</word><word seq="5">為要<GreekSeq>4</GreekSeq></word><word seq="6">應驗<GreekSeq>7</GreekSeq></word><word seq="7">經上的話：<GreekSeq>6</GreekSeq></word><word seq="8">「他的<GreekSeq>11</GreekSeq></word><word seq="9">骨頭，<GreekSeq>8</GreekSeq></word><word seq="10">一根也</word><word seq="11">不<GreekSeq>9</GreekSeq></word><word seq="12">被折斷。」<GreekSeq>10</GreekSeq></word></CSB></verse>
<verse number="37"><CSB><word seq="1">另有一段<GreekSeq>3</GreekSeq></word><word seq="2">經文<GreekSeq>4</GreekSeq></word><word seq="3">也<GreekSeq>1</GreekSeq></word><word seq="4">說：<GreekSeq>5</GreekSeq></word><word seq="5">「他們將看見<GreekSeq>6</GreekSeq></word><word seq="6">[自己所]刺<GreekSeq>9</GreekSeq></word><word seq="7">的那一位。」<GreekSeq>8</GreekSeq></word></CSB></verse>
<verse number="38"><CSB><word seq="1">這些事<GreekSeq>3</GreekSeq></word><word seq="2">以後，<GreekSeq>1</GreekSeq></word><word seq="3">亞利馬太的<GreekSeq>10</GreekSeq></word><word seq="4">約瑟<GreekSeq>7</GreekSeq></word><word seq="5">請求<GreekSeq>4</GreekSeq></word><word seq="6">彼拉多，<GreekSeq>6</GreekSeq></word><word seq="7">要<GreekSeq>22</GreekSeq></word><word seq="8">領取<GreekSeq>23</GreekSeq></word><word seq="9">耶穌的<GreekSeq>27</GreekSeq></word><word seq="10">[遺]體。<GreekSeq>25</GreekSeq></word><word seq="11">約瑟也</word><word seq="12">是<GreekSeq>11</GreekSeq></word><word seq="13">耶穌的<GreekSeq>14</GreekSeq></word><word seq="14">門徒，<GreekSeq>12</GreekSeq></word><word seq="15">不過<GreekSeq>16</GreekSeq></word><word seq="16">是</word><word seq="17">暗暗地<GreekSeq>15</GreekSeq></word><word seq="18">做門徒，</word><word seq="19">因為<GreekSeq>17</GreekSeq></word><word seq="20">他</word><word seq="21">怕<GreekSeq>19</GreekSeq></word><word seq="22">那些<GreekSeq>20</GreekSeq></word><word seq="23">猶太人。<GreekSeq>21</GreekSeq></word><word seq="24">彼拉多<GreekSeq>31</GreekSeq></word><word seq="25">准許了，<GreekSeq>29</GreekSeq></word><word seq="26">他<GreekSeq>32</GreekSeq></word><word seq="27">就<GreekSeq>33</GreekSeq></word><word seq="28">來<GreekSeq>32</GreekSeq></word><word seq="29">把<GreekSeq>35</GreekSeq></word><word seq="30">[耶穌]的<GreekSeq>38</GreekSeq></word><word seq="31">[遺]體<GreekSeq>37</GreekSeq></word><word seq="32">領去。<GreekSeq>35</GreekSeq></word></CSB></verse>
<verse number="39"><CSB><word seq="1">當初<GreekSeq>11</GreekSeq></word><word seq="2">在夜裡<GreekSeq>9</GreekSeq></word><word seq="3">來<GreekSeq>6</GreekSeq></word><word seq="4">到<GreekSeq>7</GreekSeq></word><word seq="5">[耶穌]<GreekSeq>8</GreekSeq></word><word seq="6">那裡<GreekSeq>7</GreekSeq></word><word seq="7">的<GreekSeq>6</GreekSeq></word><word seq="8">尼克迪莫<GreekSeq>4</GreekSeq></word><word seq="9">也<GreekSeq>3</GreekSeq></word><word seq="10">來了。<GreekSeq>1</GreekSeq></word><word seq="11">他帶著<GreekSeq>12</GreekSeq></word><word seq="12">沒藥<GreekSeq>14</GreekSeq></word><word seq="13">和<GreekSeq>15</GreekSeq></word><word seq="14">沉香的<GreekSeq>16</GreekSeq></word><word seq="15">混合[香料]，<GreekSeq>13</GreekSeq></word><word seq="16">大約<GreekSeq>17</GreekSeq></word><word seq="17">[三十公斤]。<GreekSeq>18</GreekSeq><GreekSeq>19</GreekSeq></word></CSB></verse>
<verse number="40"><CSB><word seq="1">他們領了<GreekSeq>1</GreekSeq></word><word seq="2">耶穌的<GreekSeq>6</GreekSeq></word><word seq="3">[遺]體，<GreekSeq>4</GreekSeq></word><word seq="4">按<GreekSeq>14</GreekSeq></word><word seq="5">猶太人<GreekSeq>18</GreekSeq></word><word seq="6">預備葬禮的<GreekSeq>19</GreekSeq></word><word seq="7">規矩，<GreekSeq>15</GreekSeq></word><word seq="8">用細麻布條<GreekSeq>10</GreekSeq></word><word seq="9">和</word><word seq="10">香料<GreekSeq>13</GreekSeq></word><word seq="11">把遺體</word><word seq="12">纏裹起來。<GreekSeq>8</GreekSeq></word></CSB></verse>
<verse number="41"><CSB><word seq="1">[耶穌]被釘十字架<GreekSeq>7</GreekSeq></word><word seq="2">的地方<GreekSeq>5</GreekSeq></word><word seq="3">有<GreekSeq>1</GreekSeq></word><word seq="4">一個園子，<GreekSeq>8</GreekSeq></word><word seq="5">園子<GreekSeq>12</GreekSeq></word><word seq="6">裡<GreekSeq>10</GreekSeq></word><word seq="7">有</word><word seq="8">一[座]新<GreekSeq>14</GreekSeq></word><word seq="9">墓穴，<GreekSeq>13</GreekSeq></word><word seq="10">從來沒有<GreekSeq>17</GreekSeq><GreekSeq>18</GreekSeq></word><word seq="11">安放過人。<GreekSeq>20</GreekSeq></word></CSB></verse>
<verse number="42"><CSB><word seq="1">因為<GreekSeq>3</GreekSeq></word><word seq="2">那[天]<GreekSeq>4</GreekSeq></word><word seq="3">是</word><word seq="4">猶太人的<GreekSeq>7</GreekSeq></word><word seq="5">預備日，<GreekSeq>5</GreekSeq></word><word seq="6">那<GreekSeq>11</GreekSeq></word><word seq="7">墓穴<GreekSeq>12</GreekSeq></word><word seq="8">又</word><word seq="9">在附近，<GreekSeq>9</GreekSeq></word><word seq="10">他們<GreekSeq>13</GreekSeq></word><word seq="11">就</word><word seq="12">把耶穌<GreekSeq>15</GreekSeq></word><word seq="13">安放<GreekSeq>13</GreekSeq></word><word seq="14">在那裡。<GreekSeq>1</GreekSeq></word></CSB></verse>
</chapter></book>